county_fips,rank,station_id,station_name,distance_km,weight
01001,1,USC00011694,CLANTON,31.775346357700812,0.2883262356126529
01001,2,USW00013895,MONTGOMERY AP,34.22915849871273,0.2484690521763045
01001,3,USC00017366,SELMA,37.053454671831,0.2120348937872207
01001,4,USC00018209,THORSBY EXP STN,43.2440750435862,0.1556723650580782
01001,5,USC00015121,MARION JUNCTION 2 NE,55.21238133779892,0.09549745336574363
01003,1,USC00016988,ROBERTSDALE,11.273315245481806,0.5604799550978672
01003,2,USC00012813,FAIRHOPE 2 NE,17.967046659082246,0.22065308172993836
01003,3,USC00010583,BAY MINETTE,25.26311813906197,0.1116064984210079
01003,4,USW00013838,MOBILE DWTN AP,30.732965034432937,0.07541443208948931
01003,5,USW00013894,MOBILE,47.29377993710015,0.03184603266169715
01005,1,USC00011725,CLAYTON,4.240035505577142,0.9681220393099502
01005,2,USC00012730,EUFAULA WILDLIFE REF,33.60560506109931,0.015411526425214182
01005,3,USC00018323,TROY,54.02261544503111,0.005963728737032453
01005,4,USC00013761,HEADLAND,54.28396539139104,0.005906442273568718
01005,5,USW00013839,DOTHAN RGNL AP,61.53640192925203,0.00459626325423433
01009,1,USC00016121,ONEONTA,14.554033830377653,0.6205004865636911
01009,2,USC00017157,SAINT BERNARD,31.396605059126042,0.13333479777827037
01009,3,USC00012096,CULLMAN 1.5SE/KRESS FARMS,33.3601290732647,0.11810096384253002
01009,4,USC00013573,GUNTERSVILLE,45.2848255084773,0.06409195059594022
01009,5,USC00013575,GUNTERSVILLE NO.2,45.32733166817464,0.06397180121956833
01011,1,USC00011725,CLAYTON,35.98449931737413,0.36898698480347597
01011,2,USC00018323,TROY,40.609298357750475,0.289728357683367
01011,3,USC00012730,EUFAULA WILDLIFE REF,59.9667356555242,0.1328682331367106
01011,4,USC00016129,OPELIKA,66.88322577470102,0.1068089275721344
01011,5,USW00013895,MONTGOMERY AP,68.57378351769957,0.10160749680431201
01013,1,USC00013519,GREENVILLE,8.140892764369967,0.9509840667342027
01013,2,USW00013895,MONTGOMERY AP,66.20417986086323,0.014379589523460325
01013,3,USC00018323,TROY,67.37716483945843,0.013883272369554387
01013,4,USC00011080,BREWTON 3 ENE,76.25223419750176,0.010839572701893858
01013,5,USC00017366,SELMA,79.73429856164361,0.00991349867088875
01015,1,USW00013871,ANNISTON METRO AP,20.090230874073136,0.4235193942728369
01015,2,USC00013775,HEFLIN,24.670734136545896,0.2808529641178926
01015,3,USC00013154,GADSDEN,31.609053162793728,0.17108825006807948
01015,4,USC00018024,TALLADEGA,48.47005749487894,0.07276056927679399
01015,5,USC00016121,ONEONTA,57.45733718089219,0.051778822264397076
01017,1,USC00014502,LAFAYETTE 2W,3.8155516227885036,0.9576397428120687
01017,2,USC00017025,ROCK MILLS,28.66140362665545,0.016971566044508203
01017,3,USC00016129,OPELIKA,28.970900460890398,0.016610887652923397
01017,4,USC00010160,ALEXANDER CITY,52.458609900158805,0.005066210990810053
01017,5,USW00093842,COLUMBUS METRO AP,61.288398084607266,0.0037115924996898933
01019,1,USC00013154,GADSDEN,31.1851319371985,0.316592578222142
01019,2,USC00017207,SAND MT SUBSTN,37.71902067566609,0.21640888356088261
01019,3,USC00091732,CEDARTOWN,38.73777669823622,0.20517598095688103
01019,4,USC00013775,HEFLIN,47.57348747446456,0.1360397804259926
01019,5,USC00097600,ROME,49.47517756117042,0.12578277683410174
01021,1,USC00018209,THORSBY EXP STN,9.050573236631706,0.6014395588805527
01021,2,USC00011694,CLANTON,12.184287356112332,0.331851586337956
01021,3,USW00053864,ALABASTER SHELBY CO AP ASOS,36.41892877486077,0.03714409908798208
01021,4,USC00017366,SELMA,56.14463708870374,0.01562887097835751
01021,5,USC00011620,CHILDERSBURG WTP,59.457248764727225,0.01393588471515156
01023,1,USC00229439,WAYNESBORO 2 W,52.96951134760096,0.2680631209228365
01023,2,USC00014193,JACKSON,60.02155267084796,0.2087731052999547
01023,3,USW00013865,MERIDIAN KEY FLD,60.77073271902437,0.20365733534849162
01023,4,USC00012245,DEMOPOLIS L&D,68.26414305245473,0.16140006940652887
01023,5,USW00003866,MERIDIAN NAAS,68.97152344069808,0.1581063690221883
01025,1,USC00014193,JACKSON,20.598554940515236,0.7914906468910823
01025,2,USC00010402,ATMORE,66.58773373079693,0.07574096377754108
01025,3,USC00229439,WAYNESBORO 2 W,80.64215668955487,0.05164104565392951
01025,4,USC00010583,BAY MINETTE,89.19241872295386,0.042214671385521395
01025,5,USC00012245,DEMOPOLIS L&D,92.8996589122231,0.03891267229192574
01029,1,USC00013775,HEFLIN,9.202529607864458,0.8397022856448134
01029,2,USW00013871,ANNISTON METRO AP,32.01241560260067,0.06939095892515297
01029,3,USC00091640,CARROLLTON,41.16883671049062,0.04195682255914446
01029,4,USC00091732,CEDARTOWN,50.30104759712667,0.028105138002806566
01029,5,USC00013154,GADSDEN,58.40783092276328,0.020844794868082477
01031,1,USC00012675,ENTERPRISE 4 W,15.05682662987865,0.6354566617228453
01031,2,USW00003850,CAIRNS FLD FT RUCKER,29.983613288033002,0.1602451524460526
01031,3,USC00013251,GENEVA #2,42.01746311218581,0.08160056796342946
01031,4,USC00018323,TROY,45.090980714219846,0.07085548484963997
01031,5,USW00013839,DOTHAN RGNL AP,52.71509423739424,0.05184213301803259
01033,1,USW00013896,MUSCLE SHOALS AP,18.988620305389432,0.48573879003654147
01033,2,USC00017131,RUSSELLVILLE #2,22.396834122224615,0.34915345236112794
01033,3,USC00015635,MOULTON 2,51.832385702768995,0.06519093504322108
01033,4,USC00013620,HALEYVILLE,54.61897622391875,0.05870870443957752
01033,5,USC00013645,HAMILTON,65.19336723773341,0.041208118119531935
01035,1,USC00011080,BREWTON 3 ENE,32.69277271742385,0.47672612624328525
01035,2,USC00010402,ATMORE,50.950496455586574,0.19627980766122347
01035,3,USC00013519,GREENVILLE,53.75793183029065,0.17631422780416475
01035,4,USW00093841,WHITING FLD NAS,79.46299420315202,0.08069425437120005
01035,5,USW00013884,CRESTVIEW FAA/AP,85.32610804056185,0.06998558392012645
01039,1,USW00013884,CRESTVIEW FAA/AP,52.33958702659783,0.23582647844429475
01039,2,USC00012675,ENTERPRISE 4 W,53.42645609733084,0.2263291093068271
01039,3,USC00011080,BREWTON 3 ENE,58.189169524046854,0.19079580911215926
01039,4,USC00013251,GENEVA #2,59.56717565753818,0.18207030993119236
01039,5,USC00013519,GREENVILLE,62.57677414956944,0.16497829320552648
01041,1,USC00013519,GREENVILLE,28.077663600069158,0.4531488392191929
01041,2,USC00018323,TROY,33.984735726314625,0.309310747495813
01041,3,USC00012675,ENTERPRISE 4 W,63.12206105505265,0.08966035679306023
01041,4,USW00013895,MONTGOMERY AP,63.847911616387506,0.08763334949344206
01041,5,USW00003850,CAIRNS FLD FT RUCKER,77.00425887605465,0.06024670699849173
01043,1,USC00017157,SAINT BERNARD,7.173001495358993,0.6550616081997424
01043,2,USC00012096,CULLMAN 1.5SE/KRESS FARMS,10.475991226474758,0.3071098442485902
01043,3,USC00016121,ONEONTA,47.20112819025712,0.01512792042877588
01043,4,USC00013573,GUNTERSVILLE,54.47326585530241,0.011358400106243309
01043,5,USC00013575,GUNTERSVILLE NO.2,54.51208923508299,0.011342227016648243
01045,1,USW00013839,DOTHAN RGNL AP,20.158367999142698,0.3064408418109978
01045,2,USW00003850,CAIRNS FLD FT RUCKER,20.88161799291677,0.2855808566058679
01045,3,USC00013761,HEADLAND,23.537550994343462,0.2247681842183048
01045,4,USC00012675,ENTERPRISE 4 W,30.506040971363202,0.13380911138786228
01045,5,USC00013251,GENEVA #2,50.20659818014924,0.04940100597696717
01047,1,USC00017366,SELMA,12.748819572075378,0.6360340877102806
01047,2,USC00015121,MARION JUNCTION 2 NE,18.85632417182704,0.29074099331204556
01047,3,USC00013511,GREENSBORO,58.86573167075777,0.029832884631627716
01047,4,USW00013895,MONTGOMERY AP,66.53104501276873,0.02335455795023599
01047,5,USC00011694,CLANTON,71.82715401879194,0.020037476395810296
01049,1,USC00018469,VALLEY HEAD,21.707668126713944,0.38487508740037846
01049,2,USC00017207,SAND MT SUBSTN,24.439817678590387,0.3036338761266059
01049,3,USC00017304,SCOTTSBORO,32.88675760482755,0.16768879061574468
01049,4,USC00013575,GUNTERSVILLE NO.2,50.20538780401106,0.07195243487357786
01049,5,USC00013573,GUNTERSVILLE,50.24122946921371,0.07184981098369314
01051,1,USW00013895,MONTGOMERY AP,41.37340179377034,0.28133259858563714
01051,2,USC00010160,ALEXANDER CITY,41.43425688446737,0.2805068109639237
01051,3,USC00011694,CLANTON,49.56348428781087,0.19603736680670178
01051,4,USC00018209,THORSBY EXP STN,61.08369743416496,0.12906601012432636
01051,5,USC00016129,OPELIKA,65.26526728981393,0.11305721351941106
01053,1,USC00011080,BREWTON 3 ENE,11.599940396933501,0.7640342149464323
01053,2,USC00010402,ATMORE,26.579721604334274,0.14552026179323005
01053,3,USW00093841,WHITING FLD NAS,47.364316778095734,0.04582703600371539
01053,4,USC00010583,BAY MINETTE,64.49447310566684,0.0247160647817514
01053,5,USW00013899,PENSACOLA RGNL AP,71.8719107700087,0.01990242247487088
01055,1,USC00013154,GADSDEN,5.150067763459435,0.9226639786919952
01055,2,USC00017207,SAND MT SUBSTN,27.38944327723368,0.032621433618116265
01055,3,USC00016121,ONEONTA,38.12877592289591,0.016833085397355133
01055,4,USC00013573,GUNTERSVILLE,41.8940997109132,0.013943240830536583
01055,5,USC00013575,GUNTERSVILLE NO.2,41.901582262992854,0.013938261461996703
01057,1,USC00012883,FAYETTE,7.325043200080694,0.8379086428821503
01057,2,USC00018998,WINFIELD 2 SW,22.949477443741856,0.08536334965167872
01057,3,USC00018517,VERNON,33.47820579929177,0.04011369806419267
01057,4,USC00010505,BANKHEAD L&D,47.74523154524497,0.019722276496043918
01057,5,USC00013645,HAMILTON,51.590242110177776,0.016892032905934527
01059,1,USC00017131,RUSSELLVILLE #2,12.671132858814829,0.6850674370704671
01059,2,USC00013620,HALEYVILLE,30.188789155378753,0.12069042751367236
01059,3,USC00013645,HAMILTON,36.47631700141093,0.0826689176129571
01059,4,USW00013896,MUSCLE SHOALS AP,40.27700887235423,0.06780313781484844
01059,5,USC00015635,MOULTON 2,50.12950738836277,0.04377007998805485
01061,1,USC00013251,GENEVA #2,7.657876344019974,0.7750189961006656
01061,2,USW00003850,CAIRNS FLD FT RUCKER,21.776264806514924,0.09584341238863456
01061,3,USC00012675,ENTERPRISE 4 W,23.668893184616117,0.08112844399520719
01061,4,USC00081544,CHIPLEY,43.22730188964809,0.02432275626107148
01061,5,USW00013839,DOTHAN RGNL AP,43.804131456842754,0.023686391254421166
01063,1,USC00013160,GAINESVILLE LOCK,15.919580210618642,0.6134242880292611
01063,2,USC00010178,ALICEVILLE,36.12294231512216,0.11914009863207597
01063,3,USC00012245,DEMOPOLIS L&D,37.01010077162891,0.11349681002112888
01063,4,USC00013511,GREENSBORO,40.04436457340213,0.09694856321716513
01063,5,USW00093806,TUSCALOOSA AP ASOS,52.229016979463935,0.05699024010036893
01065,1,USC00013511,GREENSBORO,8.043609603589505,0.8836127838973993
01065,2,USC00012245,DEMOPOLIS L&D,35.35086044930524,0.04574714337240074
01065,3,USC00015121,MARION JUNCTION 2 NE,48.23721343659007,0.024569681986668188
01065,4,USC00013160,GAINESVILLE LOCK,48.63806447365118,0.024166368318788954
01065,5,USW00093806,TUSCALOOSA AP ASOS,51.088134141108625,0.021904022424742722
01067,1,USC00013761,HEADLAND,19.200141790102034,0.5370152093789166
01067,2,USW00013839,DOTHAN RGNL AP,29.373315807138702,0.2294507642434109
01067,3,USC00011725,CLAYTON,44.07667761623206,0.1019008380205991
01067,4,USW00003850,CAIRNS FLD FT RUCKER,53.123341726283044,0.07014951693849902
01067,5,USC00012730,EUFAULA WILDLIFE REF,56.74372373736073,0.06148367141857452
01069,1,USW00013839,DOTHAN RGNL AP,22.584123264591764,0.3794011599389107
01069,2,USC00013761,HEADLAND,25.91362822904969,0.28816994105838256
01069,3,USW00003818,MARIANNA MUNI AP,37.3081234330364,0.13902673240132193
01069,4,USW00003850,CAIRNS FLD FT RUCKER,41.75100645779398,0.11101233232927563
01069,5,USC00081544,CHIPLEY,48.46360854272759,0.08238983427210907
01071,1,USC00017304,SCOTTSBORO,12.102883123174662,0.712954820296158
01071,2,USC00011099,BRIDGEPORT 5 NW,28.656849150115494,0.12716945591869006
01071,3,USC00018469,VALLEY HEAD,40.50203639911547,0.06366283420741367
01071,4,USC00409800,WINCHESTER 5SE,44.423267908907924,0.05291985938615633
01071,5,USC00408184,SEWANEE,49.114627212041256,0.043293030191581906
01075,1,USC00018517,VERNON,6.126074331633405,0.8663007083367438
01075,2,USC00018998,WINFIELD 2 SW,26.127415938473835,0.047625579748644675
01075,3,USC00012883,FAYETTE,26.647284039251545,0.04578542936773562
01075,4,USC00013645,HAMILTON,40.04392321987037,0.020274957554228687
01075,5,USC00220021,ABERDEEN,40.304818789273305,0.02001332499264724
01077,1,USW00013896,MUSCLE SHOALS AP,18.428451972353077,0.6254282632146811
01077,2,USC00017131,RUSSELLVILLE #2,44.447323676686516,0.10751374305355407
01077,3,USC00409502,WAYNESBORO,45.55540192229512,0.10234707801140625
01077,4,USC00405089,LAWRENCEBURG FILT PLT,46.59840139434757,0.0978167383482222
01077,5,USC00015635,MOULTON 2,56.34864122153603,0.06689417737213647
01079,1,USC00015635,MOULTON 2,5.0692894292649875,0.9379063472731585
01079,2,USW00013896,MUSCLE SHOALS AP,34.82805493115428,0.01986987838871304
01079,3,USC00017131,RUSSELLVILLE #2,37.63036755349103,0.017020673071963994
01079,4,USC00010390,ATHENS,43.55880607054984,0.012702865969211656
01079,5,USC00013620,HALEYVILLE,43.91043417366462,0.012500235296952737
01081,1,USC00016129,OPELIKA,10.93181140245787,0.7871691451377195
01081,2,USC00014502,LAFAYETTE 2W,34.506055884246436,0.079006292272695
01081,3,USW00093842,COLUMBUS METRO AP,39.71855209703751,0.05963009580538736
01081,4,USW00013829,FT BENNING LAWSON FLD,43.53008204412409,0.049644752777558546
01081,5,USC00017025,ROCK MILLS,61.901752327353314,0.024549714006639474
01083,1,USC00010390,ATHENS,4.785488611886524,0.8731053940708392
01083,2,USC00010655,BELLE MINA 2 N,16.241327272211446,0.07580122252267969
01083,3,USW00003856,HUNTSVILLE INTNL AP,25.67921631893161,0.030321851323172003
01083,4,USC00407459,PULASKI WWTP,41.94975656975804,0.011362145736167483
01083,5,USC00015635,MOULTON 2,46.097669752534685,0.009409386347141745
01085,1,USW00013895,MONTGOMERY AP,28.422481436310445,0.44660197739795976
01085,2,USC00013519,GREENVILLE,39.991927105276226,0.225579671753455
01085,3,USC00017366,SELMA,45.01544477799462,0.17804161845281163
01085,4,USC00015121,MARION JUNCTION 2 NE,65.34294061412244,0.08449816438786198
01085,5,USC00018323,TROY,74.3424728438426,0.06527856800791158
01087,1,USC00016129,OPELIKA,37.891714375048636,0.41467168927731357
01087,2,USC00011725,CLAYTON,61.79056581142537,0.15593677632270933
01087,3,USC00014502,LAFAYETTE 2W,62.69775441986979,0.1514568510071318
01087,4,USW00013829,FT BENNING LAWSON FLD,65.20436114312609,0.14003597115185717
01087,5,USC00010160,ALEXANDER CITY,65.70771165533021,0.13789871224098801
01089,1,USW00003856,HUNTSVILLE INTNL AP,25.29271424398054,0.3568243555770594
01089,2,USC00010655,BELLE MINA 2 N,31.363448706714763,0.2320586396985807
01089,3,USC00010390,ATHENS,36.531553005786265,0.1710444925178595
01089,4,USC00403074,FAYETTEVILLE WTP,41.14640495533014,0.1348284596399249
01089,5,USC00017304,SCOTTSBORO,46.57189407949868,0.10524405256657564
01091,1,USC00012245,DEMOPOLIS L&D,31.340718965046094,0.5016671724812797
01091,2,USC00013511,GREENSBORO,53.393981698814585,0.17284187808645374
01091,3,USC00015121,MARION JUNCTION 2 NE,58.22817604809296,0.14533399791598012
01091,4,USC00013160,GAINESVILLE LOCK,72.77592318612486,0.09303752455993286
01091,5,USC00017366,SELMA,75.20717776357002,0.08711942695635344
01093,1,USC00013645,HAMILTON,10.413844891954634,0.6929240356198764
01093,2,USC00013620,HALEYVILLE,24.908367284236817,0.12112040485657452
01093,3,USC00018998,WINFIELD 2 SW,25.488671975134416,0.11566805140109775
01093,4,USC00017131,RUSSELLVILLE #2,43.564534784339166,0.03959512099292993
01093,5,USC00018517,VERNON,49.48101322982561,0.030692387129521395
01095,1,USC00013573,GUNTERSVILLE,2.858445073946211,0.5003334616497908
01095,2,USC00013575,GUNTERSVILLE NO.2,2.883779415692009,0.4915810997782287
01095,3,USC00017207,SAND MT SUBSTN,32.568557372372716,0.0038540931607670866
01095,4,USC00016121,ONEONTA,43.57803876798123,0.0021527018800639804
01095,5,USC00013154,GADSDEN,44.34754845566628,0.002078643531149482
01097,1,USW00013894,MOBILE,4.192987982357698,0.9009575872692839
01097,2,USW00013838,MOBILE DWTN AP,14.945824462745174,0.07091070903343244
01097,3,USC00012813,FAIRHOPE 2 NE,33.88383748251204,0.013796419847163356
01097,4,USC00010583,BAY MINETTE,45.10825135324188,0.007784659095871615
01097,5,USC00016988,ROBERTSDALE,49.17387468477381,0.006550624754248708
01099,1,USC00010402,ATMORE,44.61875468452685,0.341551126023594
01099,2,USC00014193,JACKSON,51.95233563851085,0.2519303309274699
01099,3,USC00011080,BREWTON 3 ENE,58.245593967854745,0.2004307974710007
01099,4,USC00013519,GREENVILLE,76.92395211058621,0.11491254246219351
01099,5,USC00010583,BAY MINETTE,86.35886699670262,0.09117520311574179
01101,1,USW00013895,MONTGOMERY AP,21.919605422414232,0.6714049017030147
01101,2,USC00018323,TROY,49.11720229045835,0.1337158005544707
01101,3,USC00013519,GREENVILLE,59.66744826668294,0.09060977276661157
01101,4,USC00011694,CLANTON,77.79023168986211,0.053308914800878
01101,5,USC00017366,SELMA,79.56236355182342,0.05096061017502493
01103,1,USW00003856,HUNTSVILLE INTNL AP,21.806390682646207,0.319212509799787
01103,2,USC00010655,BELLE MINA 2 N,26.300824636114687,0.21943644000004742
01103,3,USC00012096,CULLMAN 1.5SE/KRESS FARMS,27.879835410133346,0.19528418292788444
01103,4,USC00017157,SAINT BERNARD,31.317016227048608,0.15476997961948602
01103,5,USC00010390,ATHENS,36.930248515859105,0.1112968876527952
01105,1,USC00015121,MARION JUNCTION 2 NE,19.518775306791067,0.4967532208767216
01105,2,USC00013511,GREENSBORO,27.076909935040256,0.25813543186818527
01105,3,USC00017366,SELMA,36.448905132633975,0.14245472095063547
01105,4,USC00012245,DEMOPOLIS L&D,56.45588265550985,0.059378253231034024
01105,5,USC00018209,THORSBY EXP STN,66.1283135742975,0.04327837307342376
01107,1,USC00010178,ALICEVILLE,19.618879823549527,0.52427285467853
01107,2,USC00221880,COLUMBUS,32.7993228088441,0.18757546481181098
01107,3,USW00093806,TUSCALOOSA AP ASOS,45.728808147968266,0.09649971284023838
01107,4,USC00225361,MACON 3N,45.77495975434473,0.09630522346634167
01107,5,USC00018380,TUSCALOOSA ACFD,46.004462284245356,0.09534674420307894
01109,1,USC00018323,TROY,3.0537537977640468,0.9882627019831592
01109,2,USC00011725,CLAYTON,47.129097990953596,0.004149179175078276
01109,3,USC00012675,ENTERPRISE 4 W,56.006306687382015,0.002938100023510285
01109,4,USW00003850,CAIRNS FLD FT RUCKER,62.873996100459784,0.002331300825880269
01109,5,USC00013519,GREENVILLE,63.04436236159691,0.0023187179923719044
01111,1,USC00017025,ROCK MILLS,22.265326664931322,0.5050214186943653
01111,2,USC00013775,HEFLIN,40.854913720914375,0.1499958849909709
01111,3,USC00014502,LAFAYETTE 2W,43.41005303141057,0.13285787667270738
01111,4,USW00013871,ANNISTON METRO AP,48.34685057154805,0.10711038080291886
01111,5,USC00091640,CARROLLTON,48.826934859332,0.10501443883903747
01113,1,USW00013829,FT BENNING LAWSON FLD,18.801678793396558,0.5198450664114643
01113,2,USC00012730,EUFAULA WILDLIFE REF,32.30812418688257,0.17605310841534538
01113,3,USW00093842,COLUMBUS METRO AP,34.101488223707065,0.1580230790330555
01113,4,USC00016129,OPELIKA,47.900561792943584,0.08009141574516948
01113,5,USC00011725,CLAYTON,52.771970732183064,0.06598733039496525
01115,1,USC00016121,ONEONTA,25.1428119997325,0.41572976887131957
01115,2,USC00018024,TALLADEGA,37.39729870015374,0.1879136609487567
01115,3,USW00013876,BIRMINGHAM AP,43.64027428727863,0.13799516713918408
01115,4,USC00013154,GADSDEN,44.97685785119683,0.1299153885342208
01115,5,USW00013871,ANNISTON METRO AP,45.23338544946606,0.12844601450651902
01117,1,USW00053864,ALABASTER SHELBY CO AP ASOS,14.936070295745294,0.5624133078530225
01117,2,USC00011620,CHILDERSBURG WTP,29.598226541572128,0.14321776977207884
01117,3,USW00013876,BIRMINGHAM AP,34.11728077965613,0.1077902469583549
01117,4,USC00010764,BESSEMER 3 WSW,35.071157496083366,0.10200655647510588
01117,5,USC00018209,THORSBY EXP STN,38.516830038426114,0.08457211894143805
01119,1,USC00013160,GAINESVILLE LOCK,27.087559679773154,0.3602550252005032
01119,2,USC00012245,DEMOPOLIS L&D,31.280957305653438,0.2701405245578153
01119,3,USW00003866,MERIDIAN NAAS,34.75916075928679,0.21878182747139766
01119,4,USC00010178,ALICEVILLE,59.05220946153845,0.07580144885743274
01119,5,USW00013865,MERIDIAN KEY FLD,59.35850812094334,0.07502117391285114
01121,1,USC00018024,TALLADEGA,6.574008904866034,0.7686667045339443
01121,2,USC00017999,SYLACAUGA 4 NE,18.323463931136416,0.09894263916641154
01121,3,USC00011620,CHILDERSBURG WTP,18.352122072442,0.09863386852981063
01121,4,USW00013871,ANNISTON METRO AP,39.135465195903585,0.021689904735695764
01121,5,USC00010160,ALEXANDER CITY,52.46887727514501,0.012066883034137865
01123,1,USC00010160,ALEXANDER CITY,16.60198234845922,0.6304172632906784
01123,2,USC00014502,LAFAYETTE 2W,34.519718903149105,0.14581879053681457
01123,3,USC00016129,OPELIKA,39.820713343057164,0.10957965318175478
01123,4,USC00017999,SYLACAUGA 4 NE,52.95815707368915,0.061955842361982615
01123,5,USC00017025,ROCK MILLS,57.67935897372459,0.052228450628769484
01125,1,USC00018380,TUSCALOOSA ACFD,11.021368048541758,0.4712520120887484
01125,2,USW00093806,TUSCALOOSA AP ASOS,12.237535656013856,0.38224013704461735
01125,3,USC00010505,BANKHEAD L&D,23.73278840641864,0.1016311158866617
01125,4,USC00010764,BESSEMER 3 WSW,49.299298876655044,0.0235528107643521
01125,5,USC00012883,FAYETTE,51.81178432797795,0.021323924215620634
01127,1,USC00010505,BANKHEAD L&D,38.02471643238603,0.32509947314162646
01127,2,USC00012883,FAYETTE,50.473354209153854,0.18451169572314813
01127,3,USC00010764,BESSEMER 3 WSW,51.97774651903753,0.17398561393928236
01127,4,USC00018998,WINFIELD 2 SW,52.11771703898633,0.17305233610327933
01127,5,USW00013876,BIRMINGHAM AP,57.26297845770346,0.14335088109266367
01129,1,USC00014193,JACKSON,29.95446609729192,0.5455503903757353
01129,2,USC00229439,WAYNESBORO 2 W,52.7230992278066,0.1760987098724401
01129,3,USC00220585,BEAUMONT EXPSTATION,69.81833701563279,0.10041972709633652
01129,4,USC00010583,BAY MINETTE,71.09726955275542,0.09683942293704605
01129,5,USC00010402,ATMORE,77.69457278534557,0.08109174971844205
01131,1,USC00015121,MARION JUNCTION 2 NE,54.005550567161166,0.2832896789884804
01131,2,USC00017366,SELMA,54.21209837946416,0.28113512683733843
01131,3,USC00013519,GREENVILLE,69.40442125862131,0.1715273088407475
01131,4,USC00014193,JACKSON,78.35145684706588,0.13459018684144072
01131,5,USC00012245,DEMOPOLIS L&D,79.88952392569338,0.12945769849199268
01133,1,USC00013620,HALEYVILLE,26.257749890374683,0.4419898993698987
01133,2,USC00015635,MOULTON 2,37.607866411843574,0.21546164349724392
01133,3,USC00017157,SAINT BERNARD,51.087462292064124,0.1167612401056034
01133,4,USC00017131,RUSSELLVILLE #2,51.91215827410014,0.1130808823939529
01133,5,USC00018998,WINFIELD 2 SW,51.998344448388345,0.11270633463330103
04001,1,USC00027488,SANDERS,23.528003504218017,0.6115496383888482
04001,2,USC00026190,PAINTED DESERT NP,44.04667076480161,0.1744920680069072
04001,3,USW00023081,GALLUP MUNI AP,64.6207731027218,0.08106951355715952
04001,4,USW00093044,ZUNI,68.71833619958068,0.0716896721606813
04001,5,USC00026468,PETRIFIED FOREST NP,74.37524123147233,0.06119910788640374
04003,1,USC00026353,PEARCE - SUNSITES,12.380954191994617,0.7230119130699304
04003,2,USC00028619,TOMBSTONE,31.1881880563182,0.11393926098690196
04003,3,USC00020683,BENSON 6SE,44.1583234594493,0.056836658076126194
04003,4,USW00093026,DOUGLAS (BISBEE) INTL AP,45.35325300691845,0.05388114316514033
04003,5,USC00020775,BISBEE 1WNW,46.020064600393646,0.052331024701901235
04009,1,USC00023150,FT THOMAS 2 SW,13.20567077433425,0.6850248714703782
04009,2,USC00027390,SAFFORD AG CTR,22.56077625242767,0.2347032993399976
04009,3,USC00020808,BLACK RVR PUMPS,61.89613576024444,0.03118172942760929
04009,4,USC00027480,SAN CARLOS RSVR,66.46714763859144,0.027040404732667927
04009,5,USC00022754,DUNCAN,73.60585168399109,0.022049695029346873
04011,1,USC00293577,GLENWOOD,34.97133943744925,0.3407900842262431
04011,2,USS0009S11S,Hannagan Meadows,46.14457956297687,0.19573572384409585
04011,3,USS0009S06S,Beaver Head,50.20586573091384,0.165349376788699
04011,4,USS0008S08S,Silver Creek Divide,51.57420822294071,0.156691826967993
04011,5,USC00020808,BLACK RVR PUMPS,54.285067588128555,0.14143298817296907
04012,1,USC00026865,QUARTZSITE,18.832940111112148,0.7277413697498393
04012,2,USC00026250,PARKER,52.874356015803116,0.09232581131703331
04012,3,USW00023158,BLYTHE ASOS,63.6757947781961,0.06365969679758916
04012,4,USC00046699,PARKER RSVR,63.68529326474083,0.063640708875889
04012,5,USC00020100,ALAMO DAM,70.02933714139175,0.0526324132596495
04013,1,USC00024977,LITCHFIELD PARK,21.265799859417445,0.4992075987785158
04013,2,USC00029634,YOUNGTOWN,33.262645965190565,0.20404739054988133
04013,3,USW00023183,PHOENIX AP,46.89771702374877,0.10264581049723709
04013,4,USC00029464,WITTMANN 1SE,48.12437362625415,0.09747976019418018
04013,5,USC00023393,GILA BEND 2SE,48.33815366669253,0.09661943998018545
04015,1,USC00027716,SELIGMAN,89.68420629749119,0.24423259393339133
04015,2,USC00264480,LAUGHLIN,96.87912281310832,0.20930286074704427
04015,3,USC00021050,BULLHEAD CITY,98.06077281703085,0.2042889784896451
04015,4,USC00268588,VALLEY OF FIRE SP,104.86007448044917,0.17865502511545966
04015,5,USC00267369,SEARCHLIGHT,109.60531673348291,0.16352054171445957
04017,1,USW00023194,WINSLOW AP,54.33991108049894,0.3157036018949297
04017,2,USC00026190,PAINTED DESERT NP,60.88568024716,0.2514705076634175
04017,3,USC00025494,METEOR CRATER,74.97233531357175,0.16584993508891716
04017,4,USC00026468,PETRIFIED FOREST NP,76.79758625877783,0.15806009653753714
04017,5,USC00027488,SANDERS,92.51520845007389,0.10891585881519841
04019,1,USC00024675,KITT PEAK,25.588064343916024,0.5419398423942013
04019,2,USC00020287,ANVIL RCH,41.17521086023099,0.20929279854639415
04019,3,USC00028795,TUCSON 17 NW,57.04190310126624,0.10905307998406771
04019,4,USC00026513,PICACHO 8 SE,67.88641241343834,0.07699459388982557
04019,5,USC00027619,SASABE,75.21613954660195,0.06271968518551135
04021,1,USC00021314,CASA GRANDE NM,18.011198986734236,0.5543982490826405
04021,2,USC00026513,PICACHO 8 SE,30.43851322549257,0.19411550574938313
04021,3,USC00021306,CASA GRANDE,32.70478539616816,0.1681452066183699
04021,4,USC00020288,APACHE JUNCTION 5 NE,61.42799007460918,0.04766224423497964
04021,5,USC00025700,MORMON FLAT,70.99838408604369,0.035678794314626915
04025,1,USW00023184,PRESCOTT LOVE FLD,14.324905872286335,0.4469628991521484
04025,2,USC00026796,PRESCOTT,14.879744329239793,0.41425150143351214
04025,3,USC00029158,WALNUT CREEK,39.263870561220976,0.05949340292154356
04025,4,USC00024453,JEROME,44.725143366924954,0.04585128869672906
04025,5,USC00022109,CORDES,52.370712851811405,0.033440907796066906
04027,1,USC00028396,TACNA 3 NE,5.77245381796499,0.9672217409571958
04027,2,USW00003125,YUMA PROVING GROUND,45.68690082078904,0.015440579181168484
04027,3,USC00029656,YUMA QUARTERMASTER DEPOT,66.713921657911,0.007241258358471092
04027,4,USW00003145,YUMA MCAS,67.45629802976781,0.007082751044250936
04027,5,USC00026865,QUARTZSITE,103.41311295597224,0.003013670458913662
05001,1,USC00036920,STUTTGART 9 ESE,20.888009601041595,0.39822206649937714
05001,2,USC00036376,SAINT CHARLES,24.849842325569274,0.2813663544970251
05001,3,USC00030240,ARKANSAS POST,29.567173896870145,0.1987466455874548
05001,4,USW00093988,PINE BLUFF GRIDER FLD,52.71811616373476,0.0625172222259263
05001,5,USC00036253,ROHWER 2 NNE,54.19893433649248,0.059147711190216654
05003,1,USC00031730,CROSSETT 2 SSE,18.61622253491268,0.5174295177671394
05003,2,USC00035866,PORTLAND,25.67704254808047,0.2719846048439452
05003,3,USC00032355,EUDORA,48.183912623714676,0.07723785398011965
05003,4,USW00053919,MONTICELLO MUNI AP,49.53537031354523,0.07308083415400143
05003,5,USC00031962,DERMOTT 3 NE,54.547731394909206,0.06026718925479434
05007,1,USC00032930,GRAVETTE,19.778273034796676,0.4870136748777235
05007,2,USC00032444,FAYETTEVILLE EXP STN,27.347415353002805,0.2547330633390861
05007,3,USW00093993,FAYETTEVILLE DRAKE FLD,37.26515900707788,0.13718667635610948
05007,4,USC00231383,CASSVILLE 1 NE,53.33082462779007,0.06698249090844165
05007,5,USC00235976,NEOSHO,59.35047025391897,0.054084094518639464
05009,1,USW00013971,HARRISON BOONE CO AP,8.076241233406513,0.598492815191362
05009,2,USC00033164,HARRISON,12.324499729208013,0.2570034226962172
05009,3,USC00034106,LEAD HILL,19.44170960848551,0.10327818626832547
05009,4,USC00236460,OZARK BEACH 2 NNE,43.1746554747562,0.020942076661839736
05009,5,USW00003918,FLIPPIN MARION CO RGNL AP,43.86996760984758,0.02028349918225563
05013,1,USC00031140,CALION L&D,28.484373779402514,0.28393353413215733
05013,2,USC00031152,CAMDEN 1,28.880932514124307,0.27618978809084443
05013,3,USC00032540,FORDYCE,31.040444474840104,0.23909702782085113
05013,4,USW00093992,EL DORADO GOODWIN FLD,46.94529419970849,0.10453119376343693
05013,5,USC00036768,SPARKMAN,48.92356928054486,0.09624845619271022
05017,1,USC00032355,EUDORA,17.282107016626355,0.41051296782718605
05017,2,USC00035866,PORTLAND,19.481559302817917,0.32305229545547937
05017,3,USC00031962,DERMOTT 3 NE,33.53743494815686,0.10900855289917022
05017,4,USW00013939,GREENVILLE ASOS,38.7262315046514,0.08175414600157087
05017,5,USC00228445,STONEVILLE EXP STN,40.252458945239994,0.07567203781659355
05019,1,USC00030220,ARKADELPHIA 2 N,14.723695879848929,0.639019361446671
05019,2,USC00035908,PRESCOTT 2 NNW,32.440247235573864,0.13163742640169473
05019,3,USC00036768,SPARKMAN,35.69294238259296,0.10873841340894315
05019,4,USW00003962,HOT SPRINGS ASOS,47.41981652101645,0.061606701295441255
05019,5,USC00035079,MURFREESBORO 1W,48.456812579902234,0.05899809744724996
05021,1,USC00031632,CORNING,16.14267028754353,0.647304574142473
05021,2,USC00035563,PARAGOULD 1S,37.73749350902695,0.11844407105332667
05021,3,USC00236791,POPLAR BLUFF,43.43716588020128,0.08939978330798119
05021,4,USC00235207,MALDEN MUNI AP,46.24770497487848,0.07886404652174946
05021,5,USC00035820,POCAHONTAS 1,50.55903716188321,0.06598752497446969
05023,1,USC00032978,GREERS FERRY DAM,8.162860881511106,0.8195582040280023
05023,2,USC00035046,MTN VIEW,29.016620031444262,0.06485910425115882
05023,3,USC00030458,BATESVILLE LVSTK,32.70126228566077,0.0510664370730197
05023,4,USC00030460,BATESVILLE L&D 1,38.21423137036271,0.03739506861862574
05023,5,USC00036506,SEARCY,44.872261421298255,0.027121186029193563
05029,1,USC00034938,MORRILTON,13.90237115526385,0.5940904794786692
05029,2,USC00031596,CONWAY,25.552972943583534,0.17585206805946665
05029,3,USC00032962,GREENBRIER,29.692802016013825,0.1302350812295097
05029,4,USC00031838,DARDANELLE,43.56916845570735,0.06048835972688106
05029,5,USC00030130,ALUM FK,54.02951323749466,0.03933401150547334
05031,1,USC00033734,JONESBORO 3 SSE,2.157790238348834,0.9860910920388931
05031,2,USC00035563,PARAGOULD 1S,26.06339341608304,0.0067588617708747275
05031,3,USC00030064,ALICIA 2 NNE,39.77121816059244,0.0029026702188287845
05031,4,USW00093991,WALNUT RIDGE MUNI AP,42.307066499717415,0.002565131639061604
05031,5,USC00033821,KEISER,52.24241020848831,0.0016822443323417
05033,1,USC00035018,MOUNTAINBURG 2 NE,10.464917186723797,0.7723535368523594
05033,2,USW00013964,FT SMITH RGNL AP,30.12310979633421,0.09321549754354268
05033,3,USC00035512,OZARK 2,34.19354924528762,0.07234347511960965
05033,4,USW00093993,FAYETTEVILLE DRAKE FLD,47.911049665811966,0.036848206971588054
05033,5,USC00032444,FAYETTEVILLE EXP STN,57.89024062103822,0.025239283512900026
05035,1,USC00037712,W MEMPHIS,13.959903156942193,0.6941432527981124
05035,2,USW00013893,MEMPHIS INTL AP,32.962654890579465,0.12450005706700458
05035,3,USC00038052,WYNNE,45.07451644639888,0.06658122247992478
05035,4,USC00405956,MEMPHIS WFO,46.18294950409368,0.06342355563137625
05035,5,USC00223975,HERNANDO,51.324963533180025,0.05135191202358199
05037,1,USC00038052,WYNNE,4.531701434206177,0.9640436458159012
05037,2,USC00030536,BEEDEVILLE 4 NE,32.77266865862191,0.0184329846085369
05037,3,USC00037712,W MEMPHIS,55.97210479717361,0.006319402208053249
05037,4,USC00035186,NEWPORT,58.2641523590038,0.005831985151044177
05037,5,USC00033734,JONESBORO 3 SSE,60.70750079789249,0.005371982216464424
05039,1,USC00036768,SPARKMAN,16.968108465923883,0.5467557495178705
05039,2,USC00032540,FORDYCE,28.515150368331774,0.19360157666761119
05039,3,USC00036174,RISON,41.7245340717195,0.09042264997857272
05039,4,USC00030220,ARKADELPHIA 2 N,42.09637465898269,0.08883228429633536
05039,5,USC00036562,SHERIDAN,44.252234247299434,0.08038773953961013
05041,1,USC00036253,ROHWER 2 NNE,3.109831047946977,0.9657183204516934
05041,2,USC00030240,ARKANSAS POST,23.702804109645538,0.016623581848185874
05041,3,USC00031962,DERMOTT 3 NE,32.63362820604367,0.008769873683419492
05041,4,USW00013939,GREENVILLE ASOS,44.50954388509476,0.004714306047644823
05041,5,USC00221738,CLEVELAND,47.3031514657851,0.004173917969056474
05043,1,USW00053919,MONTICELLO MUNI AP,6.225203744200817,0.9182950121017424
05043,2,USC00031962,DERMOTT 3 NE,31.442961289923616,0.035995025310252324
05043,3,USC00035866,PORTLAND,42.45691764762833,0.01974205886683322
05043,4,USC00036253,ROHWER 2 NNE,48.727027786439265,0.014988201479710868
05043,5,USC00031730,CROSSETT 2 SSE,56.931077216260626,0.010979702241461262
05045,1,USC00032962,GREENBRIER,10.82195121402344,0.5320202942053873
05045,2,USC00031596,CONWAY,14.754314647117962,0.28622084582772683
05045,3,USW00003930,LITTLE ROCK AFB,30.70638943096202,0.06608179563607582
05045,4,USC00031102,CABOT,30.90060732754126,0.06525372556251294
05045,5,USW00003952,LITTLE ROCK,35.1523101823745,0.050423338768297035
05047,1,USC00035512,OZARK 2,1.8067733991189165,0.9897659040334713
05047,2,USC00035018,MOUNTAINBURG 2 NE,28.745238587170654,0.003910281554941814
05047,3,USC00036928,SUBIACO,32.24881968679528,0.003106792275538603
05047,4,USC00031457,CLARKSVILLE 6 NE,43.89175705756898,0.0016771578191969161
05047,5,USC00030832,BOONEVILLE 3 SSE,45.80666827460098,0.0015398643168515033
05049,1,USC00034572,MAMMOTH SPRING,28.384451860962706,0.29527302181357656
05049,2,USC00033132,HARDY,30.499437653035066,0.2557414531387726
05049,3,USC00032366,EVENING SHADE 1 NNE,38.183927877249666,0.1631637169783152
05049,4,USC00238880,W PLAINS,38.7095097717921,0.15876305591330042
05049,5,USC00031132,CALICO ROCK 2 WSW,43.270319631835946,0.12705875215603518
05055,1,USC00035563,PARAGOULD 1S,11.808577316511421,0.6750399950248397
05055,2,USC00031632,CORNING,32.070661892886434,0.09151848312973307
05055,3,USW00093991,WALNUT RIDGE MUNI AP,32.16395321044401,0.09098835564283271
05055,4,USC00033734,JONESBORO 3 SSE,33.88915525247608,0.08196023085083949
05055,5,USC00035820,POCAHONTAS 1,39.44663854040793,0.060492935351755144
05057,1,USC00033428,HOPE 3 NE,10.417941471103113,0.7019930855274041
05057,2,USC00035908,PRESCOTT 2 NNW,27.22694162901029,0.10277771080137325
05057,3,USC00035112,NASHVILLE,27.537366675284208,0.10047357280050355
05057,4,USC00035079,MURFREESBORO 1W,38.22045280772248,0.05215608746337133
05057,5,USC00030286,ASHDOWN 4 SSE,42.29079587899285,0.04259954340734786
05059,1,USC00034562,MALVERN,13.267305387515023,0.467822573515153
05059,2,USC00030220,ARKADELPHIA 2 N,21.83029723408106,0.17279347054719835
05059,3,USW00003962,HOT SPRINGS ASOS,23.105485181204557,0.15424689855525056
05059,4,USC00033466,HOT SPRINGS 1 NNE,23.97283767044891,0.143287312192919
05059,5,USC00030764,BLAKELY MTN DAM,36.4883609462202,0.06184974518947906
05063,1,USC00030460,BATESVILLE L&D 1,7.4789815316006605,0.8144306250025951
05063,2,USC00030458,BATESVILLE LVSTK,23.54688932201042,0.08216217599698894
05063,3,USC00035186,NEWPORT,29.725669797494973,0.05155558501089826
05063,4,USC00032366,EVENING SHADE 1 NNE,38.47461584140038,0.030774459441225574
05063,5,USC00032978,GREERS FERRY DAM,46.49042526113756,0.021077154548292124
05067,1,USC00035186,NEWPORT,4.734519839290993,0.9233923619925767
05067,2,USC00030536,BEEDEVILLE 4 NE,21.49534933202477,0.04479702203733649
05067,3,USC00030064,ALICIA 2 NNE,40.16141626649949,0.012832761424408793
05067,4,USC00030460,BATESVILLE L&D 1,41.641063428123545,0.011936981901501073
05067,5,USC00038052,WYNNE,54.219540819713885,0.007040872644177036
05069,1,USC00035754,PINE BLUFF,9.988719174948757,0.49326982833672706
05069,2,USW00093988,PINE BLUFF GRIDER FLD,10.854545082491283,0.4177158025744382
05069,3,USC00033862,KEO,36.71558066663639,0.03650928742867853
05069,4,USC00036562,SHERIDAN,42.7884022810222,0.02688140836085623
05069,5,USC00036174,RISON,43.82595466927189,0.025623673299299966
05071,1,USC00031457,CLARKSVILLE 6 NE,7.248178202367688,0.8876622884968641
05071,2,USC00036928,SUBIACO,33.821674832533226,0.04076761214639986
05071,3,USC00035512,OZARK 2,36.99399818735692,0.034075556121341895
05071,4,USC00031838,DARDANELLE,46.43011812679849,0.021632460384181044
05071,5,USC00030798,BLUE MTN DAM,54.221638867280106,0.015862082851213058
05073,1,USC00034185,LEWISVILLE,14.0382886889918,0.7184423817859152
05073,2,USC00034548,MAGNOLIA,39.97237040174761,0.0886136195041085
05073,3,USW00013977,TEXARKANA WEBB FLD,42.37526725237545,0.07884885331859388
05073,4,USC00418942,TEXARKANA,48.443745692080114,0.06033160112416197
05073,5,USC00419916,WRIGHT PATMAN DM & LK,51.31758326089958,0.053763544267220374
05075,1,USC00030064,ALICIA 2 NNE,12.992804209171243,0.5310687176508593
05075,2,USW00093991,WALNUT RIDGE MUNI AP,18.437816731627663,0.2637166320116422
05075,3,USC00035820,POCAHONTAS 1,27.526466296153018,0.1183192977344924
05075,4,USC00033132,HARDY,44.64487025288303,0.04497937101539688
05075,5,USC00032366,EVENING SHADE 1 NNE,46.24751838547222,0.041915981587609175
05077,1,USC00034638,MARIANNA 2 S,5.301480137502369,0.9519604433179063
05077,2,USC00033242,HELENA,33.581715921008154,0.02372506510651253
05077,3,USC00038052,WYNNE,52.8611096636762,0.009575040697669592
05077,4,USC00036376,SAINT CHARLES,55.36353860394234,0.008729020202064392
05077,5,USC00037712,W MEMPHIS,66.71965527292959,0.006010430675847158
05079,1,USW00093988,PINE BLUFF GRIDER FLD,30.487999044595956,0.28460990481768766
05079,2,USW00053919,MONTICELLO MUNI AP,35.63509108415252,0.20833014108288248
05079,3,USC00030240,ARKANSAS POST,37.47428653117724,0.18838273947143783
05079,4,USC00035754,PINE BLUFF,39.283929913373974,0.17142651618454635
05079,5,USC00036174,RISON,42.38627441363304,0.1472506984434456
05081,1,USC00030286,ASHDOWN 4 SSE,15.644291927075068,0.5880133506443824
05081,2,USC00418942,TEXARKANA,32.97136607677923,0.13238083830321487
05081,3,USW00013977,TEXARKANA WEBB FLD,35.737552191422935,0.11268066576223529
05081,4,USC00031948,DEQUEEN,39.66872456606457,0.09145396415752886
05081,5,USC00035112,NASHVILLE,43.667560574831846,0.07547118113263872
05083,1,USC00036928,SUBIACO,12.071740537183395,0.44331049975947817
05083,2,USC00030798,BLUE MTN DAM,13.739891771156655,0.3422009247458173
05083,3,USC00030832,BOONEVILLE 3 SSE,22.19812972549821,0.13110372529498093
05083,4,USC00035512,OZARK 2,35.30184777888758,0.051838559712818505
05083,5,USC00031457,CLARKSVILLE 6 NE,45.25324763724676,0.031546290486905104
05085,1,USC00033862,KEO,19.14075551954386,0.3974633115039666
05085,2,USW00003930,LITTLE ROCK AFB,29.464751536268142,0.16772956955111704
05085,3,USC00031102,CABOT,29.560724932376996,0.16664221835539567
05085,4,USW00013963,LITTLE ROCK AP ADAMS FLD,31.373049307289097,0.14794549143226635
05085,5,USW00003952,LITTLE ROCK,34.803290363359686,0.12021940915725442
05087,1,USW00093993,FAYETTEVILLE DRAKE FLD,39.958787520353255,0.2948142731599991
05087,2,USC00032444,FAYETTEVILLE EXP STN,41.593780622305566,0.27209233997779125
05087,3,USC00035018,MOUNTAINBURG 2 NE,55.98452624698929,0.15018864337703633
05087,4,USC00035512,OZARK 2,57.10540721073488,0.1443506167578634
05087,5,USW00013971,HARRISON BOONE CO AP,58.28768702412187,0.13855412672730988
05091,1,USW00013977,TEXARKANA WEBB FLD,18.563800036688722,0.3460007457416132
05091,2,USC00418942,TEXARKANA,21.886414000309195,0.24892102359198212
05091,3,USC00419916,WRIGHT PATMAN DM & LK,23.865548457027685,0.20934758699211822
05091,4,USC00034185,LEWISVILLE,31.645737569126776,0.11906396846067367
05091,5,USC00030286,ASHDOWN 4 SSE,39.43683780166839,0.07666667521361274
05093,1,USC00033821,KEISER,10.688055690785923,0.8721921503139567
05093,2,USC00035563,PARAGOULD 1S,49.44049018293244,0.04076092714885643
05093,3,USC00033734,JONESBORO 3 SSE,54.74056927530997,0.03324994802288958
05093,4,USC00231364,CARUTHERSVILLE,58.586626230456424,0.02902769899274986
05093,5,USC00402680,DYERSBURG,63.42319889567259,0.024769275521547306
05095,1,USC00036920,STUTTGART 9 ESE,30.060780186274016,0.32848636266058645
05095,2,USC00036376,SAINT CHARLES,35.13831732710166,0.24041187688076573
05095,3,USC00034638,MARIANNA 2 S,40.380532551696064,0.18204290427514017
05095,4,USC00031968,DES ARC,42.64069101790489,0.16325608286358714
05095,5,USC00033242,HELENA,58.817729720335784,0.08580277331992046
05099,1,USC00035908,PRESCOTT 2 NNW,18.714296574546147,0.46451357189024567
05099,2,USC00033428,HOPE 3 NE,23.728749354229016,0.2889320540044465
05099,3,USC00034185,LEWISVILLE,41.765560090268366,0.09326287584549718
05099,4,USC00031152,CAMDEN 1,45.38609861116243,0.07897683366384683
05099,5,USC00034548,MAGNOLIA,46.78810441087495,0.07431466459596385
05105,1,USC00030130,ALUM FK,18.42702616470675,0.3845445198564697
05105,2,USC00035200,NIMROD DAM,21.263587292859487,0.28879127144049355
05105,3,USC00034938,MORRILTON,27.66927263073862,0.17055389676012972
05105,4,USC00031838,DARDANELLE,38.777425155645886,0.08683587704642959
05105,5,USC00031596,CONWAY,43.41522638345478,0.06927443489647729
05107,1,USC00036376,SAINT CHARLES,25.350024229469437,0.32206018993383934
05107,2,USC00033242,HELENA,26.608815345946,0.2923093605169397
05107,3,USC00034638,MARIANNA 2 S,35.360927193599025,0.16551848941172598
05107,4,USC00221707,CLARKSDALE,38.04439503324216,0.14299222936743944
05107,5,USC00036920,STUTTGART 9 ESE,51.80410187366155,0.07711973077005549
05109,1,USC00035079,MURFREESBORO 1W,9.715811460870066,0.82504105418361
05109,2,USC00035112,NASHVILLE,31.012154129609005,0.08097852264067885
05109,3,USC00035908,PRESCOTT 2 NNW,45.11369477982017,0.038266339727572506
05109,4,USC00033428,HOPE 3 NE,50.80903814454508,0.030168364723637424
05109,5,USC00030220,ARKADELPHIA 2 N,55.215091397663336,0.025545718724501325
05111,1,USC00033734,JONESBORO 3 SSE,28.511254940859228,0.35588681805492983
05111,2,USC00030536,BEEDEVILLE 4 NE,36.13883350385816,0.2215115156553256
05111,3,USC00038052,WYNNE,36.46321786515441,0.21758782170940127
05111,4,USC00030064,ALICIA 2 NNE,52.45444685149669,0.10514289867535753
05111,5,USC00035186,NEWPORT,53.82111651737364,0.09987094590498567
05115,1,USC00031838,DARDANELLE,27.82329186256988,0.39036879696515925
05115,2,USC00031457,CLARKSVILLE 6 NE,35.14836958870669,0.24461424838534815
05115,3,USC00034938,MORRILTON,40.69840681257358,0.18244724173813479
05115,4,USC00035200,NIMROD DAM,57.187724070167874,0.09240308971190404
05115,5,USC00036928,SUBIACO,57.8926136534228,0.0901666231994539
05117,1,USC00031968,DES ARC,17.022708079620838,0.6547861712504518
05117,2,USC00036920,STUTTGART 9 ESE,41.58151059123193,0.1097378069500817
05117,3,USC00033862,KEO,47.46555143787789,0.08421699488233093
05117,4,USC00031102,CABOT,49.427354969911136,0.07766441242464726
05117,5,USC00036506,SEARCY,50.775637359610556,0.07359461449248837
05119,1,USW00013963,LITTLE ROCK AP ADAMS FLD,8.527840392125245,0.4461661994562659
05119,2,USW00003952,LITTLE ROCK,8.689888312628078,0.42968125077861286
05119,3,USW00003930,LITTLE ROCK AFB,22.05055232934215,0.06673226232943084
05119,4,USC00031102,CABOT,32.71234678727285,0.030321549418753924
05119,5,USC00030582,BENTON,34.60292913238859,0.027098738016936436
05121,1,USC00035820,POCAHONTAS 1,10.126196160407769,0.7560523541224886
05121,2,USW00093991,WALNUT RIDGE MUNI AP,25.76698293697037,0.1167662687108057
05121,3,USC00031632,CORNING,39.804457143476725,0.04893066650426798
05121,4,USC00033132,HARDY,43.39279729079762,0.04117269044570179
05121,5,USC00030064,ALICIA 2 NNE,45.72608324452995,0.037078020216735945
05123,1,USC00038052,WYNNE,26.103063593230008,0.431150644550668
05123,2,USC00034638,MARIANNA 2 S,32.246030738972166,0.2825266859669919
05123,3,USC00037712,W MEMPHIS,53.17182680230858,0.10390796505605304
05123,4,USC00030536,BEEDEVILLE 4 NE,55.82157902786012,0.09427743714144227
05123,5,USC00033242,HELENA,57.73327720903424,0.08813726728484486
05125,1,USC00030582,BENTON,11.210299780105206,0.6502867813451352
05125,2,USC00030130,ALUM FK,22.425139483147134,0.1625058773948243
05125,3,USC00034562,MALVERN,31.885707718719114,0.08037986218880276
05125,4,USC00033466,HOT SPRINGS 1 NNE,37.42962852572582,0.0583321985009898
05125,5,USW00013963,LITTLE ROCK AP ADAMS FLD,41.050641787760306,0.048495280570247885
05131,1,USW00013964,FT SMITH RGNL AP,17.233472691030293,0.5753880533649119
05131,2,USC00030832,BOONEVILLE 3 SSE,34.585956083841175,0.14285875787444016
05131,3,USC00037488,WALDRON,34.63615872282205,0.14244493085999696
05131,4,USC00349724,WISTER 3S,48.264301178553644,0.0733591678533331
05131,5,USC00035512,OZARK 2,50.90363741060974,0.06594909004731797
05133,1,USC00031948,DEQUEEN,11.231597302702484,0.7894358743935134
05133,2,USC00035112,NASHVILLE,36.92608444262497,0.07303539609911332
05133,3,USC00030286,ASHDOWN 4 SSE,43.816354081635744,0.05187133565881933
05133,4,USC00341162,BROKEN BOW 1 N,46.008584643874244,0.04704594096865434
05133,5,USC00035079,MURFREESBORO 1W,50.7857512497849,0.03861145287989965
05135,1,USC00033132,HARDY,11.682285963157495,0.5750196998246098
05135,2,USC00032366,EVENING SHADE 1 NNE,16.40731457188191,0.29151666021909545
05135,3,USC00034572,MAMMOTH SPRING,36.183091935888065,0.05994142150505384
05135,4,USC00030064,ALICIA 2 NNE,46.1882138000451,0.03678544841052448
05135,5,USC00035820,POCAHONTAS 1,46.21880471261364,0.03673677004071653
05137,1,USC00035046,MTN VIEW,4.0941013956795995,0.9463127985820149
05137,2,USC00031132,CALICO ROCK 2 WSW,28.124334186766383,0.020053371659444184
05137,3,USC00030458,BATESVILLE LVSTK,31.332409347129836,0.016157133702385033
05137,4,USC00032978,GREERS FERRY DAM,39.50782666964518,0.01016215051201961
05137,5,USC00030460,BATESVILLE L&D 1,46.56743071061273,0.00731454554413636
05141,1,USC00034666,MARSHALL,38.68932655524917,0.257640614164383
05141,2,USC00032962,GREENBRIER,40.4114830779365,0.23614953137430258
05141,3,USC00032978,GREERS FERRY DAM,47.21775813909865,0.17297603572380438
05141,4,USC00035046,MTN VIEW,47.650400893958185,0.16984921680972315
05141,5,USC00032794,GILBERT,48.5839443843815,0.16338460192778695
05143,1,USW00093993,FAYETTEVILLE DRAKE FLD,5.683948379898981,0.8313614127062583
05143,2,USC00032444,FAYETTEVILLE EXP STN,14.24000537809893,0.13245544213288862
05143,3,USC00035018,MOUNTAINBURG 2 NE,36.978678918140844,0.019642073411566548
05143,4,USC00032930,GRAVETTE,53.95961945884598,0.009224702244011649
05143,5,USC00035512,OZARK 2,60.589482223388565,0.0073163695052749405
05145,1,USC00036506,SEARCY,3.58765763471578,0.9706801400777426
05145,2,USC00032978,GREERS FERRY DAM,37.033006197949426,0.009110038091514198
05145,3,USC00031968,DES ARC,38.65147906533183,0.008363073109478102
05145,4,USC00031102,CABOT,41.49960198058387,0.007254546448188724
05145,5,USW00003930,LITTLE ROCK AFB,52.16011733534634,0.004592202273076438
05147,1,USC00031968,DES ARC,33.251660865503155,0.26996350752843734
05147,2,USC00030536,BEEDEVILLE 4 NE,34.118451943999055,0.25642071784732196
05147,3,USC00038052,WYNNE,41.284898700531606,0.1751254645880639
05147,4,USC00036506,SEARCY,43.68980351321974,0.15637652714218048
05147,5,USC00035186,NEWPORT,45.8297801124372,0.14211378289399645
05149,1,USC00035200,NIMROD DAM,23.142098709189337,0.3482583035777308
05149,2,USC00030798,BLUE MTN DAM,25.28762807144344,0.2916693359687544
05149,3,USC00031838,DARDANELLE,34.222907374512054,0.15924769678998354
05149,4,USC00036928,SUBIACO,39.784428271491876,0.11783674047671086
05149,5,USC00030832,BOONEVILLE 3 SSE,47.40738864537493,0.08298792318682033
06001,1,USC00044997,LIVERMORE,14.696696420790374,0.40935671433363086
06001,2,USC00046144,NEWARK,18.130478754408646,0.268981753453481
06001,3,USC00045915,MT DIABLO JUNCTION,25.85146663561176,0.13230339565900345
06001,4,USW00023230,OAKLAND INTL AP,29.287721002687988,0.10307900252766303
06001,5,USC00047821,SAN JOSE,32.01236748254049,0.08627913402622173
06005,1,USC00048713,SUTTER HILL CDF,14.776639514374478,0.6219738739989363
06005,2,USC00047702,SAN ANDREAS 2,28.07662151303836,0.17227958010972735
06005,3,USC00041277,CALAVERAS BIG TREES,35.14179455069294,0.1099703554625088
06005,4,USC00046174,NEW MELONES DAM HQ,50.94314719068002,0.052330147231146006
06005,5,USC00043384,GEORGETOWN RS,55.90963216361125,0.043446043197681604
06007,1,USC00046685,PARADISE,10.010228261875433,0.5317201633576977
06007,2,USC00046521,OROVILLE,16.957841204201706,0.18528060608791372
06007,3,USC00041715,CHICO UNIV FARM,18.865959955120875,0.14969706118443116
06007,4,USC00042402,DE SABLA,22.95579988276316,0.10110816552330461
06007,5,USC00048606,STRAWBERRY VALLEY 2,40.68160228451782,0.03219400384665268
06011,1,USC00041948,COLUSA 2 SSW,18.18970561896868,0.6134931498987984
06011,2,USC00049699,WILLOWS 6 W,38.833855564538545,0.13459844325187859
06011,3,USC00041806,CLEARLAKE 4 SE,40.086616613822095,0.12631713122056681
06011,4,USC00048587,STONY GORGE RSVR,52.07528734521509,0.07485101759103957
06011,5,USC00046506,ORLAND,63.2490772229739,0.050740258037716396
06013,1,USC00045915,MT DIABLO JUNCTION,4.851189723436088,0.8727629921647619
06013,2,USC00040232,ANTIOCH PUMPING PLT #3,18.83991672850177,0.05786752180957692
06013,3,USC00040693,BERKELEY,27.57780617447414,0.027006817642879048
06013,4,USC00046336,OAKLAND MUSEUM,30.57746288989982,0.021967970984199572
06013,5,USC00044997,LIVERMORE,31.734947772838638,0.020394697398582354
06019,1,USW00093193,FRESNO YOSEMITE INTL,6.186371652937209,0.9031254170392984
06019,2,USC00043261,FRIANT GOVERNMENT CAMP,26.51258314086132,0.04917178708383602
06019,3,USC00045233,MADERA,40.24763453311017,0.021337294813062183
06019,4,USC00043747,HANFORD 1 S,49.53110711673519,0.014088475739682093
06019,5,USC00040449,BALCH PWR HOUSE,53.0595379560082,0.012277025324121386
06021,1,USC00048587,STONY GORGE RSVR,11.49949045413704,0.4482268214322217
06021,2,USC00049699,WILLOWS 6 W,12.131817632653203,0.4027200834734901
06021,3,USC00046506,ORLAND,23.50785744157349,0.10725781317505206
06021,4,USC00041715,CHICO UNIV FARM,50.676264009261494,0.023080534115262615
06021,5,USC00041948,COLUSA 2 SSW,56.277594759116276,0.018714747803973485
06023,1,USW00024213,EUREKA WFO WOODLEY IS,22.806762063624127,0.4571993061599945
06023,2,USC00048045,SCOTIA,29.017213338520612,0.2824368899431782
06023,3,USC00049694,WILLOW CREEK 1 NW,36.151353558336695,0.18196325667939436
06023,4,USC00046508,ORLEANS,73.74691835956452,0.04372653574075059
06023,5,USC00049490,WEAVERVILLE,82.81602258222476,0.034674011476682434
06025,1,USC00044223,IMPERIAL,29.054431216973654,0.30401805462594506
06025,2,USW00003144,IMPERIAL CO AP,30.8509328284833,0.2696419946668536
06025,3,USC00042713,EL CENTRO 2 SSW,36.291351111624905,0.19485782798235687
06025,4,USW00023199,EL CENTRO NAF,36.95148567488568,0.18795778688600354
06025,5,USC00029656,YUMA QUARTERMASTER DEPOT,76.78846557640243,0.04352433583884089
06029,1,USW00023155,BAKERSFIELD AP,31.0967210034625,0.35839363108915856
06029,2,USC00048839,TEJON RANCHO,35.99935333493795,0.2674238142156032
06029,3,USC00043463,GLENNVILLE,42.36502116961162,0.1930965979413442
06029,4,USC00045756,MOJAVE,61.26818989523208,0.09232501317297724
06029,5,USC00049452,WASCO,62.48615239867006,0.08876094358091681
06031,1,USC00044534,KETTLEMAN CITY,14.907440356866335,0.48625909498899905
06031,2,USC00042012,CORCORAN IRRIG DIST,21.195725985001634,0.24053446084396407
06031,3,USW00023110,LEMOORE REEVES NAS,31.411737366531597,0.1095191294594089
06031,4,USC00043747,HANFORD 1 S,31.44813287741689,0.10926577908435596
06031,5,USC00043083,FIVE POINTS 5 SSW,44.560653681452315,0.05442153562327208
06035,1,USC00048702,SUSANVILLE 2SW,33.38926545472548,0.5010325240680882
06035,2,USS0020H13S,Adin Mtn,60.04108229533649,0.1549468044787913
06035,3,USC00044374,JESS VALLEY,67.43399118347571,0.12283494022259622
06035,4,USC00041700,CHESTER,69.86445724374998,0.11443715950677312
06035,5,USC00041497,CANYON DAM,72.33671588753603,0.10674857172375112
06037,1,USC00041194,BURBANK VALLEY PUMP PLT,8.004827574182425,0.45447228540223755
06037,2,USC00046719,PASADENA,12.032530068094406,0.20113954164981465
06037,3,USC00040798,BIG TUJUNGA DAM FC46,12.838509578599318,0.1766778674036557
06037,4,USC00046006,MT WILSON CBS,17.953273932316876,0.09034914612966982
06037,5,USW00093134,LOS ANGELES DOWNTOWN/USC,19.401897180108143,0.0773611594146223
06039,1,USC00046252,N FK RS,21.4128402478749,0.36194068257274076
06039,2,USC00043261,FRIANT GOVERNMENT CAMP,24.10026990451152,0.2857209873315175
06039,3,USC00048380,SO ENTRANCE YOSEMITE NP,35.169436234031515,0.13416991407996892
06039,4,USC00045233,MADERA,38.24262016219623,0.1134725135254103
06039,5,USC00042920,EXCHEQUER DAM,39.813296206138716,0.10469590249036242
06047,1,USC00045118,LOS BANOS,19.990243233431514,0.3481649335098561
06047,2,USC00045532,MERCED,21.100683294191686,0.3124842599083588
06047,3,USC00046168,NEWMAN,27.821889389168952,0.17974132766954015
06047,4,USC00049073,TURLOCK #2,35.8310481530344,0.10836827476679041
06047,5,USW00023258,MODESTO AP,52.10758298714188,0.05124120414545462
06049,1,USC00040161,ALTURAS,18.467471670987848,0.5558840977011666
06049,2,USS0020H06S,Cedar Pass,34.82493250017468,0.15632144704450296
06049,3,USS0020H13S,Adin Mtn,39.694655108922866,0.12031923652095465
06049,4,USC00041614,CEDARVILLE,45.401674559515584,0.09197194916031047
06049,5,USC00044374,JESS VALLEY,50.10910978215443,0.07550326957306512
06053,1,USC00044555,KING CITY,16.369030439400845,0.5930069795941141
06053,2,USC00046926,PINNACLES NP,29.419821254448635,0.18358012365389795
06053,3,USC00040790,BIG SUR STN,41.683619885184996,0.09144813729997181
06053,4,USC00041534,CARMEL VALLEY,45.33530013163748,0.0773094755520259
06053,5,USW00023233,SALINAS AP,53.91837333991558,0.05465528389999035
06061,1,USC00043384,GEORGETOWN RS,15.845142969990773,0.3893649268790557
06061,2,USC00041912,COLFAX,19.60007492646832,0.25446830081835015
06061,3,USW00023225,BLUE CANYON NYACK AP,23.83178508576952,0.1721218500532278
06061,4,USC00046136,NEVADA CITY,31.568761120011036,0.09809210973933248
06061,5,USC00043573,GRASS VALLEY #2,33.72442319609126,0.08595281251003398
06063,1,USC00047195,QUINCY,12.179141549472128,0.7129084895059737
06063,2,USC00041497,CANYON DAM,29.974211717429164,0.11769868247133054
06063,3,USC00047085,PORTOLA,36.55717098128451,0.07912650481804578
06063,4,USC00042500,DOWNIEVILLE,47.7020845368174,0.04647211380306126
06063,5,USC00048702,SUSANVILLE 2SW,49.13887686889593,0.04379420940158873
06065,1,USW00003104,DESERT RESORTS RGNL AP,18.53763097946463,0.4062010302033388
06065,2,USC00044259,INDIO FIRE STN,19.84653323767769,0.35438895174376245
06065,3,USC00043855,HAYFIELD PUMPING PLT,34.645913405087306,0.11629082581826758
06065,4,USC00049099,TWENTYNINE PALMS,44.4011345179127,0.07080458007145941
06065,5,USC00042598,EAGLE MTN,51.65510371300485,0.052314612163171625
06067,1,USW00023271,SACRAMENTO 5 ESE,13.348254546278817,0.47411539694484645
06067,2,USW00023232,SACRAMENTO AP ASOS,14.63215455507985,0.39456309307454196
06067,3,USC00042294,DAVIS 2 WSW EXP FARM,38.74416018476106,0.05627564947797917
06067,4,USC00049781,WOODLAND 1 WNW,46.87274460604633,0.0384496376051523
06067,5,USC00048713,SUTTER HILL CDF,48.04501988870558,0.03659622289747998
06069,1,USC00046926,PINNACLES NP,16.801722062301234,0.648013541009833
06069,2,USC00044025,HOLLISTER 2,39.83557665578225,0.11527880260664913
06069,3,USC00044555,KING CITY,45.24608752232726,0.08935721219883273
06069,4,USW00023233,SALINAS AP,47.055575033682054,0.08261701574719726
06069,5,USC00045118,LOS BANOS,53.15957893291465,0.06473342843748783
06071,1,USW00023161,BARSTOW-DAGGETT AP,55.23513047201,0.3902882184950455
06071,2,USC00040521,BARSTOW,76.76385091518124,0.2020704010208761
06071,3,USC00049099,TWENTYNINE PALMS,82.09005500817572,0.17669941700060124
06071,4,USC00040741,BIG BEAR LAKE,95.86318929033064,0.12957238803263438
06071,5,USC00049325,VICTORVILLE,108.38128383973874,0.10136957545084266
06073,1,USC00042239,CUYAMACA,18.015172005032177,0.26978052081761184
06073,2,USC00044412,JULIAN CDF,18.092587783199814,0.26747675017314065
06073,3,USC00040136,ALPINE,20.883250902990508,0.20076647880645015
06073,4,USC00043914,HENSHAW DAM,23.790294916547598,0.1546990914893681
06073,5,USC00042706,EL CAJON,28.568673529964848,0.10727715871342917
06077,1,USW00023237,STOCKTON AP,6.418124488786779,0.8809989187843806
06077,2,USC00048999,TRACY CARBONA,28.891615444224655,0.04347584155801291
06077,3,USC00049001,TRACY PUMPING PLT,31.37116086089397,0.03687486757188443
06077,4,USC00040232,ANTIOCH PUMPING PLT #3,42.446164069539385,0.020142563978533454
06077,5,USW00023258,MODESTO AP,44.281092816050645,0.01850780810718861
06079,1,USC00047851,SAN LUIS OBISPO POLY,21.39054667950065,0.4700734283661145
06079,2,USC00046730,PASO ROBLES,34.18960237481338,0.18400150310042573
06079,3,USW00093209,PASO ROBLES MUNI AP,35.27011618148397,0.17290027745929024
06079,4,USC00049111,TWITCHELL DAM,45.97874931772027,0.10174080353034491
06079,5,USW00023273,SANTA MARIA PUBLIC AP,54.929891671310436,0.0712839875438247
06083,1,USC00041253,CACHUMA LAKE,7.248990144131709,0.8099992518255562
06083,2,USW00023190,SANTA BARBARA MUNI AP,21.87987536928482,0.08890986453597388
06083,3,USC00043402,GIBRALTAR DAM #2,32.66484404997683,0.0398913246636672
06083,4,USC00047902,SANTA BARBARA,35.0814636812149,0.03458471702277062
06083,5,USC00045064,LOMPOC,39.99059560297802,0.026614841952031936
06085,1,USC00045933,MT HAMILTON,14.37445559300865,0.5182039359920024
06085,2,USC00047821,SAN JOSE,25.814776252471777,0.16067443744626575
06085,3,USC00043417,GILROY,26.845751026421922,0.14857043747167
06085,4,USC00049473,WATSONVILLE WTR WKS,33.100258487607114,0.09772839082190021
06085,5,USC00047916,SANTA CRUZ,37.828993478999905,0.07482279826816172
06089,1,USC00048135,SHASTA DAM,31.80773968976699,0.30262969268829465
06089,2,USW00024257,REDDING AP,34.746749281022915,0.2535997334518491
06089,3,USC00049621,WHISKEYTOWN RSVR,44.0796271312716,0.1575800846865507
06089,4,USC00043824,HAT CREEK,46.18429813640743,0.14354512830914562
06089,5,USC00045311,MANZANITA LAKE,46.329728047274024,0.1426453608641599
06093,1,USC00049866,YREKA,15.59773692499872,0.4531907266383463
06093,2,USW00024259,MONTAGUE SISKIYOU AP,21.333296254425747,0.24226365665244723
06093,3,USC00043182,FT JONES RS,26.19499735865075,0.16068209256236082
06093,4,USC00045983,MT SHASTA,34.655846494633195,0.0918017952753731
06093,5,USC00045941,MT HEBRON RS,46.01959638762349,0.05206172887147249
06095,1,USW00023202,TRAVIS AFB,0.5525883559770113,0.9963751405962447
06095,2,USC00042934,FAIRFIELD,11.214638524078785,0.00241911092372805
06095,3,USC00044712,LAKE SOLANO,25.603729618910837,0.0004641088793639885
06095,4,USC00046074,NAPA STATE HOSPITAL,28.404849694422023,0.00037708681813751054
06095,5,USC00049742,WINTERS,28.889030161330417,0.0003645527825258251
06097,1,USC00043578,GRATON,11.797635685907714,0.3942391395120196
06097,2,USC00043875,HEALDSBURG,12.69783319647966,0.340322344634021
06097,3,USC00047965,SANTA ROSA,20.064141951373642,0.13630397353423027
06097,4,USC00043191,FT ROSS,27.739722919411427,0.0713091832983257
06097,5,USC00041312,CALISTOGA,30.804607609228754,0.057825359021403254
06099,1,USW00023258,MODESTO AP,8.202240630661043,0.6882943109967196
06099,2,USC00049073,TURLOCK #2,15.40629855620291,0.19509339786913987
06099,3,USC00046168,NEWMAN,31.297720950311962,0.047273065314488986
06099,4,USC00048999,TRACY CARBONA,33.07590395259727,0.04232683039249233
06099,5,USW00023237,STOCKTON AP,41.40359452545931,0.027012395427159126
06101,1,USC00041948,COLUSA 2 SSW,32.549892036473764,0.3717273247361546
06101,2,USC00049781,WOODLAND 1 WNW,40.059744008006305,0.24541847411039325
06101,3,USC00046521,OROVILLE,55.10400029034875,0.1297051844202723
06101,4,USC00040383,AUBURN,55.48766896194863,0.12791769645592418
06101,5,USC00042294,DAVIS 2 WSW EXP FARM,56.07965276156374,0.12523132027725564
06103,1,USW00024216,RED BLUFF MUNI AP,3.4391936421565794,0.9807370189986446
06103,2,USC00046506,ORLAND,42.38485537434172,0.006457202642911461
06103,3,USW00024257,REDDING AP,43.5596929605256,0.006113588554436399
06103,4,USC00045679,MINERAL,58.25627743559641,0.00341806539409644
06103,5,USC00049621,WHISKEYTOWN RSVR,59.523070290096214,0.0032741244099110077
06107,1,USC00044957,LINDSAY,24.694906951616826,0.2732285443461831
06107,2,USC00048917,THREE RIVERS EDISON PH 1,27.240366151270727,0.22455099041022747
06107,3,USC00044890,LEMON COVE,27.789832952707645,0.2157590316097696
06107,4,USC00040343,ASH MTN,29.463603200409477,0.19194161405836122
06107,5,USC00045026,LODGEPOLE,41.98643358479545,0.09451981957545849
06113,1,USC00049781,WOODLAND 1 WNW,9.455133848277008,0.5599572955350297
06113,2,USC00049742,WINTERS,18.355993496568644,0.14857114807033822
06113,3,USC00042294,DAVIS 2 WSW EXP FARM,19.48505312478609,0.13185210912933398
06113,4,USC00044712,LAKE SOLANO,22.648351394259468,0.09759264317345823
06113,5,USC00045360,MARKLEY COVE,28.4089663515234,0.06202680409183984
06115,1,USC00043573,GRASS VALLEY #2,24.888203996354818,0.30908312627972523
06115,2,USC00046136,NEVADA CITY,29.685727996992956,0.21725361136615007
06115,3,USC00046521,OROVILLE,32.870808805886035,0.1771909886798006
06115,4,USC00048606,STRAWBERRY VALLEY 2,33.089498762677074,0.1748566021682243
06115,5,USC00041912,COLFAX,39.676781417904714,0.12161567150609989
08001,1,USW00003017,DENVER INTL AP,27.844100667920603,0.452290279104874
08001,2,USC00050950,BRIGHTON 3 SE,43.5840788727303,0.1845983864371273
08001,3,USW00023062,DENVER-STAPLETON,47.53892029490317,0.15516187413625382
08001,4,USC00053038,FT MORGAN,57.91814432189618,0.10453322920878874
08001,5,USC00055984,NORTHGLENN,58.2300910164062,0.10341623111295613
08003,1,USW00023061,ALAMOSA-BERGMAN FLD,15.751431393326278,0.5834144254036586
08003,2,USC00053541,GREAT SAND DUNES NP & PRESERVE,30.447690527858427,0.15613796024685914
08003,3,USC00055706,MONTE VISTA 2W,35.161357383243626,0.1170808725215482
08003,4,USS0005M16S,Medano Pass,43.79001024461133,0.07548612319028533
08003,5,USC00055322,MANASSA,46.17806297916951,0.06788061863764873
08005,1,USW00003017,DENVER INTL AP,35.69942956996593,0.36616941392890884
08005,2,USW00023062,DENVER-STAPLETON,47.856387876253976,0.20376274707464184
08005,3,USC00051401,CASTLE ROCK,53.90531504018636,0.16059848396963136
08005,4,USC00050950,BRIGHTON 3 SE,54.3027968372781,0.15825601358711724
08005,5,USC00055984,NORTHGLENN,64.77745248791348,0.11121334143970069
08007,1,USC00292608,DULCE,29.98553227119814,0.3163447733772618
08007,2,USS0006M03S,Upper San Juan,37.015926228366204,0.20759024731998113
08007,3,USS0006M17S,Wolf Creek Summit,38.008958209527385,0.1968848304218827
08007,4,USS0006N03S,Chamita,43.91687791135629,0.14747597357560646
08007,5,USS0007M21S,Middle Creek,46.4721026208306,0.13170417530526793
08009,1,USC00058793,WALSH 1 W,23.117941603509614,0.5474268589281562
08009,2,USC00051268,CAMPO 7 S,33.31211543166987,0.2636452802600467
08009,3,USC00146808,RICHFIELD,67.0222424039981,0.06513081582052048
08009,4,USC00142432,ELKHART,67.32624800802219,0.06454395911215745
08009,5,USC00054546,KIM 10SSE,70.26785989135976,0.059253085879119115
08011,1,USC00054834,LAS ANIMAS,18.976555278785504,0.3847408765527824
08011,2,USC00054388,JOHN MARTIN DAM,19.512845513321977,0.3638830929885041
08011,3,USW00023067,LA JUNTA MUNI AP,40.35725914730717,0.0850667347169509
08011,4,USC00054726,LA JUNTA 20 S,40.38666401040429,0.08494290844188833
08011,5,USC00054724,LA JUNTA,41.26473193288906,0.08136638729987433
08013,1,USS0005J42S,Niwot,13.564049870026395,0.2937439808355643
08013,2,USC00050848,BOULDER,15.907111073374173,0.2135822241074162
08013,3,USS0005J08S,University Camp,17.113378797069295,0.18453391901537608
08013,4,USC00053629,GROSS RSVR,18.08794311134505,0.16518452734301264
08013,5,USS0005J18S,Copeland Lake,19.443464940338647,0.14295534869863055
08014,1,USC00055984,NORTHGLENN,6.858645009442473,0.6728582190326343
08014,2,USC00050950,BRIGHTON 3 SE,18.433832967118963,0.09314700946682529
08014,3,USC00050848,BOULDER,18.924777388547167,0.08837687743777803
08014,4,USC00058995,WHEAT RIDGE 2,20.700996663453317,0.07386142825998676
08014,5,USC00056816,RALSTON RSVR,21.002431931336012,0.0717564658027756
08017,1,USC00054603,KIT CARSON,18.981562600424464,0.4895426016423513
08017,2,USC00051564,CHEYENNE WELLS 2NE,23.42149016153366,0.32153286375254464
08017,3,USC00052446,EADS,42.80472372525184,0.09626557694494484
08017,4,USC00051121,BURLINGTON,60.02568196924763,0.04895310109934354
08017,5,USC00052932,FLAGLER 1S,63.52685995468801,0.04370585656081559
08021,1,USC00055322,MANASSA,21.466071056684864,0.4232151645962201
08021,2,USS0006M22S,Cumbres Trestle,32.416303846061524,0.18558349838828148
08021,3,USW00023061,ALAMOSA-BERGMAN FLD,37.49686395758828,0.13869999707149983
08021,4,USS0006M23S,Lily Pond,37.88142599503539,0.13589820111257359
08021,5,USC00055706,MONTE VISTA 2W,40.89573824300613,0.11660313883142503
08023,1,USS0005M08S,Trinchera,19.350403366466047,0.3416561375007227
08023,2,USS0005M03S,Culebra #2,21.6125507045394,0.2738780464440302
08023,3,USS0005M14S,Whiskey Ck,28.35963777335715,0.15906253984318977
08023,4,USS0005M07S,Apishapa,32.278880596418816,0.12278133214072436
08023,5,USS0005N16S,North Costilla,35.30730075809007,0.10262194407133292
08025,1,USC00056131,ORDWAY 4 W,11.15771601315862,0.6443531928628717
08025,2,USC00058157,TACONY 13 SE,25.087777695041666,0.127453042293761
08025,3,USC00057167,ROCKY FORD 2 SE,30.558039663050344,0.0859060224968332
08025,4,USC00051539,CHERAW 1 N,31.286764212603483,0.08195081811651546
08025,5,USW00023067,LA JUNTA MUNI AP,36.46243871441267,0.06033692423001865
08029,1,USS0007K06S,Park Reservoir,20.97318600370524,0.35182814093937154
08029,2,USC00050825,BONHAM RSVR,26.965808804954307,0.21282982532414677
08029,3,USS0008K04S,Mesa Lakes,27.77949525230466,0.20054446941950113
08029,4,USS0007K14S,Overland Res.,32.539646284020925,0.14616175027822867
08029,5,USC00055722,MONTROSE #2,41.78544930956228,0.08863581403875193
08031,1,USW00023062,DENVER-STAPLETON,1.0134014180997521,0.9897971508608493
08031,2,USC00055984,NORTHGLENN,18.979997914228342,0.002821739346213082
08031,3,USC00058995,WHEAT RIDGE 2,19.967427032567173,0.0025495586247168255
08031,4,USC00050950,BRIGHTON 3 SE,20.502030970539426,0.0024183293363604723
08031,5,USC00054762,LAKEWOOD,20.523715439528083,0.0024132218318603776
08033,1,USS0008M07S,Lone Cone,32.01894379065999,0.2791339842862355
08033,2,USC00059275,YELLOW JACKET 2W,32.19242714086324,0.27613361290430305
08033,3,USS0008M06S,El Diente Peak,43.19581503002521,0.15337104353215888
08033,4,USC00051886,CORTEZ,44.00370725858858,0.14779106696541816
08033,5,USS0008M08S,Scotch Creek,44.64584701437288,0.14357029231188442
08035,1,USC00051401,CASTLE ROCK,8.646284352179947,0.5847723498567176
08035,2,USC00057249,ROXBOROUGH SP,16.94661361239104,0.15222290394889737
08035,3,USC00058022,STRONTIA SPRINGS DAM,20.677242380212903,0.10224936522331327
08035,4,USC00056280,PALMER LAKE,23.23964258547874,0.0809444299133541
08035,5,USC00054452,KASSLER,23.404086030381713,0.07981095105771775
08039,1,USW00093010,LIMON,38.71051675955485,0.40718016126603246
08039,2,USC00053258,GENOA,53.49090095764773,0.21324787989261235
08039,3,USC00051401,CASTLE ROCK,64.93241608368146,0.14471762346659356
08039,4,USC00055025,LINDON 5 WNW,71.98001958408194,0.11776619054197696
08039,5,USC00056280,PALMER LAKE,72.1881332665194,0.11708814483278457
08041,1,USW00093037,COLORADO SPRINGS MUNI AP,14.101982593578862,0.7532371082815539
08041,2,USC00057309,RUXTON PARK,38.726671047118224,0.09987843365301183
08041,3,USC00056280,PALMER LAKE,46.25357562375508,0.07001666698603173
08041,4,USW00093058,PUEBLO MEM AP,59.93956476120744,0.04169316705452077
08041,5,USC00056765,PUEBLO RSVR,65.25762981438268,0.035174624024881716
08043,1,USC00051294,CANON CITY,17.367057010250882,0.6412178133639733
08043,2,USC00058931,WESTCLIFFE,36.18018168833497,0.14774627892471134
08043,3,USC00054742,LAKE GEORGE 8 SW,50.39508216286357,0.07615207182654651
08043,4,USC00052965,FLORISSANT FOSSIL BEDS,52.316121615438504,0.07066216788706149
08043,5,USS0005M13S,South Colony,54.87673051638656,0.06422166799770757
08045,1,USC00051741,COLLBRAN,40.134638730895574,0.23651577298989238
08045,2,USS0007K02S,Burro Mountain,40.932076381205654,0.22738995360740366
08045,3,USC00050214,ALTENBERN,41.89246321032257,0.21708360792267037
08045,4,USC00055484,MEEKER,48.531993757496586,0.16174935542659716
08045,5,USC00053359,GLENWOOD SPGS #2,49.21964395742184,0.15726131005343633
08055,1,USC00058781,WALSENBURG 1 NW,15.829780771247782,0.6665787886880006
08055,2,USS0005M07S,Apishapa,40.954695162699934,0.0995849924972046
08055,3,USS0005M08S,Trinchera,44.47849215593742,0.08443085327536284
08055,4,USS0005M16S,Medano Pass,45.889533735484775,0.07931841008852238
08055,5,USC00053541,GREAT SAND DUNES NP & PRESERVE,48.818232092331385,0.07008695545090979
08059,1,USC00052790,EVERGREEN,8.827750474775799,0.5484259106688705
08059,2,USC00054452,KASSLER,16.25526015318975,0.16174475781056635
08059,3,USC00058022,STRONTIA SPRINGS DAM,19.362585673421123,0.11399645814686343
08059,4,USC00054762,LAKEWOOD,21.656305137366598,0.09112747542187612
08059,5,USC00057249,ROXBOROUGH SP,22.462261964080426,0.08470539795182343
08061,1,USC00052446,EADS,9.954795913974937,0.8072677843725207
08061,2,USC00054770,LAMAR,34.507235432695516,0.06718340473182396
08061,3,USC00054388,JOHN MARTIN DAM,39.11056288475428,0.05229909940231003
08061,4,USC00054603,KIT CARSON,41.84610247355816,0.04568486171977467
08061,5,USC00054834,LAS ANIMAS,53.872031949873325,0.02756484977357061
08063,1,USC00051121,BURLINGTON,29.44499589169924,0.3673716793244108
08063,2,USC00054380,JOES,39.47780360567509,0.20437261659374326
08063,3,USC00052932,FLAGLER 1S,39.58694344496096,0.20324727347479313
08063,4,USC00054242,IDALIA,51.59006304856965,0.11967310310750538
08063,5,USC00051564,CHEYENNE WELLS 2NE,54.989188402502144,0.10533532749954737
08067,1,USC00054934,LEMON DAM,18.914467769061964,0.2785608200623355
08067,2,USC00053016,FT LEWIS,19.76174249581755,0.25518656788866334
08067,3,USS0008M10S,Columbus Basin,23.278878568868596,0.1839010348306359
08067,4,USC00058582,VALLECITO DAM,25.105527893667258,0.1581137239361461
08067,5,USS0007M34S,Stump Lakes,28.322212185846666,0.12423785328221915
08069,1,USC00054135,HOURGLASS RSVR,14.81856261547204,0.3521463088008727
08069,2,USC00051060,BUCKHORN MTN 1E,16.87713042544547,0.27148015373060264
08069,3,USC00057296,RUSTIC 9WSW,19.56987886702135,0.2019105559938646
08069,4,USS0005J06S,Deadman Hill,29.237679206997132,0.09045852587678804
08069,5,USC00052759,ESTES PARK,30.34006375112058,0.0840044555978721
08071,1,USW00023070,TRINIDAD AP,26.226182257074328,0.45578660057966763
08071,2,USC00058429,TRINIDAD,42.180537794856136,0.1762006386361537
08071,3,USC00294742,LAKE MALOYA,47.541619207842196,0.13870233268870763
08071,4,USC00058436,TRINIDAD LAKE,49.09638945949639,0.13005665882081685
08071,5,USC00297279,RATON FLTR PLT,56.200780558771086,0.09925376927465428
08073,1,USC00054444,KARVAL,29.07909530084372,0.321450263104589
08073,2,USC00053258,GENOA,31.539728453875615,0.2732496833441456
08073,3,USW00093010,LIMON,34.00929107489076,0.2350067891330916
08073,4,USC00052932,FLAGLER 1S,49.99787829968601,0.10873576566880347
08073,5,USC00054603,KIT CARSON,66.4503543349793,0.06155749874937035
08075,1,USC00054945,LEROY 5 WSW,25.174856841474224,0.5083715967479117
08075,2,USW00024030,SIDNEY MUNI AP,42.181764417656844,0.18107805189368098
08075,3,USC00057515,SEDGWICK 5 S,50.70887128239446,0.12529894366109987
08075,4,USC00257830,SIDNEY 6NNW,56.02158520807783,0.10266076826725946
08075,5,USW00024015,AKRON WASHINGTON CO AP,62.45859842001509,0.08259063943004803
08077,1,USC00053489,GRAND JUNCTION 6ESE,2.5712340933659164,0.9226104801369026
08077,2,USC00056266,PALISADE,14.12681334623784,0.030564212154500527
08077,3,USW00023066,GRAND JUNCTION WALKER FLD,14.530207349931377,0.02889069542755416
08077,4,USC00051772,COLORADO NM,25.29465176700566,0.009533320853648958
08077,5,USC00053146,FRUITA,26.944974988265834,0.008401291427393674
08081,1,USC00055446,MAYBELL,14.823449899245771,0.8299725873314809
08081,2,USC00051932,CRAIG 4SW,55.831673159530865,0.058506085621094744
08081,3,USC00480484,BAGGS,66.88879784926725,0.040762005838882155
08081,4,USC00055484,MEEKER,69.1776584341643,0.03810926852580993
08081,5,USC00056832,RANGELY 1E,74.73761263849322,0.032650052682732356
08083,1,USC00051886,CORTEZ,0.7122651262352006,0.9964654968818085
08083,2,USC00055531,MESA VERDE NP,18.04254427358112,0.0015529235225555642
08083,3,USC00055327,MANCOS 1SW,24.729221935235167,0.000826655811600192
08083,4,USC00059275,YELLOW JACKET 2W,24.794571527357018,0.0008223040179624438
08083,5,USS0008M02S,Mancos,38.98511206457559,0.0003326197660732912
08085,1,USS0008L02S,Columbine Pass,10.004723205353201,0.8511047714450091
08085,2,USC00055722,MONTROSE #2,34.8155987790823,0.070282215481385
08085,3,USC00057020,RIDGWAY,52.78251063909802,0.03057828280777364
08085,4,USS0008M07S,Lone Cone,57.83530635100703,0.025468718898738887
08085,5,USC00058204,TELLURIDE 4WNW,61.442543994224536,0.02256601136709336
08087,1,USC00053038,FT MORGAN,4.952911975935713,0.9713348755846893
08087,2,USW00024015,AKRON WASHINGTON CO AP,51.6835999975725,0.008920407381534434
08087,3,USC00050109,AKRON 4 E,58.19508528000988,0.007035866391254129
08087,4,USC00050945,BRIGGSDALE,60.07304405749535,0.006602842271419601
08087,5,USC00055025,LINDON 5 WNW,62.469266004505435,0.00610600837110259
08089,1,USC00057167,ROCKY FORD 2 SE,17.295928838942697,0.3317034025764456
08089,2,USC00054724,LA JUNTA,18.994080812114124,0.27504334631455807
08089,3,USW00023067,LA JUNTA MUNI AP,25.882427842998418,0.14812476768019414
08089,4,USC00054726,LA JUNTA 20 S,26.0660543315359,0.1460451414709772
08089,5,USC00051539,CHERAW 1 N,31.645978583847466,0.09908334195782503
08091,1,USC00057020,RIDGWAY,2.6908757531678456,0.9645514684237577
08091,2,USC00058204,TELLURIDE 4WNW,24.03861491784655,0.012086312428236268
08091,3,USS0007M27S,Idarado,26.733758734736547,0.00977220679228589
08091,4,USS0007M33S,Red Mountain Pass,30.228810037030357,0.007643118525345365
08091,5,USS0007M14S,Mineral Creek,34.26977523891809,0.005946893830374746
08095,1,USC00054082,HOLYOKE,5.504767707252232,0.9420519759805228
08095,2,USC00057515,SEDGWICK 5 S,33.390113442740834,0.02560454542892305
08095,3,USC00054413,JULESBURG,44.2556681843346,0.014575217848236765
08095,4,USC00054945,LEROY 5 WSW,55.27170717648952,0.009344307065240523
08095,5,USC00059243,WRAY,58.21279403042487,0.008423953677076754
08099,1,USC00054076,HOLLY,25.07834430242752,0.39078271701859196
08099,2,USC00054770,LAMAR,25.747544728954963,0.37073315460055134
08099,3,USC00054388,JOHN MARTIN DAM,48.548093075194686,0.10427704542816198
08099,4,USC00148038,SYRACUSE 1NE,57.14394291559019,0.07526493010445995
08099,5,USC00058793,WALSH 1 W,64.57338266634837,0.058942152848234786
08101,1,USW00093058,PUEBLO MEM AP,14.113451157491635,0.628278795696508
08101,2,USC00056765,PUEBLO RSVR,23.044812726294424,0.235652735496295
08101,3,USC00058157,TACONY 13 SE,42.34738280545793,0.06978558159061707
08101,4,USC00056131,ORDWAY 4 W,58.26575824718848,0.036863116326012774
08101,5,USC00058781,WALSENBURG 1 NW,65.22134982948819,0.029419770890567052
08103,1,USC00055484,MEEKER,26.083303083713698,0.5192635753126577
08103,2,USC00056832,RANGELY 1E,50.3950446957926,0.1391032783718097
08103,3,USS0007K02S,Burro Mountain,52.249313458877864,0.12940523874057253
08103,4,USC00050214,ALTENBERN,54.84807224169866,0.11743303877063858
08103,5,USC00055446,MAYBELL,61.046968520401215,0.09479486880432152
08105,1,USS0006M23S,Lily Pond,14.549955118642877,0.4912890542199074
08105,2,USC00055706,MONTE VISTA 2W,25.76983987744208,0.15661629850440922
08105,3,USC00052184,DEL NORTE 3ENE,26.16935347980206,0.15187084481278856
08105,4,USS0006M17S,Wolf Creek Summit,30.613857789764392,0.11097477540603962
08105,5,USS0006M03S,Upper San Juan,34.13724371023941,0.08924902705685532
08107,1,USC00057936,STEAMBOAT SPRINGS,13.913184716683489,0.39210304656608397
08107,2,USS0006J01S,Dry Lake,18.30036409774963,0.22663858913928314
08107,3,USC00053867,HAYDEN,22.60092600404674,0.14859385571995334
08107,4,USS0006J09S,Rabbit Ears,24.48159697730302,0.12664085395923905
08107,5,USS0006J29S,Tower,26.75625179266492,0.10602365461544053
08109,1,USC00057337,SAGUACHE,9.920042672635521,0.8348581996056503
08109,2,USC00052184,DEL NORTE 3ENE,38.4079517814854,0.055692601136133724
08109,3,USC00057460,SARGENTS,44.54047889225486,0.04141236501369997
08109,4,USC00051964,CRESTONE 2 SE,48.08364192463772,0.03553408108255236
08109,5,USC00055706,MONTE VISTA 2W,50.27589655669199,0.0325027531619636
08111,1,USC00057656,SILVERTON,3.1566446014226854,0.5255924137180258
08111,2,USS0007M12S,Molas Lake,3.864129242019101,0.3507495946739188
08111,3,USS0007M14S,Mineral Creek,9.291087059063193,0.06066907956546005
08111,4,USS0007M33S,Red Mountain Pass,12.607527462574293,0.03294887718177212
08111,5,USS0007M11S,Spud Mountain,13.203832805825906,0.030040034860823253
08113,1,USS0008M07S,Lone Cone,23.93990354023875,0.48903152870266875
08113,2,USS0008M06S,El Diente Peak,43.26276709644191,0.14974525336900119
08113,3,USS0008L02S,Columbine Pass,45.85194443041244,0.13331104639331856
08113,4,USC00058204,TELLURIDE 4WNW,48.98542274598802,0.11680136854426375
08113,5,USS0007M29S,Lizard Head Pass,50.22416012182061,0.11111080299074784
08115,1,USC00057515,SEDGWICK 5 S,13.532587937697729,0.48584443941968686
08115,2,USC00054413,JULESBURG,15.004779855889064,0.39518431258781533
08115,3,USC00054082,HOLYOKE,36.29924651465816,0.06752486613679334
08115,4,USW00024030,SIDNEY MUNI AP,58.70547702402407,0.025816758346004363
08115,5,USC00256385,OSHKOSH,58.91940641346113,0.025629623509700085
08121,1,USC00050109,AKRON 4 E,21.821588998995384,0.3734099589613156
08121,2,USW00024015,AKRON WASHINGTON CO AP,23.20020683645359,0.33035046807978496
08121,3,USC00055025,LINDON 5 WNW,33.995299268119176,0.15385829045305702
08121,4,USC00059295,YUMA,45.09831040029595,0.08742549444594126
08121,5,USC00054380,JOES,56.881704260872795,0.05495578805990115
08123,1,USC00050945,BRIGGSDALE,9.83483193581802,0.8410007148820912
08123,2,USC00053553,GREELEY UNC,31.694741970996997,0.08097590483469266
08123,3,USC00053006,FT COLLINS 4 E,54.099402709975244,0.02779363245353712
08123,4,USC00053038,FT MORGAN,54.74875529102593,0.02713824448378294
08123,5,USC00053005,FT COLLINS,59.35250062235179,0.023091503345896117
08125,1,USC00059243,WRAY,20.385983429416,0.44547332781538956
08125,2,USC00059295,YUMA,28.958321893287916,0.2207690848589703
08125,3,USC00054242,IDALIA,34.8284582595337,0.15262178894605613
08125,4,USC00054380,JOES,44.32014583780341,0.09425028636778535
08125,5,USC00050834,BONNY DAM 2NE,46.16032284797333,0.08688551201179857
10001,1,USC00072730,DOVER,5.5212236492876405,0.9484747412049537
10001,2,USC00075320,LEWES,45.82734907404343,0.013767242973301381
10001,3,USW00013764,GEORGETOWN-DELAWARE COASTAL AP,46.902636839831494,0.013143224628471515
10001,4,USW00013735,MILLVILLE MUNI AP,47.2852123332925,0.012931406429983463
10001,5,USC00287936,SEABROOK FARMS,49.7466551064842,0.01168338476328982
10003,1,USW00013781,WILMINGTON NEW CASTLE CO AP,11.437475545463219,0.38738816497343687
10003,2,USC00076410,NEWARK AG FARM,13.455769045301514,0.27989146606829773
10003,3,USC00287850,SALEM,15.65165280609493,0.2068646555646438
10003,4,USC00079605,WILMINGTON PORTER RSCH,23.705708434159305,0.09017804761894613
10003,5,USC00287936,SEABROOK FARMS,37.6881774799944,0.03567766577467558
10005,1,USW00013764,GEORGETOWN-DELAWARE COASTAL AP,2.87147477992572,0.967761050460426
10005,2,USC00075320,LEWES,19.828278401492067,0.020295891636332008
10005,3,USW00093720,SALISBURY-WICOMICO RGNL AP,40.02020114892796,0.004982182331303132
10005,4,USC00281351,CAPE MAY 2 NW,46.65314627807596,0.0036662010371134287
10005,5,USC00188380,SNOW HILL 4 N,49.213337228493764,0.0032946745348253416
12001,1,USW00012816,GAINESVILLE RGNL AP,8.03497187934503,0.9347459471084262
12001,2,USC00089120,USHER TWR,53.669258297775606,0.020951307272105396
12001,3,USC00084731,LAKE CITY 2 E,61.08934767891463,0.016170793742370126
12001,4,USC00086414,OCALA,63.0208556250824,0.015194755726348944
12001,5,USC00083470,GLEN ST MARY 1 W,68.29848576822805,0.012937196150749357
12013,1,USC00089566,WEWAHITCHKA,30.75729882862948,0.41972720295174765
12013,2,USC00086842,PANAMA CITY 5N,47.04617840291279,0.17939684428296068
12013,3,USW00003818,MARIANNA MUNI AP,49.84516359526857,0.159814967213078
12013,4,USC00081544,CHIPLEY,55.09854142418001,0.1307926372691797
12013,5,USC00087429,QUINCY 3 SSW,60.00760809062932,0.11026834828303395
12023,1,USC00084731,LAKE CITY 2 E,4.919019149312313,0.9511589194769954
12023,2,USC00085099,LIVE OAK,36.81584153295511,0.016980115786240663
12023,3,USC00083470,GLEN ST MARY 1 W,42.41776525015182,0.012791295817332392
12023,4,USC00084394,JASPER,44.43130423917306,0.011658213055485065
12023,5,USC00085539,MAYO,55.725412544504415,0.00741145586394655
12029,1,USW00012833,CROSS CITY AP,15.51271059490075,0.4436899105704005
12029,2,USC00082008,CROSS CITY 1 E,15.51271059490075,0.4436899105704005
12029,3,USC00089120,USHER TWR,43.47804147184747,0.05648264018356321
12029,4,USC00085539,MAYO,56.75242006553071,0.03315020072876927
12029,5,USC00087025,PERRY,68.1527095195364,0.02298733794686641
12033,1,USW00013899,PENSACOLA RGNL AP,14.213317700074592,0.5312525170011009
12033,2,USW00003855,PENSACOLA FOREST SHERMAN NAS,20.017876210253604,0.2678279698816206
12033,3,USW00093841,WHITING FLD NAS,35.70781468890764,0.08417156137680504
12033,4,USC00016988,ROBERTSDALE,36.731784163319325,0.07954408316424005
12033,5,USC00012813,FAIRHOPE 2 NE,53.70959940535372,0.03720386857623345
12039,1,USC00087429,QUINCY 3 SSW,3.9786743126860746,0.9736095901349947
12039,2,USW00093805,TALLAHASSEE,33.836734127162615,0.013461230017633222
12039,3,USC00091463,CAIRO 1SW,49.73397443481046,0.006230964681147733
12039,4,USW00003818,MARIANNA MUNI AP,61.67909812520571,0.004051217812121226
12039,5,USC00089566,WEWAHITCHKA,76.30518646480952,0.002646997354103121
12041,1,USW00012833,CROSS CITY AP,31.5359475788508,0.28053242612859813
12041,2,USC00082008,CROSS CITY 1 E,31.5359475788508,0.28053242612859813
12041,3,USC00089120,USHER TWR,35.137080260158484,0.2259766136958488
12041,4,USW00012816,GAINESVILLE RGNL AP,50.316801643918616,0.11019674903238473
12041,5,USC00085539,MAYO,52.10526380958087,0.10276178501457028
12047,1,USC00084394,JASPER,0.8172603238994546,0.9977099729385557
12047,2,USC00085099,LIVE OAK,21.618749543330974,0.0014258177071138328
12047,3,USW00093845,VALDOSTA RGNL AP,43.6918891531465,0.0003490788189241803
12047,4,USC00084731,LAKE CITY 2 E,48.84180765888432,0.0002793455042087391
12047,5,USC00085539,MAYO,53.16238507653246,0.00023578503119761545
12059,1,USC00013251,GENEVA #2,20.28900209805077,0.4884550280268204
12059,2,USC00081544,CHIPLEY,26.932826232748965,0.27719289892843735
12059,3,USW00003850,CAIRNS FLD FT RUCKER,45.98183086573786,0.09509845017807135
12059,4,USC00012675,ENTERPRISE 4 W,48.86953258047153,0.0841917599684435
12059,5,USW00003818,MARIANNA MUNI AP,60.429295189973296,0.05506186289822735
12063,1,USW00003818,MARIANNA MUNI AP,5.820022614301087,0.9470355186946049
12063,2,USC00081544,CHIPLEY,32.63528044273343,0.0301190253348929
12063,3,USW00013839,DOTHAN RGNL AP,62.873691483839835,0.008114797607447486
12063,4,USC00087429,QUINCY 3 SSW,64.37285961037915,0.007741230655741927
12063,5,USC00013761,HEADLAND,67.74652093642693,0.006989427707312809
12065,1,USW00093805,TALLAHASSEE,39.04869501516025,0.36936736726107705
12065,2,USC00087025,PERRY,47.772575756525136,0.2467824420413788
12065,3,USC00091463,CAIRO 1SW,59.703974650357026,0.15800290965255628
12065,4,USC00087429,QUINCY 3 SSW,66.9241730733808,0.12574929118193567
12065,5,USW00093845,VALDOSTA RGNL AP,75.01068102136013,0.10009798986305203
12067,1,USC00085539,MAYO,7.802300782747573,0.8672328235540828
12067,2,USC00087025,PERRY,39.44130695015907,0.03393739388691217
12067,3,USC00085099,LIVE OAK,39.522090402130246,0.033798799096188235
12067,4,USC00082008,CROSS CITY 1 E,40.2944636111436,0.0325154917314084
12067,5,USW00012833,CROSS CITY AP,40.2944636111436,0.0325154917314084
12073,1,USW00093805,TALLAHASSEE,8.44049505292912,0.8896594992852548
12073,2,USC00087429,QUINCY 3 SSW,32.17785006238671,0.06121327453542561
12073,3,USC00091463,CAIRO 1SW,45.996307109069924,0.029958062987986436
12073,4,USC00087025,PERRY,79.2018806281713,0.010103891449366773
12073,5,USC00091500,CAMILLA 3SE,83.61600542919982,0.00906527174196652
12075,1,USC00089120,USHER TWR,15.196956872302009,0.7760249384328091
12075,2,USW00012833,CROSS CITY AP,48.16106238966753,0.077267493268016
12075,3,USC00082008,CROSS CITY 1 E,48.16106238966753,0.077267493268016
12075,4,USW00012816,GAINESVILLE RGNL AP,71.18202271646373,0.035371077545188756
12075,5,USC00084289,INVERNESS 3 SE,72.52951825861254,0.03406899748597016
12079,1,USC00087025,PERRY,40.605480494849886,0.25340566341277126
12079,2,USW00093845,VALDOSTA RGNL AP,41.15043843612313,0.24673836991760006
12079,3,USC00085099,LIVE OAK,48.30755047924868,0.17904227682203577
12079,4,USC00084394,JASPER,50.36900963032409,0.1646868039284132
12079,5,USC00085539,MAYO,51.73136805657229,0.15612688591917964
12081,1,USC00080945,BRADENTON 5 ESE,10.528844369676895,0.7058240237924771
12081,2,USC00088782,TAMPA BAY AREA WFO,25.55750662599568,0.11979008817610297
12081,3,USC00086065,MYAKKA RVR SP,27.297529718565272,0.10500528397387651
12081,4,USC00089176,VENICE,41.91175478230268,0.044543686781407944
12081,5,USW00012842,TAMPA INTL AP,56.12806611878357,0.02483691727613545
12083,1,USC00086414,OCALA,5.482941633214475,0.957417728219842
12083,2,USC00085076,LISBON,44.48644799439424,0.014543644437860345
12083,3,USC00084289,INVERNESS 3 SE,51.63591492633214,0.010795057433322087
12083,4,USC00081978,CRESCENT CITY,56.755883873159505,0.008935254514580045
12083,5,USW00012816,GAINESVILLE RGNL AP,58.85832083155601,0.008308315394395494
12091,1,USC00086240,NICEVILLE,13.150638055692518,0.6097326660312072
12091,2,USW00013884,CRESTVIEW FAA/AP,19.364324247318045,0.28120848471025295
12091,3,USW00093841,WHITING FLD NAS,42.27021983697246,0.059015229374728286
12091,4,USW00013899,PENSACOLA RGNL AP,58.99030979780689,0.030302032421405438
12091,5,USC00011080,BREWTON 3 ENE,73.08454037963605,0.01974158746240611
12107,1,USC00081978,CRESCENT CITY,28.09560604236171,0.3863130169986193
12107,2,USC00083874,HASTINGS 4NE,31.71059361984909,0.3032546068929438
12107,3,USC00087826,ST AUGUSTINE WTP,51.45173713112759,0.11519034181707527
12107,4,USW00012816,GAINESVILLE RGNL AP,53.69221073781081,0.10577756835586731
12107,5,USC00086414,OCALA,58.382513549394496,0.08946446593549423
12109,1,USC00087826,ST AUGUSTINE WTP,8.820996500203579,0.6992163915073132
12109,2,USC00083874,HASTINGS 4NE,15.457202706956696,0.22771156895645758
12109,3,USC00084366,JACKSONVILLE BEACH,44.15132653998037,0.027909971118174958
12109,4,USW00093837,JACKSONVILLE NAS,45.95250759141448,0.025764900484988796
12109,5,USC00081978,CRESCENT CITY,52.96076958052987,0.019397167933065586
12113,1,USW00093841,WHITING FLD NAS,4.603025046634581,0.9478264467500249
12113,2,USW00013899,PENSACOLA RGNL AP,27.314810124020717,0.02691653344129948
12113,3,USW00003855,PENSACOLA FOREST SHERMAN NAS,46.07086606165182,0.009461559955691042
12113,4,USW00013884,CRESTVIEW FAA/AP,49.07136398784361,0.00833986919209076
12113,5,USC00011080,BREWTON 3 ENE,51.89992394689108,0.007455590660893762
12121,1,USC00085099,LIVE OAK,13.149718344031003,0.604940845108315
12121,2,USC00085539,MAYO,22.436431797108277,0.20779650128216756
12121,3,USC00084394,JASPER,35.42458656461832,0.08335587781435876
12121,4,USC00084731,LAKE CITY 2 E,38.30966632263363,0.07127366172880692
12121,5,USC00087025,PERRY,56.61658180788668,0.03263311406635164
12125,1,USC00084731,LAKE CITY 2 E,26.270111503481147,0.4034896373342184
12125,2,USC00083470,GLEN ST MARY 1 W,29.8051002601714,0.313454885799208
12125,3,USW00012816,GAINESVILLE RGNL AP,41.257058139621854,0.1635911116177239
12125,4,USC00085099,LIVE OAK,66.49332764957046,0.06297962672557728
12125,5,USW00093837,JACKSONVILLE NAS,70.21219454453755,0.056484738523272446
12131,1,USC00086240,NICEVILLE,31.904836494424835,0.41068427847322786
12131,2,USW00013884,CRESTVIEW FAA/AP,41.07978885456461,0.24772208061922346
12131,3,USC00013251,GENEVA #2,58.94793772843359,0.12030505951141554
12131,4,USC00086842,PANAMA CITY 5N,60.013837618765784,0.11606955694808052
12131,5,USC00081544,CHIPLEY,63.03233951913881,0.10521902444805255
12133,1,USC00081544,CHIPLEY,22.264790353285225,0.5606202099304912
12133,2,USC00086842,PANAMA CITY 5N,39.24360517474874,0.18045469033412498
12133,3,USW00003818,MARIANNA MUNI AP,52.145594544933616,0.10220466592596307
12133,4,USC00013251,GENEVA #2,52.66905712285352,0.10018319606530939
12133,5,USC00089566,WEWAHITCHKA,70.11092417894153,0.05653723774411134
13001,1,USW00013870,ALMA BACON CO AP,30.2577427276328,0.4712886770347249
13001,2,USC00093754,GLENNVILLE 3NW,42.20359666846849,0.2422485184500702
13001,3,USC00096219,NAHUNTA 6NE,62.57692519052317,0.11018731950193004
13001,4,USC00093538,FT STEWART,64.61357885512983,0.1033504719473531
13001,5,USC00095811,METTER,76.92044196975785,0.07292501306592164
13003,1,USC00094429,HOMERVILLE 5 N,25.5705391019206,0.5150558128339019
13003,2,USW00013870,ALMA BACON CO AP,44.38827268326724,0.17092184454003298
13003,3,USW00013857,VALDOSTA MOODY AFB,47.80965703685014,0.14733394070546652
13003,4,USC00098703,TIFTON,59.20094265047578,0.09608969558970672
13003,5,USW00093845,VALDOSTA RGNL AP,69.06669257700071,0.07059870633089174
13005,1,USW00013870,ALMA BACON CO AP,5.405247782852782,0.9739636679972137
13005,2,USC00096219,NAHUNTA 6NE,59.07820829053861,0.008153035622923634
13005,3,USC00094429,HOMERVILLE 5 N,62.21396717502372,0.007351876107163028
13005,4,USC00093754,GLENNVILLE 3NW,67.80989047723355,0.006188535482519432
13005,5,USC00093325,FARGO 17 NE,80.94645454717353,0.004342884790180264
13007,1,USC00091500,CAMILLA 3SE,29.6982519504411,0.35133469989627697
13007,2,USW00013869,ALBANY SW GEORGIA RGNL AP,34.431659481153886,0.2613767242782523
13007,3,USC00090140,ALBANY 3 SE,37.56083599524504,0.21964044777335082
13007,4,USC00091463,CAIRO 1SW,54.89375721499666,0.10283404180975447
13007,5,USC00096087,MOULTRIE 2 ESE,69.14435165112819,0.06481408624236548
13009,1,USC00097777,SANDERSVILLE,43.097698869707195,0.3519964045875896
13009,2,USC00095988,MONTICELLO,51.14061487718715,0.24998531728694734
13009,3,USW00003813,MACON MIDDLE GA RGNL AP,55.47160017099286,0.21247361360386383
13009,4,USC00095314,LOUISVILLE 1 E,80.71460071384423,0.1003557328560568
13009,5,USC00094170,HAWKINSVILLE,87.60554790271486,0.08518893166554242
13011,1,USC00092180,COMMERCE 4 NNW,10.008883980406072,0.6231473860546716
13011,2,USC00092283,CORNELIA,18.684007635851138,0.1788224396338282
13011,3,USC00098740,TOCCOA,29.469032522446163,0.07188368487551931
13011,4,USC00091965,CLARKESVILLE,29.622243942926467,0.07114201791253578
13011,5,USC00093621,GAINESVILLE,33.688528817264455,0.05500447152344495
13013,1,USW00013873,ATHENS BEN EPPS AP,35.851797156234454,0.28436490478809795
13013,2,USC00092180,COMMERCE 4 NNW,36.36572564986942,0.2763842823568819
13013,3,USC00093621,GAINESVILLE,36.90762608452972,0.26832777747326714
13013,4,USC00092283,CORNELIA,60.88631434862706,0.09859581618668213
13013,5,USC00091965,CLARKESVILLE,71.08828628401862,0.07232721919507075
13015,1,USC00090181,ALLATOONA DAM 2,13.048017687419867,0.5967894502960419
13015,2,USC00092485,DALLAS 7 NE,28.143746907672693,0.1282762861135344
13015,3,USC00097600,ROME,29.42544979122882,0.11734483823672909
13015,4,USW00093801,ROME R B RUSSELL AP,32.02803417403169,0.09904889716444912
13015,5,USC00091732,CEDARTOWN,41.660721511348676,0.05854052818924555
13017,1,USC00098703,TIFTON,45.25029167536833,0.3154343720768377
13017,2,USC00092966,EASTMAN 1 W,51.395330565628214,0.24451440742994562
13017,3,USW00013870,ALMA BACON CO AP,64.56845721107524,0.1549212392240926
13017,4,USC00092266,CORDELE,65.18698263632719,0.15199525260910984
13017,5,USC00094170,HAWKINSVILLE,69.65145801636037,0.13313472866001425
13019,1,USC00098703,TIFTON,29.404750826515325,0.376207151249013
13019,2,USW00013857,VALDOSTA MOODY AFB,35.89758250258251,0.25242458402647283
13019,3,USC00094429,HOMERVILLE 5 N,47.00918343447506,0.1471962137590934
13019,4,USC00096087,MOULTRIE 2 ESE,51.11402259764645,0.12450360672057431
13019,5,USW00093845,VALDOSTA RGNL AP,57.12841662521659,0.09966844424484649
13021,1,USW00003813,MACON MIDDLE GA RGNL AP,13.879933351190203,0.8546221228851144
13021,2,USC00095988,MONTICELLO,58.26195219686256,0.0485041420607504
13021,3,USC00094170,HAWKINSVILLE,60.16027595486232,0.04549139480797293
13021,4,USC00098535,TALBOTTON,78.49524888187035,0.026721581049888487
13021,5,USC00092966,EASTMAN 1 W,81.70925013691759,0.02466075919627382
13023,1,USC00094170,HAWKINSVILLE,21.334886748884337,0.4992414917757197
13023,2,USC00092966,EASTMAN 1 W,28.695373376709824,0.2759736362055024
13023,3,USW00003813,MACON MIDDLE GA RGNL AP,41.251342939578386,0.13354116871714622
13023,4,USC00092266,CORDELE,65.15505414522322,0.05352974023486728
13023,5,USC00097777,SANDERSVILLE,77.62374510166545,0.03771396306676455
13025,1,USC00096219,NAHUNTA 6NE,10.424926444907975,0.8612823692794366
13025,2,USC00091340,BRUNSWICK,45.851526002505814,0.04452295364481753
13025,3,USC00093465,FOLKSTON 9 SW,52.69445979957749,0.03371022433133401
13025,4,USC00093325,FARGO 17 NE,54.73876955177479,0.031239314418299687
13025,5,USW00013878,BRUNSWICK-MCKINNON AP,56.57426729887984,0.029245138326112155
13027,1,USW00093845,VALDOSTA RGNL AP,29.869847972685523,0.4013309247870907
13027,2,USW00013857,VALDOSTA MOODY AFB,39.792698887193346,0.22613191420275056
13027,3,USC00096087,MOULTRIE 2 ESE,42.00475221122405,0.20294193455475984
13027,4,USC00091463,CAIRO 1SW,60.900000829454285,0.09654594840685653
13027,5,USC00098703,TIFTON,70.01262499848015,0.07304927804854242
13029,1,USC00093538,FT STEWART,24.03772181100911,0.39665376348475384
13029,2,USW00003822,SAVANNAH INTL AP,25.592555736099534,0.3499216981067554
13029,3,USC00091266,BROOKLET 1 W,45.62430396968112,0.11010465607925957
13029,4,USC00093754,GLENNVILLE 3NW,48.549248302500516,0.09723736213489818
13029,5,USC00097808,SAPELO IS,70.52303324920324,0.04608252019433309
13031,1,USC00091266,BROOKLET 1 W,6.659011822688588,0.9113006268356869
13031,2,USC00095811,METTER,28.75399349602891,0.04887478957278119
13031,3,USC00093754,GLENNVILLE 3NW,49.34149510068442,0.01659803327956918
13031,4,USW00003822,SAVANNAH INTL AP,58.55130694849035,0.011787129466966528
13031,5,USC00093538,FT STEWART,59.434498382473755,0.011439420844996228
13033,1,USC00099194,WAYNESBORO 2 S,1.409302857343075,0.9939706281268229
13033,2,USC00095863,MIDVILLE EXP STN,28.749851414000943,0.002388421693283631
13033,3,USW00003820,AUGUSTA BUSH FLD AP,34.097776623687395,0.0016979703150534326
13033,4,USC00095314,LOUISVILLE 1 E,36.853381308615724,0.0014535418311164556
13033,5,USC00090311,APPLING 2 NW,63.510020158666514,0.0004894380337235724
13035,1,USC00095988,MONTICELLO,24.68297272839691,0.563620611816145
13035,2,USC00094700,JONESBORO,45.4847963631545,0.1659775250528766
13035,3,USW00053819,ATLANTA,57.033850360523374,0.1055641390606035
13035,4,USW00013874,ATLANTA HARTSFIELD-JACKSON INT,58.64764858631443,0.09983448577401205
13035,5,USW00003813,MACON MIDDLE GA RGNL AP,72.68141948311333,0.0650032382963627
13037,1,USW00013869,ALBANY SW GEORGIA RGNL AP,40.83644647776654,0.3213290347084719
13037,2,USC00090140,ALBANY 3 SE,45.26935444841059,0.2614792637724296
13037,3,USC00091500,CAMILLA 3SE,55.58276039053954,0.17344653724796602
13037,4,USC00097087,PLAINS SW GA EXP STN,63.20739760313915,0.13412509319445046
13037,5,USC00012730,EUFAULA WILDLIFE REF,69.91621166399884,0.10962007107668212
13039,1,USC00091340,BRUNSWICK,31.301869473390553,0.2839217875204512
13039,2,USC00082944,FERNANDINA BEACH,32.84435908934114,0.2578800166325164
13039,3,USW00013878,BRUNSWICK-MCKINNON AP,35.815096862606836,0.21687376186255541
13039,4,USW00013889,JACKSONVILLE,48.007217681125645,0.12070526104711703
13039,5,USC00096219,NAHUNTA 6NE,48.024346440030676,0.1206191729373599
13043,1,USC00095811,METTER,2.240126468376895,0.9916149514633787
13043,2,USC00091266,BROOKLET 1 W,37.43351072244822,0.003551133687773578
13043,3,USC00093754,GLENNVILLE 3NW,47.5783256363593,0.0021982133073460914
13043,4,USC00095863,MIDVILLE EXP STN,54.12609710830947,0.0016985358459555
13043,5,USC00093538,FT STEWART,72.8678371663884,0.0009371656955460899
13045,1,USC00091640,CARROLLTON,1.66382342753747,0.9926199523336308
13045,2,USC00096335,NEWNAN 7 WNW,25.447886865650208,0.004243205057996174
13045,3,USC00013775,HEFLIN,49.44354969721519,0.0011240307331331922
13045,4,USC00017025,ROCK MILLS,51.02377828439814,0.0010554854266745896
13045,5,USW00053819,ATLANTA,53.57580517003479,0.0009573264485651887
13047,1,USW00013882,CHATTANOOGA AP,15.836688997679621,0.38684934135589927
13047,2,USC00094941,CHICKAMAUGA 2 SW,16.785486022688804,0.34435214808599823
13047,3,USC00405431,LOOKOUT MTN-POINT PARK,22.28533243043628,0.19535854149511508
13047,4,USC00401808,CLEVELAND FLTR PLT,47.534925179443285,0.04293831608020657
13047,5,USC00018469,VALLEY HEAD,56.39928926090078,0.03050165298278088
13049,1,USC00093465,FOLKSTON 9 SW,4.579173889613421,0.9394816551687708
13049,2,USC00093325,FARGO 17 NE,21.727338729987995,0.041730107700864404
13049,3,USW00013889,JACKSONVILLE,53.2130823103629,0.006957059927604481
13049,4,USC00083470,GLEN ST MARY 1 W,56.68088471327771,0.006131819115282462
13049,5,USC00096219,NAHUNTA 6NE,58.79201101170403,0.00569935808747797
13051,1,USW00003822,SAVANNAH INTL AP,20.08766110598823,0.7090729645736347
13051,2,USC00093538,FT STEWART,52.291014701669134,0.10463947066914568
13051,3,USW00093831,BEAUFORT MCAS,65.78939357093948,0.06610554747703856
13051,4,USC00097808,SAPELO IS,67.34260243790766,0.06309135889975166
13051,5,USC00091266,BROOKLET 1 W,70.79332500887791,0.05709065838042948
13055,1,USW00093801,ROME R B RUSSELL AP,21.898852651263006,0.37270193345596797
13055,2,USC00018469,VALLEY HEAD,26.12436038598174,0.2618864545020198
13055,3,USC00097600,ROME,31.057848776613955,0.1852941151381281
13055,4,USC00094941,CHICKAMAUGA 2 SW,42.23003332634709,0.10022164348290796
13055,5,USC00091732,CEDARTOWN,47.29770456431753,0.07989585342097624
13057,1,USC00090181,ALLATOONA DAM 2,25.049109638162818,0.36492290958282414
13057,2,USC00094648,JASPER 1 NNW,25.87661207212883,0.3419565177094872
13057,3,USC00092485,DALLAS 7 NE,37.33679269778497,0.16425239060208816
13057,4,USC00093621,GAINESVILLE,56.86175456909218,0.07081825204877608
13057,5,USC00097600,ROME,62.804680076362686,0.05804993005682437
13059,1,USW00013873,ATHENS BEN EPPS AP,3.7172499713602365,0.9771207715850946
13059,2,USC00092180,COMMERCE 4 NNW,36.27155639245194,0.010262647132498495
13059,3,USC00093060,ELBERTON 2 N,51.6376689158194,0.005063589864315327
13059,4,USC00093621,GAINESVILLE,59.6568403830985,0.0037937724912957124
13059,5,USC00094133,HARTWELL,59.93038674094228,0.0037592189267959385
13061,1,USC00013761,HEADLAND,44.25362618497856,0.2676882387689803
13061,2,USC00012730,EUFAULA WILDLIFE REF,44.47017571272089,0.26508754639730003
13061,3,USC00011725,CLAYTON,51.47427002565691,0.1978548148526646
13061,4,USW00013839,DOTHAN RGNL AP,54.36127894499274,0.17739757748228213
13061,5,USC00097087,PLAINS SW GA EXP STN,75.49811559222574,0.0919718224987728
13063,1,USC00094700,JONESBORO,5.878850832667789,0.6685849920512514
13063,2,USW00013874,ATLANTA HARTSFIELD-JACKSON INT,9.099085919025969,0.27909109090880746
13063,3,USW00053819,ATLANTA,25.264594399374907,0.03620068965029576
13063,4,USC00096335,NEWNAN 7 WNW,49.54100576918679,0.009414816645964006
13063,5,USC00092485,DALLAS 7 NE,58.689570277617335,0.006708410743681221
13065,1,USC00094429,HOMERVILLE 5 N,19.98652944519618,0.5581752799978281
13065,2,USC00093325,FARGO 17 NE,34.182645697066434,0.1908244534727506
13065,3,USW00013857,VALDOSTA MOODY AFB,47.748346766315144,0.09779771232768103
13065,4,USC00084394,JASPER,51.52683374684135,0.08398050104635135
13065,5,USW00093845,VALDOSTA RGNL AP,56.75451920814423,0.069222053155389
13069,1,USW00013870,ALMA BACON CO AP,32.02208008167748,0.5007325660638735
13069,2,USC00094429,HOMERVILLE 5 N,52.71545550753971,0.18476894919120368
13069,3,USC00098703,TIFTON,60.986258109297836,0.13805143999860725
13069,4,USW00013857,VALDOSTA MOODY AFB,73.04084349107583,0.09624393170714587
13069,5,USC00092966,EASTMAN 1 W,80.01231669579698,0.08020311303916981
13071,1,USC00096087,MOULTRIE 2 ESE,2.7901989864337753,0.9846901072190771
13071,2,USC00091500,CAMILLA 3SE,38.318397652563036,0.005221018690353199
13071,3,USC00098703,TIFTON,39.84796485808957,0.00482789300265103
13071,4,USC00090140,ALBANY 3 SE,52.54156155142188,0.0027769238850173096
13071,5,USC00091463,CAIRO 1SW,55.552571590547934,0.002484057202901357
13073,1,USC00090311,APPLING 2 NW,8.108988855780522,0.6616071298785708
13073,2,USC00381726,CLARKS HILL 1 W,13.55503538333221,0.23677305229164378
13073,3,USC00095204,LINCOLNTON,32.30357957040346,0.04169003745409488
13073,4,USW00003820,AUGUSTA BUSH FLD AP,33.69414128124689,0.03831993809563275
13073,5,USC00384607,JOHNSTON 4 SW,44.868442402956454,0.02160984228005775
13075,1,USW00013857,VALDOSTA MOODY AFB,30.075974316396234,0.2842316637933656
13075,2,USC00096087,MOULTRIE 2 ESE,30.40368888209159,0.2781373472750036
13075,3,USC00098703,TIFTON,32.95235340632326,0.2367767169362384
13075,4,USW00093845,VALDOSTA RGNL AP,44.373984121671455,0.1305734925229502
13075,5,USC00094429,HOMERVILLE 5 N,60.48360230778725,0.07028077947244232
13077,1,USC00096335,NEWNAN 7 WNW,15.118165177459334,0.4815221586761897
13077,2,USW00053819,ATLANTA,18.273768487235618,0.32957799880367344
13077,3,USC00091640,CARROLLTON,40.12995746490828,0.06834032668497192
13077,4,USC00094700,JONESBORO,42.70746788815051,0.06034020805580409
13077,5,USW00013874,ATLANTA HARTSFIELD-JACKSON INT,42.75031756455909,0.06021930777936115
13079,1,USW00003813,MACON MIDDLE GA RGNL AP,30.598057950959422,0.5281561929861919
13079,2,USC00098535,TALBOTTON,50.74543848212064,0.19202425248474092
13079,3,USC00094170,HAWKINSVILLE,65.0260541112737,0.11694328789748867
13079,4,USC00095988,MONTICELLO,74.12417756657548,0.08999747537269961
13079,5,USC00097087,PLAINS SW GA EXP STN,82.37102506928245,0.07287879125887892
13081,1,USC00092266,CORDELE,7.399197595848206,0.831435435995683
13081,2,USC00092361,CRISP CO PWR DAM,19.292501914621358,0.1222983722940999
13081,3,USC00094170,HAWKINSVILLE,48.86203586007037,0.019065783835507756
13081,4,USC00090140,ALBANY 3 SE,56.77025654252312,0.014123946615491004
13081,5,USC00098703,TIFTON,59.000239521546895,0.01307646125921816
13083,1,USC00094941,CHICKAMAUGA 2 SW,17.520086333653513,0.4088970523118136
13083,2,USC00405431,LOOKOUT MTN-POINT PARK,22.88984079315192,0.23955261694128296
13083,3,USC00011099,BRIDGEPORT 5 NW,31.161678013846238,0.1292542380978599
13083,4,USC00018469,VALLEY HEAD,32.861899460736986,0.1162254237806839
13083,5,USW00013882,CHATTANOOGA AP,34.39898103173889,0.10607066886835972
13085,1,USC00094648,JASPER 1 NNW,25.2856286224666,0.4381440668124465
13085,2,USC00093621,GAINESVILLE,32.80179692843297,0.2603569491372937
13085,3,USC00094230,HELEN,49.93487167359959,0.11234572955447349
13085,4,USC00090969,BLAIRSVILLE EXP STN,50.348009497792376,0.11050955603954699
13085,5,USC00092283,CORNELIA,59.68294679119244,0.07864369845623927
13087,1,USC00091463,CAIRO 1SW,34.98838512385687,0.32999172817768807
13087,2,USC00087429,QUINCY 3 SSW,37.34828244532014,0.28960735097608825
13087,3,USC00091500,CAMILLA 3SE,53.34375171937557,0.1419658008036946
13087,4,USW00003818,MARIANNA MUNI AP,57.45063761393109,0.1223942862461958
13087,5,USW00093805,TALLAHASSEE,59.00244445536144,0.1160408337963333
13089,1,USW00013874,ATLANTA HARTSFIELD-JACKSON INT,25.385564462254408,0.4266419423224038
13089,2,USC00094700,JONESBORO,29.156118980099393,0.323428114873095
13089,3,USC00092485,DALLAS 7 NE,54.65493776066716,0.09204037701282522
13089,4,USW00053819,ATLANTA,55.117382872560306,0.09050238439140676
13089,5,USC00090181,ALLATOONA DAM 2,63.87485875209922,0.06738718140026931
13091,1,USC00092966,EASTMAN 1 W,5.357950464040458,0.9587898222461438
13091,2,USC00094170,HAWKINSVILLE,33.525732170297005,0.024488617118505782
13091,3,USC00092266,CORDELE,60.55568526382837,0.007506041431701456
13091,4,USW00003813,MACON MIDDLE GA RGNL AP,73.99954717632248,0.00502646518831349
13091,5,USC00092361,CRISP CO PWR DAM,81.05922021681602,0.004189054015335543
13093,1,USC00092266,CORDELE,18.819324450105288,0.5545761180813522
13093,2,USC00094170,HAWKINSVILLE,34.0224543169121,0.1696828474966046
13093,3,USC00092361,CRISP CO PWR DAM,36.3566926267044,0.148593730433756
13093,4,USC00097087,PLAINS SW GA EXP STN,54.39535364076239,0.06638127865272757
13093,5,USC00092966,EASTMAN 1 W,56.85310602107497,0.06076602533555967
13095,1,USW00013869,ALBANY SW GEORGIA RGNL AP,1.3244702358735883,0.946320130616362
13095,2,USC00090140,ALBANY 3 SE,5.701667278174182,0.05106446005280421
13095,3,USC00091500,CAMILLA 3SE,36.50511258004448,0.0012457046931009332
13095,4,USC00092361,CRISP CO PWR DAM,43.04924055626519,0.0008957596513770886
13095,5,USC00097087,PLAINS SW GA EXP STN,59.18304086173757,0.00047394498635592707
13097,1,USW00013874,ATLANTA HARTSFIELD-JACKSON INT,31.121940763256017,0.2398739886961504
13097,2,USC00091640,CARROLLTON,31.221410431626616,0.23834797323641144
13097,3,USC00092485,DALLAS 7 NE,33.065261991072056,0.21250666903809384
13097,4,USC00096335,NEWNAN 7 WNW,36.2155112058636,0.17714433176502897
13097,5,USW00053819,ATLANTA,41.933624484125374,0.1321270372643154
13099,1,USC00013761,HEADLAND,44.26991197488007,0.3261534171327496
13099,2,USW00013839,DOTHAN RGNL AP,50.97452016593354,0.2459987822045536
13099,3,USW00003818,MARIANNA MUNI AP,60.25924259917473,0.17603211722648343
13099,4,USC00091500,CAMILLA 3SE,71.04421896132675,0.1266431667532945
13099,5,USW00013869,ALBANY SW GEORGIA RGNL AP,71.46034899957323,0.12517251668291882
13101,1,USC00084394,JASPER,23.698683379825564,0.42446639858643703
13101,2,USW00093845,VALDOSTA RGNL AP,36.64572286529319,0.17751913300040278
13101,3,USW00013857,VALDOSTA MOODY AFB,40.3019871527833,0.14677052019078315
13101,4,USC00094429,HOMERVILLE 5 N,41.379543229599896,0.1392260074681239
13101,5,USC00085099,LIVE OAK,46.13197889122806,0.11201794075425323
13103,1,USW00003822,SAVANNAH INTL AP,28.843218107694625,0.3924011675034223
13103,2,USC00091266,BROOKLET 1 W,31.088629741584164,0.33776493223010723
13103,3,USC00389469,YEMASSEE 1 N,59.628078279871836,0.09181551891308148
13103,4,USW00093831,BEAUFORT MCAS,60.353158606508586,0.08962263550522033
13103,5,USC00093538,FT STEWART,60.77055143590742,0.0883957458481685
13105,1,USC00093060,ELBERTON 2 N,2.9678059894112017,0.964788615323629
13105,2,USC00381277,CALHOUN FALLS,23.52457765547049,0.015355342709131959
13105,3,USC00094133,HARTWELL,27.387631094119644,0.011329069609122725
13105,4,USW00093846,ANDERSON FAA AP,44.15671658168917,0.004358224913086748
13105,5,USC00099157,WASHINGTON 2 ESE,45.14906901171215,0.004168747445029501
13107,1,USC00095811,METTER,31.7571145275619,0.3416778444188273
13107,2,USC00095863,MIDVILLE EXP STN,32.56738488598338,0.32488758478368185
13107,3,USC00095314,LOUISVILLE 1 E,47.63386358600352,0.1518683490825251
13107,4,USC00099194,WAYNESBORO 2 S,59.9958954467124,0.09573170852307447
13107,5,USC00091266,BROOKLET 1 W,63.360481701067776,0.08583451319189128
13109,1,USC00093754,GLENNVILLE 3NW,19.254345601000065,0.4864766892979288
13109,2,USC00095811,METTER,31.23007503938966,0.18491558038944061
13109,3,USC00091266,BROOKLET 1 W,32.120261139080064,0.17480804891493126
13109,4,USC00093538,FT STEWART,40.33200435617681,0.11087150673698001
13109,5,USW00003822,SAVANNAH INTL AP,64.81694669669245,0.04292817466071939
13111,1,USC00090969,BLAIRSVILLE EXP STN,34.05320707703437,0.3206515962440649
13111,2,USC00316001,MURPHY 4ESE,39.11980573662616,0.24297190903499893
13111,3,USC00094648,JASPER 1 NNW,45.01617032152689,0.1834899803891228
13111,4,USC00408886,TELLICO PLAINS,51.75575078510766,0.13881366442805543
13111,5,USC00094230,HELEN,57.09309368038235,0.11407284990375807
13113,1,USW00053819,ATLANTA,8.622031840907285,0.7084291993918311
13113,2,USC00094700,JONESBORO,18.460786098632727,0.15453089412714802
13113,3,USW00013874,ATLANTA HARTSFIELD-JACKSON INT,24.599547225313156,0.08702849448675604
13113,4,USC00096335,NEWNAN 7 WNW,39.111235962870424,0.03442806523041211
13113,5,USC00091640,CARROLLTON,58.133635276424535,0.015583346763852863
13115,1,USC00097600,ROME,5.661762706134591,0.7258173412130631
13115,2,USW00093801,ROME R B RUSSELL AP,10.550539427516886,0.2090168687629423
13115,3,USC00091732,CEDARTOWN,22.847443066768026,0.04457131623136469
13115,4,USC00090181,ALLATOONA DAM 2,45.80934514807573,0.011087215781630385
13115,5,USC00018469,VALLEY HEAD,49.46951965653515,0.009507258010999383
13117,1,USC00093621,GAINESVILLE,25.967287711860724,0.5009846052251288
13117,2,USC00094648,JASPER 1 NNW,40.40782291148183,0.2068934091722686
13117,3,USC00090181,ALLATOONA DAM 2,55.82385846354827,0.10840214063056257
13117,4,USC00092180,COMMERCE 4 NNW,58.76235037403784,0.0978316196673391
13117,5,USC00092485,DALLAS 7 NE,62.715077838766454,0.08588822530470099
13119,1,USC00098740,TOCCOA,24.550400190061378,0.27772393015692437
13119,2,USC00092180,COMMERCE 4 NNW,27.16169766072995,0.22689066744428973
13119,3,USC00094133,HARTWELL,27.435420207173138,0.22238588637892645
13119,4,USC00092283,CORNELIA,31.849670532128236,0.16501391411937796
13119,5,USC00091965,CLARKESVILLE,39.37153075776922,0.10798560190048159
13121,1,USW00013874,ATLANTA HARTSFIELD-JACKSON INT,17.98958236485683,0.529580519707464
13121,2,USC00094700,JONESBORO,30.65750901081668,0.18234776079278103
13121,3,USC00092485,DALLAS 7 NE,34.90264555377987,0.14068813416429085
13121,4,USC00090181,ALLATOONA DAM 2,48.17933071309248,0.07383336097469134
13121,5,USW00053819,ATLANTA,48.2719764499037,0.07355022436077281
13123,1,USC00094648,JASPER 1 NNW,23.88942227080994,0.606043079554873
13123,2,USC00090969,BLAIRSVILLE EXP STN,50.054631061507635,0.13804677373900315
13123,3,USC00316001,MURPHY 4ESE,61.34399865449242,0.09191166367825546
13123,4,USC00090181,ALLATOONA DAM 2,63.65329555063021,0.08536365533462667
13123,5,USC00401808,CLEVELAND FLTR PLT,66.32082585029443,0.07863482769324164
13125,1,USC00095314,LOUISVILLE 1 E,31.21402775400667,0.3328900549376072
13125,2,USC00097777,SANDERSVILLE,33.62649239519321,0.2868384117046033
13125,3,USC00090311,APPLING 2 NW,44.41269310652058,0.1644319577499413
13125,4,USC00095863,MIDVILLE EXP STN,53.51422138604114,0.11325620972860927
13125,5,USC00099157,WASHINGTON 2 ESE,56.229180014813906,0.1025833658792389
13129,1,USW00093801,ROME R B RUSSELL AP,31.920088126033086,0.3071015637758407
13129,2,USC00094648,JASPER 1 NNW,39.38337674594818,0.20173641151523275
13129,3,USC00097600,ROME,39.639113831661035,0.19914174920862326
13129,4,USC00090181,ALLATOONA DAM 2,40.53762148324402,0.19041171512144434
13129,5,USC00094941,CHICKAMAUGA 2 SW,55.49322268576807,0.1016085603788589
13131,1,USC00091463,CAIRO 1SW,2.7103916557966405,0.987209204081001
13131,2,USC00091500,CAMILLA 3SE,37.3325092014324,0.005203540480037144
13131,3,USC00087429,QUINCY 3 SSW,49.96787340121604,0.0029046349983842213
13131,4,USW00093805,TALLAHASSEE,53.79836262478084,0.002505735253530567
13131,5,USC00096087,MOULTRIE 2 ESE,57.71901186200605,0.002176885187047065
13133,1,USW00013873,ATHENS BEN EPPS AP,43.85265992857399,0.29898721234746156
13133,2,USC00099157,WASHINGTON 2 ESE,45.787261040700216,0.27425538638111274
13133,3,USC00095988,MONTICELLO,56.224021841761676,0.18188658924552847
13133,4,USC00095204,LINCOLNTON,68.05639597125109,0.1241385312920383
13133,5,USC00093060,ELBERTON 2 N,69.00976454423918,0.12073228073385892
13135,1,USC00093621,GAINESVILLE,40.958149440237804,0.33388510231687824
13135,2,USW00013874,ATLANTA HARTSFIELD-JACKSON INT,53.10202534309588,0.19863488478034783
13135,3,USC00094700,JONESBORO,56.43367849452576,0.1758737301772147
13135,4,USC00092180,COMMERCE 4 NNW,59.781922916211805,0.15672487554158165
13135,5,USW00013873,ATHENS BEN EPPS AP,64.4410789001335,0.13488140718397765
13137,1,USC00091965,CLARKESVILLE,2.5830611458691153,0.922582110449347
13137,2,USC00092283,CORNELIA,12.933486928207053,0.03679960404677359
13137,3,USC00098740,TOCCOA,18.805615726353057,0.017406012367963047
13137,4,USC00094230,HELEN,19.69889535012972,0.01586319477518986
13137,5,USC00385278,LONG CREEK,28.94148174297718,0.007349078360726443
13139,1,USC00093621,GAINESVILLE,4.253147345400329,0.9486802105386188
13139,2,USC00092180,COMMERCE 4 NNW,30.82756763466486,0.01805768945417925
13139,3,USC00092283,CORNELIA,34.70367525177803,0.01424917621124681
13139,4,USC00091965,CLARKESVILLE,41.6955436769177,0.009871006011110288
13139,5,USC00094230,HELEN,43.326309087292564,0.009141917784844682
13141,1,USC00097777,SANDERSVILLE,37.519841353309864,0.4174410631713655
13141,2,USC00099157,WASHINGTON 2 ESE,57.713557598364176,0.1764255428749314
13141,3,USC00095314,LOUISVILLE 1 E,63.48743572912363,0.14579464817838797
13141,4,USC00095988,MONTICELLO,65.16447813171872,0.13838700535160275
13141,5,USC00090311,APPLING 2 NW,69.41679782771058,0.12195174042371244
13143,1,USC00091640,CARROLLTON,25.51518404820825,0.37020076926019796
13143,2,USC00091732,CEDARTOWN,29.353769178243095,0.27970934604789605
13143,3,USC00013775,HEFLIN,39.772010630271595,0.15236304164426756
13143,4,USC00092485,DALLAS 7 NE,48.82286909084338,0.10110860839668101
13143,5,USC00097600,ROME,49.94451668125718,0.0966182346509574
13145,1,USW00093842,COLUMBUS METRO AP,24.08536171547057,0.4609726837340438
13145,2,USC00098535,TALBOTTON,36.984296127358874,0.1955000267523939
13145,3,USW00013829,FT BENNING LAWSON FLD,43.21308326543472,0.14320264110850636
13145,4,USC00016129,OPELIKA,50.91521853735285,0.10315405678747036
13145,5,USC00014502,LAFAYETTE 2W,52.45940311858037,0.09717059161758562
13147,1,USC00094133,HARTWELL,3.0738773353342,0.9601910651509131
13147,2,USC00093060,ELBERTON 2 N,25.17267448585232,0.01431765871871093
13147,3,USW00093846,ANDERSON FAA AP,28.61843576433754,0.011077428139995545
13147,4,USC00380165,ANDERSON,34.17887446004431,0.007766318766767165
13147,5,USC00381770,CLEMSON UNIV,36.943261609816446,0.006647529223613209
13149,1,USC00017025,ROCK MILLS,20.52266899399255,0.4169988889554212
13149,2,USC00096335,NEWNAN 7 WNW,23.95417800534673,0.3060835811640409
13149,3,USC00091640,CARROLLTON,34.42214079146628,0.14822683168461634
13149,4,USC00014502,LAFAYETTE 2W,50.85486404728438,0.06791060252614395
13149,5,USW00053819,ATLANTA,53.75521457909367,0.06078009566977771
13151,1,USC00094700,JONESBORO,20.51332665381267,0.5129907966691901
13151,2,USW00013874,ATLANTA HARTSFIELD-JACKSON INT,33.16041650029798,0.19630972370696656
13151,3,USW00053819,ATLANTA,39.49219300401214,0.1384073850847839
13151,4,USC00095988,MONTICELLO,44.43840656584245,0.10931123708506577
13151,5,USC00096335,NEWNAN 7 WNW,70.86851703521627,0.042980857453993694
13153,1,USC00094170,HAWKINSVILLE,24.300251524358796,0.41091879105167955
13153,2,USW00003813,MACON MIDDLE GA RGNL AP,25.67306917991265,0.3681475861818087
13153,3,USC00092966,EASTMAN 1 W,51.592963710943636,0.09115837755751016
13153,4,USC00092266,CORDELE,53.663338083305334,0.08426013900539743
13153,5,USC00092361,CRISP CO PWR DAM,73.01481505889267,0.04551510620360417
13155,1,USC00098703,TIFTON,25.838255033555942,0.618932460448221
13155,2,USC00092266,CORDELE,63.2778449515951,0.10319680731408336
13155,3,USC00096087,MOULTRIE 2 ESE,65.58618187341625,0.09606051781458176
13155,4,USC00092966,EASTMAN 1 W,66.6118129976147,0.09312517739615363
13155,5,USC00092361,CRISP CO PWR DAM,68.25895494078114,0.08868503702696041
13157,1,USC00092180,COMMERCE 4 NNW,16.06363415174783,0.5706185378457924
13157,2,USW00013873,ATHENS BEN EPPS AP,29.74621148525358,0.1664064528123361
13157,3,USC00093621,GAINESVILLE,33.22742108162173,0.13336449209049117
13157,4,USC00092283,CORNELIA,43.16689685007027,0.07901905409578545
13157,5,USC00091965,CLARKESVILLE,53.94834460000834,0.050591463155594936
13159,1,USC00095988,MONTICELLO,1.9224429745669236,0.9971892170974426
13159,2,USC00094700,JONESBORO,66.17015682915664,0.0008417055254524363
13159,3,USW00003813,MACON MIDDLE GA RGNL AP,69.92028683907726,0.0007538381347805782
13159,4,USW00013873,ATHENS BEN EPPS AP,77.73712616581265,0.000609856340518423
13159,5,USW00013874,ATLANTA HARTSFIELD-JACKSON INT,78.02381431628899,0.0006053829018059419
13161,1,USW00013870,ALMA BACON CO AP,32.598151738880766,0.5698853153010937
13161,2,USC00093754,GLENNVILLE 3NW,67.54315284586953,0.1327427351164698
13161,3,USC00092966,EASTMAN 1 W,68.89304896026286,0.12759175446110801
13161,4,USC00094429,HOMERVILLE 5 N,83.17729548303076,0.08753139098346585
13161,5,USC00095811,METTER,85.80684108383194,0.08224880413786269
13163,1,USC00095314,LOUISVILLE 1 E,5.7363261657452735,0.9094114167717621
13163,2,USC00095863,MIDVILLE EXP STN,27.877157259003784,0.03850623938918815
13163,3,USC00097777,SANDERSVILLE,37.04040484856183,0.021811052684683706
13163,4,USC00099194,WAYNESBORO 2 S,38.49618863994679,0.020192617042445418
13163,5,USW00003820,AUGUSTA BUSH FLD AP,54.489439029450864,0.010078674111920602
13165,1,USC00095863,MIDVILLE EXP STN,24.50753464938736,0.4135182515898963
13165,2,USC00099194,WAYNESBORO 2 S,30.96240871480314,0.2590743726592037
13165,3,USC00095811,METTER,44.41854168502378,0.1258824948355747
13165,4,USC00095314,LOUISVILLE 1 E,46.08461841256223,0.11694507639522209
13165,5,USC00091266,BROOKLET 1 W,54.18931088941369,0.08457980452010319
13167,1,USC00097777,SANDERSVILLE,33.77097635587943,0.3854591680385696
13167,2,USC00095314,LOUISVILLE 1 E,43.56512709586517,0.2316261787414513
13167,3,USC00095863,MIDVILLE EXP STN,46.482683941745236,0.2034619582269398
13167,4,USC00095811,METTER,66.38025049338499,0.09976721276227914
13167,5,USC00099194,WAYNESBORO 2 S,74.27509295611686,0.07968548223076011
13169,1,USC00095988,MONTICELLO,36.817178820904594,0.3884348050679231
13169,2,USW00003813,MACON MIDDLE GA RGNL AP,37.96345248032164,0.36533202867811887
13169,3,USC00097777,SANDERSVILLE,70.85622430425198,0.10487286632009105
13169,4,USC00094170,HAWKINSVILLE,80.94182530631095,0.08036614993214179
13169,5,USC00094700,JONESBORO,92.91064686974828,0.06099415000172524
13171,1,USW00053819,ATLANTA,50.53534527693223,0.23086939307318108
13171,2,USC00095988,MONTICELLO,50.7141746451421,0.22924407092934299
13171,3,USC00094700,JONESBORO,54.323614409854805,0.19979265585370276
13171,4,USC00098535,TALBOTTON,55.5177287955534,0.19129052267697683
13171,5,USW00003813,MACON MIDDLE GA RGNL AP,62.946567486623145,0.14880335746679643
13173,1,USW00013857,VALDOSTA MOODY AFB,15.273977568811711,0.5962956523270649
13173,2,USC00094429,HOMERVILLE 5 N,25.40253915692479,0.21558159502860405
13173,3,USW00093845,VALDOSTA RGNL AP,35.378566065473706,0.1111438628656951
13173,4,USC00098703,TIFTON,60.02391125383107,0.0386115607650705
13173,5,USC00084394,JASPER,60.21465282654696,0.03836732901356536
13175,1,USC00092966,EASTMAN 1 W,33.915284646366665,0.49178917762220536
13175,2,USC00094170,HAWKINSVILLE,53.88044362928509,0.19485321434546354
13175,3,USC00097777,SANDERSVILLE,65.62217064939965,0.13136168675795298
13175,4,USW00003813,MACON MIDDLE GA RGNL AP,75.64551534391494,0.09885611259806819
13175,5,USC00095811,METTER,82.48603719895492,0.08313980867630988
13177,1,USC00092361,CRISP CO PWR DAM,19.678148995800143,0.42155277973668864
13177,2,USC00090140,ALBANY 3 SE,31.63776618674937,0.16308304892887254
13177,3,USW00013869,ALBANY SW GEORGIA RGNL AP,31.701680626985137,0.16242612133409925
13177,4,USC00097087,PLAINS SW GA EXP STN,33.05807224587302,0.1493706935993093
13177,5,USC00092266,CORDELE,39.70075608864399,0.10356735640103024
13179,1,USC00093538,FT STEWART,17.103625171103694,0.6851676270044096
13179,2,USW00003822,SAVANNAH INTL AP,43.34904570178854,0.10666307339239992
13179,3,USC00097808,SAPELO IS,48.509277239469,0.08517724086073587
13179,4,USC00093754,GLENNVILLE 3NW,50.805670422389234,0.0776513128163889
13179,5,USC00091266,BROOKLET 1 W,66.48784510653662,0.04534074592606564
13181,1,USC00095204,LINCOLNTON,2.761437679111168,0.9635870169749422
13181,2,USC00099157,WASHINGTON 2 ESE,24.90217104554406,0.011849144861111384
13181,3,USC00381726,CLARKS HILL 1 W,27.878438943078297,0.009454194422019896
13181,4,USC00090311,APPLING 2 NW,28.08555306909115,0.00931527051952778
13181,5,USC00381277,CALHOUN FALLS,35.61045179918158,0.005794373222398744
13183,1,USC00093538,FT STEWART,17.452289721861035,0.6515222698892448
13183,2,USC00093754,GLENNVILLE 3NW,33.080048167236725,0.18134343028859912
13183,3,USC00096219,NAHUNTA 6NE,55.48410755861766,0.06446097693494401
13183,4,USC00097808,SAPELO IS,58.68095330677941,0.05762882593944247
13183,5,USW00003822,SAVANNAH INTL AP,66.3737226074036,0.0450444969477696
13185,1,USW00093845,VALDOSTA RGNL AP,6.327122549342594,0.8364940897179323
13185,2,USW00013857,VALDOSTA MOODY AFB,16.244296063205415,0.12690349326926886
13185,3,USC00084394,JASPER,47.56040965265244,0.014804174518427887
13185,4,USC00094429,HOMERVILLE 5 N,52.25852969339116,0.01226199109255939
13185,5,USC00096087,MOULTRIE 2 ESE,59.258252320555165,0.00953625140181136
13187,1,USC00094230,HELEN,28.93193056199958,0.2818946222644407
13187,2,USC00090969,BLAIRSVILLE EXP STN,32.218473557291745,0.2273168858843403
13187,3,USC00093621,GAINESVILLE,32.36261023316268,0.22529654597279744
13187,4,USC00091965,CLARKESVILLE,42.08746108320907,0.1332097960643346
13187,5,USC00094648,JASPER 1 NNW,42.23477524150214,0.1322821498140871
13189,1,USC00090311,APPLING 2 NW,15.727703111685345,0.5694867361682358
13189,2,USC00095204,LINCOLNTON,32.898632410477774,0.13015430241457526
13189,3,USC00381726,CLARKS HILL 1 W,33.67024511052831,0.12425722846291551
13189,4,USC00099157,WASHINGTON 2 ESE,34.439272880631385,0.11876986730365346
13189,5,USW00003820,AUGUSTA BUSH FLD AP,49.56887609120808,0.05733186565061996
13193,1,USC00097087,PLAINS SW GA EXP STN,46.263223904101615,0.24514880644497616
13193,2,USC00092266,CORDELE,49.407735074213036,0.21493724575724127
13193,3,USW00003813,MACON MIDDLE GA RGNL AP,52.04807287697982,0.1936833386129578
13193,4,USC00094170,HAWKINSVILLE,53.4029982656255,0.1839798621390604
13193,5,USC00098535,TALBOTTON,56.866622238318236,0.1622507470457643
13195,1,USW00013873,ATHENS BEN EPPS AP,22.770609484116925,0.37436730491896636
13195,2,USC00092180,COMMERCE 4 NNW,29.875722088208676,0.21747553186451996
13195,3,USC00093060,ELBERTON 2 N,32.58351317708297,0.1828316617258352
13195,4,USC00094133,HARTWELL,35.74536192533484,0.15191750736808293
13195,5,USC00098740,TOCCOA,51.42235155363448,0.07340799412259555
13197,1,USC00098535,TALBOTTON,36.37813422293569,0.2746560961748905
13197,2,USC00097087,PLAINS SW GA EXP STN,37.79282924931165,0.25447860437617664
13197,3,USW00093842,COLUMBUS METRO AP,42.552211934081384,0.20073624885631805
13197,4,USW00013829,FT BENNING LAWSON FLD,44.27898605952169,0.18538506777161218
13197,5,USC00012730,EUFAULA WILDLIFE REF,65.49084694282642,0.08474398282100247
13199,1,USW00053819,ATLANTA,38.35146867875827,0.29912103265617296
13199,2,USC00098535,TALBOTTON,40.49879607588085,0.2682419673053512
13199,3,USC00096335,NEWNAN 7 WNW,47.20868265789761,0.1974091088330227
13199,4,USC00017025,ROCK MILLS,59.850826282936374,0.12282044043829012
13199,5,USW00093842,COLUMBUS METRO AP,62.56161140533463,0.11240745076716296
13201,1,USC00091500,CAMILLA 3SE,53.313663739915526,0.24729867516919782
13201,2,USW00003818,MARIANNA MUNI AP,56.392856908504235,0.2210297095445021
13201,3,USC00091463,CAIRO 1SW,58.75469248055032,0.20361685802366494
13201,4,USC00013761,HEADLAND,65.33764809568599,0.16465383548614337
13201,5,USW00013869,ALBANY SW GEORGIA RGNL AP,65.58766537900405,0.1634009217764918
13205,1,USC00091500,CAMILLA 3SE,3.1956350321737976,0.9713683657812616
13205,2,USC00090140,ALBANY 3 SE,34.15008111944806,0.008505793277293653
13205,3,USW00013869,ALBANY SW GEORGIA RGNL AP,34.183519509284984,0.008489160646983704
13205,4,USC00091463,CAIRO 1SW,40.025567507107404,0.006191891050798989
13205,5,USC00096087,MOULTRIE 2 ESE,42.683361482602095,0.00544478924366194
13207,1,USC00095988,MONTICELLO,40.68322267991357,0.3480314136503687
13207,2,USW00003813,MACON MIDDLE GA RGNL AP,44.44851911443482,0.2915644357111312
13207,3,USC00098535,TALBOTTON,67.0549804604173,0.1281111886103024
13207,4,USC00094700,JONESBORO,69.73006109745648,0.11847018037904843
13207,5,USW00053819,ATLANTA,71.13936317417982,0.11382278164914923
13209,1,USC00095811,METTER,52.221784243361604,0.29253705326999035
13209,2,USC00093754,GLENNVILLE 3NW,58.451605464661654,0.233502430905949
13209,3,USC00092966,EASTMAN 1 W,63.359604593807866,0.19872814471396705
13209,4,USW00013870,ALMA BACON CO AP,70.33057685462731,0.16128572680285916
13209,5,USC00095863,MIDVILLE EXP STN,83.67416312309813,0.11394664430723458
13211,1,USC00095988,MONTICELLO,34.809723489861966,0.43125524377878466
13211,2,USW00013873,ATHENS BEN EPPS AP,41.956146996221925,0.29685498013278594
13211,3,USC00092180,COMMERCE 4 NNW,73.78374517319067,0.09598738149215569
13211,4,USC00099157,WASHINGTON 2 ESE,74.8102619553074,0.09337125257177581
13211,5,USC00094700,JONESBORO,79.57173737195721,0.0825311420244979
13213,1,USC00094648,JASPER 1 NNW,44.60400905677439,0.25259071112999976
13213,2,USC00401808,CLEVELAND FLTR PLT,47.18993226042298,0.2256661701359209
13213,3,USW00013882,CHATTANOOGA AP,49.68370815263832,0.20358096197725067
13213,4,USC00094941,CHICKAMAUGA 2 SW,52.963628174520906,0.17914707030043928
13213,5,USC00405431,LOOKOUT MTN-POINT PARK,60.124519144796736,0.1390150864563895
13215,1,USW00093842,COLUMBUS METRO AP,6.343812579299291,0.8773782486116805
13215,2,USW00013829,FT BENNING LAWSON FLD,21.332089012655167,0.07759268432606992
13215,3,USC00098535,TALBOTTON,38.529330323660936,0.023785080725239067
13215,4,USC00016129,OPELIKA,56.341223836689586,0.011123334515878616
13215,5,USC00012730,EUFAULA WILDLIFE REF,59.06626824917309,0.01012065182113189
13217,1,USC00095988,MONTICELLO,28.319028763059116,0.5043659115975655
13217,2,USC00094700,JONESBORO,46.6832861459361,0.18560069436575433
13217,3,USW00013874,ATLANTA HARTSFIELD-JACKSON INT,55.39191959738976,0.13182858907127087
13217,4,USW00013873,ATHENS BEN EPPS AP,65.40701729085636,0.09454830468174232
13217,5,USW00053819,ATLANTA,69.53466580279284,0.08365650028366686
13219,1,USW00013873,ATHENS BEN EPPS AP,16.243571715197568,0.7605774394862183
13219,2,USC00092180,COMMERCE 4 NNW,47.83999982330033,0.0876847686936698
13219,3,USC00095988,MONTICELLO,60.716889943903254,0.054436157707195225
13219,4,USC00093060,ELBERTON 2 N,63.63472987288091,0.04955849277209789
13219,5,USC00093621,GAINESVILLE,64.83324426998234,0.0477431413408188
13221,1,USW00013873,ATHENS BEN EPPS AP,25.035167916474194,0.42405193694546006
13221,2,USC00093060,ELBERTON 2 N,36.552148605849546,0.1989272354544337
13221,3,USC00099157,WASHINGTON 2 ESE,37.44132731460684,0.18959094705155652
13221,4,USC00381277,CALHOUN FALLS,51.24099386473439,0.10122434593161672
13221,5,USC00094133,HARTWELL,55.52549763727483,0.08620553461693296
13223,1,USC00092485,DALLAS 7 NE,13.72651639033087,0.6436586417343746
13223,2,USC00090181,ALLATOONA DAM 2,29.927769666819774,0.13540277496237652
13223,3,USC00091732,CEDARTOWN,37.124172677561305,0.08799595365038801
13223,4,USC00091640,CARROLLTON,41.05962232349115,0.07193601401027931
13223,5,USC00097600,ROME,44.58611877969275,0.0610066156425815
13225,1,USW00003813,MACON MIDDLE GA RGNL AP,21.249047366715125,0.655279814910717
13225,2,USC00094170,HAWKINSVILLE,44.43934819509764,0.14982019524305581
13225,3,USC00092266,CORDELE,65.41824632228133,0.06913658503669926
13225,4,USC00098535,TALBOTTON,65.76235954628456,0.06841493914351707
13225,5,USC00092966,EASTMAN 1 W,71.82769969358007,0.05734846566601079
13227,1,USC00094648,JASPER 1 NNW,4.576688494866503,0.9696601692563777
13227,2,USC00090181,ALLATOONA DAM 2,39.2029407291414,0.013215541786810146
13227,3,USC00092485,DALLAS 7 NE,56.33218467740297,0.006400428868597522
13227,4,USC00093621,GAINESVILLE,60.39775844860357,0.00556776148462224
13227,5,USW00093801,ROME R B RUSSELL AP,62.76254200649107,0.005156098603592395
13229,1,USC00096219,NAHUNTA 6NE,29.01374046285878,0.4340017952662441
13229,2,USW00013870,ALMA BACON CO AP,34.937740482040226,0.2993018081579769
13229,3,USC00093325,FARGO 17 NE,60.38512091827811,0.10019339416347137
13229,4,USC00094429,HOMERVILLE 5 N,64.01546530574134,0.08915160300961392
13229,5,USC00093465,FOLKSTON 9 SW,68.72510265954323,0.07735139940269359
13231,1,USW00053819,ATLANTA,35.432525010344506,0.35923260872645046
13231,2,USC00098535,TALBOTTON,45.57520072674949,0.217131472021615
13231,3,USC00094700,JONESBORO,50.13825471540929,0.17940788736151192
13231,4,USC00096335,NEWNAN 7 WNW,60.36111950453325,0.12378424865510315
13231,5,USW00013874,ATLANTA HARTSFIELD-JACKSON INT,61.1924418914055,0.12044378323531962
13233,1,USC00091732,CEDARTOWN,8.156259943950127,0.8300282926469364
13233,2,USC00097600,ROME,27.42532244267864,0.07341275603415365
13233,3,USW00093801,ROME R B RUSSELL AP,39.24888534334839,0.03584432102971686
13233,4,USC00092485,DALLAS 7 NE,40.30880430339051,0.033984053735791844
13233,5,USC00091640,CARROLLTON,45.44994306149602,0.02673057655340106
13235,1,USC00094170,HAWKINSVILLE,6.433186703812896,0.8990905966666511
13235,2,USC00092966,EASTMAN 1 W,26.3187052318633,0.053718852471170135
13235,3,USC00092266,CORDELE,39.46171204024553,0.02389482865429461
13235,4,USW00003813,MACON MIDDLE GA RGNL AP,52.56419551392082,0.013467150789371754
13235,5,USC00092361,CRISP CO PWR DAM,61.52940062759197,0.009828571418512325
13237,1,USC00095988,MONTICELLO,30.28946796644793,0.5804353251599847
13237,2,USC00097777,SANDERSVILLE,65.38495097079335,0.12456083786152092
13237,3,USW00013873,ATHENS BEN EPPS AP,69.81246377056289,0.10926251567073486
13237,4,USW00003813,MACON MIDDLE GA RGNL AP,75.02814899858451,0.0945994608589417
13237,5,USC00099157,WASHINGTON 2 ESE,76.43805331285382,0.0911418604488177
13239,1,USC00012730,EUFAULA WILDLIFE REF,18.3319875655712,0.6792459911859046
13239,2,USC00011725,CLAYTON,42.05184564283692,0.12908508608851912
13239,3,USW00013829,FT BENNING LAWSON FLD,54.16070878203783,0.07781754286825064
13239,4,USC00097087,PLAINS SW GA EXP STN,63.18154397615121,0.05718284023886308
13239,5,USC00013761,HEADLAND,63.46760140654057,0.05666853961846273
13241,1,USC00091982,CLAYTON 1 SSW,0.8603067045681458,0.9943115948953709
13241,2,USC00385278,LONG CREEK,18.8140338396846,0.0020790516426578837
13241,3,USC00312102,COWEETA EXP STN,19.74422659247291,0.0018877690683206342
13241,4,USC00314055,HIGHLANDS,26.87103414946732,0.0010192022108551678
13241,5,USC00091965,CLARKESVILLE,32.36889070527099,0.0007023821827954486
13243,1,USC00012730,EUFAULA WILDLIFE REF,42.18675060906331,0.3174462221487412
13243,2,USC00097087,PLAINS SW GA EXP STN,47.88019888086181,0.24643955892602815
13243,3,USW00013869,ALBANY SW GEORGIA RGNL AP,58.37691282407056,0.16578302723671864
13243,4,USC00090140,ALBANY 3 SE,62.52551297762265,0.14451328962047955
13243,5,USC00011725,CLAYTON,67.01004929581445,0.12581790206803256
13245,1,USW00003820,AUGUSTA BUSH FLD AP,10.354213592938214,0.7509174370723438
13245,2,USC00090311,APPLING 2 NW,32.61739746243569,0.07567071139574641
13245,3,USC00099194,WAYNESBORO 2 S,32.866907362308865,0.07452616042301466
13245,4,USC00381726,CLARKS HILL 1 W,35.20467761861423,0.06495695902058823
13245,5,USC00095314,LOUISVILLE 1 E,48.71126398505837,0.033928732088306886
13247,1,USC00094700,JONESBORO,33.22881848494991,0.36114314788566726
13247,2,USW00013874,ATLANTA HARTSFIELD-JACKSON INT,38.574831277177935,0.2679792131678918
13247,3,USC00095988,MONTICELLO,46.80244164136488,0.18204223427672628
13247,4,USW00053819,ATLANTA,59.41638702135755,0.11295272125538151
13247,5,USW00013873,ATHENS BEN EPPS AP,72.49085946127431,0.0758826834143331
13249,1,USC00097087,PLAINS SW GA EXP STN,24.527602523137396,0.5812123755203559
13249,2,USC00098535,TALBOTTON,50.56853032456312,0.13673647776503414
13249,3,USC00092361,CRISP CO PWR DAM,58.79832898207398,0.10113816848805204
13249,4,USC00092266,CORDELE,60.18146972719377,0.09654270721760036
13249,5,USW00013829,FT BENNING LAWSON FLD,64.37656562470013,0.0843702710089577
13251,1,USC00091266,BROOKLET 1 W,41.26430162107921,0.3293741737933595
13251,2,USC00099194,WAYNESBORO 2 S,51.401931491722586,0.21226562306191965
13251,3,USC00095811,METTER,55.606979373462096,0.18137604719692738
13251,4,USC00095863,MIDVILLE EXP STN,57.74258485828966,0.16820778780504483
13251,5,USC00389469,YEMASSEE 1 N,71.80455477146606,0.10877636814274878
13253,1,USW00003818,MARIANNA MUNI AP,32.020449340818445,0.47407683029533915
13253,2,USC00087429,QUINCY 3 SSW,50.31852868986912,0.19197633960425223
13253,3,USC00091463,CAIRO 1SW,62.4446341894078,0.12465603902426857
13253,4,USC00081544,CHIPLEY,67.35339513529847,0.10714812845431013
13253,5,USC00013761,HEADLAND,68.98397249109712,0.10214266262182979
13255,1,USW00053819,ATLANTA,28.426431101066612,0.3596538677710781
13255,2,USC00094700,JONESBORO,30.572324001659464,0.3109370716556371
13255,3,USW00013874,ATLANTA HARTSFIELD-JACKSON INT,43.37647488757158,0.15446173235935656
13255,4,USC00095988,MONTICELLO,55.15261384165358,0.09554263436092666
13255,5,USC00096335,NEWNAN 7 WNW,60.49808361024433,0.07940469385300156
13257,1,USC00098740,TOCCOA,4.695550128938985,0.8728599124113422
13257,2,USC00092283,CORNELIA,22.15583319067793,0.039204989106558764
13257,3,USC00091965,CLARKESVILLE,24.10307864621204,0.033126265270107216
13257,4,USC00385278,LONG CREEK,24.103874567147574,0.03312407761744049
13257,5,USC00388887,WALHALLA,29.79075361370051,0.02168475559455137
13259,1,USC00012730,EUFAULA WILDLIFE REF,25.01607990674789,0.4421608778060051
13259,2,USW00013829,FT BENNING LAWSON FLD,34.473009463998125,0.2328415209589172
13259,3,USC00097087,PLAINS SW GA EXP STN,43.80758511795528,0.14418503851150827
13259,4,USW00093842,COLUMBUS METRO AP,50.300062544901174,0.10936586054536397
13259,5,USC00011725,CLAYTON,62.23265344197377,0.07144670217820552
13261,1,USC00097087,PLAINS SW GA EXP STN,15.729671583950127,0.6546606601272157
13261,2,USC00092361,CRISP CO PWR DAM,33.133302647246964,0.147545544529796
13261,3,USC00092266,CORDELE,41.00155829801209,0.09635068995893314
13261,4,USW00013869,ALBANY SW GEORGIA RGNL AP,56.255461305892545,0.0511830513944819
13261,5,USC00090140,ALBANY 3 SE,56.76966112994786,0.050260053989573235
13265,1,USC00099157,WASHINGTON 2 ESE,24.316238592530077,0.5428954602328874
13265,2,USC00095204,LINCOLNTON,44.49272299575551,0.16215525614914347
13265,3,USC00090311,APPLING 2 NW,49.88681436520683,0.12898448031461623
13265,4,USW00013873,ATHENS BEN EPPS AP,60.09704218591841,0.08887974638749574
13265,5,USC00381726,CLARKS HILL 1 W,64.53114965893839,0.07708505691585715
13267,1,USC00093754,GLENNVILLE 3NW,11.836515056221494,0.8080607542739691
13267,2,USC00095811,METTER,39.6590714204616,0.0719791380211397
13267,3,USC00093538,FT STEWART,45.440722029533994,0.05482785775120613
13267,4,USC00091266,BROOKLET 1 W,51.813062053921776,0.04217093267715029
13267,5,USW00013870,ALMA BACON CO AP,70.21783943388948,0.022961317276534887
13269,1,USC00098535,TALBOTTON,29.17236263023948,0.5353785272126675
13269,2,USC00097087,PLAINS SW GA EXP STN,57.592390008532874,0.1373643237641871
13269,3,USW00003813,MACON MIDDLE GA RGNL AP,57.989157232593,0.1354910353326697
13269,4,USW00093842,COLUMBUS METRO AP,64.89530009367671,0.1081876445437389
13269,5,USW00013829,FT BENNING LAWSON FLD,73.83374064974299,0.08357846914673679
13271,1,USC00092966,EASTMAN 1 W,41.065424015771164,0.40767911144087354
13271,2,USW00013870,ALMA BACON CO AP,57.733977152076264,0.20625673116621354
13271,3,USC00094170,HAWKINSVILLE,67.57383136171893,0.15056152166504805
13271,4,USC00098703,TIFTON,73.27048003365366,0.12805985594419644
13271,5,USC00092266,CORDELE,79.99206777343683,0.10744277978366858
13273,1,USC00097087,PLAINS SW GA EXP STN,30.654522870206737,0.3324630086207041
13273,2,USW00013869,ALBANY SW GEORGIA RGNL AP,35.33691745104064,0.250192984891496
13273,3,USC00090140,ALBANY 3 SE,38.57623385269442,0.20993884367792673
13273,4,USC00092361,CRISP CO PWR DAM,47.722896347260615,0.13717623072067406
13273,5,USC00012730,EUFAULA WILDLIFE REF,66.69729086210899,0.07022893208919913
13275,1,USC00091463,CAIRO 1SW,28.41820632827796,0.4240357283480259
13275,2,USC00096087,MOULTRIE 2 ESE,37.9745509308071,0.23747094661418855
13275,3,USC00091500,CAMILLA 3SE,44.916547676110135,0.16973954738787103
13275,4,USW00093845,VALDOSTA RGNL AP,62.454537961621114,0.08779459453540216
13275,5,USW00093805,TALLAHASSEE,65.03764839159288,0.08095918311451239
13277,1,USC00098703,TIFTON,4.8247743277148984,0.965803354444214
13277,2,USC00096087,MOULTRIE 2 ESE,38.00147846463222,0.01556831936257301
13277,3,USC00092361,CRISP CO PWR DAM,58.36367388291618,0.00660020575568361
13277,4,USC00090140,ALBANY 3 SE,59.68170643097946,0.006311902105416118
13277,5,USW00013857,VALDOSTA MOODY AFB,62.71435429557699,0.005716218332113416
13279,1,USC00093754,GLENNVILLE 3NW,38.465544833500864,0.3556249701508674
13279,2,USC00095811,METTER,41.16061561501904,0.31057915250431906
13279,3,USW00013870,ALMA BACON CO AP,66.37434818839279,0.11943606468113765
13279,4,USC00091266,BROOKLET 1 W,68.14034825256569,0.11332541708386523
13279,5,USC00093538,FT STEWART,72.16612529777213,0.10103439557981075
13281,1,USC00090969,BLAIRSVILLE EXP STN,20.0775667448241,0.3232173295797653
13281,2,USC00094230,HELEN,22.56057701764234,0.2559861025713883
13281,3,USC00316001,MURPHY 4ESE,28.54770740677801,0.15987270407557375
13281,4,USC00091982,CLAYTON 1 SSW,30.647917920127213,0.13871225843331336
13281,5,USC00312102,COWEETA EXP STN,32.65142747460203,0.12221160533995931
13283,1,USC00095811,METTER,49.11766045519381,0.30529073159770537
13283,2,USC00095863,MIDVILLE EXP STN,61.54906065446299,0.19442231333812357
13283,3,USC00092966,EASTMAN 1 W,64.04909348016722,0.17954073141568708
13283,4,USC00097777,SANDERSVILLE,66.50065683293592,0.16654710767897818
13283,5,USC00095314,LOUISVILLE 1 E,69.11201264034065,0.15419911596950586
13285,1,USC00017025,ROCK MILLS,28.057548739546124,0.41391972887634854
13285,2,USC00014502,LAFAYETTE 2W,40.37775559247304,0.19986246023173218
13285,3,USC00096335,NEWNAN 7 WNW,41.95722003532294,0.18509818838295133
13285,4,USW00053819,ATLANTA,56.494390220093614,0.10209510688910975
13285,5,USC00016129,OPELIKA,57.36360360928754,0.09902451561985826
13287,1,USC00092266,CORDELE,32.39932043410362,0.28276407785760793
13287,2,USC00092361,CRISP CO PWR DAM,33.12264973028567,0.27054897593620886
13287,3,USC00098703,TIFTON,33.84447387803495,0.2591316759529467
13287,4,USC00090140,ALBANY 3 SE,54.36059218506211,0.1004448512886026
13287,5,USW00013869,ALBANY SW GEORGIA RGNL AP,58.37312823746646,0.087110418964634
13289,1,USW00003813,MACON MIDDLE GA RGNL AP,21.420776135857963,0.629018481958125
13289,2,USC00094170,HAWKINSVILLE,41.495789296241256,0.16761996732149748
13289,3,USC00092966,EASTMAN 1 W,55.73483240856164,0.09291384060249913
13289,4,USC00097777,SANDERSVILLE,67.44385810347644,0.06345253819387076
13289,5,USC00095988,MONTICELLO,78.36827442400089,0.04699517192400753
13291,1,USC00090969,BLAIRSVILLE EXP STN,4.7164728118729045,0.9286453161595724
13291,2,USC00316001,MURPHY 4ESE,26.540657514150162,0.029326564339846425
13291,3,USC00094230,HELEN,28.25992637158277,0.025866787255065724
13291,4,USC00091965,CLARKESVILLE,47.43309193721611,0.009181669856363426
13291,5,USC00091982,CLAYTON 1 SSW,54.40327740333144,0.006979662389152129
13293,1,USC00098535,TALBOTTON,30.473268720861935,0.5420226345527429
13293,2,USW00053819,ATLANTA,59.31688204205373,0.14305362803248545
13293,3,USW00003813,MACON MIDDLE GA RGNL AP,63.486711227313684,0.12487912452291475
13293,4,USC00094700,JONESBORO,72.42568822350304,0.09595558203441715
13293,5,USW00093842,COLUMBUS METRO AP,73.14055562357326,0.09408903085743972
13295,1,USC00094941,CHICKAMAUGA 2 SW,13.067358847863066,0.6393118084363925
13295,2,USC00405431,LOOKOUT MTN-POINT PARK,30.660474486899734,0.11612630789192187
13295,3,USC00018469,VALLEY HEAD,33.217961155862746,0.09893328176943812
13295,4,USW00013882,CHATTANOOGA AP,34.4748005954237,0.09185120022284847
13295,5,USW00093801,ROME R B RUSSELL AP,45.055132706847765,0.053777401679399234
13297,1,USW00013873,ATHENS BEN EPPS AP,41.568275595237,0.3198916628278621
13297,2,USC00095988,MONTICELLO,50.25934928795285,0.21882312508571586
13297,3,USC00092180,COMMERCE 4 NNW,57.67738214999709,0.1661559347374193
13297,4,USC00093621,GAINESVILLE,58.65696198943592,0.16065261798116995
13297,5,USC00094700,JONESBORO,64.11210162530539,0.13447665936783282
13299,1,USC00093325,FARGO 17 NE,25.62816068501634,0.4391520516055078
13299,2,USC00094429,HOMERVILLE 5 N,36.19361747175241,0.2201840260472566
13299,3,USC00093465,FOLKSTON 9 SW,44.50112092067774,0.14564912899520815
13299,4,USC00096219,NAHUNTA 6NE,53.802671864520384,0.09964192420159314
13299,5,USW00013870,ALMA BACON CO AP,54.99364075662789,0.09537286915043441
13301,1,USC00099157,WASHINGTON 2 ESE,34.202254173607756,0.2970282677762347
13301,2,USC00090311,APPLING 2 NW,35.99697561617485,0.2681484031240375
13301,3,USC00095204,LINCOLNTON,44.501182773909946,0.17545434783420977
13301,4,USC00097777,SANDERSVILLE,50.629852145600424,0.13554825297063258
13301,5,USC00095314,LOUISVILLE 1 E,52.97328974339358,0.12382072829488561
13303,1,USC00097777,SANDERSVILLE,0.660255997001933,0.9994095058184271
13303,2,USC00095314,LOUISVILLE 1 E,38.200095320912,0.0002985652726253258
13303,3,USC00095863,MIDVILLE EXP STN,55.41928446056427,0.00014185555807569653
13303,4,USC00099194,WAYNESBORO 2 S,74.56528699636293,7.836006677505852e-05
13303,5,USC00090311,APPLING 2 NW,77.94428665994705,7.171328409697862e-05
13305,1,USC00096219,NAHUNTA 6NE,30.46922262643234,0.4137215874916226
13305,2,USC00093538,FT STEWART,44.99638119728355,0.18970368004869503
13305,3,USC00093754,GLENNVILLE 3NW,49.09867444864552,0.15932773998821737
13305,4,USW00013870,ALMA BACON CO AP,56.374994542847794,0.1208531305708874
13305,5,USC00091340,BRUNSWICK,57.44476090731154,0.11639386190057782
13307,1,USC00097087,PLAINS SW GA EXP STN,17.222220108153426,0.7310959095614793
13307,2,USC00012730,EUFAULA WILDLIFE REF,50.698997911488306,0.08436336111612204
13307,3,USW00013829,FT BENNING LAWSON FLD,53.85128669326524,0.07477569457582896
13307,4,USC00092361,CRISP CO PWR DAM,62.02520004188974,0.05636587817523682
13307,5,USW00093842,COLUMBUS METRO AP,63.724892821448925,0.053399156571333095
13309,1,USC00092966,EASTMAN 1 W,45.66957276363842,0.38114285052639435
13309,2,USW00013870,ALMA BACON CO AP,66.40144084853064,0.1802962396042949
13309,3,USC00095811,METTER,72.37678422950287,0.1517550349906856
13309,4,USC00094170,HAWKINSVILLE,74.10074462316419,0.14477598589286825
13309,5,USC00093754,GLENNVILLE 3NW,74.8136707240616,0.14202988898575686
13311,1,USC00094230,HELEN,6.363837234392677,0.7935462474561621
13311,2,USC00091965,CLARKESVILLE,18.58728292444302,0.09302047434497776
13311,3,USC00092283,CORNELIA,24.120872330008847,0.05523627065227719
13311,4,USC00090969,BLAIRSVILLE EXP STN,29.7486481881064,0.036314151204361135
13311,5,USC00098740,TOCCOA,38.32244237251285,0.02188285634222181
13313,1,USC00094941,CHICKAMAUGA 2 SW,32.063765620724745,0.30185046426839296
13313,2,USW00013882,CHATTANOOGA AP,33.3361126614399,0.279248589623371
13313,3,USC00405431,LOOKOUT MTN-POINT PARK,41.33156546632188,0.18165911287591177
13313,4,USC00401808,CLEVELAND FLTR PLT,49.1354845006478,0.12853766702607727
13313,5,USW00093801,ROME R B RUSSELL AP,53.43026826808021,0.10870416620624691
13315,1,USC00092266,CORDELE,31.831513158510912,0.302191265822401
13315,2,USC00092966,EASTMAN 1 W,34.315435971538726,0.2600263943904216
13315,3,USC00094170,HAWKINSVILLE,37.40154214884794,0.21888573382274884
13315,4,USC00092361,CRISP CO PWR DAM,49.20239824235619,0.12648060435189304
13315,5,USC00098703,TIFTON,57.56051228514272,0.09241600161253566
13317,1,USC00099157,WASHINGTON 2 ESE,7.029514221854348,0.8595840042595904
13317,2,USC00095204,LINCOLNTON,25.559205485436745,0.06501959410147362
13317,3,USC00381277,CALHOUN FALLS,37.64464903388959,0.029973154205673026
13317,4,USC00093060,ELBERTON 2 N,41.42137755084189,0.024756535991170104
13317,5,USC00090311,APPLING 2 NW,45.33501760187403,0.020666711442092908
13319,1,USC00097777,SANDERSVILLE,39.47131330083873,0.3678114811603765
13319,2,USW00003813,MACON MIDDLE GA RGNL AP,46.47099231726304,0.26535333005863987
13319,3,USC00094170,HAWKINSVILLE,63.628450112144805,0.1415421360771854
13319,4,USC00092966,EASTMAN 1 W,67.21799179353536,0.12682864951738926
13319,5,USC00095988,MONTICELLO,76.28771218828115,0.09846440318640888
13321,1,USC00090140,ALBANY 3 SE,28.398903405489,0.2883269699817223
13321,2,USW00013869,ALBANY SW GEORGIA RGNL AP,32.817899802828194,0.21590705799124532
13321,3,USC00092361,CRISP CO PWR DAM,33.75121306590265,0.2041313162248753
13321,4,USC00098703,TIFTON,37.28863589829504,0.16723817387223266
13321,5,USC00096087,MOULTRIE 2 ESE,43.235467114470325,0.12439648192992447
16001,1,USW00024131,BOISE AIR TERMINAL,12.838064096294811,0.4930035754488112
16001,2,USC00101018,BOISE LUCKY PEAK DAM,17.400143371387028,0.2683758882052824
16001,3,USC00108928,SWAN FALLS PH,25.52586502400593,0.12470624755101951
16001,4,USC00101017,BOISE 7 N,32.07360546167587,0.07898662966020623
16001,5,USC00102942,EMMETT 2 E,48.23250678967047,0.0349276591346807
16003,1,USC00102187,COUNCIL,14.94478394964867,0.3212387795060087
16003,2,USC00106388,NEW MEADOWS RS,16.90548868334529,0.25104512398339596
16003,3,USS0016E05S,Squaw Flat,20.49734028292026,0.1707702550908589
16003,4,USS0016D08S,West Branch,21.479647175636266,0.1555080811293814
16003,5,USS0016E11S,Bear Basin,26.595232957935195,0.10143776029035498
16005,1,USC00105716,MCCAMMON,5.373074430274318,0.8732984110343534
16005,2,USS0012G17S,Wildhorse Divide,21.818652892366053,0.0529605536715423
16005,3,USS0011G30S,Sedgwick Peak,29.228864248279887,0.029511039189350444
16005,4,USC00102667,DOWNEY,30.860493320315733,0.02647296923125793
16005,5,USW00024156,POCATELLO RGNL AP,37.680708980807815,0.017757026873496076
16007,1,USC00100803,BERN,7.2797356253560785,0.671978568064234
16007,2,USC00105275,LIFTON PUMPING STN,18.139482543603584,0.10822730624394063
16007,3,USS0011G33S,Giveout,18.92124475895849,0.099468880430257
16007,4,USS0011G06S,Emigrant Summit,20.81389178551919,0.08220155866881707
16007,5,USS0011G05S,Slug Creek Divide,30.562992383820283,0.038123686592751456
16009,1,USC00108062,SAINT MARIES,11.645668213358416,0.6315492827719184
16009,2,USC00107188,PLUMMER 3 WSW,26.312066691600965,0.12371607962957995
16009,3,USS0016B14S,Mica Creek,28.508660374864537,0.10538588609218726
16009,4,USC00107301,POTLATCH 3 NNE,33.242804422526554,0.07750697065549907
16009,5,USS0016C01S,Sherwin,37.21577284682334,0.06184178085081532
16011,1,USC00100915,BLACKFOOT FIRE DEPT,5.158200868587218,0.9001567469466379
16011,2,USC00103297,FT HALL 1 NNE,20.555616379012292,0.056683105174702486
16011,3,USW00024156,POCATELLO RGNL AP,35.855329879356866,0.018629757273593634
16011,4,USW00024145,IDAHO FALLS FAA AP,43.167280410546645,0.0128530224051994
16011,5,USC00100010,ABERDEEN EXP STN,45.28817641839251,0.011677368199866511
16013,1,USC00107040,PICABO,13.100010712068107,0.5493080299468939
16013,2,USS0013F04S,Garfield R.S.,24.083844590643974,0.16252030064961387
16013,3,USS0013F09S,Swede Peak,26.247178189498662,0.13683399601015897
16013,4,USC00102260,CRATERS OF THE MOON,32.79507341991879,0.08764800477860549
16013,5,USS0013F03S,Bear Canyon,38.47203241981503,0.06368966861472791
16015,1,USS0015F01S,Mores Creek Summit,7.321033872049575,0.7798403301281347
16015,2,USS0015E09S,Jackson Peak,23.077493483554758,0.07848257608468816
16015,3,USC00103448,GARDEN VALLEY,23.943416384349035,0.07290852085523147
16015,4,USS0015E08S,Cozy Cove,33.94754332935137,0.03626885298898873
16015,5,USS0015F14S,Graham Guard Sta.,35.86207814638652,0.03249971994295701
16017,1,USS0016A10S,Schweitzer Basin,5.1290213873358965,0.5225931873455676
16017,2,USC00108137,SANDPOINT EXP STN,5.857725043583141,0.4006589043352331
16017,3,USC00107386,PRIEST RVR EXP STN,15.642621003854673,0.05618413741192102
16017,4,USC00455844,NEWPORT,34.809028321428535,0.011346161559912235
16017,5,USC00100667,BAYVIEW MODEL BASIN,38.61955211514806,0.00921760934736605
16019,1,USC00104456,IDAHO FALLS 16 SE,14.268697143716295,0.4955117488593007
16019,2,USS0011F11S,Sheep Mtn.,21.31522764393743,0.22204584248009335
16019,3,USC00108937,SWAN VALLEY,28.069800662052522,0.12803949112229387
16019,4,USC00104455,IDAHO FALLS - KIFI,34.18278486591529,0.08633913890906657
16019,5,USS0011F02S,Pine Creek Pass,38.499338754693646,0.06806377862924541
16021,1,USC00101079,BONNERS FERRY,18.082199275349236,0.5120660865095563
16021,2,USC00107264,PORTHILL,25.22878072639968,0.26304859827976107
16021,3,USS0016A10S,Schweitzer Basin,45.62221088753084,0.08044070362944108
16021,4,USS0015A03S,Hawkins Lake,47.38919722691695,0.07455380485137662
16021,5,USS0017A01S,Bunchgrass Mdw,48.94453776628027,0.06989080672986499
16023,1,USC00100375,ARCO,11.257101187810715,0.5727858130005516
16023,2,USC00104384,HOWE,17.72575932170952,0.23101261488110178
16023,3,USW00094143,IDAHO FALLS 46 W,25.50011707508143,0.11162488994810021
16023,4,USC00102260,CRATERS OF THE MOON,39.53476822445537,0.04643944259313257
16023,5,USC00105462,MACKAY LOST RVR RS,43.62626857709425,0.03813723957711382
16025,1,USS0014F11S,Soldier R.S.,5.298879343889363,0.7791571798963579
16025,2,USS0014F08S,Dollarhide Summit,13.607431527520466,0.11815193080671399
16025,3,USC00103108,FAIRFIELD RS,17.82210904033395,0.0688771146171103
16025,4,USS0014F04S,Vienna Mine,33.66277097326659,0.019306049426085218
16025,5,USC00104845,KETCHUM RS,38.83263922948251,0.01450772525373276
16027,1,USC00104318,HOMEDALE 1 SE,17.21423009596128,0.47156581245322443
16027,2,USC00106844,PARMA EXP STN,27.23816171039573,0.18834839845547557
16027,3,USC00102942,EMMETT 2 E,32.03406981898376,0.13617371443318102
16027,4,USC00356179,NYSSA,35.87207241584924,0.10859368840406335
16027,5,USW00024131,BOISE AIR TERMINAL,38.28868219431871,0.09531838625405561
16029,1,USS0011G01S,Somsen Ranch,23.61759204846621,0.37484768817584885
16029,2,USC00103732,GRACE,30.39761992658295,0.22628038500471262
16029,3,USS0011G05S,Slug Creek Divide,32.1050629265761,0.20285187163543433
16029,4,USS0011G30S,Sedgwick Peak,45.068874406205644,0.10293727012196228
16029,5,USS0011G06S,Emigrant Summit,47.39454415427762,0.09308278506204191
16031,1,USS0013G01S,Howell Canyon,4.22279503702232,0.9300754009181174
16031,2,USC00106542,OAKLEY,22.557168875350836,0.0325948495796744
16031,3,USW00024133,BURLEY MUNI AP,31.489012624253636,0.01672630751116268
16031,4,USC00107968,RUPERT 3 WSW,36.530254548047026,0.012428329711004752
16031,5,USC00105980,MINIDOKA DAM,45.04143499514966,0.008175112280040805
16033,1,USC00102707,DUBOIS EXP STN,13.336034967914006,0.689078445569142
16033,2,USS0011E37S,Crab Creek,33.42858947160199,0.10966953773356347
16033,3,USC00103964,HAMER 4 NW,36.722897821076145,0.09087579600262263
16033,4,USC00245030,LIMA,42.55545566213881,0.06767240737601687
16033,5,USS0012E08S,Beagle Springs,53.570750330205755,0.042703813318654964
16035,1,USS0015C04S,Shanghi Summit,13.18028836459369,0.47532949055243146
16035,2,USS0015C06S,Hemlock Butte,21.488011283265244,0.17883484274674027
16035,3,USC00107046,PIERCE,22.992142613949632,0.1562016778919529
16035,4,USS0015C16S,Cool Creek,28.64947540380101,0.10060307044244504
16035,5,USS0015C09S,Crater Meadows,30.454527465416174,0.08903091836643043
16037,1,USS0014E01S,Mill Creek Summit,28.899756757158126,0.4206216604591582
16037,2,USS0014F02S,Stickney Mill,46.08642452670032,0.16539941769586974
16037,3,USC00101671,CHILLY BARTON FLAT,47.12007965705982,0.15822240311723962
16037,4,USS0014F03S,Lost-Wood Divide,50.41411976334356,0.1382215092642467
16037,5,USC00108676,STANLEY,54.67091982354765,0.1175350094634857
16039,1,USS0015F06S,Prairie,15.098898423299302,0.42941763146312156
16039,2,USS0015F09S,Camas Creek Divide,16.981270853771967,0.33949237218030254
16039,3,USS0015F05S,Trinity Mtn.,26.285120338465127,0.14169367348621648
16039,4,USS0015F04S,Atlanta Summit,44.68594901388067,0.0490262220318035
16039,5,USC00101018,BOISE LUCKY PEAK DAM,49.24422221719968,0.04037010083855598
16041,1,USC00107346,PRESTON,10.190440910901838,0.6350697141475443
16041,2,USS0011G32S,Franklin Basin,22.960490635791007,0.12509646112789882
16041,3,USS0012G18S,Oxford Spring,27.04818288781965,0.09014282487406652
16041,4,USC00428828,TRENTON,29.636441266801132,0.0750853565311636
16041,5,USC00427271,RICHMOND,29.73156953868912,0.07460564331932673
16043,1,USC00100470,ASHTON 1N,16.530007430959657,0.41339759610235105
16043,2,USS0011E10S,Island Park,23.674757599403247,0.2015315116154676
16043,3,USC00104598,ISLAND PARK,24.224875439713617,0.19248236191770302
16043,4,USC00108022,SAINT ANTHONY,33.38644481896539,0.1013383185065238
16043,5,USS0011E36S,White Elephant,35.18358436022682,0.09125021185795468
16045,1,USC00102942,EMMETT 2 E,23.652996404016363,0.4243912380969247
16045,2,USC00103448,GARDEN VALLEY,34.579866049039374,0.19856016599778947
16045,3,USC00101017,BOISE 7 N,39.23543233325562,0.1542346156695438
16045,4,USC00106891,PAYETTE,42.56112658964183,0.1310727798159091
16045,5,USC00355160,MALHEUR BRANCH EXP STN,50.87297798840803,0.09174120041983304
16047,1,USC00108380,SHOSHONE 1 WNW,33.14810736332917,0.2757584296173138
16047,2,USC00104670,JEROME,36.37571132002273,0.22899356672311005
16047,3,USC00103631,GLENNS FERRY,40.99010876965344,0.1803383655858467
16047,4,USC00103108,FAIRFIELD RS,41.17825526694478,0.17869417171804217
16047,5,USC00101551,CASTLEFORD 2 N,47.16392331897302,0.13621546635568746
16049,1,USS0015D06S,Mountain Meadows,24.813170756316726,0.4392648680947125
16049,2,USC00103143,FENN RS,28.473027052189956,0.3335982142986348
16049,3,USC00103771,GRANGEVILLE,51.81910578751885,0.1007189454698323
16049,4,USC00104793,KAMIAH,60.836962170206114,0.07307283533908537
16049,5,USS0015C06S,Hemlock Butte,71.20296567018472,0.05334513679773507
16051,1,USC00103964,HAMER 4 NW,19.337997835905263,0.5313822728295136
16051,2,USW00024145,IDAHO FALLS FAA AP,36.77429991096187,0.1469404107096188
16051,3,USC00104455,IDAHO FALLS - KIFI,39.963420038050984,0.12442417825589669
16051,4,USC00107644,REXBURG BYU IDAHO,42.5033506538457,0.10999773451126768
16051,5,USC00108818,SUGAR CITY,47.72202591508487,0.08725540369370323
16053,1,USC00104670,JEROME,21.498477638898635,0.4439742477542478
16053,2,USC00108380,SHOSHONE 1 WNW,30.219433475298658,0.2246986992821618
16053,3,USC00107673,RICHFIELD,41.00348622620794,0.12204827027459923
16053,4,USW00024133,BURLEY MUNI AP,43.52519322436816,0.10831579198348584
16053,5,USC00107968,RUPERT 3 WSW,45.0822407816373,0.10096299070550542
16055,1,USC00101956,COEUR D'ALENE,7.576897407199681,0.6970009699820857
16055,2,USW00024136,COEUR D ALENE AP,13.544105682010864,0.21813006487351247
16055,3,USC00100667,BAYVIEW MODEL BASIN,35.34264456683923,0.03203451180860786
16055,4,USS0017B04S,Quartz Peak,37.17389084939227,0.028956105970220535
16055,5,USC00108062,SAINT MARIES,40.936052904309605,0.023878347365573486
16057,1,USC00107301,POTLATCH 3 NNE,18.329486866444164,0.38269941304967053
16057,2,USC00106152,MOSCOW U OF I,19.878094096863762,0.3253935395606857
16057,3,USS0016C01S,Sherwin,33.09577375767025,0.11738519673157073
16057,4,USC00456789,PULLMAN 2 NW,35.257756155214686,0.10343060633041108
16057,5,USC00102892,ELK RVR,42.52762670896072,0.07109124432766188
16059,1,USS0013E16S,Schwartz Lake,9.483528140097132,0.7249877895498578
16059,2,USC00108080,SALMON-KSRA,27.197847791170144,0.08814577256746596
16059,3,USC00108076,SALMON AP,30.230999885056274,0.07134532871683251
16059,4,USS0014E04S,Morgan Creek,31.735936453023196,0.06473928980179297
16059,5,USS0013E23S,Lemhi Ridge,35.8328337903015,0.0507818193640507
16061,1,USC00106424,NEZPERCE,13.909592755846807,0.5240052596218335
16061,2,USC00102159,COTTONWOOD 2 WSW,22.675605922621543,0.19717265045504054
16061,3,USC00104793,KAMIAH,29.99482952770979,0.11268644549189231
16061,4,USC00102845,DWORSHAK FISH HATCHERY,30.583086439034307,0.10839315353969073
16061,5,USC00103771,GRANGEVILLE,41.901973779990776,0.05774249089154287
16063,1,USC00107673,RICHFIELD,6.775553804169582,0.854860651535387
16063,2,USC00108380,SHOSHONE 1 WNW,22.24532286011152,0.0793062650954909
16063,3,USC00107040,PICABO,36.027948622341434,0.03023471328283421
16063,4,USC00104670,JEROME,41.41551859514331,0.022880142043656987
16063,5,USC00107968,RUPERT 3 WSW,55.549372591695814,0.012718228042630763
16065,1,USC00107644,REXBURG BYU IDAHO,10.834128531184442,0.43489390612851403
16065,2,USC00108818,SUGAR CITY,12.642189969833348,0.3193939351852776
16065,3,USC00108022,SAINT ANTHONY,18.27220993174907,0.15289354023679175
16065,4,USC00109065,TETONIA EXP STN,31.41100623833457,0.05173775634599518
16065,5,USC00100470,ASHTON 1N,35.250547785161004,0.0410808621034214
16067,1,USC00105980,MINIDOKA DAM,22.983209093184115,0.4118067934539719
16067,2,USC00107968,RUPERT 3 WSW,29.116279768519533,0.25659197858039196
16067,3,USW00024133,BURLEY MUNI AP,36.24381751870767,0.16559490591997983
16067,4,USC00107673,RICHFIELD,47.17427039017997,0.0977472300132177
16067,5,USC00105678,MASSACRE ROCKS SP,56.451718596821394,0.06825909203243867
16069,1,USW00024149,LEWISTON AP,20.039037067242674,0.5258945126678434
16069,2,USC00102845,DWORSHAK FISH HATCHERY,38.52565766881493,0.14228273803037406
16069,3,USC00106424,NEZPERCE,41.36228684733072,0.12343640146289481
16069,4,USC00102159,COTTONWOOD 2 WSW,43.831872973652864,0.10991887602263102
16069,5,USC00106152,MOSCOW U OF I,46.31053247918948,0.09846747181625672
16071,1,USW00024151,MALAD CITY,19.60703774362373,0.5474848465641594
16071,2,USS0012G18S,Oxford Spring,33.2465671012828,0.1904155694017703
16071,3,USC00102667,DOWNEY,42.20541641459931,0.11815706476825553
16071,4,USC00107346,PRESTON,53.55704875383122,0.0733774809304058
16071,5,USC00421918,CUTLER DAM,54.61390688506927,0.07056503833540918
16073,1,USS0016G07S,Mud Flat,30.466479984907775,0.5532450406546716
16073,2,USW00024106,MTN HOME AFB,59.238018811122515,0.14633932205537487
16073,3,USS0016G01S,South Mtn.,61.692535874790565,0.13492637257971246
16073,4,USC00108928,SWAN FALLS PH,76.14927673117768,0.08855855546540588
16073,5,USC00103631,GLENNS FERRY,81.70171568050199,0.07693070924483515
16075,1,USC00106891,PAYETTE,16.632987109824217,0.35950353724383377
16075,2,USC00355160,MALHEUR BRANCH EXP STN,22.10555524143807,0.20353580258085122
16075,3,USC00356179,NYSSA,23.787633054124086,0.17576856568531987
16075,4,USC00106844,PARMA EXP STN,27.151418947778517,0.13491449367072303
16075,5,USC00102942,EMMETT 2 E,28.064588187307027,0.12627760081927208
16077,1,USC00105678,MASSACRE ROCKS SP,12.892422298745064,0.6291980398035445
16077,2,USC00100010,ABERDEEN EXP STN,28.894242239550486,0.1252661666052032
16077,3,USS0012G17S,Wildhorse Divide,30.653893885986744,0.11129742252792471
16077,4,USW00024156,POCATELLO RGNL AP,33.499976230315575,0.09318959160152458
16077,5,USC00103297,FT HALL 1 NNE,50.475203542012665,0.04104877946180296
16081,1,USC00102676,DRIGGS,8.332674289533248,0.48995840082316694
16081,2,USC00109065,TETONIA EXP STN,11.826339053675447,0.24323572928946327
16081,3,USC00480140,ALTA 1 NNW,14.342854153439053,0.16537004955136136
16081,4,USS0011F02S,Pine Creek Pass,21.238038340057376,0.07542220414774999
16081,5,USS0010F23S,Phillips Bench,36.16293297192368,0.02601361618825829
16083,1,USC00104295,HOLLISTER,7.538808183853413,0.8465108804272412
16083,2,USC00101551,CASTLEFORD 2 N,27.480636849546855,0.06370658791298409
16083,3,USS0014G02S,Magic Mountain,36.36684970669996,0.03637697384094645
16083,4,USC00264016,JACKPOT,41.091621377759644,0.028492553709083497
16083,5,USC00104670,JEROME,43.944640482747566,0.024913004109744803
16085,1,USC00109950,YELLOWPINE,15.27688156739348,0.5684589957407641
16085,2,USS0015E02S,Big Creek Summit,28.560425670400853,0.1626444376286638
16085,3,USS0015E04S,Deadwood Summit,35.431598841995076,0.10567860376448339
16085,4,USC00105708,MCCALL,38.50542682139988,0.0894797338291218
16085,5,USS0016E11S,Bear Basin,42.41680298915319,0.07373822903696695
16087,1,USC00101408,CAMBRIDGE,16.963878643677376,0.5132469533241986
16087,2,USS0016E10S,Bear Saddle,23.069789752780192,0.2775168905278999
16087,3,USC00106891,PAYETTE,42.685892748608495,0.08106025324733716
16087,4,USC00102187,COUNCIL,43.81435292991498,0.07693853090921646
16087,5,USC00353604,HALFWAY,53.69018789220798,0.05123737199134794
17001,1,USW00093989,QUINCY RGNL AP,5.434116116486,0.8789651841955409
17001,2,USC00117077,QUINCY DAM 21,21.903082191171787,0.05410271203130606
17001,3,USC00231275,CANTON L&D 20,32.45808712133347,0.02463676370799191
17001,4,USC00233601,HANNIBAL WTR WKS,33.019906267841336,0.023805528589309382
17001,5,USC00116738,PERRY 6 NW,37.46696453020245,0.01848981147585167
17003,1,USW00003935,CAPE GIRARDEAU MUNI AP,20.817862042064572,0.3063454206638845
17003,2,USW00093809,CAIRO 3N,21.41667574278696,0.28945397797286165
17003,3,USC00113580,OLMSTED L&D,25.13419227249987,0.21016179980428967
17003,4,USC00234226,JACKSON,35.502965558358184,0.10533055750150437
17003,5,USC00110187,ANNA 4 N,38.68653480526193,0.0887082440574598
17005,1,USC00111290,CARLYLE RSVR,29.705044527883366,0.3235218863524149
17005,2,USC00114108,HILLSBORO,30.968950535824593,0.2976535761907621
17005,3,USC00117126,RAMSEY,41.0423009047772,0.16947306399413198
17005,4,USC00117636,SALEM,50.5640333689843,0.11165563944146402
17005,5,USW00013802,BELLEVILLE SIU RSCH,54.056014001262604,0.097695834021227
17007,1,USW00094822,ROCKFORD GTR ROCKFORD AP,26.181182198810202,0.32395889191866745
17007,2,USC00470696,BELOIT,26.665453183666937,0.3122989131958718
17007,3,USC00470045,AFTON - JANESVILLE WWTP,40.51523392829441,0.1352794127343371
17007,4,USC00112223,DE KALB,42.973963407034795,0.12024238766201449
17007,5,USC00474457,LAKE GENEVA WWTP,45.29806483804087,0.10822039448910907
17009,1,USC00116738,PERRY 6 NW,18.476039841693073,0.5848366708062567
17009,2,USW00093989,QUINCY RGNL AP,38.15203906446991,0.13715664971107194
17009,3,USC00116837,PITTSFIELD #2,38.33797773183597,0.13582946021178233
17009,4,USC00110598,BENTLEY,52.48721746880886,0.07246783329006475
17009,5,USC00114442,JACKSONVILLE 2E,53.51561978341851,0.06970938598082423
17011,1,USC00116998,PRINCETON,7.396486264734819,0.791935301113415
17011,2,USC00118916,WALNUT,17.746295899069434,0.13757045554924435
17011,3,USC00114710,KEWANEE 1E,35.66744489585348,0.034056233489193996
17011,4,USC00112348,DIXON WWTP,48.240436788043,0.018617362274854953
17011,5,USC00113335,GALVA,49.30699842216259,0.017820647573291618
17013,1,USC00232591,ELSBERRY 1 S,10.114658801212814,0.7374077239668261
17013,2,USC00114489,JERSEYVILLE 2 SW,28.709553519319385,0.09152869697888887
17013,3,USC00231640,CLARKSVILLE L&D 24,31.11259706878099,0.07793591304068193
17013,4,USC00119241,WHITE HALL 1 E,39.459340326917044,0.04845186692594302
17013,5,USC00237397,ST CHARLES ELM PT,41.093100833291075,0.04467579908766007
17015,1,USC00115901,MT CARROLL,5.67340680229851,0.8886476082929131
17015,2,USC00113290,FULTON L&D #13,27.06547496583333,0.03904686049502144
17015,3,USC00115833,MORRISON,30.95922354170789,0.029842644567898386
17015,4,USC00113262,FREEPORT WWTP,36.46406763414739,0.02151231753535138
17015,5,USC00112745,ELIZABETH,36.949690147127804,0.020950569108815778
17017,1,USC00114442,JACKSONVILLE 2E,26.394138778021333,0.5232640226133044
17017,2,USW00093822,SPRINGFIELD ABRAHAM LINCOLN CA,49.860665181124666,0.1466289522031623
17017,3,USC00116738,PERRY 6 NW,52.57143367064846,0.13189739726044222
17017,4,USC00119241,WHITE HALL 1 E,59.85027699773588,0.10176619524556366
17017,5,USC00116837,PITTSFIELD #2,61.47968077010487,0.09644343267752743
17019,1,USC00118740,CHAMPAIGN 3S,7.1193378703987005,0.8155889371753319
17019,2,USW00014806,RANTOUL,19.621751632856473,0.10736803039239429
17019,3,USC00116663,PAXTON,36.48464263677873,0.031054914740492864
17019,4,USC00118684,TUSCOLA,39.11409182577172,0.027019918376955946
17019,5,USC00112140,DANVILLE,46.68337167387162,0.018968199314825185
17021,1,USC00115841,MORRISONVILLE,21.249465900003813,0.42410767194181886
17021,2,USC00116579,PANA,25.715385255240083,0.2895916903142346
17021,3,USC00112193,DECATUR WTP,42.25385877221555,0.10726040024501478
17021,4,USC00117876,SHELBYVILLE DAM,46.02577881449818,0.09040030046026808
17021,5,USC00114108,HILLSBORO,46.4805612574033,0.08863993703866375
17023,1,USC00111329,CASEY,16.21416852568701,0.5447127946076421
17023,2,USC00116610,PARIS STP,33.576646969280446,0.12702297870694954
17023,3,USC00111436,CHARLESTON,35.86096175067142,0.1113558600101718
17023,4,USC00117345,ROBINSON,36.29794440850108,0.10869082353711403
17023,5,USC00128723,TERRE HAUTE INDIANA STATE,36.37723083114983,0.10821754313812254
17025,1,USC00116446,OLNEY 2S,35.11540720844836,0.2523275776604238
17025,2,USC00116157,NEWTON,37.60141433770782,0.22006540476151565
17025,3,USC00112931,1 ENE FAIRFIELD,41.23927634121626,0.1829523805947662
17025,4,USC00117636,SALEM,41.93148508982084,0.17696184934373516
17025,5,USC00112687,EFFINGHAM 3SW,43.0747609651984,0.16769278763955917
17027,1,USC00111290,CARLYLE RSVR,5.8658238720412355,0.9402947946575647
17027,2,USW00013802,BELLEVILLE SIU RSCH,37.796515709992214,0.022647409723899635
17027,3,USC00117636,SALEM,41.90705508418836,0.01842246683652482
17027,4,USC00115943,MT VERNON 3 NE,56.30359028144497,0.01020586668245249
17027,5,USC00114108,HILLSBORO,61.952823403132044,0.008429462099558261
17029,1,USC00111436,CHARLESTON,6.334530999513725,0.8832040733657337
17029,2,USC00118684,TUSCOLA,31.82258211759101,0.03499606087349331
17029,3,USC00111329,CASEY,32.01314908897464,0.03458065384701457
17029,4,USC00119354,WINDSOR,33.08441615634708,0.032377480087936616
17029,5,USC00116610,PARIS STP,48.865540567502826,0.014841731825821797
17031,1,USC00111577,CHICAGO MIDWAY AP 3SW,20.59944258122405,0.44834532942426314
17031,2,USW00094846,CHICAGO OHARE INTL AP,24.79186864787611,0.3095316498145752
17031,3,USC00116616,PARK FOREST WATER,44.555415240395135,0.0958346577167118
17031,4,USC00110442,BARRINGTON 3SW,49.3861533455598,0.07800333764631003
17031,5,USW00014834,JOLIET,52.78360593130655,0.0682850253981398
17033,1,USC00117345,ROBINSON,1.4542622282885385,0.9819343470716843
17033,2,USC00116558,PALESTINE,12.684071825633206,0.012907749093315529
17033,3,USC00114957,LAWRENCEVILLE 2WSW,31.21253660713647,0.0021316199226962
17033,4,USC00116157,NEWTON,36.50485079678012,0.0015583562409451416
17033,5,USC00111329,CASEY,37.6124498237774,0.0014679276713588584
17035,1,USC00111329,CASEY,23.046337489163474,0.30470086569156324
17035,2,USC00111436,CHARLESTON,23.480394803980346,0.29353962356814745
17035,3,USC00116157,NEWTON,31.68748205370604,0.1611766264569333
17035,4,USC00119354,WINDSOR,36.09319732228416,0.12423009325380079
17035,5,USC00112687,EFFINGHAM 3SW,37.29497829236457,0.11635279102955522
17037,1,USC00112223,DE KALB,4.435823196627135,0.9489167606864816
17037,2,USC00116661,PAW PAW 2S,30.835184496294858,0.019637376665218666
17037,3,USC00110338,AURORA WATER,40.15600428741212,0.0115791209165683
17037,4,USW00094822,ROCKFORD GTR ROCKFORD AP,42.664505201138574,0.010257538280496269
17037,5,USC00112736,ELGIN WATER,44.08030513981772,0.009609203451235306
17039,1,USC00115079,LINCOLN,37.256861560634626,0.2876725773324476
17039,2,USC00112193,DECATUR WTP,39.4264472781715,0.2568832052021994
17039,3,USC00116200,NORMAL 4NE,41.086947606101425,0.2365392655046443
17039,4,USC00118740,CHAMPAIGN 3S,57.2725032957454,0.12173589937752352
17039,5,USC00111475,CHENOA,64.10494266059915,0.09716905258318512
17041,1,USC00118684,TUSCOLA,6.642873607372846,0.8981598368396277
17041,2,USC00111436,CHARLESTON,32.61888111634701,0.03725010398969412
17041,3,USC00118740,CHAMPAIGN 3S,35.404778657936426,0.0316185421651681
17041,4,USC00119354,WINDSOR,47.86115550471612,0.0173021172321031
17041,5,USC00116610,PARIS STP,50.292893689434706,0.015669399773406905
17043,1,USW00094846,CHICAGO OHARE INTL AP,17.549900569295144,0.3505477429923261
17043,2,USC00110338,AURORA WATER,20.141709805569864,0.2661361235158396
17043,3,USC00111577,CHICAGO MIDWAY AP 3SW,28.61145737860414,0.13189141749287578
17043,4,USC00112736,ELGIN WATER,28.684350426732742,0.13122194081098953
17043,5,USC00110442,BARRINGTON 3SW,29.970293815867265,0.120202775187969
17045,1,USC00116610,PARIS STP,9.59010970693306,0.8277368482049973
17045,2,USC00128723,TERRE HAUTE INDIANA STATE,37.15363495890006,0.055148895655462674
17045,3,USC00111436,CHARLESTON,42.35293263564996,0.04243971558760004
17045,4,USW00003868,TERRE HAUTE HULMAN RGNL AP,44.930147672455924,0.037710626516424324
17045,5,USC00127522,ROCKVILLE,45.381698280660686,0.03696391403551565
17047,1,USC00112931,1 ENE FAIRFIELD,26.511180548414043,0.33838448382850206
17047,2,USC00116446,OLNEY 2S,31.662302209035655,0.23723764047751492
17047,3,USC00111302,CARMI 4 NE,38.78225113060719,0.15812573130891933
17047,4,USC00127125,1 WSW PRINCETON,40.35739563007203,0.14602335114813553
17047,5,USC00114957,LAWRENCEVILLE 2WSW,44.47644264105369,0.12022879323692823
17049,1,USC00112687,EFFINGHAM 3SW,8.262561008731868,0.8636610584813402
17049,2,USC00116157,NEWTON,35.97214241135825,0.045565914243400625
17049,3,USC00117876,SHELBYVILLE DAM,42.945597431594656,0.03196946725366312
17049,4,USC00119354,WINDSOR,44.240343299391384,0.03012560100851899
17049,5,USC00117126,RAMSEY,45.343206492315836,0.028677959013077098
17051,1,USC00117126,RAMSEY,17.888999630107453,0.5604214031690118
17051,2,USC00112687,EFFINGHAM 3SW,36.382002446847835,0.1354919913944364
17051,3,USC00117636,SALEM,40.60551496409331,0.10877191585710816
17051,4,USC00116579,PANA,41.28908626575704,0.10520013070055899
17051,5,USC00114108,HILLSBORO,44.611408070836404,0.09011455887888482
17053,1,USC00116663,PAXTON,18.510478150472814,0.5499708222864886
17053,2,USW00014806,RANTOUL,31.99595704685459,0.18407072115865541
17053,3,USC00111475,CHENOA,44.60695348595933,0.09470432159085478
17053,4,USC00119021,WATSEKA PUBLIC WORKS,46.03260096176658,0.0889290996312685
17053,5,USC00114198,HOOPESTON,47.843340932589584,0.08232503533273261
17055,1,USC00117187,REND LAKE DAM,7.672182865146209,0.8219374490880211
17055,2,USC00112483,DU QUOIN 4 SE,23.383498232769927,0.08848256277575044
17055,3,USC00111265,CARBONDALE SEWAGE PLT,35.84114233749675,0.037662832010626805
17055,4,USC00115943,MT VERNON 3 NE,41.55749345689691,0.028014183502554073
17055,5,USC00113879,HARRISBURG,44.98962494470172,0.023902972623047476
17057,1,USW00014842,GENERAL WAYNE A DOWNING INTL A,49.20195359823983,0.29253320120083687
17057,2,USC00113320,GALESBURG,55.689599333937316,0.22834508663811087
17057,3,USC00115768,MONMOUTH,64.69990183377794,0.1691736090432168
17057,4,USC00114823,LA HARPE,67.06493326277666,0.15745224754593837
17057,5,USC00115772,MONMOUTH 4NW,68.14608466347738,0.152495855571897
17059,1,USC00113879,HARRISBURG,26.244871261652918,0.34171456103358244
17059,2,USC00126001,MT VERNON,34.173784960560106,0.20154230174173474
17059,3,USC00111302,CARMI 4 NE,35.223378351464646,0.1897100608036899
17059,4,USC00117487,ELIZABETHTOWN,36.43598369297151,0.17729291503059233
17059,5,USC00153762,HENDERSON 8 SSW,51.2133006082151,0.08974016139040072
17061,1,USC00119241,WHITE HALL 1 E,9.521659005123292,0.7953175800738743
17061,2,USC00114489,JERSEYVILLE 2 SW,28.386466583330645,0.08948354008808002
17061,3,USC00232591,ELSBERRY 1 S,40.64385122983938,0.04364918355768139
17061,4,USC00231640,CLARKSVILLE L&D 24,44.61289140337936,0.03622806084628251
17061,5,USC00111280,CARLINVILLE,45.18169437937896,0.03532163543408175
17063,1,USC00115825,MORRIS 1NW,9.186685632000703,0.7036716135981131
17063,2,USC00112500,DWIGHT WWTP,20.66610229862654,0.13904987162663032
17063,3,USC00115372,MARSEILLES LOCK/DAM,29.690226878436714,0.0673690943907853
17063,4,USC00114530,JOLIET BRANDON ROAD LOCK/DAM,34.157342667692056,0.05090021171287444
17063,5,USW00014834,JOLIET,39.01757741659184,0.03900920867159697
17065,1,USC00111302,CARMI 4 NE,32.00918226987751,0.2731782567361456
17065,2,USC00112931,1 ENE FAIRFIELD,37.74441015600283,0.19646717588983822
17065,3,USC00113879,HARRISBURG,38.31997212251719,0.19060966554879186
17065,4,USC00117187,REND LAKE DAM,39.64607466765342,0.1780716976670597
17065,5,USC00115943,MT VERNON 3 NE,41.60817058981103,0.16167320415816464
17067,1,USC00110598,BENTLEY,7.924881605170983,0.7060652831712017
17067,2,USC00134381,KEOKUK L&D 19,17.46790204214715,0.14532787654368357
17067,3,USC00114823,LA HARPE,25.785923839613584,0.06669066258712199
17067,4,USC00133007,FT MADISON,28.237145457418745,0.05561460300919908
17067,5,USC00231275,CANTON L&D 20,41.06050972426272,0.026301574688793728
17069,1,USC00117487,ELIZABETHTOWN,8.641283839832143,0.8338981031400847
17069,2,USC00113879,HARRISBURG,33.64230735784498,0.055017135991074724
17069,3,USC00112353,DIXON SPRINGS AGRIC CTR,36.51379539184831,0.046704160697059405
17069,4,USC00118020,SMITHLAND L&D,41.9201467187879,0.03543430664617751
17069,5,USC00156595,PROVIDENCE,46.38080506714034,0.02894629352560373
17071,1,USC00113455,GLADSTONE L/D 18,10.215300457825863,0.45643385801735975
17071,2,USC00131060,BURLINGTON 2S,15.393526714225942,0.20100362184500178
17071,3,USW00014931,BURLINGTON MUNI AP,16.196262908885956,0.18157268115519062
17071,4,USC00115772,MONMOUTH 4NW,23.019266130941624,0.08988706385983208
17071,5,USC00114823,LA HARPE,25.881938175174504,0.07110277512261566
17073,1,USC00113384,GENESEO,11.336690026644169,0.5687573797079508
17073,2,USC00113335,GALVA,21.15878737499353,0.16327437885108786
17073,3,USC00114710,KEWANEE 1E,22.693694190641537,0.14193489881814045
17073,4,USC00134705,LE CLAIRE L&D 14,33.60736170029828,0.06471884360556572
17073,5,USW00014923,MOLINE QUAD CITY INTL AP,34.52774395223743,0.0613144990172551
17075,1,USC00119021,WATSEKA PUBLIC WORKS,8.96669522738572,0.8394977494358108
17075,2,USC00114198,HOOPESTON,33.821336287852915,0.05900690394386597
17075,3,USC00116663,PAXTON,39.37928480434678,0.0435259946883858
17075,4,USC00114603,KANKAKEE WWTP,43.15759894628408,0.03623846584906781
17075,5,USW00014806,RANTOUL,55.731849944217004,0.021730886082869594
17077,1,USC00111265,CARBONDALE SEWAGE PLT,19.910188915066804,0.43820557531908905
17077,2,USC00112483,DU QUOIN 4 SE,27.84884593951649,0.22398258630430207
17077,3,USC00110187,ANNA 4 N,31.580938715838748,0.1741721009797651
17077,4,USC00117187,REND LAKE DAM,44.597623244851334,0.08733840002913947
17077,5,USC00236641,PERRYVILLE WTP,47.714266856175236,0.07630133736770436
17079,1,USC00116157,NEWTON,3.1357240072781636,0.9701652517736381
17079,2,USC00117345,ROBINSON,32.30172211826409,0.009142606416930023
17079,3,USC00116446,OLNEY 2S,34.35594279567177,0.008081977473360424
17079,4,USC00111329,CASEY,35.90343792503004,0.007400299641089385
17079,5,USC00112687,EFFINGHAM 3SW,42.79051038231097,0.005209864694981993
17081,1,USC00115943,MT VERNON 3 NE,8.823317864911042,0.8209121150566195
17081,2,USC00117187,REND LAKE DAM,29.46819806232675,0.07359585500334326
17081,3,USC00117636,SALEM,37.799660595355355,0.04472853921783043
17081,4,USC00112483,DU QUOIN 4 SE,42.00107257982128,0.03622761579448764
17081,5,USC00112931,1 ENE FAIRFIELD,51.03633543456171,0.024535874927719244
17083,1,USC00114489,JERSEYVILLE 2 SW,2.939668293099698,0.9703615292877608
17083,2,USC00110137,ALTON - MELVIN PRICE L&D,29.998645698663683,0.009318090606407273
17083,3,USC00237397,ST CHARLES ELM PT,32.38479219432387,0.007995543627472113
17083,4,USW00013994,ST LOUIS LAMBERT INTL AP,36.45260000792601,0.006310637100442784
17083,5,USC00232591,ELSBERRY 1 S,37.3401624133087,0.006014199377917047
17085,1,USC00112745,ELIZABETH,5.301257776492024,0.80285222790069
17085,2,USC00118293,STOCKTON 3NNE,18.6339747284438,0.0649804115550059
17085,3,USC00113312,GALENA,19.20491951741957,0.06117422540331542
17085,4,USC00130608,BELLEVUE L/D 12,20.721855762328854,0.052545577457457866
17085,5,USC00115901,MT CARROLL,34.97254941340764,0.018447557683530798
17087,1,USC00112353,DIXON SPRINGS AGRIC CTR,19.075086408127916,0.4858796249301507
17087,2,USC00110187,ANNA 4 N,33.047491883411,0.16187683564924546
17087,3,USC00113580,OLMSTED L&D,34.75265130143839,0.14638137755654368
17087,4,USC00111265,CARBONDALE SEWAGE PLT,39.07141676098396,0.1158092893676881
17087,5,USC00113879,HARRISBURG,44.307992394878816,0.09005287249637209
17089,1,USC00112736,ELGIN WATER,18.03475103438482,0.3626933067595601
17089,2,USC00110338,AURORA WATER,20.26326768525603,0.2873034760297933
17089,3,USC00112223,DE KALB,28.75494992833761,0.1426706409795948
17089,4,USC00110442,BARRINGTON 3SW,29.286866108569296,0.1375352560470778
17089,5,USW00094846,CHICAGO OHARE INTL AP,41.11123729552146,0.06979732018397396
17091,1,USC00114603,KANKAKEE WWTP,2.110764674292935,0.9899405490178396
17091,2,USC00125174,LOWELL WWTP,39.62695421936545,0.0028087129840006224
17091,3,USC00119021,WATSEKA PUBLIC WORKS,40.97416198142513,0.002627051509687067
17091,4,USC00116616,PARK FOREST WATER,42.27952739484473,0.002467337162755291
17091,5,USC00114530,JOLIET BRANDON ROAD LOCK/DAM,45.22564979418601,0.0021563493257174926
17093,1,USC00110338,AURORA WATER,23.627009555287124,0.27430145342945955
17093,2,USC00115825,MORRIS 1NW,24.101417865081448,0.263609123857354
17093,3,USC00114530,JOLIET BRANDON ROAD LOCK/DAM,28.82774031194678,0.18425718008350364
17093,4,USW00014834,JOLIET,29.204019223200863,0.179539648825366
17093,5,USC00115372,MARSEILLES LOCK/DAM,39.469571680639234,0.0982925938043166
17095,1,USC00113320,GALESBURG,14.53347195074882,0.6189558869921065
17095,2,USC00113335,GALVA,30.89654702638449,0.13695521059092083
17095,3,USC00115768,MONMOUTH,35.672006289233636,0.10274090328981869
17095,4,USC00115772,MONMOUTH 4NW,42.50233490136779,0.0723723830987205
17095,5,USC00114710,KEWANEE 1E,43.53629145127635,0.06897561602843347
17097,1,USW00094846,CHICAGO OHARE INTL AP,27.155349825288347,0.32130520363349097
17097,2,USC00110442,BARRINGTON 3SW,30.53787665086348,0.2540685387783637
17097,3,USC00115493,MCHENRY STRATTON LOCK/DAM,39.30918619906463,0.15333470328825138
17097,4,USC00474174,KENOSHA WWTP,41.68697174358807,0.13634143702332555
17097,5,USC00112736,ELGIN WATER,41.90131457184729,0.13495011727656842
17099,1,USC00116526,OTTAWA 4SW,2.60965742505654,0.9325001437115009
17099,2,USC00115372,MARSEILLES LOCK/DAM,11.199064947965253,0.0506351827267809
17099,3,USC00118353,STREATOR 2SE,28.704064390063152,0.007707776569514205
17099,4,USC00116661,PAW PAW 2S,36.613726980927794,0.004737268828415752
17099,5,USC00115825,MORRIS 1NW,37.906622289289714,0.004419628163788199
17101,1,USC00114957,LAWRENCEVILLE 2WSW,1.0656253074749165,0.9941263718366034
17101,2,USC00129113,VINCENNES 5 NE,21.141960128039795,0.0025255742899076136
17101,3,USC00116446,OLNEY 2S,30.582650096856387,0.0012069809481908753
17101,4,USC00117345,ROBINSON,32.18395061903501,0.0010898630788877346
17101,5,USC00116558,PALESTINE,32.77031479543895,0.0010512098464105079
17103,1,USC00112348,DIXON WWTP,20.25443618466525,0.43874751041974075
17103,2,USC00116661,PAW PAW 2S,28.190172985180556,0.22649545948615382
17103,3,USC00118916,WALNUT,33.04836953096671,0.16479912664394972
17103,4,USC00116998,PRINCETON,44.19172920009504,0.09216647774542035
17103,5,USC00112223,DE KALB,48.10183292002552,0.07779142570473536
17105,1,USC00111475,CHENOA,22.022561061842755,0.37321061263560706
17105,2,USC00112500,DWIGHT WWTP,26.448223278680985,0.258759691872374
17105,3,USC00118353,STREATOR 2SE,31.052020560166067,0.1877197211561997
17105,4,USC00115712,MINONK,40.478720912403105,0.11046789258522526
17105,5,USC00116200,NORMAL 4NE,50.90802250277539,0.06984208175059387
17107,1,USC00115079,LINCOLN,3.388616162458464,0.9828011512388571
17107,2,USW00093822,SPRINGFIELD ABRAHAM LINCOLN CA,41.6391145423393,0.0065088976296098985
17107,3,USC00112193,DECATUR WTP,48.62300568734071,0.004773388790395285
17107,4,USC00116200,NORMAL 4NE,58.48981440387907,0.0032987539694656486
17107,5,USW00014842,GENERAL WAYNE A DOWNING INTL A,65.65779295203244,0.002617808371672043
17109,1,USC00114823,LA HARPE,29.16772325050346,0.3987623669465264
17109,2,USC00110598,BENTLEY,38.74595953060861,0.2259781169831061
17109,3,USC00131060,BURLINGTON 2S,51.192884656861295,0.12944939411892414
17109,4,USW00014931,BURLINGTON MUNI AP,51.611652121421415,0.12735725908268786
17109,5,USC00115772,MONMOUTH 4NW,53.5163927682702,0.11845286286875555
17111,1,USC00115493,MCHENRY STRATTON LOCK/DAM,16.437799276256854,0.509672829606097
17111,2,USC00474457,LAKE GENEVA WWTP,30.802785387286146,0.1451439199557873
17111,3,USC00112736,ELGIN WATER,32.1376670271538,0.13333683265148874
17111,4,USC00110442,BARRINGTON 3SW,33.22467003878754,0.12475486050003279
17111,5,USC00471205,BURLINGTON WWTP,39.76503654327271,0.08709155728659408
17113,1,USC00116200,NORMAL 4NE,10.76690477649299,0.800554075509606
17113,2,USC00111475,CHENOA,29.387032453915438,0.10746349277394437
17113,3,USC00115712,MINONK,49.13783898294085,0.03843618820989584
17113,4,USC00115079,LINCOLN,56.62187260296457,0.02894702661847747
17113,5,USW00014806,RANTOUL,61.42222827333972,0.024599216888076186
17115,1,USC00112193,DECATUR WTP,3.607274758197447,0.981066595887379
17115,2,USC00115079,LINCOLN,45.64249409159677,0.0061279921235646816
17115,3,USC00117876,SHELBYVILLE DAM,52.812209464457865,0.004577077438385369
17115,4,USC00119354,WINDSOR,55.69921725299054,0.004114894929957795
17115,5,USC00116579,PANA,55.70906939923953,0.004113439620713198
17117,1,USC00111280,CARLINVILLE,5.4631660419540085,0.9349996749155797
17117,2,USC00114108,HILLSBORO,39.20018620029363,0.01816034105850662
17117,3,USC00114489,JERSEYVILLE 2 SW,40.25541893220146,0.017220730057725207
17117,4,USC00115841,MORRISONVILLE,43.31708683213812,0.014872424638232755
17117,5,USC00119241,WHITE HALL 1 E,43.50115650963664,0.014746829329955764
17119,1,USC00110137,ALTON - MELVIN PRICE L&D,21.984960397058014,0.4834757600204807
17119,2,USW00013802,BELLEVILLE SIU RSCH,34.464875606478444,0.19673093198548064
17119,3,USW00013994,ST LOUIS LAMBERT INTL AP,41.83270243397823,0.13353473145552816
17119,4,USC00114489,JERSEYVILLE 2 SW,49.027863544075096,0.09721653608028358
17119,5,USC00114108,HILLSBORO,51.22895397032293,0.08904204045822696
17121,1,USC00117636,SALEM,2.378946546505795,0.9874938788496885
17121,2,USC00115943,MT VERNON 3 NE,32.27370432510096,0.00536544995046501
17121,3,USC00111290,CARLYLE RSVR,38.54144999547621,0.0037622502594878504
17121,4,USC00112931,1 ENE FAIRFIELD,57.273911870229966,0.0017036880848112755
17121,5,USC00117126,RAMSEY,57.76690764188296,0.0016747328555472994
17123,1,USC00115712,MINONK,29.063245984120847,0.37170504703775886
17123,2,USC00116998,PRINCETON,38.4572519592697,0.21229032315223517
17123,3,USC00118353,STREATOR 2SE,44.61667190688943,0.1577220269577999
17123,4,USC00116526,OTTAWA 4SW,49.00711500854694,0.1307279406030097
17123,5,USW00014842,GENERAL WAYNE A DOWNING INTL A,49.61296451361072,0.1275546622491965
17125,1,USW00093822,SPRINGFIELD ABRAHAM LINCOLN CA,47.74149068034401,0.2715814259923977
17125,2,USC00115079,LINCOLN,49.74482656359031,0.2501475034643655
17125,3,USW00014842,GENERAL WAYNE A DOWNING INTL A,51.6548954281558,0.2319898806992926
17125,4,USC00114442,JACKSONVILLE 2E,60.875828936208926,0.16703298370289882
17125,5,USC00113320,GALESBURG,88.37944852463944,0.07924820614104534
17127,1,USW00003816,PADUCAH,17.45396476397378,0.4113741766462575
17127,2,USC00118020,SMITHLAND L&D,24.991433344215114,0.20065171940630555
17127,3,USC00112353,DIXON SPRINGS AGRIC CTR,24.99725823738822,0.20055821805949872
17127,4,USC00113580,OLMSTED L&D,32.09207886144617,0.12168288959921784
17127,5,USC00117487,ELIZABETHTOWN,43.663736089443,0.06573299628872055
17129,1,USW00093822,SPRINGFIELD ABRAHAM LINCOLN CA,21.837494394553385,0.5970489486624863
17129,2,USC00115079,LINCOLN,41.335045772818006,0.16663978829200518
17129,3,USC00114442,JACKSONVILLE 2E,47.02228392908808,0.12876804790670968
17129,4,USW00014842,GENERAL WAYNE A DOWNING INTL A,72.31569022329106,0.05444405694027618
17129,5,USC00115841,MORRISONVILLE,73.22577173034257,0.05309915819852282
17131,1,USC00110072,ALEDO,0.14440752618760455,0.9999047327254288
17131,2,USC00116080,NEW BOSTON DAM 17,26.455992364482757,2.9791348872689123e-05
17131,3,USC00115772,MONMOUTH 4NW,30.02464476913232,2.3130367064853146e-05
17131,4,USC00115768,MONMOUTH,30.338132548286058,2.2654818730632268e-05
17131,5,USW00014923,MOLINE QUAD CITY INTL AP,32.54154155524446,1.9690739903070327e-05
17133,1,USC00232850,FESTUS,19.781761008883013,0.563627617704156
17133,2,USC00114629,KASKASKIA RVR NAVIGATION LOCK,38.52155056981239,0.14863279568004112
17133,3,USW00013802,BELLEVILLE SIU RSCH,39.53677419659664,0.14109762446645
17133,4,USC00237398,ST CHARLES 7 SSW,54.305334471054366,0.07478890607510964
17133,5,USW00013994,ST LOUIS LAMBERT INTL AP,55.40366072938221,0.07185305607424337
17135,1,USC00114108,HILLSBORO,7.540310396017772,0.7876487869734504
17135,2,USC00115841,MORRISONVILLE,20.924458664947196,0.10228279659858348
17135,3,USC00117126,RAMSEY,33.598290601836645,0.03967132373912402
17135,4,USC00111280,CARLINVILLE,34.367164531787736,0.03791609931680154
17135,5,USC00116579,PANA,37.13136174694524,0.03248099337204055
17137,1,USC00114442,JACKSONVILLE 2E,1.9924349511200006,0.9920334604815654
17137,2,USC00119241,WHITE HALL 1 E,34.20320965517585,0.0033663626433442072
17137,3,USW00093822,SPRINGFIELD ABRAHAM LINCOLN CA,46.735779611070775,0.0018029996418256295
17137,4,USC00116837,PITTSFIELD #2,52.355838426366084,0.0014366943578583466
17137,5,USC00116738,PERRY 6 NW,53.802291366457,0.0013604828754063606
17139,1,USC00119354,WINDSOR,21.40022682900949,0.38634685642016625
17139,2,USC00117876,SHELBYVILLE DAM,28.468710971587388,0.2183124631069147
17139,3,USC00118684,TUSCOLA,33.572354742996986,0.156982242688395
17139,4,USC00112193,DECATUR WTP,35.03693252747152,0.14413252087480533
17139,5,USC00111436,CHARLESTON,43.33331181626067,0.09422591690971865
17141,1,USW00094822,ROCKFORD GTR ROCKFORD AP,25.17237732265982,0.3551823387509208
17141,2,USC00112348,DIXON WWTP,28.02082375043197,0.28664081614731163
17141,3,USC00113262,FREEPORT WWTP,36.779456985463156,0.16637543447433573
17141,4,USC00112223,DE KALB,46.574327716261095,0.10375442768218086
17141,5,USC00116661,PAW PAW 2S,50.55832471625947,0.08804698294525119
17143,1,USW00014842,GENERAL WAYNE A DOWNING INTL A,14.906879975559308,0.7662300478210975
17143,2,USC00113335,GALVA,48.65011468606687,0.0719390919305575
17143,3,USC00114710,KEWANEE 1E,52.0029011920552,0.0629618589292097
17143,4,USC00113320,GALESBURG,54.99225214539104,0.056302758879957955
17143,5,USC00115712,MINONK,63.24609077261041,0.04256624243917728
17145,1,USC00112483,DU QUOIN 4 SE,18.74499411542544,0.5715220867959462
17145,2,USC00117187,REND LAKE DAM,33.64203908655398,0.17743488661742837
17145,3,USC00111265,CARBONDALE SEWAGE PLT,43.15215230529046,0.10784467637916091
17145,4,USC00114629,KASKASKIA RVR NAVIGATION LOCK,51.88000608314709,0.07461112678231613
17145,5,USC00115943,MT VERNON 3 NE,54.11033301621158,0.06858722342514828
17147,1,USC00118740,CHAMPAIGN 3S,31.11137930474455,0.3176977204112011
17147,2,USC00118684,TUSCOLA,35.048174196898,0.25033514925868877
17147,3,USC00112193,DECATUR WTP,36.5320622254853,0.23041155380520947
17147,4,USW00014806,RANTOUL,49.96807467665118,0.12315935285241689
17147,5,USC00119354,WINDSOR,62.62947098996278,0.07839622367248382
17149,1,USC00116837,PITTSFIELD #2,7.367632477580399,0.777857091992036
17149,2,USC00116738,PERRY 6 NW,20.850341671794926,0.09712462853356661
17149,3,USC00231640,CLARKSVILLE L&D 24,28.004499340629913,0.05383938586195904
17149,4,USC00237578,SAVERTON L&D 22,30.937014832859383,0.04411628278609302
17149,5,USC00230856,BOWLING GREEN 1 E,39.499628894976226,0.027062610826345486
17151,1,USC00112353,DIXON SPRINGS AGRIC CTR,11.33587667634748,0.6254086744077316
17151,2,USC00117487,ELIZABETHTOWN,21.122616049432878,0.1801269585593519
17151,3,USC00118020,SMITHLAND L&D,29.78053575893347,0.09061688157773218
17151,4,USC00113879,HARRISBURG,36.02096658900564,0.06193888750503487
17151,5,USW00003816,PADUCAH,43.791063950211516,0.04190859795014937
17153,1,USC00113580,OLMSTED L&D,6.492965299964044,0.8342138422025323
17153,2,USW00093809,CAIRO 3N,19.953118913052364,0.0883368632967413
17153,3,USW00003816,PADUCAH,35.54212198752573,0.027840488378965963
17153,4,USC00110187,ANNA 4 N,35.72424004152805,0.02755735671423478
17153,5,USW00003935,CAPE GIRARDEAU MUNI AP,39.93587531194315,0.02205144940752566
17155,1,USC00116998,PRINCETON,22.685498494685415,0.43923401206124324
17155,2,USC00116526,OTTAWA 4SW,35.51668664873278,0.1791957597569217
17155,3,USC00115712,MINONK,38.81080209822199,0.15006775291463356
17155,4,USC00118353,STREATOR 2SE,42.14035072589757,0.12729059735456122
17155,5,USC00118916,WALNUT,46.573373533517575,0.10421187791264037
17157,1,USC00114629,KASKASKIA RVR NAVIGATION LOCK,13.67342795405647,0.7506299680120437
17157,2,USC00236641,PERRYVILLE WTP,36.87322461176791,0.1032187213104889
17157,3,USW00013802,BELLEVILLE SIU RSCH,51.585174072188934,0.052738881103062234
17157,4,USC00232850,FESTUS,54.111127882749905,0.04793001221451382
17157,5,USC00112483,DU QUOIN 4 SE,55.54802044457442,0.045482417359891246
17159,1,USC00116446,OLNEY 2S,1.3247683074958743,0.9946415099030448
17159,2,USC00114957,LAWRENCEVILLE 2WSW,31.758609569009433,0.0017307067173466504
17159,3,USC00116157,NEWTON,32.2033429336961,0.001683234120369895
17159,4,USC00117345,ROBINSON,42.21198075141899,0.0009796590998037234
17159,5,USC00112931,1 ENE FAIRFIELD,42.533809464787936,0.0009648901594348292
17161,1,USW00014923,MOLINE QUAD CITY INTL AP,4.632259173331371,0.5572221706802596
17161,2,USC00117391,ROCK IS L&D 15,5.558561034665609,0.3869807218520378
17161,3,USC00134705,LE CLAIRE L&D 14,18.535689535343547,0.03480139033497111
17161,4,USC00110072,ALEDO,32.35032768603789,0.011425013437953465
17161,5,USC00113384,GENESEO,35.34557966671026,0.009570703694777851
17163,1,USW00013802,BELLEVILLE SIU RSCH,9.022307136038085,0.8831464542058668
17163,2,USC00110137,ALTON - MELVIN PRICE L&D,48.08099194596932,0.031097187068852377
17163,3,USC00232850,FESTUS,48.73531793679854,0.030267763836176843
17163,4,USW00013994,ST LOUIS LAMBERT INTL AP,49.78629716240953,0.02900335845036331
17163,5,USC00111290,CARLYLE RSVR,52.09931879024232,0.02648523643874064
17165,1,USC00113879,HARRISBURG,2.1693360182960917,0.989800399830272
17165,2,USC00112353,DIXON SPRINGS AGRIC CTR,36.40461033870138,0.0035147019736907485
17165,3,USC00117487,ELIZABETHTOWN,39.87852298307713,0.0029290254813237383
17165,4,USC00111302,CARMI 4 NE,49.171882082166164,0.0019264938018305029
17165,5,USC00117187,REND LAKE DAM,50.460181137069256,0.0018293789128830868
17167,1,USW00093822,SPRINGFIELD ABRAHAM LINCOLN CA,10.000737469653815,0.8507927264111972
17167,2,USC00115841,MORRISONVILLE,41.656259138793054,0.04903738346681682
17167,3,USC00114442,JACKSONVILLE 2E,45.83821490496584,0.04049789304115417
17167,4,USC00115079,LINCOLN,51.87659226987837,0.0316187678556527
17167,5,USC00111280,CARLINVILLE,55.07474318701376,0.02805322922517916
17169,1,USC00116738,PERRY 6 NW,42.9614318958783,0.2826142595475569
17169,2,USC00110598,BENTLEY,47.20492809498515,0.2340867789055345
17169,3,USW00093989,QUINCY RGNL AP,55.33109516212486,0.17037781095466453
17169,4,USC00114823,LA HARPE,56.71793176435284,0.16214770081734406
17169,5,USC00114442,JACKSONVILLE 2E,58.81841907717023,0.15077344977489993
17171,1,USC00119241,WHITE HALL 1 E,23.40621577499931,0.3137505715608488
17171,2,USC00114442,JACKSONVILLE 2E,26.305329114671903,0.2484044975486651
17171,3,USC00116837,PITTSFIELD #2,27.94526946016506,0.22010521428220128
17171,4,USC00116738,PERRY 6 NW,35.05204583994333,0.13990079820957665
17171,5,USC00231640,CLARKSVILLE L&D 24,46.99212353378618,0.07783891839870809
17173,1,USC00117876,SHELBYVILLE DAM,3.328100636111233,0.9365190139415478
17173,2,USC00119354,WINDSOR,18.687886162618586,0.029702235668003965
17173,3,USC00116579,PANA,24.806618476757926,0.016856770143756448
17173,4,USC00112687,EFFINGHAM 3SW,33.25520779402331,0.009379726341056547
17173,5,USC00117126,RAMSEY,37.08550313753801,0.007542253905635209
17175,1,USC00114710,KEWANEE 1E,18.34323441772689,0.4560638730680166
17175,2,USC00113335,GALVA,21.661020194441083,0.32705416859803743
17175,3,USC00116998,PRINCETON,41.63179661331688,0.08853748823017547
17175,4,USW00014842,GENERAL WAYNE A DOWNING INTL A,48.68731054901891,0.06473601075803438
17175,5,USC00113384,GENESEO,49.116941253590674,0.06360845934573603
17177,1,USC00113262,FREEPORT WWTP,7.7571238286919275,0.8045732007116531
17177,2,USC00118293,STOCKTON 3NNE,27.213659898400177,0.06537220069756447
17177,3,USC00475573,MONROE WWTP,27.740342647176284,0.06291343080791635
17177,4,USC00471078,BRODHEAD WWTP,37.61742243131476,0.03421282555046128
17177,5,USC00115901,MT CARROLL,38.34410207988589,0.03292834223240462
17179,1,USW00014842,GENERAL WAYNE A DOWNING INTL A,22.701709357806543,0.5717568265533896
17179,2,USC00115079,LINCOLN,42.371322387754034,0.164128666302639
17179,3,USC00116200,NORMAL 4NE,48.101837658778024,0.1273518155123556
17179,4,USC00115712,MINONK,60.62406407364847,0.08017489193742176
17179,5,USC00111475,CHENOA,72.16104848244838,0.056587799694194
17181,1,USC00110187,ANNA 4 N,4.078945169518706,0.9490311340349163
17181,2,USC00111265,CARBONDALE SEWAGE PLT,28.12997137649721,0.01995435133479632
17181,3,USC00113580,OLMSTED L&D,37.04179339300526,0.011507796806320665
17181,4,USC00234226,JACKSON,39.23118693547724,0.010259195345861684
17181,5,USW00003935,CAPE GIRARDEAU MUNI AP,41.32143543093361,0.009247522478105183
17183,1,USC00112140,DANVILLE,8.544105560582489,0.7671436239574
17183,2,USC00126830,PERRYSVILLE 4 WNW,22.528946014378526,0.11033877087360351
17183,3,USC00114198,HOOPESTON,31.2962492437547,0.057177518984277816
17183,4,USW00014806,RANTOUL,39.311675154225334,0.03623821435631737
17183,5,USC00116663,PAXTON,43.8676614779081,0.02910187182840111
17185,1,USC00127125,1 WSW PRINCETON,23.908011262990403,0.3898540322661372
17185,2,USC00114957,LAWRENCEVILLE 2WSW,32.617994336958176,0.2094471369038246
17185,3,USC00116446,OLNEY 2S,35.32524800415224,0.17857411025706885
17185,4,USC00129113,VINCENNES 5 NE,44.636249770766106,0.11184421760974568
17185,5,USC00112931,1 ENE FAIRFIELD,44.95159413907056,0.11028050296322381
17187,1,USC00115768,MONMOUTH,10.533246897500756,0.4823606099478012
17187,2,USC00115772,MONMOUTH 4NW,12.674344869253664,0.3331542237203358
17187,3,USC00113320,GALESBURG,22.42150790089237,0.1064551633383873
17187,4,USC00113455,GLADSTONE L/D 18,34.07812540570616,0.046083448469397076
17187,5,USC00110072,ALEDO,40.929474528932985,0.03194655452407842
17189,1,USC00111290,CARLYLE RSVR,30.59379061451588,0.36348339477442865
17189,2,USW00013802,BELLEVILLE SIU RSCH,41.758265952425674,0.19510403162255377
17189,3,USC00112483,DU QUOIN 4 SE,45.10040353565895,0.1672593097082186
17189,4,USC00115943,MT VERNON 3 NE,48.61916199039197,0.14392499319814864
17189,5,USC00117187,REND LAKE DAM,51.11200775173538,0.13022827069665024
17191,1,USC00112931,1 ENE FAIRFIELD,8.500175737603143,0.8666307634620282
17191,2,USC00115943,MT VERNON 3 NE,38.038917925207976,0.0432746538061359
17191,3,USC00116446,OLNEY 2S,42.6819863894909,0.03437167247857877
17191,4,USC00111302,CARMI 4 NE,44.955443657493994,0.030983133249004292
17191,5,USC00117636,SALEM,50.30915987878975,0.02473977700425276
17193,1,USC00111302,CARMI 4 NE,0.7106393582010577,0.9987073075093024
17193,2,USC00126001,MT VERNON,30.436397047770917,0.0005444402936373898
17193,3,USC00112931,1 ENE FAIRFIELD,36.905523372370574,0.0003703002490424366
17193,4,USC00113879,HARRISBURG,49.038935342713465,0.00020972715983575611
17193,5,USC00122731,EVANSVILLE MUSEUM,54.754948599685925,0.00016822478818200644
17195,1,USC00115833,MORRISON,6.786724551177359,0.8337243811397151
17195,2,USC00113290,FULTON L&D #13,25.969122637396367,0.05694143314568046
17195,3,USC00131635,CLINTON #1,29.701659116644798,0.04352928457556625
17195,4,USC00118916,WALNUT,34.07275945417047,0.033077169117421895
17195,5,USC00112348,DIXON WWTP,34.254175531321266,0.032727732021616183
17197,1,USC00114530,JOLIET BRANDON ROAD LOCK/DAM,12.055877908085233,0.46229746415485873
17197,2,USW00014834,JOLIET,14.271820101534647,0.329883404582549
17197,3,USC00116616,PARK FOREST WATER,25.434316141947765,0.10386735280698164
17197,4,USC00114603,KANKAKEE WWTP,35.70959109755968,0.05269257703045892
17197,5,USC00111577,CHICAGO MIDWAY AP 3SW,36.2054274120281,0.051259201425151675
17199,1,USC00111265,CARBONDALE SEWAGE PLT,20.735605457229063,0.4284628317976635
17199,2,USC00117187,REND LAKE DAM,34.87499885956294,0.15146705843221284
17199,3,USC00113879,HARRISBURG,35.688038993285126,0.14464426731474772
17199,4,USC00110187,ANNA 4 N,36.37159052610886,0.13925859499453513
17199,5,USC00112483,DU QUOIN 4 SE,36.7821379144171,0.1361672474608407
17201,1,USW00094822,ROCKFORD GTR ROCKFORD AP,16.969141524140273,0.4332973386282824
17201,2,USC00470696,BELOIT,21.373799779026882,0.2731129488684213
17201,3,USC00470045,AFTON - JANESVILLE WWTP,34.30493677830801,0.10602115189998482
17201,4,USC00471078,BRODHEAD WWTP,36.27989740872724,0.09479243172001996
17201,5,USC00113262,FREEPORT WWTP,36.67201374887414,0.0927761288832915
17203,1,USC00115712,MINONK,20.175142323563943,0.5039179265665638
17203,2,USC00116200,NORMAL 4NE,34.638169535091144,0.17095553070184852
17203,3,USC00111475,CHENOA,41.832371778280695,0.11721091208580975
17203,4,USW00014842,GENERAL WAYNE A DOWNING INTL A,42.16157294300655,0.11538767235240263
17203,5,USC00118353,STREATOR 2SE,47.082554922222855,0.09252795829337535
18001,1,USC00120676,BERNE WWTP,8.625334279823885,0.5276260847765091
18001,2,USC00122096,DECATUR 1 N,11.416945824142378,0.3011467970112469
18001,3,USC00120830,BLUFFTON 6N,19.915834589222374,0.09896488120607395
18001,4,USC00338609,VAN WERT 1 S,32.05542153980451,0.0382010362733106
18001,5,USW00014827,FT WAYNE INTL AP,33.94760088026234,0.03406120073285953
18003,1,USW00014827,FT WAYNE INTL AP,17.42927873996822,0.4320636645654538
18003,2,USC00123207,GARRETT 1 S,27.512932062784905,0.17339350445004895
18003,3,USC00122096,DECATUR 1 N,29.588515128770382,0.14992022786407097
18003,4,USC00120830,BLUFFTON 6N,31.655053733580612,0.1309846685936444
18003,5,USC00333722,HICKSVILLE,33.98534023947991,0.11363793452678173
18005,1,USC00121747,COLUMBUS,4.909024661630419,0.9216920626640726
18005,2,USC00127935,SEYMOUR 1 WSW,27.98687927312376,0.02835745989138975
18005,3,USC00126435,N VERNON 2 ESE,34.382694722014115,0.0187886879168803
18005,4,USC00127999,SHELBYVILLE SEWAGE PLT,37.008056623776106,0.016217492861316414
18005,5,USC00123547,GREENSBURG,38.55230928744853,0.014944296666340937
18007,1,USC00129430,W LAFAYETTE 6 NW,30.669345173493618,0.27241220782041675
18007,2,USC00114198,HOOPESTON,34.67971445362292,0.21305147584777823
18007,3,USW00014835,LAFAYETTE PURDUE UNIV AP,37.47907850214626,0.1824138308987847
18007,4,USC00127298,RENSSELAER WWTP,37.78429557618346,0.17947869906395178
18007,5,USC00119021,WATSEKA PUBLIC WORKS,40.971156333785146,0.15264378636906864
18009,1,USC00123777,HARTFORD CITY 4 ESE,5.052578226365234,0.8895884583659561
18009,2,USW00094895,MUNCIE DELAWARE CO AP,27.14810053261571,0.030813166773646716
18009,3,USC00122825,FARMLAND 5 NNW,28.50770915125717,0.027944130030571036
18009,4,USC00127069,PORTLAND 1 SW,28.692994872541004,0.027584395474063515
18009,5,USC00125337,MARION 2 N,30.716443528280227,0.02406984935576264
18011,1,USC00129557,WHITESTOWN,11.519547981843294,0.54143265023184
18011,2,USC00124356,JAMESTOWN 2 E,17.935018257986002,0.22336322499884226
18011,3,USC00123082,FRANKFORT DISPOSAL,27.729350412225426,0.09344066614928458
18011,4,USC00121873,CRAWFORDSVILLE 6 SE,28.7772545240729,0.08675941235842805
18011,5,USC00128784,TIPTON 5 SW,36.14184670679203,0.05500404626160499
18013,1,USC00120784,BLOOMINGTON INDIANA UNIV,25.16408610648035,0.29983854724728704
18013,2,USC00121747,COLUMBUS,26.684843433386796,0.26663703547697215
18013,3,USC00125407,MARTINSVILLE 2 SW,30.1112652497352,0.20940728253227506
18013,4,USC00127935,SEYMOUR 1 WSW,38.835480629849926,0.12589034433464621
18013,5,USC00126580,OOLITIC PURDUE EX FM,43.96528758489532,0.09822679040881956
18015,1,USC00129905,YOUNG AMERICA,19.00382314190012,0.3937386594047487
18015,2,USC00125117,LOGANSPORT CICOTT ST,23.484224362454867,0.2578324506961405
18015,3,USC00123082,FRANKFORT DISPOSAL,32.225765459735,0.13692524743710724
18015,4,USC00124662,KOKOMO 3 WSW,35.797322471127124,0.11096574426439754
18015,5,USW00014835,LAFAYETTE PURDUE UNIV AP,37.60798874955101,0.10053789819760595
18017,1,USC00125117,LOGANSPORT CICOTT ST,2.828581789214621,0.9655417867440819
18017,2,USC00129905,YOUNG AMERICA,21.36621621627052,0.01692206340830247
18017,3,USC00129670,WINAMAC 2SSE,36.05018954324917,0.005944200514661945
18017,4,USC00124662,KOKOMO 3 WSW,36.17914539666245,0.0059019013764814625
18017,5,USC00127482,ROCHESTER,36.846506237323304,0.0056900479564722835
18019,1,USW00093821,LOUISVILLE INTL AP,33.26013845616451,0.46184696679219434
18019,2,USC00127935,SEYMOUR 1 WSW,55.731890063397024,0.1644896807751294
18019,3,USC00126435,N VERNON 2 ESE,59.16323545070904,0.14596286153933596
18019,4,USC00150630,BERNHEIM FOREST,62.46016500821594,0.1309603861084034
18019,5,USC00158446,WARSAW MARKLAND DAM,72.6724537035241,0.09674010478493691
18021,1,USW00093823,TERRE HAUTE CAA AP,17.00174406927433,0.34472573434577586
18021,2,USW00003868,TERRE HAUTE HULMAN RGNL AP,18.514775454863575,0.2906857588119151
18021,3,USC00128723,TERRE HAUTE INDIANA STATE,26.51455357985908,0.14173986519392667
18021,4,USC00127959,SHAKAMAK SP,28.096729474150337,0.12622608553134765
18021,5,USC00128290,SPENCER,32.11375323340155,0.09662255611703466
18023,1,USC00123082,FRANKFORT DISPOSAL,2.602001508195242,0.9746846113404738
18023,2,USC00124662,KOKOMO 3 WSW,30.664723416177438,0.0070178017188893185
18023,3,USC00129905,YOUNG AMERICA,30.680465042991468,0.007010602136027608
18023,4,USC00128784,TIPTON 5 SW,32.627411594904764,0.006198890345504429
18023,5,USC00129557,WHITESTOWN,36.01322513332865,0.0050880944591048406
18025,1,USC00122309,DUBOIS SRN IN FORAGE FARM,29.083355144498547,0.41361926512238395
18025,2,USC00128036,SHOALS 8 S,42.49889593683664,0.19370216563170403
18025,3,USC00128698,TELL CITY,47.44927060612935,0.1553927277353989
18025,4,USC00121256,CANNELTON,49.23527955042091,0.14432346783772632
18025,5,USC00128442,STENDAL,61.346711008060375,0.09296237367278667
18027,1,USC00129253,WASHINGTON 1 W,11.816465371832315,0.7095986407421283
18027,2,USC00128036,SHOALS 8 S,29.262891838265876,0.11570535629111076
18027,3,USC00129113,VINCENNES 5 NE,35.95749693870181,0.07663180300617953
18027,4,USC00122309,DUBOIS SRN IN FORAGE FARM,42.394952437622834,0.055126401441077236
18027,5,USC00128442,STENDAL,48.03680201993954,0.042937798519503974
18029,1,USW00093814,CINCINNATI/NORTHERN KENTUCKY I,28.294535215258083,0.32131705294519414
18029,2,USC00121030,BROOKVILLE,31.64276853888615,0.2569152919061947
18029,3,USC00332651,FAIRFIELD,40.43753660120817,0.15731477790298673
18029,4,USC00158446,WARSAW MARKLAND DAM,40.76031629605429,0.1548331013201494
18029,5,USW00093812,CINCINNATI MUNI AP LUNKEN FLD,48.442326987645004,0.10961977592547499
18031,1,USC00123547,GREENSBURG,4.706498096841198,0.9346031695883326
18031,2,USC00127646,RUSHVILLE,33.400326953835005,0.01855759054163699
18031,3,USC00126435,N VERNON 2 ESE,34.97135774897664,0.016927703227428988
18031,4,USC00127999,SHELBYVILLE SEWAGE PLT,35.19164138623378,0.016716447071364257
18031,5,USC00121747,COLUMBUS,39.6100454613787,0.013195089571237162
18033,1,USC00123207,GARRETT 1 S,11.829501600567324,0.6412274940426647
18033,2,USC00333722,HICKSVILLE,23.645839584786405,0.16048540855921342
18033,3,USC00120200,ANGOLA,29.732993690322125,0.10150039976477387
18033,4,USC00335438,MONTPELIER,40.786866473905135,0.053939180992852324
18033,5,USC00336465,PAULDING,45.76249421706672,0.042847516640495735
18035,1,USW00094895,MUNCIE DELAWARE CO AP,0.9013214066462968,0.9952506651910564
18035,2,USC00122825,FARMLAND 5 NNW,21.50211888669903,0.001748756455105768
18035,3,USC00123777,HARTFORD CITY 4 ESE,24.945154249029322,0.0012993299842005048
18035,4,USC00120177,ANDERSON 1 N,26.954794373513074,0.001112806879570869
18035,5,USC00126164,NEW CASTLE 3 SW,37.067584034070464,0.000588441490066458
18037,1,USC00122309,DUBOIS SRN IN FORAGE FARM,17.797714518632045,0.4015429447481141
18037,2,USC00128036,SHOALS 8 S,21.106358975199655,0.2855182226666262
18037,3,USC00128442,STENDAL,26.323838536725194,0.18355323182490316
18037,4,USC00129253,WASHINGTON 1 W,41.72530214339474,0.07305694234706613
18037,5,USC00128698,TELL CITY,47.51880737487197,0.05632865841329053
18039,1,USC00123418,GOSHEN 3SW,5.043687197527207,0.7758885236513613
18039,2,USW00014829,GOSHEN MUNI AP,10.443019880081138,0.18098534393701565
18039,3,USC00124782,LAKEVILLE,34.69714223665072,0.01639487855893275
18039,4,USC00129240,WARSAW,37.51773726996398,0.014022399671806575
18039,5,USW00014848,S BEND AP,39.40892697975427,0.012708854180883817
18041,1,USC00127646,RUSHVILLE,23.312731818706013,0.3429415837671119
18041,2,USC00121030,BROOKVILLE,28.101675579860014,0.2360163301326065
18041,3,USC00126164,NEW CASTLE 3 SW,33.527631242179346,0.1658061908831049
18041,4,USC00127370,RICHMOND WTR WKS,35.49846870405367,0.14790649516536955
18041,5,USC00123547,GREENSBURG,41.67195653561051,0.10732940005180723
18043,1,USW00093821,LOUISVILLE INTL AP,22.233190544051915,0.6701672341032502
18043,2,USC00150630,BERNHEIM FOREST,49.941979817316735,0.1328174876204164
18043,3,USC00122309,DUBOIS SRN IN FORAGE FARM,70.23555672067536,0.06715412768123936
18043,4,USC00127935,SEYMOUR 1 WSW,70.73616287565004,0.06620697956618224
18043,5,USC00150397,BARDSTOWN 5E,72.14063352638841,0.06365417102891167
18045,1,USC00126830,PERRYSVILLE 4 WNW,23.712823293180143,0.3778147591218042
18045,2,USC00124715,LAFAYETTE 8 S,34.27184971677902,0.18087159142748838
18045,3,USC00112140,DANVILLE,35.162888199450315,0.17182105039377432
18045,4,USC00121873,CRAWFORDSVILLE 6 SE,39.19398053813011,0.13829507177697417
18045,5,USC00127522,ROCKVILLE,40.24017861339686,0.13119752727995887
18047,1,USC00121030,BROOKVILLE,4.781260345121602,0.9495276667388456
18047,2,USC00123547,GREENSBURG,36.94576506546013,0.015902414866522337
18047,3,USC00127646,RUSHVILLE,39.572786797556226,0.013861145977522887
18047,4,USC00332651,FAIRFIELD,41.595461271208826,0.012545862351176057
18047,5,USC00332485,EATON,51.5672174957047,0.008162910065933171
18049,1,USC00127482,ROCHESTER,4.967377088049322,0.9162178818870721
18049,2,USC00129670,WINAMAC 2SSE,27.1089353219687,0.030762958561236443
18049,3,USC00126989,PLYMOUTH,32.65657547519014,0.021198822677103133
18049,4,USC00125117,LOGANSPORT CICOTT ST,35.193103982500716,0.01825315231859334
18049,5,USC00129240,WARSAW,40.82081255200508,0.013567184555995019
18051,1,USC00127125,1 WSW PRINCETON,3.954678874919052,0.9553175969521117
18051,2,USW00093817,EVANSVILLE RGNL AP,30.252018915180624,0.016325312336398785
18051,3,USC00128442,STENDAL,38.580833568498996,0.010037533602030293
18051,4,USC00122731,EVANSVILLE MUSEUM,39.19024669024677,0.009727790994380864
18051,5,USC00120852,BOONVILLE 1S,41.700752277083566,0.00859176611507825
18053,1,USC00125337,MARION 2 N,7.150053171355263,0.8617280130577796
18053,2,USC00123777,HARTFORD CITY 4 ESE,32.19461493070057,0.042503264148111744
18053,3,USC00129138,WABASH,33.899917330711716,0.0383346476534228
18053,4,USW00094895,MUNCIE DELAWARE CO AP,38.32634651461117,0.029991204662120893
18053,5,USC00124181,HUNTINGTON,40.06633418906557,0.027442870478565
18055,1,USC00127959,SHAKAMAK SP,24.20918882248331,0.4143990999927559
18055,2,USC00128290,SPENCER,33.175492589856304,0.22067062197120435
18055,3,USC00126580,OOLITIC PURDUE EX FM,42.954250414061896,0.13163366999933096
18055,4,USC00120784,BLOOMINGTON INDIANA UNIV,44.071224039335746,0.12504578389498974
18055,5,USC00129253,WASHINGTON 1 W,47.36679870315639,0.10825082414171892
18057,1,USC00128784,TIPTON 5 SW,20.272940869683204,0.4068789311012612
18057,2,USC00129557,WHITESTOWN,29.022212261072507,0.19853527466984913
18057,3,USC00120177,ANDERSON 1 N,29.791788153223237,0.1884107017269317
18057,4,USC00123527,GREENFIELD,37.149611811271384,0.12116861650776155
18057,5,USW00093819,INDIANAPOLIS,44.35303552654782,0.08500647599419633
18059,1,USC00123527,GREENFIELD,4.211802288948919,0.942018714165215
18059,2,USC00127999,SHELBYVILLE SEWAGE PLT,32.75403339112682,0.015576357570143572
18059,3,USC00126164,NEW CASTLE 3 SW,33.22202751310376,0.015140604533805339
18059,4,USC00120177,ANDERSON 1 N,33.63179865871696,0.014773904737297047
18059,5,USC00127646,RUSHVILLE,36.57709733532935,0.012490418993539159
18061,1,USW00093821,LOUISVILLE INTL AP,32.61424427803362,0.4403581062145749
18061,2,USC00150630,BERNHEIM FOREST,49.32218391633509,0.19254668155422286
18061,3,USC00122309,DUBOIS SRN IN FORAGE FARM,59.8918572108571,0.13058252851583846
18061,4,USC00121256,CANNELTON,61.73524157169873,0.12290069278230256
18061,5,USC00128698,TELL CITY,64.20934388336968,0.1136119909330611
18063,1,USC00124356,JAMESTOWN 2 E,18.777846603405752,0.3659321489724075
18063,2,USW00093819,INDIANAPOLIS,20.78838182067684,0.2985731638784867
18063,3,USC00129557,WHITESTOWN,28.537832657373595,0.15843464902712773
18063,4,USC00121873,CRAWFORDSVILLE 6 SE,35.96329831224031,0.09976382896537722
18063,5,USC00125407,MARTINSVILLE 2 SW,40.85704682947964,0.07729620915660082
18065,1,USC00126164,NEW CASTLE 3 SW,3.9392312602903794,0.9495539792944895
18065,2,USC00120177,ANDERSON 1 N,31.90359099576444,0.014476496691642948
18065,3,USW00094895,MUNCIE DELAWARE CO AP,33.8947263758928,0.01282561942205806
18065,4,USC00123527,GREENFIELD,34.92275153081929,0.012081634841813984
18065,5,USC00127646,RUSHVILLE,36.49632913279787,0.011062269749995602
18067,1,USC00124662,KOKOMO 3 WSW,5.9244448389573,0.855861965644282
18067,2,USC00129905,YOUNG AMERICA,21.1562843090756,0.06711510252626762
18067,3,USC00128784,TIPTON 5 SW,28.940811609101562,0.035865561538891255
18067,4,USC00125117,LOGANSPORT CICOTT ST,37.37783822963991,0.021501595485664743
18067,5,USC00123082,FRANKFORT DISPOSAL,39.09348970500497,0.019655774804894357
18069,1,USC00124181,HUNTINGTON,3.7185806300430024,0.9379582294051092
18069,2,USC00120830,BLUFFTON 6N,27.289061507150617,0.017416492746481313
18069,3,USW00014827,FT WAYNE INTL AP,28.05925057739527,0.016473495769176758
18069,4,USC00129138,WABASH,29.47501623702908,0.014928968359821604
18069,5,USC00125337,MARION 2 N,31.318936910544824,0.013222813719411036
18071,1,USC00127935,SEYMOUR 1 WSW,12.836795851932733,0.6962473495336101
18071,2,USC00121747,COLUMBUS,30.09151625900759,0.12670352009877842
18071,3,USC00126435,N VERNON 2 ESE,39.5765969091347,0.07324870125156488
18071,4,USC00126580,OOLITIC PURDUE EX FM,44.13934286372957,0.05888776851860525
18071,5,USC00120784,BLOOMINGTON INDIANA UNIV,50.542185853721946,0.04491266059744123
18073,1,USC00127298,RENSSELAER WWTP,11.456401861478337,0.7923197053075935
18073,2,USC00125174,LOWELL WWTP,37.123731979561136,0.07545598250465518
18073,3,USC00129670,WINAMAC 2SSE,44.65107822815196,0.05215945371517104
18073,4,USC00129222,WANATAH 2 WNW,49.96954436976191,0.04164723337303531
18073,5,USC00124657,KNOX WWTP,52.027530283070156,0.038417625099544925
18075,1,USC00127069,PORTLAND 1 SW,2.1118802580416136,0.9759687406908805
18075,2,USC00122825,FARMLAND 5 NNW,23.629484742385277,0.007795895076540592
18075,3,USC00123777,HARTFORD CITY 4 ESE,24.279197356483706,0.0073842405857710396
18075,4,USC00120676,BERNE WWTP,26.656616135780613,0.006125823119613388
18075,5,USW00094895,MUNCIE DELAWARE CO AP,39.9650208814728,0.0027253005271945722
18077,1,USC00126435,N VERNON 2 ESE,27.838572773573475,0.4411637534411375
18077,2,USC00158446,WARSAW MARKLAND DAM,41.04803294662807,0.20291261829813062
18077,3,USC00127935,SEYMOUR 1 WSW,44.44846231110251,0.17305345441305953
18077,4,USC00121747,COLUMBUS,59.58309887999226,0.09630472193119417
18077,5,USC00123547,GREENSBURG,62.84555665435951,0.08656545191647812
18079,1,USC00126435,N VERNON 2 ESE,2.5388551437870865,0.9776042689226635
18079,2,USC00127935,SEYMOUR 1 WSW,24.337392694890163,0.010638755673688157
18079,3,USC00121747,COLUMBUS,31.683133833122678,0.006277441451565902
18079,4,USC00123547,GREENSBURG,40.85370447700315,0.0037755136824698383
18079,5,USC00127999,SHELBYVILLE SEWAGE PLT,60.81099213811248,0.0017040202696125735
18081,1,USC00127999,SHELBYVILLE SEWAGE PLT,26.227054043244745,0.3013080413740192
18081,2,USW00093819,INDIANAPOLIS,28.401428917922285,0.2569386059580169
18081,3,USC00125407,MARTINSVILLE 2 SW,32.41168043796616,0.1972907155724063
18081,4,USC00121747,COLUMBUS,39.546086042706875,0.13252650070413574
18081,5,USC00123527,GREENFIELD,43.02983849336367,0.11193613639142205
18083,1,USC00129113,VINCENNES 5 NE,8.088403117205974,0.7421038457042205
18083,2,USC00129253,WASHINGTON 1 W,19.721359089232706,0.12482931181039122
18083,3,USC00114957,LAWRENCEVILLE 2WSW,26.273180386328434,0.07033394261124097
18083,4,USC00116558,PALESTINE,38.43159534500732,0.03287103902952938
18083,5,USC00127125,1 WSW PRINCETON,40.32150142834526,0.029861860844618043
18085,1,USC00129240,WARSAW,2.176604265288648,0.9835772456277891
18085,2,USW00014829,GOSHEN MUNI AP,31.976654971781716,0.004557234358611049
18085,3,USC00121739,COLUMBIA CITY,33.004917481628944,0.004277698015969776
18085,4,USC00123418,GOSHEN 3SW,34.870733028997186,0.00383217445006451
18085,5,USC00127482,ROCHESTER,35.22421295459377,0.0037556475475655766
18087,1,USW00014829,GOSHEN MUNI AP,32.55527664796547,0.2505472786211014
18087,2,USC00120200,ANGOLA,34.10951012447925,0.22823461188302718
18087,3,USC00208184,THREE RIVERS,36.436144563545575,0.20001733540303943
18087,4,USC00123418,GOSHEN 3SW,38.96768523908222,0.17487319838971196
18087,5,USC00123207,GARRETT 1 S,42.5993670660226,0.14632757570312005
18089,1,USC00125174,LOWELL WWTP,23.39052517377327,0.31949857947960986
18089,2,USC00116616,PARK FOREST WATER,25.53130679519738,0.2681654286264701
18089,3,USC00124244,INDIANA DUNES NP,29.69334072353235,0.19825801511910654
18089,4,USC00129222,WANATAH 2 WNW,37.21206143590132,0.12623547506038382
18089,5,USC00111577,CHICAGO MIDWAY AP 3SW,44.60895922222726,0.08784250171442985
18091,1,USC00124837,LAPORTE,7.081827130103459,0.7796742109356087
18091,2,USC00129222,WANATAH 2 WNW,19.316740375930276,0.10479392970198446
18091,3,USC00124657,KNOX WWTP,28.777591129483344,0.04721662449358652
18091,4,USC00124244,INDIANA DUNES NP,29.998905222025556,0.04345032209207702
18091,5,USC00124782,LAKEVILLE,39.655957086085834,0.024864912776743263
18093,1,USC00126580,OOLITIC PURDUE EX FM,7.746996008428725,0.8865606868320506
18093,2,USC00120784,BLOOMINGTON INDIANA UNIV,37.25769586241236,0.03833038198411008
18093,3,USC00128036,SHOALS 8 S,41.55039874447651,0.03081943990622143
18093,4,USC00122309,DUBOIS SRN IN FORAGE FARM,46.44828864009647,0.02466242054374264
18093,5,USC00127935,SEYMOUR 1 WSW,52.06667244536382,0.019627070733875266
18095,1,USC00120177,ANDERSON 1 N,6.517482423036333,0.8791204803596784
18095,2,USW00094895,MUNCIE DELAWARE CO AP,28.940655934481615,0.044585269351683506
18095,3,USC00128784,TIPTON 5 SW,33.406827570419296,0.03346090353666964
18095,4,USC00126164,NEW CASTLE 3 SW,41.117661498316515,0.02208774201552371
18095,5,USC00123527,GREENFIELD,42.42687240223916,0.020745604736444614
18097,1,USW00093819,INDIANAPOLIS,14.93577463651299,0.5813127815267336
18097,2,USC00129557,WHITESTOWN,30.146842229711545,0.14268611712616883
18097,3,USC00123527,GREENFIELD,32.018602157658776,0.12649129539250992
18097,4,USC00127999,SHELBYVILLE SEWAGE PLT,40.8801718221566,0.07759611017968789
18097,5,USC00124356,JAMESTOWN 2 E,42.464584962281414,0.07191369577489991
18099,1,USC00126989,PLYMOUTH,5.793717195939251,0.8534463275729329
18099,2,USC00124782,LAKEVILLE,22.449926268800905,0.05684090198603425
18099,3,USC00127482,ROCHESTER,29.180770047487606,0.03364320039681134
18099,4,USC00124657,KNOX WWTP,30.10962380814887,0.03159949485461983
18099,5,USC00129240,WARSAW,34.21588263629947,0.0244700751896018
18101,1,USC00128036,SHOALS 8 S,16.972005223481602,0.5032459608682112
18101,2,USC00122309,DUBOIS SRN IN FORAGE FARM,29.169007592328867,0.17037399394401118
18101,3,USC00126580,OOLITIC PURDUE EX FM,29.753543671936676,0.16374544032312136
18101,4,USC00129253,WASHINGTON 1 W,35.03355443541801,0.1181076985566906
18101,5,USC00128442,STENDAL,57.05740880608622,0.04452690630796572
18103,1,USC00129138,WABASH,18.512011909404567,0.44998854619527945
18103,2,USC00125117,LOGANSPORT CICOTT ST,29.068673402102288,0.18249807029819148
18103,3,USC00129905,YOUNG AMERICA,34.37800119552536,0.13048105420899328
18103,4,USC00127482,ROCHESTER,35.474546174691405,0.12253918995530338
18103,5,USC00124662,KOKOMO 3 WSW,36.69987786627635,0.11449313934223246
18105,1,USC00120784,BLOOMINGTON INDIANA UNIV,1.4804476692345534,0.9906295901179978
18105,2,USC00128290,SPENCER,25.325132975817862,0.00338527495766598
18105,3,USC00125407,MARTINSVILLE 2 SW,27.750248164448518,0.002819445310176811
18105,4,USC00126580,OOLITIC PURDUE EX FM,30.358584219485298,0.002355778147383165
18105,5,USC00121747,COLUMBUS,51.776171580978136,0.0008099114667761964
18107,1,USC00121873,CRAWFORDSVILLE 6 SE,8.845579583799372,0.7791636559065455
18107,2,USC00124356,JAMESTOWN 2 E,28.242367427733384,0.07643267818776543
18107,3,USC00124715,LAFAYETTE 8 S,28.490355404755324,0.07510788649220904
18107,4,USW00014835,LAFAYETTE PURDUE UNIV AP,41.61456984685161,0.035203873792337324
18107,5,USC00127522,ROCKVILLE,42.28779094448215,0.0340919056211426
18109,1,USC00125407,MARTINSVILLE 2 SW,8.733539904054494,0.8034121497073584
18109,2,USW00093819,INDIANAPOLIS,28.81433614430107,0.07380771773019043
18109,3,USC00120784,BLOOMINGTON INDIANA UNIV,34.90576530288561,0.050294985163803284
18109,4,USC00128290,SPENCER,35.4921647515049,0.04864677286840283
18109,5,USC00124356,JAMESTOWN 2 E,50.70154424342201,0.023838374530245066
18111,1,USC00127298,RENSSELAER WWTP,19.530417773723652,0.5119593975510964
18111,2,USC00125174,LOWELL WWTP,33.60552149314282,0.17291684688122735
18111,3,USC00119021,WATSEKA PUBLIC WORKS,34.511151183826975,0.16396067348747156
18111,4,USC00114603,KANKAKEE WWTP,44.85272856076396,0.09706906583589528
18111,5,USC00114198,HOOPESTON,60.083424752011176,0.0540940162443095
18113,1,USC00123207,GARRETT 1 S,25.956168428763576,0.31727982520978815
18113,2,USC00121739,COLUMBIA CITY,29.469913130110864,0.24613077179642476
18113,3,USW00014829,GOSHEN MUNI AP,33.664704926834105,0.18861403259140821
18113,4,USC00129240,WARSAW,40.76891523897075,0.12860720878458207
18113,5,USC00123418,GOSHEN 3SW,42.317261941909116,0.11936816161779676
18115,1,USC00158446,WARSAW MARKLAND DAM,18.473649441572334,0.5541152646234148
18115,2,USW00093814,CINCINNATI/NORTHERN KENTUCKY I,27.737571674043597,0.24579250487604534
18115,3,USW00093812,CINCINNATI MUNI AP LUNKEN FLD,50.80963082065633,0.07325097870943509
18115,4,USC00121030,BROOKVILLE,53.92181397952229,0.0650393994887975
18115,5,USC00126435,N VERNON 2 ESE,55.31615811214948,0.06180185230230725
18117,1,USC00122309,DUBOIS SRN IN FORAGE FARM,20.84732080390119,0.47027454934318647
18117,2,USC00128036,SHOALS 8 S,26.542523717820153,0.2901132382461813
18117,3,USC00126580,OOLITIC PURDUE EX FM,38.326624795113815,0.13913962374897784
18117,4,USC00129253,WASHINGTON 1 W,62.6948148143199,0.05199824992245663
18117,5,USC00128442,STENDAL,64.93368363669812,0.04847433873919778
18119,1,USC00128290,SPENCER,6.950429814802688,0.8715742186765812
18119,2,USC00120784,BLOOMINGTON INDIANA UNIV,31.693825998976745,0.04191585806451296
18119,3,USC00125407,MARTINSVILLE 2 SW,34.59074967729737,0.0351890668837481
18119,4,USC00127959,SHAKAMAK SP,38.93261381054649,0.02777797457066976
18119,5,USW00093823,TERRE HAUTE CAA AP,42.2896449232219,0.023542881804487936
18121,1,USC00127522,ROCKVILLE,3.046208480794534,0.9760284997980533
18121,2,USW00093823,TERRE HAUTE CAA AP,37.11985505753389,0.0065730842887637
18121,3,USC00128723,TERRE HAUTE INDIANA STATE,38.28300649864285,0.006179732419762028
18121,4,USW00003868,TERRE HAUTE HULMAN RGNL AP,38.37848024332091,0.006149024151986129
18121,5,USC00121873,CRAWFORDSVILLE 6 SE,42.26700581844788,0.005069659341434865
18123,1,USC00128698,TELL CITY,19.28988208952956,0.43254311597760187
18123,2,USC00121256,CANNELTON,21.44019998570523,0.35013125994276245
18123,3,USC00122309,DUBOIS SRN IN FORAGE FARM,42.09613719499835,0.09082471802495935
18123,4,USC00128442,STENDAL,49.65482409767312,0.06527782189813976
18123,5,USC00156091,OWENSBORO 3ENE,51.272757328502564,0.061223084156536496
18125,1,USC00128442,STENDAL,16.500918585565266,0.5175024113982334
18125,2,USC00129253,WASHINGTON 1 W,28.056250223488455,0.1790067338176951
18125,3,USC00127125,1 WSW PRINCETON,31.797030356978276,0.1393655707904736
18125,4,USC00120852,BOONVILLE 1S,41.03906625024956,0.08366304732134604
18125,5,USC00128036,SHOALS 8 S,41.847378779855795,0.08046223667225179
18127,1,USC00124244,INDIANA DUNES NP,13.613800247604265,0.42177654423083427
18127,2,USC00129222,WANATAH 2 WNW,13.916136845823585,0.40364891608528963
18127,3,USC00124837,LAPORTE,30.593373231854,0.08351922238229717
18127,4,USC00125174,LOWELL WWTP,39.74131716735021,0.04949446771760429
18127,5,USC00124657,KNOX WWTP,43.36889707979278,0.04156084958397473
18129,1,USC00126001,MT VERNON,11.260344170679922,0.6351131291101094
18129,2,USC00122731,EVANSVILLE MUSEUM,26.81800161743017,0.11196997856248257
18129,3,USC00111302,CARMI 4 NE,27.363241962085446,0.10755220505964472
18129,4,USW00093817,EVANSVILLE RGNL AP,31.100322779312084,0.08325774182047437
18129,5,USC00153762,HENDERSON 8 SSW,36.008673671579764,0.06210694544728902
18131,1,USC00129670,WINAMAC 2SSE,9.114103634245772,0.8067264449284944
18131,2,USC00124657,KNOX WWTP,29.404838891948625,0.07750266031522828
18131,3,USC00127482,ROCHESTER,40.55341516943184,0.04074734824900739
18131,4,USC00125117,LOGANSPORT CICOTT ST,41.83500821068045,0.03828904210466279
18131,5,USC00127298,RENSSELAER WWTP,42.71102724778035,0.036734504402607136
18133,1,USC00127522,ROCKVILLE,33.611789709710706,0.2610911068029389
18133,2,USC00124356,JAMESTOWN 2 E,36.03132168595498,0.22720347460182858
18133,3,USC00121873,CRAWFORDSVILLE 6 SE,37.7653983821633,0.20681746663033315
18133,4,USC00128290,SPENCER,43.027904207189216,0.15932171350183702
18133,5,USC00125407,MARTINSVILLE 2 SW,45.01500964666832,0.14556623846306244
18135,1,USC00122825,FARMLAND 5 NNW,15.690968068283349,0.5076500837914699
18135,2,USC00127069,PORTLAND 1 SW,28.201665477264832,0.15715001466020245
18135,3,USC00333375,GREENVILLE WTP,30.967789379502268,0.1303297404220139
18135,4,USW00094895,MUNCIE DELAWARE CO AP,33.85257565343367,0.10906376972972175
18135,5,USC00127370,RICHMOND WTR WKS,36.11891771650202,0.09580639139659206
18137,1,USC00126435,N VERNON 2 ESE,31.272314531047936,0.30406223909067936
18137,2,USC00123547,GREENSBURG,33.82501019388415,0.25990023248170563
18137,3,USC00121030,BROOKVILLE,41.764060263777914,0.17048144302449655
18137,4,USC00158446,WARSAW MARKLAND DAM,44.25290831461412,0.1518444435577951
18137,5,USW00093814,CINCINNATI/NORTHERN KENTUCKY I,51.13741905149371,0.11371164184532331
18139,1,USC00127646,RUSHVILLE,2.3157343430095807,0.9775408721193195
18139,2,USC00127999,SHELBYVILLE SEWAGE PLT,29.743548792816146,0.005925524922570319
18139,3,USC00123547,GREENSBURG,30.625124235026888,0.00558929046043244
18139,4,USC00126164,NEW CASTLE 3 SW,30.834142108892426,0.005513770155052795
18139,5,USC00123527,GREENFIELD,31.069523782450602,0.00543054234262509
18141,1,USC00124782,LAKEVILLE,10.220043321086697,0.4401260223541238
18141,2,USW00014848,S BEND AP,10.224353607655905,0.4397550122186364
18141,3,USC00126989,PLYMOUTH,31.224790096514386,0.047150191953076875
18141,4,USC00123418,GOSHEN 3SW,34.38664488043495,0.038877910273122415
18141,5,USC00124837,LAPORTE,36.721656274826024,0.03409086320104067
18143,1,USC00127935,SEYMOUR 1 WSW,33.2873705995857,0.36998284484666305
18143,2,USC00126435,N VERNON 2 ESE,38.12860778352033,0.28199322481149197
18143,3,USW00093821,LOUISVILLE INTL AP,55.842430216935824,0.1314655459977181
18143,4,USC00121747,COLUMBUS,56.098356547914385,0.13026876413666483
18143,5,USC00158446,WARSAW MARKLAND DAM,68.9272586353089,0.08628962020746204
18145,1,USC00127999,SHELBYVILLE SEWAGE PLT,0.46786047880639675,0.9991732433875138
18145,2,USC00123527,GREENFIELD,29.217178019377005,0.00025621053547476033
18145,3,USC00127646,RUSHVILLE,30.382402181548777,0.0002369350444632664
18145,4,USC00123547,GREENSBURG,32.60017673435211,0.00020579442644455122
18145,5,USC00121747,COLUMBUS,41.365960981319596,0.00012781660610369663
18147,1,USC00128698,TELL CITY,21.593167372559623,0.2788286460146479
18147,2,USC00120852,BOONVILLE 1S,23.171741012547482,0.2421323183799675
18147,3,USC00156091,OWENSBORO 3ENE,26.0798463715866,0.19114372022427586
18147,4,USC00121256,CANNELTON,29.274424537858494,0.1517027168286764
18147,5,USC00128442,STENDAL,30.896429436382824,0.13619259855243243
18149,1,USC00124657,KNOX WWTP,2.6749607247530216,0.9689908672407773
18149,2,USC00126989,PLYMOUTH,26.502433300550873,0.009871496666037202
18149,3,USC00129670,WINAMAC 2SSE,29.07110918900509,0.00820410667923376
18149,4,USC00129222,WANATAH 2 WNW,29.64808992430889,0.007887893987703846
18149,5,USC00124837,LAPORTE,37.06972106486851,0.00504563542624766
18151,1,USC00120200,ANGOLA,2.6279559575291853,0.9802864936696551
18151,2,USC00335438,MONTPELIER,35.154220513144466,0.005478154024838852
18151,3,USC00201675,COLDWATER ST SCHOOL,35.45100087378432,0.005386816505091092
18151,4,USC00123207,GARRETT 1 S,35.482455747526956,0.00537727001090165
18151,5,USC00203823,HILLSDALE,44.16219569647071,0.003471265789513265
18153,1,USC00127959,SHAKAMAK SP,16.8868713514248,0.42436784416504497
18153,2,USC00116558,PALESTINE,19.807042940297478,0.30846193023804597
18153,3,USC00117345,ROBINSON,32.520764708617,0.1144245885921637
18153,4,USC00129113,VINCENNES 5 NE,39.481658860678294,0.07763366241167503
18153,5,USW00003868,TERRE HAUTE HULMAN RGNL AP,40.13893446802866,0.07511197459307022
18155,1,USC00158446,WARSAW MARKLAND DAM,7.907119157542258,0.9146006338040656
18155,2,USW00093814,CINCINNATI/NORTHERN KENTUCKY I,39.30624709556535,0.037012200409352436
18155,3,USC00126435,N VERNON 2 ESE,53.00409007529356,0.02035397788613715
18155,4,USW00093812,CINCINNATI MUNI AP LUNKEN FLD,61.52331510401568,0.015107361011069676
18155,5,USC00121030,BROOKVILLE,66.51274396029048,0.01292582688937513
18157,1,USW00014835,LAFAYETTE PURDUE UNIV AP,5.238897012751776,0.6823934050333823
18157,2,USC00124715,LAFAYETTE 8 S,10.341171100757837,0.17513586651060842
18157,3,USC00129430,W LAFAYETTE 6 NW,12.666923704597844,0.11672724453996546
18157,4,USC00123082,FRANKFORT DISPOSAL,34.296441409008835,0.015922689379951983
18157,5,USC00121873,CRAWFORDSVILLE 6 SE,43.67007713298026,0.009820794536091793
18159,1,USC00128784,TIPTON 5 SW,10.639269264741454,0.6494529970022782
18159,2,USC00124662,KOKOMO 3 WSW,19.331126684821335,0.1967238395645845
18159,3,USC00129905,YOUNG AMERICA,36.99996456553803,0.05369931054757895
18159,4,USC00123082,FRANKFORT DISPOSAL,38.22333169314511,0.05031694300409139
18159,5,USC00120177,ANDERSON 1 N,38.41854065655156,0.04980690988146698
18161,1,USC00121030,BROOKVILLE,23.435050473758665,0.3217851941763327
18161,2,USC00127370,RICHMOND WTR WKS,26.036693320806773,0.2606910905014479
18161,3,USC00332485,EATON,27.642407439506353,0.23128428029370435
18161,4,USC00332651,FAIRFIELD,42.020984896725885,0.10008416946343505
18161,5,USC00127646,RUSHVILLE,45.29059324094806,0.08615526556508
18163,1,USC00122731,EVANSVILLE MUSEUM,6.229632756802367,0.5114746239973262
18163,2,USW00093817,EVANSVILLE RGNL AP,7.104562289793032,0.3932550693726903
18163,3,USC00126151,NEWBURGH L&D,20.960576784439557,0.045179614813786614
18163,4,USC00120852,BOONVILLE 1S,27.4021069911266,0.026435106657736025
18163,5,USC00126001,MT VERNON,28.967275075314763,0.023655585158460824
18165,1,USC00127522,ROCKVILLE,22.678257268584428,0.3281273780718245
18165,2,USC00126830,PERRYSVILLE 4 WNW,24.74087249746078,0.2756968483572289
18165,3,USC00116610,PARIS STP,31.512945050022996,0.1699353926886688
18165,4,USC00112140,DANVILLE,35.43576446646988,0.13439348349011918
18165,5,USC00128723,TERRE HAUTE INDIANA STATE,42.86458927581364,0.09184689739215865
18167,1,USC00128723,TERRE HAUTE INDIANA STATE,4.676349295887181,0.5082051082561464
18167,2,USW00003868,TERRE HAUTE HULMAN RGNL AP,6.079660164352324,0.3006729119974701
18167,3,USW00093823,TERRE HAUTE CAA AP,8.097863803225419,0.16947747138101907
18167,4,USC00116610,PARIS STP,31.57494692356262,0.011147247751840388
18167,5,USC00127959,SHAKAMAK SP,32.53782104523865,0.010497260613524143
18169,1,USC00129138,WABASH,6.334654182720513,0.8700529710050668
18169,2,USC00124181,HUNTINGTON,24.959131942967975,0.05604444372441693
18169,3,USC00125337,MARION 2 N,31.50610667449428,0.03517240282304924
18169,4,USC00121739,COLUMBIA CITY,42.21007765766109,0.01959562926483151
18169,5,USC00127482,ROCHESTER,42.71560832628381,0.01913455318263535
18171,1,USC00114198,HOOPESTON,29.13044348255582,0.25864476450460433
18171,2,USC00126830,PERRYSVILLE 4 WNW,32.93070319858876,0.20239318053435196
18171,3,USC00112140,DANVILLE,33.135471460812084,0.19989943937976648
18171,4,USC00129430,W LAFAYETTE 6 NW,35.19095214263242,0.17722943365465052
18171,5,USW00014835,LAFAYETTE PURDUE UNIV AP,36.8268994209167,0.16183318192662677
18173,1,USC00120852,BOONVILLE 1S,7.498880955020872,0.6992164113685155
18173,2,USC00126151,NEWBURGH L&D,20.44372919288776,0.09407718040042763
18173,3,USW00093817,EVANSVILLE RGNL AP,21.885195316065417,0.08209253708424474
18173,4,USC00128442,STENDAL,21.957706218494245,0.08155124417781032
18173,5,USC00122731,EVANSVILLE MUSEUM,30.217046012273315,0.043062626969001816
18175,1,USC00127935,SEYMOUR 1 WSW,42.98213149054449,0.2910011094548533
18175,2,USC00126580,OOLITIC PURDUE EX FM,50.27854669653782,0.21266945092690404
18175,3,USC00122309,DUBOIS SRN IN FORAGE FARM,54.08419914017612,0.18379332522443742
18175,4,USW00093821,LOUISVILLE INTL AP,57.23409985034449,0.16411974288505243
18175,5,USC00128036,SHOALS 8 S,60.18584549894117,0.1484163715087528
18177,1,USC00127370,RICHMOND WTR WKS,11.047750169335927,0.7436235288723282
18177,2,USC00126164,NEW CASTLE 3 SW,33.33674215582271,0.08166848516473274
18177,3,USC00332485,EATON,34.88313215924649,0.07458815512952838
18177,4,USC00333375,GREENVILLE WTP,40.44350993330755,0.05548851900099563
18177,5,USC00122825,FARMLAND 5 NNW,45.09522726872958,0.04463131183241501
18179,1,USC00120830,BLUFFTON 6N,10.043850252254362,0.6335656456589681
18179,2,USC00120676,BERNE WWTP,25.02889148967147,0.10202552711380009
18179,3,USW00014827,FT WAYNE INTL AP,26.354452728280037,0.09202039090575594
18179,4,USC00122096,DECATUR 1 N,26.947725927005976,0.08801320472976326
18179,5,USC00124181,HUNTINGTON,27.52254244357046,0.08437523159171267
18181,1,USC00127298,RENSSELAER WWTP,32.47132579466876,0.24511381603466614
18181,2,USC00129430,W LAFAYETTE 6 NW,32.51991541889029,0.2443818897423469
18181,3,USW00014835,LAFAYETTE PURDUE UNIV AP,38.31710359766175,0.1760282969000194
18181,4,USC00129670,WINAMAC 2SSE,38.53139310420561,0.17407580452844493
18181,5,USC00125117,LOGANSPORT CICOTT ST,40.1403794671807,0.16040019279452278
18183,1,USC00121739,COLUMBIA CITY,1.4198681154852106,0.9927444327845709
18183,2,USW00014827,FT WAYNE INTL AP,30.75964423070809,0.0021152945854241312
18183,3,USC00124181,HUNTINGTON,31.171840385416914,0.00205972189825992
18183,4,USC00129240,WARSAW,33.707887491460575,0.0017614503347794758
18183,5,USC00123207,GARRETT 1 S,38.95182509257293,0.0013191003969654927
19001,1,USC00133438,GREENFIELD,4.686966170884994,0.9430044915955684
19001,2,USC00131962,CRESTON 2 SW,33.15819228397975,0.01884151011390814
19001,3,USC00133509,GUTHRIE CTR,37.84749898495994,0.01446182251077561
19001,4,USC00139132,WINTERSET 4N,39.542255552816144,0.013248738314410813
19001,5,USC00131833,CORNING,44.53761577518245,0.01044343746533701
19003,1,USC00131833,CORNING,6.3889770962712715,0.8813899644001874
19003,2,USC00131962,CRESTON 2 SW,25.500663871918583,0.055325811174562305
19003,3,USC00133438,GREENFIELD,36.89252728548504,0.026433456089594458
19003,4,USC00131533,CLARINDA,42.75911739787474,0.01967765306408789
19003,5,USC00136940,RED OAK,45.77104620369669,0.0171731152715681
19005,1,USC00138755,WAUKON 3NNE,7.281240822693375,0.7841507963160974
19005,2,USC00474937,LYNXVILLE DAM 9,24.067251242963323,0.07177238781032837
19005,3,USC00136766,POSTVILLE,25.012006619255544,0.06645280364872588
19005,4,USC00476827,PRAIRIE DU CHIEN,31.964893720409183,0.04068776634826583
19005,5,USC00132110,DECORAH,33.54894077569449,0.0369362458765824
19007,1,USC00131354,CENTERVILLE,1.934751604992075,0.9447941462716455
19007,2,USC00136910,RATHBUN DAM,8.702166171756328,0.046701720555754694
19007,3,USC00238523,UNIONVILLE,31.88805767129992,0.0034780153261968205
19007,4,USC00130112,ALBIA 3 NNE,36.462253073175354,0.00266011629137124
19007,5,USC00130753,BLOOMFIELD,38.66217654641249,0.0023660015550318945
19009,1,USC00130385,AUDUBON,3.421710161613161,0.9584246405663892
19009,2,USW00014930,ATLANTIC CAA AP,28.843189460990256,0.013488319491640399
19009,3,USC00130364,ATLANTIC 1 NE,30.26132191995928,0.012253738795709766
19009,4,USC00133509,GUTHRIE CTR,33.83354668292995,0.009802782289228948
19009,5,USC00131233,CARROLL,43.13649607276147,0.006030518857031621
19011,1,USC00138568,VINTON,7.050781276867918,0.8668657010089706
19011,2,USC00130600,BELLE PLAINE,29.63408401790966,0.049073076890563644
19011,3,USW00014990,CEDAR RAPIDS MUNI AP,36.04936194466284,0.033161268895650985
19011,4,USC00131319,CEDAR RAPIDS #1,39.047415589360256,0.02826452656646285
19011,5,USC00138296,TOLEDO 3N,43.633375360164365,0.022635426638351986
19013,1,USW00094910,WATERLOO MUNI AP,12.034887769930661,0.7537837960203554
19013,2,USC00138339,TRIPOLI,38.17895135630869,0.07490018584114215
19013,3,USC00133487,GRUNDY CTR,38.930224718012695,0.07203724003758127
19013,4,USC00138568,VINTON,43.5050466510731,0.05768350072492958
19013,5,USC00130157,ALLISON,51.23225017016014,0.0415952773759917
19015,1,USC00130807,BOONE,3.9626197357680044,0.883356250037466
19015,2,USC00130200,AMES 8 WSW,13.722943482175362,0.07365566131357457
19015,3,USC00136566,PERRY,26.327213467983036,0.020012018372213
19015,4,USC00130203,AMES 5 SE,32.29828497226556,0.013296635341695014
19015,5,USC00134228,JEFFERSON,37.855182029006876,0.009679434935051535
19017,1,USC00138339,TRIPOLI,6.69599888382005,0.8518862249126055
19017,2,USW00094910,WATERLOO MUNI AP,25.90248991905147,0.05692844407828286
19017,3,USC00135952,NEW HAMPTON,29.42639113990031,0.04411012963624077
19017,4,USC00130157,ALLISON,38.880206877719374,0.02526708880216436
19017,5,USC00131402,CHARLES CITY,41.85016073262123,0.02180811257070665
19019,1,USC00135086,MANCHESTER #2,31.74004250875427,0.32516173964256867
19019,2,USC00138568,VINTON,38.75200191058178,0.21813540512216437
19019,3,USC00132864,FAYETTE,45.836537827581246,0.15591605341337705
19019,4,USC00132603,ELKADER 6 SSW,46.28833761115894,0.15288725340607387
19019,5,USW00094910,WATERLOO MUNI AP,47.062370583171926,0.14789954841581604
19021,1,USC00137979,STORM LAKE,11.3433085994533,0.5719953070010073
19021,2,USC00137726,SIOUX RAPIDS,16.8272575139432,0.25992333967785075
19021,3,USC00131442,CHEROKEE,32.41183232496984,0.07005913862261036
19021,4,USC00137312,SAC CITY,38.290908568572334,0.050197329992977165
19021,5,USC00136719,POCAHONTAS,39.22916049724409,0.04782488470555441
19023,1,USC00130157,ALLISON,2.762497567455816,0.9784704006788922
19023,2,USC00133584,HAMPTON,34.52105815310513,0.006265897730744394
19023,3,USW00094910,WATERLOO MUNI AP,36.90364005411261,0.005482934903841501
19023,4,USC00131402,CHARLES CITY,37.26115800770604,0.005378222996976567
19023,5,USC00133487,GRUNDY CTR,41.18356265476894,0.004402543689545135
19025,1,USC00137161,ROCKWELL CITY,1.6886363090437588,0.9909638222182146
19025,2,USC00137312,SAC CITY,27.551571405198107,0.0037225222165189857
19025,3,USC00136719,POCAHONTAS,38.183153080487216,0.0019381459093900104
19025,4,USC00131233,CARROLL,39.539083344473056,0.001807493952591918
19025,5,USC00132999,FT DODGE 5NNW,42.451185136370775,0.00156801570328452
19027,1,USC00131233,CARROLL,3.187840763314312,0.9742746171801454
19027,2,USC00130385,AUDUBON,37.258431105537916,0.007132232637544015
19027,3,USC00132171,DENISON,38.09367761000338,0.006822897130223145
19027,4,USC00134228,JEFFERSON,39.151695095695636,0.006459122002403756
19027,5,USC00137312,SAC CITY,43.17613917010638,0.005311131049683546
19029,1,USC00130364,ATLANTIC 1 NE,11.025720190737426,0.6069521292517911
19029,2,USW00014930,ATLANTIC CAA AP,17.050214318669827,0.25380997608381867
19029,3,USC00136151,OAKLAND,37.8139863677929,0.051601633081966
19029,4,USC00133438,GREENFIELD,40.969838286468935,0.04395819725070296
19029,5,USC00131833,CORNING,41.10101004471508,0.043678064331721174
19031,1,USC00134101,IOWA CITY,35.85052933164655,0.24720426509701482
19031,2,USW00014937,IOWA CITY MUNI AP,37.244623728437475,0.22904452875221945
19031,3,USC00114355,ILLINOIS CITY DAM 16,39.895880448136005,0.19961399965907484
19031,4,USC00135837,MUSCATINE,40.87436653866725,0.19017132571479092
19031,5,USC00131319,CEDAR RAPIDS #1,48.699718433359656,0.1339658807769
19033,1,USW00014940,MASON CITY MUNI AP,10.732808144143132,0.44875813389822583
19033,2,USC00135230,MASON CITY,10.790469965316095,0.44397482546936023
19033,3,USC00133584,HAMPTON,35.681695782763626,0.04060206230854834
19033,4,USC00132977,FOREST CITY 2 NNE,38.59849929786673,0.0346975033398599
19033,5,USC00130923,BRITT 3E,40.21289740317247,0.031967474984005845
19035,1,USC00131442,CHEROKEE,7.958930251738811,0.8638377701399808
19035,2,USC00137979,STORM LAKE,37.50205336505209,0.0389073356534232
19035,3,USC00136800,PRIMGHAR,38.18165654884173,0.03753462256255852
19035,4,USC00134735,LE MARS,42.58368966190085,0.03017553719458095
19035,5,USC00137726,SIOUX RAPIDS,43.03588594602308,0.029544734449456572
19037,1,USC00135952,NEW HAMPTON,1.6565619410855508,0.9902234194446485
19037,2,USC00138339,TRIPOLI,27.918355568255464,0.0034863331382134054
19037,3,USC00131402,CHARLES CITY,28.799995661104738,0.003276149469348683
19037,4,USC00131954,CRESCO 1 NE,40.878725538021214,0.001626124739976472
19037,5,USC00132864,FAYETTE,44.246990248515964,0.0013879732078130318
19039,1,USC00136316,OSCEOLA,3.14942265445992,0.9727515671610379
19039,2,USC00130536,BEACONSFIELD 3N,29.351536032073692,0.011199591076519754
19039,3,USC00134063,INDIANOLA 1SW,39.84469117695348,0.0060774711123673195
19039,4,USC00131394,CHARITON 1 E,42.47933740904124,0.005346977608133505
19039,5,USC00139132,WINTERSET 4N,45.67773358669627,0.004624393041941342
19041,1,USC00137844,SPENCER 1 N,9.351942054778,0.7147834842538318
19041,2,USC00137726,SIOUX RAPIDS,20.953190240564773,0.14238944965616918
19041,3,USC00135493,MILFORD 4 NW,33.371802065986486,0.056133071357293736
19041,4,USC00132689,EMMETSBURG,37.96016102205829,0.04338324482483654
19041,5,USC00137859,SPIRIT LAKE,37.99191720415638,0.043310749907868845
19043,1,USC00132603,ELKADER 6 SSW,12.878347442890314,0.5297664512081909
19043,2,USC00133517,GUTTENBERG L&D 10,19.566637882907497,0.22949451599408507
19043,3,USC00476827,PRAIRIE DU CHIEN,27.98236515628022,0.11221111767035774
19043,4,USC00136766,POSTVILLE,33.63728148088457,0.07765384213189426
19043,5,USC00132864,FAYETTE,41.557949337492005,0.050874072995472065
19045,1,USC00135131,MAQUOKETA,22.649155692395727,0.3341440875347574
19045,2,USC00131635,CLINTON #1,25.133756780366916,0.2713457346037307
19045,3,USC00113290,FULTON L&D #13,31.438204693164906,0.1734292478915046
19045,4,USC00134705,LE CLAIRE L&D 14,37.628497558609894,0.1210609448743575
19045,5,USC00130608,BELLEVUE L/D 12,41.397633458093715,0.1000199850956498
19047,1,USC00132171,DENISON,5.0264623890735445,0.9511243878484281
19047,2,USC00135123,MAPLETON NO.2,34.48630317792528,0.020205467735556416
19047,3,USC00131233,CARROLL,44.575639275787935,0.012093918331985446
19047,4,USC00130385,AUDUBON,53.7775013037506,0.008309233304857645
19047,5,USC00137312,SAC CITY,53.91471538393147,0.008266992779172195
19049,1,USC00136566,PERRY,18.08710764460503,0.4290394800546314
19049,2,USC00132209,DES MOINES WSFO-JOHNSTON,26.93524977413911,0.1934610274143647
19049,3,USC00139132,WINTERSET 4N,31.522536416355706,0.14125154082471805
19049,4,USC00130241,ANKENY,32.84913865485586,0.13007311221487858
19049,5,USW00014933,DES MOINES INTL AP,36.358582696797654,0.10617483949140744
19051,1,USC00130753,BLOOMFIELD,1.0403993194163803,0.9971395580357161
19051,2,USC00235492,MEMPHIS,37.65870446034076,0.0007610712456800194
19051,3,USC00134389,KEOSAUQUA,38.148242666027684,0.000741663645359657
19051,4,USW00014950,OTTUMWA IND AP,39.32389847771277,0.0006979799255300178
19051,5,USC00131354,CENTERVILLE,40.44788844363858,0.0006597271477141974
19053,1,USC00134585,LAMONI,17.81253313908305,0.3576669259375898
19053,2,USW00014993,LAMONI,20.54528893594392,0.26884727950253723
19053,3,USC00130536,BEACONSFIELD 3N,26.010224382425015,0.16774205345847265
19053,4,USC00136316,OSCEOLA,31.6021953903614,0.11363069027540204
19053,5,USC00130149,ALLERTON,35.09978797638645,0.09211305082599816
19055,1,USC00135086,MANCHESTER #2,6.965995412232114,0.8864157822250168
19055,2,USC00132603,ELKADER 6 SSW,34.35528686435739,0.03644321553806366
19055,3,USC00131257,CASCADE,35.0715680555276,0.03496982674803879
19055,4,USC00133517,GUTTENBERG L&D 10,41.24427222690194,0.025285791857430732
19055,5,USC00131319,CEDAR RAPIDS #1,50.47152857912755,0.016885383631449976
19057,1,USC00113455,GLADSTONE L/D 18,14.237571029439449,0.3544209117328713
19057,2,USW00014931,BURLINGTON MUNI AP,16.66795631772478,0.2585987603596777
19057,3,USC00131060,BURLINGTON 2S,16.725741435345178,0.2568150012875969
19057,4,USC00116080,NEW BOSTON DAM 17,32.67382890453089,0.06729628415842713
19057,5,USC00135796,MT PLEASANT 1 SW,33.8047049751698,0.06286904246142694
19059,1,USC00135493,MILFORD 4 NW,1.4106851693011484,0.9215562937631581
19059,2,USC00137859,SPIRIT LAKE,5.910927968360483,0.05248929463637841
19059,3,USC00134561,LAKE PARK 3SSE,9.195655491995554,0.021687859236949714
19059,4,USC00137844,SPENCER 1 N,25.257708500980332,0.0028747109095419374
19059,5,USC00132724,ESTHERVILLE 4E,36.29912461117286,0.0013918414539717348
19061,1,USW00094908,DUBUQUE RGNL AP,15.691220907016724,0.41020599064322777
19061,2,USC00132364,DUBUQUE L&D 11,20.88586033304081,0.23153184512444422
19061,3,USC00131257,CASCADE,21.415322404866085,0.2202248068090323
19061,4,USC00113312,GALENA,36.71964641648749,0.07490632499357297
19061,5,USC00133517,GUTTENBERG L&D 10,39.99781708656366,0.06313103242972255
19063,1,USC00132724,ESTHERVILLE 4E,6.9039201606396645,0.860489101721149
19063,2,USC00138026,SWEA CITY 5N,30.478604244767013,0.04415163039730602
19063,3,USC00132689,EMMETSBURG,30.653198835732542,0.04365010476834113
19063,4,USC00137859,SPIRIT LAKE,38.259621220475815,0.028019189139943283
19063,5,USC00135493,MILFORD 4 NW,41.60889243952525,0.023689973973260635
19065,1,USC00132864,FAYETTE,2.2023297483661803,0.9849443149266033
19065,2,USC00132603,ELKADER 6 SSW,33.05578298988551,0.004372013261846611
19065,3,USC00136766,POSTVILLE,34.0211042613386,0.004127428477636447
19065,4,USC00138339,TRIPOLI,34.491779825688035,0.004015551107826063
19065,5,USC00135952,NEW HAMPTON,43.36228451503016,0.0025406922260875777
19067,1,USC00131402,CHARLES CITY,9.435221436216041,0.7412244034967426
19067,2,USC00136305,OSAGE,25.426277853040283,0.10206769951199585
19067,3,USC00130157,ALLISON,33.28489524539846,0.05956066177919453
19067,4,USC00135230,MASON CITY,35.31639876741147,0.05290553124587008
19067,5,USC00135952,NEW HAMPTON,38.61988969551727,0.04424170396619705
19069,1,USC00133584,HAMPTON,6.078656483065651,0.8824563861640005
19069,2,USC00134142,IOWA FALLS,24.24486948381663,0.05547135208980145
19069,3,USC00131541,CLARION,37.79674159750181,0.02282441891750454
19069,4,USC00130157,ALLISON,38.36268187697958,0.02215595793708372
19069,5,USC00132573,ELDORA,43.677648279078554,0.017091884891609867
19071,1,USC00137613,SHENANDOAH,19.24922426680051,0.4603737257451487
19071,2,USC00255810,NEBRASKA CITY 2NW,24.71925431686559,0.2791684036849394
19071,3,USC00136940,RED OAK,41.77047006804772,0.09776834625674574
19071,4,USC00250435,AUBURN 5 ESE,43.204942255770064,0.09138399425223162
19071,5,USC00131533,CLARINDA,48.911039277819214,0.07130553006093468
19073,1,USC00134228,JEFFERSON,3.622835433307966,0.9646402833933718
19073,2,USC00136566,PERRY,32.237739870081825,0.012182416248281563
19073,3,USC00131233,CARROLL,38.16653350528827,0.008691548823911134
19073,4,USC00130807,BOONE,41.118471005845926,0.00748839411939151
19073,5,USC00133509,GUTHRIE CTR,42.536747081216014,0.006997357415043962
19075,1,USC00133487,GRUNDY CTR,4.98771461453582,0.9176300604383436
19075,2,USC00132573,ELDORA,25.563557996491955,0.034932383939704076
19075,3,USW00094910,WATERLOO MUNI AP,36.04215920600013,0.017573134096901515
19075,4,USC00130157,ALLISON,38.95954695941637,0.015039833499759672
19075,5,USC00135198,MARSHALLTOWN,39.24136408402956,0.01482458802529111
19077,1,USC00133509,GUTHRIE CTR,1.6989227261021296,0.9919884341146037
19077,2,USC00130385,AUDUBON,35.045119149469855,0.002331303300657175
19077,3,USC00136566,PERRY,36.74524347306648,0.0021205650611287297
19077,4,USC00134228,JEFFERSON,37.37576680264871,0.0020496213555373914
19077,5,USC00133438,GREENFIELD,43.54391798804564,0.0015100761680728637
19079,1,USC00138806,WEBSTER CITY,11.290000015664285,0.7563005273222703
19079,2,USC00131541,CLARION,36.66142205002838,0.07172386342185542
19079,3,USC00134142,IOWA FALLS,39.99485775121079,0.060266223144749026
19079,4,USC00130200,AMES 8 WSW,41.48853129208316,0.05600491809069867
19079,5,USC00130807,BOONE,41.60026801182084,0.05570446802042654
19081,1,USC00130923,BRITT 3E,3.3573489948156854,0.9597635096994419
19081,2,USC00132977,FOREST CITY 2 NNE,24.98248143075218,0.0173334919869736
19081,3,USW00014940,MASON CITY MUNI AP,35.01599349235278,0.00882316304676326
19081,4,USC00130133,ALGONA,38.88113745652535,0.0071561475638193695
19081,5,USC00131541,CLARION,39.528457738107996,0.00692368770300189
19083,1,USC00132573,ELDORA,12.185832972017515,0.5051537258008818
19083,2,USC00134142,IOWA FALLS,14.343335626038154,0.36461428623808917
19083,3,USC00133487,GRUNDY CTR,39.715889498757214,0.04755601060923298
19083,4,USC00133584,HAMPTON,40.8154518445247,0.04502822061846685
19083,5,USC00135198,MARSHALLTOWN,44.63725192006167,0.03764775673332924
19085,1,USC00134894,LOGAN 1 WNW,4.6329111598198445,0.9590987461048104
19085,2,USC00258480,TEKAMAH,35.406688856869955,0.01642103923343303
19085,3,USW00014942,OMAHA EPPLEY AIRFIELD,42.345433498217915,0.01148042858748463
19085,4,USC00135123,MAPLETON NO.2,56.12321553340244,0.0065356107219960045
19085,5,USC00136151,OAKLAND,56.43247130717482,0.0064641753522759115
19087,1,USC00135796,MT PLEASANT 1 SW,4.200649390219799,0.9505464609123028
19087,2,USC00132789,FAIRFIELD,34.39150210918632,0.014180904371596284
19087,3,USC00138688,WASHINGTON,35.72882146791315,0.013139197355461499
19087,4,USC00131731,COLUMBUS JUNCTION,36.08766177713333,0.012879195345625557
19087,5,USW00014931,BURLINGTON MUNI AP,42.572845879283335,0.009254242015014007
19089,1,USC00131954,CRESCO 1 NE,18.621603333970704,0.5314834869476671
19089,2,USC00135952,NEW HAMPTON,35.59240914143365,0.1454819615928048
19089,3,USC00216654,PRESTON,39.54837777211263,0.11783290112157639
19089,4,USC00136305,OSAGE,42.265656599214566,0.10316887100789121
19089,5,USC00213290,GRAND MEADOW,42.50031028588398,0.10203277933006034
19091,1,USC00132999,FT DODGE 5NNW,22.086363095677637,0.4238428499637983
19091,2,USC00130133,ALGONA,31.63882099320653,0.20654405245570023
19091,3,USC00136719,POCAHONTAS,37.90587357950049,0.14389319531946596
19091,4,USC00131541,CLARION,38.92852501090542,0.13643235601484213
19091,5,USC00138806,WEBSTER CITY,48.12061777228829,0.08928754624619337
19093,1,USC00135123,MAPLETON NO.2,30.363230297876285,0.3139258875512198
19093,2,USC00137979,STORM LAKE,38.30139817563435,0.19728488909987318
19093,3,USC00131442,CHEROKEE,40.700042833010365,0.17471626840593293
19093,4,USC00132171,DENISON,42.17112611218879,0.16273938910573668
19093,5,USC00137312,SAC CITY,43.73145290709264,0.15133356583723748
19095,1,USC00139067,WILLIAMSBURG 1E,5.510515926147979,0.9122628076836891
19095,2,USC00130600,BELLE PLAINE,28.40351789044339,0.03433683235800431
19095,3,USW00014990,CEDAR RAPIDS MUNI AP,35.48805032455949,0.02199582280840779
19095,4,USC00137678,SIGOURNEY,41.03193336599154,0.01645358471369633
19095,5,USW00014937,IOWA CITY MUNI AP,43.04451478506981,0.014950952436202628
19097,1,USC00135131,MAQUOKETA,12.201878486972825,0.4869005849305218
19097,2,USC00130608,BELLEVUE L/D 12,16.488802288854647,0.2666339623420753
19097,3,USW00094908,DUBUQUE RGNL AP,28.285988692918995,0.09060474885259606
19097,4,USC00113312,GALENA,28.346213933686304,0.0902201545573509
19097,5,USC00112745,ELIZABETH,33.23232607211512,0.065640549317456
19099,1,USC00135992,NEWTON,3.54598294297726,0.9626610742581727
19099,2,USC00133473,GRINNELL 3 SW,25.509256222935026,0.018601634366413232
19099,3,USC00134502,KNOXVILLE,40.312434105412905,0.007448497073721965
19099,4,USC00135198,MARSHALLTOWN,43.50654077991756,0.006394956403917902
19099,5,USC00130241,ANKENY,49.73344664738343,0.0048938378977739965
19101,1,USC00132789,FAIRFIELD,1.6435093554563223,0.9907951645073951
19101,2,USC00134389,KEOSAUQUA,28.88485091471571,0.0032076574181806616
19101,3,USC00135796,MT PLEASANT 1 SW,32.44671939508807,0.002542065014567519
19101,4,USC00138688,WASHINGTON,37.58233924022988,0.001894787987316208
19101,5,USW00014950,OTTUMWA IND AP,41.414896105048854,0.0015603250725403836
19103,1,USW00014937,IOWA CITY MUNI AP,5.174538402690345,0.7390340302097412
19103,2,USC00134101,IOWA CITY,9.860633005320633,0.20351577338781046
19103,3,USW00014990,CEDAR RAPIDS MUNI AP,26.110402256439396,0.029025555512630613
19103,4,USC00139067,WILLIAMSBURG 1E,33.835353182776764,0.017284874766009112
19103,5,USC00131319,CEDAR RAPIDS #1,42.14691547543669,0.011139766123808556
19105,1,USC00131257,CASCADE,21.06607372049216,0.49845588359630427
19105,2,USC00135131,MAQUOKETA,37.68726697334409,0.15574160197695364
19105,3,USC00131319,CEDAR RAPIDS #1,39.77643736072258,0.13981126378745204
19105,4,USW00094908,DUBUQUE RGNL AP,45.25994443088652,0.10798561179661748
19105,5,USC00135086,MANCHESTER #2,47.508512304141064,0.09800563884267256
19107,1,USC00137678,SIGOURNEY,5.0606106710601,0.9332956104987732
19107,2,USW00014950,OTTUMWA IND AP,34.522808736094106,0.02005454590728535
19107,3,USC00138688,WASHINGTON,38.79574024308403,0.01588023743042735
19107,4,USC00132789,FAIRFIELD,39.113083214935806,0.015623595024558574
19107,5,USC00139067,WILLIAMSBURG 1E,39.72495396620577,0.015146011138955522
19109,1,USC00130133,ALGONA,16.243315210800688,0.5604984590204112
19109,2,USC00138026,SWEA CITY 5N,27.922561928709737,0.18967637521788155
19109,3,USC00130923,BRITT 3E,39.89434479061243,0.0929182653619595
19109,4,USC00132689,EMMETSBURG,39.98142119528486,0.09251396869291575
19109,5,USC00132977,FOREST CITY 2 NNE,47.92286617157466,0.06439293170683207
19111,1,USC00133007,FT MADISON,12.438365053956042,0.6314636846986651
19111,2,USC00134381,KEOKUK L&D 19,29.181994828787744,0.11472155491206602
19111,3,USW00014931,BURLINGTON MUNI AP,32.73987075496204,0.0911425249355044
19111,4,USC00131060,BURLINGTON 2S,33.531441459184954,0.08689014665138482
19111,5,USC00135796,MT PLEASANT 1 SW,35.90493978090027,0.07578208880237967
19113,1,USC00131319,CEDAR RAPIDS #1,3.23926450811255,0.9651865795944546
19113,2,USW00014990,CEDAR RAPIDS MUNI AP,24.076578282112912,0.0174708714448363
19113,3,USC00138568,VINTON,35.05443286130362,0.008241726709849182
19113,4,USC00135086,MANCHESTER #2,45.57181945846105,0.004876535200556094
19113,5,USW00014937,IOWA CITY MUNI AP,48.96382521366064,0.004224287050303715
19115,1,USC00131731,COLUMBUS JUNCTION,10.645015415482133,0.5691221895772224
19115,2,USC00116080,NEW BOSTON DAM 17,16.932342495408044,0.22493861621559066
19115,3,USC00135837,MUSCATINE,26.070711856189302,0.0948838566598275
19115,4,USC00114355,ILLINOIS CITY DAM 16,30.972520818092864,0.06722719654590333
19115,5,USC00138688,WASHINGTON,38.35946389872538,0.043828141001456156
19117,1,USC00131394,CHARITON 1 E,4.772249389463157,0.938937616202013
19117,2,USC00136316,OSCEOLA,35.16850825572373,0.017289208273378598
19117,3,USC00130149,ALLERTON,36.777745445876064,0.015809305627998864
19117,4,USC00134502,KNOXVILLE,37.71287513032302,0.015035009754429195
19117,5,USC00134063,INDIANOLA 1SW,40.66880219729464,0.012928860142180396
19119,1,USC00137147,ROCK RAPIDS,5.913406587272578,0.9080461396763359
19119,2,USC00391392,CANTON,31.813591255901677,0.031373141201846075
19119,3,USC00137700,SIOUX CTR 2 SE,36.716006918141815,0.02355442527316968
19119,4,USC00137664,SIBLEY,37.02438080085994,0.023163692437181846
19119,5,USW00014944,SIOUX FALLS,47.859629347820125,0.013862601411466486
19121,1,USC00139132,WINTERSET 4N,7.9925709947718335,0.8486638798813456
19121,2,USC00133438,GREENFIELD,36.17608805189173,0.04142528639455115
19121,3,USC00134063,INDIANOLA 1SW,36.95734672753832,0.03969238131490351
19121,4,USW00014933,DES MOINES INTL AP,37.710762912943586,0.03812221151494045
19121,5,USC00136316,OSCEOLA,41.09862349588523,0.03209624089425927
19123,1,USC00136327,OSKALOOSA,1.355156826215194,0.9934443326833451
19123,2,USW00014950,OTTUMWA IND AP,30.197316990182784,0.0020007182555794845
19123,3,USC00130112,ALBIA 3 NNE,32.05901273973708,0.0017750981139271298
19123,4,USC00137678,SIGOURNEY,34.119879474969224,0.001567139560323871
19123,5,USC00134502,KNOXVILLE,38.78667915164681,0.001212711386824508
19125,1,USC00134502,KNOXVILLE,0.9463383358600207,0.9976126377625824
19125,2,USC00136327,OSKALOOSA,37.35645225486034,0.0006402116314963055
19125,3,USC00131394,CHARITON 1 E,38.31088250490712,0.000608710084611299
19125,4,USC00130112,ALBIA 3 NNE,39.16913906509032,0.0005823267728301112
19125,5,USC00134063,INDIANOLA 1SW,40.081649747112884,0.0005561137484799372
19127,1,USC00135198,MARSHALLTOWN,5.356427539870621,0.9211465918243491
19127,2,USC00138296,TOLEDO 3N,33.10672348911647,0.024112753975663186
19127,3,USC00135992,NEWTON,36.911555861657334,0.019397891017999696
19127,4,USC00132573,ELDORA,37.22536289581727,0.01907222395236352
19127,5,USC00133487,GRUNDY CTR,40.30311705542686,0.016270539229624296
19129,1,USC00136940,RED OAK,31.822213094918634,0.26448550801585374
19129,2,USC00137613,SHENANDOAH,35.68508217979769,0.2103241960176309
19129,3,USC00136151,OAKLAND,35.94384705337995,0.2073067889493263
19129,4,USW00014942,OMAHA EPPLEY AIRFIELD,38.951112058875644,0.17653178689104143
19129,5,USC00255810,NEBRASKA CITY 2NW,43.52920856827182,0.14135172012614755
19131,1,USC00136305,OSAGE,8.575663258160628,0.8190802739071646
19131,2,USC00131402,CHARLES CITY,33.33111501904963,0.05422033801215045
19131,3,USC00136103,NORTHWOOD,36.999555382868344,0.044001643157322065
19131,4,USC00210355,AUSTIN WASTE WTP FACILITY,37.261748522345606,0.04338458467315595
19131,5,USC00135230,MASON CITY,39.1437090100668,0.039313160250206806
19133,1,USC00135123,MAPLETON NO.2,22.75074730395493,0.49768915924380536
19133,2,USC00258480,TEKAMAH,36.954648742451404,0.1886302572837155
19133,3,USC00134894,LOGAN 1 WNW,46.13022540958636,0.12105378158689548
19133,4,USW00014943,SIOUX CITY AP,51.58293579764323,0.09681383022378981
19133,5,USC00132171,DENISON,51.851652536530125,0.09581297166179392
19135,1,USC00130112,ALBIA 3 NNE,8.067240951018915,0.7802536406812393
19135,2,USC00136910,RATHBUN DAM,23.477549299944943,0.09212560194636975
19135,3,USC00131354,CENTERVILLE,32.996700807462574,0.0466385267467797
19135,4,USC00131394,CHARITON 1 E,34.38609031258791,0.04294575695435553
19135,5,USW00014950,OTTUMWA IND AP,36.53783472058413,0.03803647367125595
19137,1,USC00136940,RED OAK,7.33959330791803,0.847392318444557
19137,2,USC00137613,SHENANDOAH,33.21033426116716,0.041388722459952114
19137,3,USC00131833,CORNING,33.67805808244444,0.0402470850670122
19137,4,USC00131533,CLARINDA,35.07654615901595,0.037101790397590824
19137,5,USC00136151,OAKLAND,36.7118375500611,0.0338700836308877
19139,1,USC00135837,MUSCATINE,9.304392916735122,0.5160938190629257
19139,2,USC00114355,ILLINOIS CITY DAM 16,11.172129118564024,0.35795863988627463
19139,3,USC00131731,COLUMBUS JUNCTION,30.50724535678839,0.04800635717193822
19139,4,USC00116080,NEW BOSTON DAM 17,32.78894411203223,0.041557544521906284
19139,5,USC00134101,IOWA CITY,35.04284049020865,0.036383639356955086
19141,1,USC00136800,PRIMGHAR,0.3909622073094812,0.9984903133693254
19141,2,USC00137386,SANBORN,11.326186600150336,0.0011897233551386335
19141,3,USC00137664,SIBLEY,36.8090646595803,0.00011264290655947405
19141,4,USC00131442,CHEROKEE,37.007782058619824,0.00011143645714808104
19141,5,USC00137844,SPENCER 1 N,39.8964114464851,9.588391182825134e-05
19143,1,USC00137664,SIBLEY,9.728601163823171,0.6556003064613415
19143,2,USC00137386,SANBORN,22.023147993799153,0.12793257815807088
19143,3,USC00134561,LAKE PARK 3SSE,26.444247787711276,0.08873143612637184
19143,4,USC00219170,WORTHINGTON 2 NNE,29.974113045219465,0.06906329024924772
19143,5,USC00136800,PRIMGHAR,32.52019096867048,0.058672389004968115
19145,1,USC00131533,CLARINDA,10.67044632414622,0.6567550737157823
19145,2,USC00137613,SHENANDOAH,19.676102353509847,0.19314810939757898
19145,3,USC00136940,RED OAK,30.534825837593278,0.08020061768214078
19145,4,USC00131833,CORNING,42.640649764265966,0.04112642694797425
19145,5,USC00235340,MARYVILLE 2E,50.98190880633402,0.02876977225652358
19147,1,USC00132689,EMMETSBURG,3.2343236112484925,0.9716882061897052
19147,2,USC00130133,ALGONA,36.31112464716202,0.007709291606763328
19147,3,USC00132724,ESTHERVILLE 4E,37.04600557538039,0.007406467107635635
19147,4,USC00136719,POCAHONTAS,38.49372840415995,0.006859838927826667
19147,5,USC00137844,SPENCER 1 N,40.052776732406514,0.006336196168069117
19149,1,USC00134735,LE MARS,7.951427495705741,0.8658776816798723
19149,2,USC00137700,SIOUX CTR 2 SE,35.75837999389125,0.04281452022877903
19149,3,USC00133718,HAWARDEN,36.77929014531684,0.04047063943485281
19149,4,USW00014943,SIOUX CITY AP,40.72584146367824,0.033007043041417966
19149,5,USC00131442,CHEROKEE,55.41103936313786,0.017830115615077864
19151,1,USC00136719,POCAHONTAS,1.4796692594605847,0.9947358955602472
19151,2,USC00137161,ROCKWELL CITY,37.702336057005894,0.0015321474837250671
19151,3,USC00132689,EMMETSBURG,40.97370103209003,0.0012972590349692992
19151,4,USC00137726,SIOUX RAPIDS,42.104851258507445,0.001228493371758617
19151,5,USC00132999,FT DODGE 5NNW,42.49208731684174,0.001206204549299859
19153,1,USC00130241,ANKENY,8.544260958082745,0.5796641841354084
19153,2,USC00132209,DES MOINES WSFO-JOHNSTON,14.072475932433104,0.21369012165988166
19153,3,USW00014933,DES MOINES INTL AP,18.180401347919897,0.12803200381703714
19153,4,USC00130203,AMES 5 SE,29.69969959245058,0.04797570467356513
19153,5,USC00134063,INDIANOLA 1SW,37.16487128892714,0.030637985714107675
19155,1,USC00136151,OAKLAND,13.981621533568472,0.647965996774307
19155,2,USW00014942,OMAHA EPPLEY AIRFIELD,29.975716905970117,0.14097046850627945
19155,3,USC00134894,LOGAN 1 WNW,40.743490624046814,0.07630461983791374
19155,4,USW00014930,ATLANTIC CAA AP,41.71649908776608,0.07278662645709684
19155,5,USC00136940,RED OAK,45.210039179618335,0.061972288424402895
19157,1,USC00133473,GRINNELL 3 SW,19.274158530204627,0.481396694318938
19157,2,USC00130600,BELLE PLAINE,29.94189821232335,0.19947813441951281
19157,3,USC00138296,TOLEDO 3N,39.31586738793424,0.11569597068253329
19157,4,USC00136327,OSKALOOSA,41.68493900209866,0.10291901392253246
19157,5,USC00135992,NEWTON,42.18149217004587,0.1005101866564835
19159,1,USC00135769,MT AYR,3.341866418257592,0.9359305979992611
19159,2,USC00130536,BEACONSFIELD 3N,21.254647521601232,0.023137370643914607
19159,3,USW00014993,LAMONI,22.67373481592037,0.020331793595282897
19159,4,USC00134585,LAMONI,28.961777364779664,0.012461530842760726
19159,5,USC00131962,CRESTON 2 SW,35.83712853215836,0.008138706918780754
19161,1,USC00137312,SAC CITY,11.178828221808319,0.7339605577878543
19161,2,USC00137979,STORM LAKE,29.730717499302173,0.10376586406716959
19161,3,USC00137161,ROCKWELL CITY,39.106207735325974,0.059975500583647055
19161,4,USC00131233,CARROLL,41.56680457841048,0.05308502277598057
19161,5,USC00132171,DENISON,43.17103709885845,0.04921305478534862
19163,1,USC00117391,ROCK IS L&D 15,14.594317686069964,0.44419892460458593
19163,2,USC00134705,LE CLAIRE L&D 14,19.895909708366162,0.23901078121719593
19163,3,USW00014923,MOLINE QUAD CITY INTL AP,23.080236731772935,0.177608839279524
19163,4,USC00131635,CLINTON #1,34.24123124785553,0.08069494850092399
19163,5,USC00114355,ILLINOIS CITY DAM 16,40.220244553970254,0.05848650639777025
19165,1,USC00130385,AUDUBON,32.25902445688552,0.25315900568259697
19165,2,USW00014930,ATLANTIC CAA AP,32.47409565606598,0.24981683945005373
19165,3,USC00130364,ATLANTIC 1 NE,38.5825156349346,0.17697615653484455
19165,4,USC00132171,DENISON,39.77395537163555,0.16653222193537595
19165,5,USC00134894,LOGAN 1 WNW,41.425848610331066,0.1535157763971289
19167,1,USC00137700,SIOUX CTR 2 SE,3.6338813810658506,0.9543949845293076
19167,2,USC00133718,HAWARDEN,26.469434183433886,0.017987894272365596
19167,3,USC00134735,LE MARS,32.52730351188629,0.011911693709713038
19167,4,USC00137147,ROCK RAPIDS,38.50875578242644,0.00849866417264778
19167,5,USC00391392,CANTON,41.81813798820556,0.007206763315966038
19169,1,USC00130203,AMES 5 SE,12.581790148947448,0.6302207293756938
19169,2,USC00130200,AMES 8 WSW,25.516373954027653,0.15322853241806933
19169,3,USC00130807,BOONE,35.076368346855986,0.08108645509173923
19169,4,USC00130241,ANKENY,37.20916427128833,0.0720572572199917
19169,5,USC00132209,DES MOINES WSFO-JOHNSTON,39.66615346401484,0.06340702589450584
19171,1,USC00138296,TOLEDO 3N,6.075150694910935,0.8914973280829788
19171,2,USC00130600,BELLE PLAINE,30.001876798332006,0.03655420217691274
19171,3,USC00135198,MARSHALLTOWN,32.623173697427376,0.030915888992482553
19171,4,USC00133487,GRUNDY CTR,37.382681219869994,0.023544705441290083
19171,5,USC00138568,VINTON,43.37590550217799,0.01748787530633583
19173,1,USC00131533,CLARINDA,27.182918348868963,0.312083617159276
19173,2,USC00131833,CORNING,28.318592058955225,0.2875542676868474
19173,3,USC00135769,MT AYR,38.4577369154821,0.15591779483210896
19173,4,USC00131962,CRESTON 2 SW,41.9307099762238,0.1311591822229868
19173,5,USC00235340,MARYVILLE 2E,45.11750725889644,0.11328513809878087
19175,1,USC00131962,CRESTON 2 SW,12.493715932583722,0.6278987225554876
19175,2,USC00130536,BEACONSFIELD 3N,25.18850098231109,0.15447855874508074
19175,3,USC00133438,GREENFIELD,33.97495040086282,0.08490928644641824
19175,4,USC00135769,MT AYR,35.94427629855324,0.07586009217657182
19175,5,USC00136316,OSCEOLA,41.52010421593521,0.05685334007644153
19177,1,USC00134389,KEOSAUQUA,0.90969133229449,0.9973754839293759
19177,2,USC00132789,FAIRFIELD,29.353941919713964,0.000957886253944824
19177,3,USC00235492,MEMPHIS,38.257336060563894,0.000563919808906059
19177,4,USC00135796,MT PLEASANT 1 SW,38.492331309418134,0.000557055378541217
19177,5,USC00130753,BLOOMFIELD,38.89237629994357,0.0005456546292319761
19179,1,USW00014950,OTTUMWA IND AP,8.266987021495915,0.8137004136376075
19179,2,USC00130112,ALBIA 3 NNE,31.863549452939885,0.05477353156147557
19179,3,USC00130753,BLOOMFIELD,32.479696385357876,0.05271511116040093
19179,4,USC00137678,SIGOURNEY,37.259861544732836,0.04005682977795532
19179,5,USC00136327,OSKALOOSA,37.880928786437444,0.03875411386256061
19181,1,USC00134063,INDIANOLA 1SW,2.0540449600446964,0.9840008539446036
19181,2,USW00014933,DES MOINES INTL AP,23.478420351872256,0.007531433026812542
19181,3,USC00136316,OSCEOLA,37.98099906985715,0.0028779457116406243
19181,4,USC00139132,WINTERSET 4N,38.02103461971141,0.0028718880397401404
19181,5,USC00134502,KNOXVILLE,39.08342380029428,0.0027178792772031488
19183,1,USC00138688,WASHINGTON,5.41058526109372,0.9158670843285046
19183,2,USC00131731,COLUMBUS JUNCTION,31.214003670009912,0.02751832446702345
19183,3,USC00134101,IOWA CITY,36.11270036400388,0.02055895388475884
19183,4,USW00014937,IOWA CITY MUNI AP,37.61187535573268,0.01895269461556675
19183,5,USC00132789,FAIRFIELD,39.593605378224844,0.01710294270414641
19185,1,USC00130149,ALLERTON,5.117133522922166,0.9252580038352164
19185,2,USC00131394,CHARITON 1 E,31.062487972185846,0.025109835835493016
19185,3,USC00136910,RATHBUN DAM,37.24671547166124,0.017463865842285407
19185,4,USC00131354,CENTERVILLE,37.3015161674041,0.0174125902323048
19185,5,USC00238523,UNIONVILLE,40.520817959208905,0.014755704254700273
19187,1,USC00132999,FT DODGE 5NNW,16.804675191964588,0.579129252315478
19187,2,USC00138806,WEBSTER CITY,31.283681967441208,0.16710907030273778
19187,3,USC00137161,ROCKWELL CITY,37.44097058493735,0.11666525925277223
19187,4,USC00131541,CLARION,48.2234085222264,0.0703266514997549
19187,5,USC00130807,BOONE,49.49119548448731,0.06676976662925706
19189,1,USC00132977,FOREST CITY 2 NNE,13.855700813529925,0.649703172024616
19189,2,USC00130923,BRITT 3E,30.303376233457122,0.13582820000391968
19189,3,USC00218808,WELLS,40.98743060562836,0.07424557797452722
19189,4,USW00014940,MASON CITY MUNI AP,41.96434368414184,0.07082900008842158
19189,5,USC00136103,NORTHWOOD,42.39599903012779,0.06939404990851551
19191,1,USC00132110,DECORAH,4.660275610271463,0.913366182324772
19191,2,USC00131954,CRESCO 1 NE,22.393271923914032,0.03955788135766983
19191,3,USC00138755,WAUKON 3NNE,32.26238638990842,0.019057904870665724
19191,4,USC00136766,POSTVILLE,32.73693542982943,0.018509389204882695
19191,5,USC00132864,FAYETTE,45.67460622105362,0.009508642242009832
19193,1,USW00014943,SIOUX CITY AP,26.780944969857767,0.4224614292587377
19193,2,USC00135123,MAPLETON NO.2,33.19611265474313,0.2749567581774541
19193,3,USC00134735,LE MARS,44.92362873204251,0.15013750671412499
19193,4,USC00131442,CHEROKEE,58.478386376487805,0.08860293277679411
19193,5,USC00258480,TEKAMAH,68.89192491221209,0.06384137307288901
19195,1,USC00136103,NORTHWOOD,7.4791103755120805,0.7567191696803351
19195,2,USC00135230,MASON CITY,23.788136726179705,0.07480209629429843
19195,3,USW00014940,MASON CITY MUNI AP,25.158417556696904,0.06687564430628783
19195,4,USC00210075,ALBERT LEA 3SE,26.25369425491179,0.061412075404795756
19195,5,USC00132977,FOREST CITY 2 NNE,32.4528488544019,0.04019101431428286
19197,1,USC00131541,CLARION,1.4492808416102947,0.9941318697305013
19197,2,USC00138806,WEBSTER CITY,29.846163697386277,0.0023440780368080174
19197,3,USC00130923,BRITT 3E,41.43792565322006,0.0012160546289236478
19197,4,USC00132999,FT DODGE 5NNW,41.560319660831254,0.0012089026801854579
19197,5,USC00133584,HAMPTON,43.58699698987638,0.0010990949235816206
20001,1,USC00143984,IOLA 1 W,11.654203621930453,0.5182233158934803
20001,2,USC00143867,HUMBOLDT,15.045373770085828,0.3109397104512234
20001,3,USW00013981,CHANUTE MARTIN JOHNSON AP,28.72432213286574,0.0853065886915866
20001,4,USC00149080,YATES CTR,37.46154419981014,0.05015460352032493
20001,5,USC00143008,GARNETT 1 E,44.60546336116844,0.035375781443384866
20003,1,USC00143008,GARNETT 1 E,9.700178308340082,0.8098903060421797
20003,2,USC00143984,IOLA 1 W,34.44885433345954,0.0642149382836773
20003,3,USC00144104,JOHN REDMOND LAKE,40.23977095116013,0.04706246122851272
20003,4,USC00146084,OSAWATOMIE,43.65946698799646,0.03997871004483529
20003,5,USC00146128,OTTAWA,44.28710304480729,0.03885358440079503
20005,1,USC00143810,HORTON,23.22765387148208,0.4202851212833093
20005,2,USC00148250,TROY 3N,38.12843865037334,0.15597559977518738
20005,3,USC00143634,HIAWATHA 1 S,38.538113942593135,0.1526770620254123
20005,4,USC00143759,HOLTON,38.79320811345315,0.1506757335657536
20005,5,USW00013993,ST JOSEPH ROSECRANS MEM AP,43.39987607152428,0.12038648335033736
20007,1,USC00144341,KIOWA,28.648778285884912,0.5023196996859693
20007,2,USC00146549,PRATT 3NW,50.70043224775153,0.16038697608956304
20007,3,USC00141704,COLDWATER,56.56356687019343,0.12886021366805453
20007,4,USW00013980,ANTHONY,58.66493096454846,0.11979406311292716
20007,5,USC00144313,KINGMAN,68.19988957447337,0.08863904744348597
20009,1,USC00143218,GREAT BEND 3WNW,13.020783283915486,0.7756447011289097
20009,2,USC00143847,HUDSON,42.983467635988454,0.071176094429752
20009,3,USW00093997,RUSSELL MUNI AP,43.654155522932214,0.06900584343944305
20009,4,USC00142459,ELLSWORTH,54.664738575260145,0.04400707466686826
20009,5,USC00147796,STERLING,57.218660363622014,0.04016628633502692
20011,1,USC00142835,FT SCOTT,14.059020588035352,0.7180818041866218
20011,2,USC00143074,GIRARD,38.70913023921982,0.0947233893714819
20011,3,USC00235987,NEVADA WTP,41.92625497667214,0.08074430737722654
20011,4,USC00143984,IOLA 1 W,50.85898418548199,0.05487173500707644
20011,5,USC00143867,HUMBOLDT,52.45737595296499,0.05157876405759331
20013,1,USC00143634,HIAWATHA 1 S,3.418743619344601,0.9404324822374024
20013,2,USC00143810,HORTON,18.093614525345643,0.03357453604438455
20013,3,USW00094957,FALLS CITY BRENNER FLD,28.210212411984234,0.01381172665957208
20013,4,USC00148250,TROY 3N,41.19594942298827,0.00647666829075735
20013,5,USC00143759,HOLTON,43.89532294661213,0.005704586767883668
20015,1,USC00142401,EL DORADO,4.988941835119774,0.9543585346193322
20015,2,USC00141351,CASSODAY 2SE,34.39692578863737,0.020076554593566946
20015,3,USC00142622,EUREKA 1E,50.79700619106895,0.009205602300841616
20015,4,USC00145744,NEWTON,53.13127864482417,0.008414492111110339
20015,5,USC00148964,WINFIELD 3NE,54.679217322560945,0.007944816375148885
20017,1,USC00141858,COTTONWOOD FALLS,8.827799370417067,0.8006745584696728
20017,2,USC00141351,CASSODAY 2SE,30.965196542182134,0.06507486201724942
20017,3,USW00013989,EMPORIA ASOS,35.02228281180427,0.05087120632181668
20017,4,USC00142548,EMPORIA 3 NW,35.75451305339579,0.048808920479737276
20017,5,USC00141867,COUNCIL GROVE LAKE,42.48424801079174,0.03457045271152373
20019,1,USC00147305,SEDAN,6.294098527631862,0.9251037423681086
20019,2,USC00143822,HOWARD 2SE,33.81300768024022,0.0320545663318868
20019,3,USW00003959,BARTLESVILLE MUNI AP,47.812234306271506,0.016031694698256976
20019,4,USC00143954,INDEPENDENCE,49.138435186195665,0.01517801114729091
20019,5,USC00142894,FREDONIA,56.130877385644155,0.011631985454456805
20021,1,USC00141740,COLUMBUS,1.3983481402644087,0.9931209530565853
20021,2,USC00146414,PITTSBURG,27.638770654936398,0.002542115735200093
20021,3,USW00013987,JOPLIN RGNL AP,31.109664695151228,0.002006513576703676
20021,4,USC00143074,GIRARD,37.66672660650176,0.0013687275326592417
20021,5,USC00146242,PARSONS 2 NW,44.936455091766184,0.0009616900988517742
20023,1,USC00147093,SAINT FRANCIS,7.226578671083348,0.8863506520234105
20023,2,USC00250760,BENKELMAN 1N,34.308325328905624,0.03932529589898055
20023,3,USC00050834,BONNY DAM 2NE,36.64238144587995,0.03447495084109475
20023,4,USW00023065,GOODLAND,47.09252253593897,0.02087214724097941
20023,5,USC00054242,IDALIA,49.38809408340263,0.01897695399553486
20025,1,USC00140365,ASHLAND,6.282729214218091,0.9377552415675027
20025,2,USC00141704,COLDWATER,43.767197663625346,0.019323629569863155
20025,3,USC00145171,MEADE,47.34830290773286,0.016511151019641894
20025,4,USC00343489,GATE,47.821117461145526,0.016186268631273305
20025,5,USW00013985,DODGE CITY,60.1712242658658,0.010223709211718909
20027,1,USC00141559,CLAY CTR,4.795057527768232,0.9535326139425555
20027,2,USC00145306,MILFORD LAKE,38.05909972588133,0.015135827647276877
20027,3,USC00141435,CHAPMAN,43.7530493715289,0.011452664607512795
20027,4,USC00140010,ABILENE,46.66303023035674,0.010068790857532376
20027,5,USC00142827,FT RILEY,47.27426827901516,0.009810102945122535
20029,1,USW00013984,CONCORDIA ASOS,7.169948184450719,0.8845463547514214
20029,2,USC00140682,BELLEVILLE,38.389860263406284,0.03085457500257807
20029,3,USC00141874,COURTLAND,39.254977091052375,0.029509589954230864
20029,4,USC00140693,BELOIT,40.57337785936528,0.02762296545018185
20029,5,USC00145363,MINNEAPOLIS,40.688767745989196,0.027466514841588015
20031,1,USC00144104,JOHN REDMOND LAKE,2.7271852651263093,0.9791571338505679
20031,2,USC00145210,MELVERN LAKE,29.82229653481352,0.00818840863123408
20031,3,USC00149080,YATES CTR,39.268662809428136,0.00472269012161873
20031,4,USW00013989,EMPORIA ASOS,41.89900086504635,0.004148339982509529
20031,5,USC00143984,IOLA 1 W,43.87308108568494,0.003783427414069686
20033,1,USC00141704,COLDWATER,11.583967237301856,0.8463731133361871
20033,2,USC00140365,ASHLAND,45.377944496261286,0.0551552504091316
20033,3,USC00143239,GREENSBURG,47.03501568444251,0.05133740514743575
20033,4,USC00146549,PRATT 3NW,68.91642304067985,0.023912833686063624
20033,5,USC00144341,KIOWA,69.93491869066727,0.02322139742118185
20035,1,USC00148964,WINFIELD 3NE,10.96181625834535,0.8720375554111937
20035,2,USC00148670,WELLINGTON,51.659114037354435,0.039265064731736916
20035,3,USC00143822,HOWARD 2SE,59.15748503834564,0.02994200096298447
20035,4,USC00147305,SEDAN,59.32603543913433,0.029772107016146847
20035,5,USW00013969,PONCA CITY MUNI AP,60.12795137081019,0.0289832718779382
20037,1,USC00143074,GIRARD,1.3036284619107787,0.9916995146985564
20037,2,USC00146414,PITTSBURG,18.53719092069433,0.0049045585387906265
20037,3,USC00142835,FT SCOTT,37.22467149524908,0.0012162588702053483
20037,4,USC00141740,COLUMBUS,37.6122447022964,0.0011913222756233196
20037,5,USC00146242,PARSONS 2 NW,41.294238697087906,0.0009883456168241378
20039,1,USC00145906,OBERLIN,6.519948889226137,0.9314432020405433
20039,2,USC00145852,NORTON DAM,44.627066100970886,0.01988145148127102
20039,3,USC00143837,HOXIE,47.465529424159435,0.01757470732416202
20039,4,USC00140439,ATWOOD,49.79915443286151,0.015966172699432762
20039,5,USC00255310,MC COOK,51.14919728103769,0.01513446645459078
20041,1,USC00140010,ABILENE,8.094828452421332,0.7028105259957894
20041,2,USC00141435,CHAPMAN,16.53013069661804,0.16853922074679561
20041,3,USC00143594,HERINGTON,28.882852372685658,0.05520436203972414
20041,4,USC00145306,MILFORD LAKE,32.12339103996877,0.04462834558780625
20041,5,USC00142827,FT RILEY,39.97590307160626,0.02881754562988456
20043,1,USC00148250,TROY 3N,6.738993716678247,0.8291674126865028
20043,2,USW00013993,ST JOSEPH ROSECRANS MEM AP,20.447348093194517,0.09006547576092698
20043,3,USC00143634,HIAWATHA 1 S,33.27145335079956,0.0340164340432768
20043,4,USC00143810,HORTON,34.58918243998198,0.03147398505610787
20043,5,USW00094957,FALLS CITY BRENNER FLD,49.647970062734736,0.01527669245318553
20045,1,USC00141612,CLINTON LAKE,6.49198185503056,0.5375300656400845
20045,2,USC00144559,LAWRENCE,7.670777245902853,0.3850158536257791
20045,3,USC00146333,PERRY LAKE,26.64881360837042,0.031900801652221276
20045,4,USC00146128,OTTAWA,31.493467627892855,0.022841067205800914
20045,5,USW00013920,TOPEKA FORBES FLD,31.582678701747227,0.022712211876114018
20047,1,USC00143239,GREENSBURG,31.257139591098365,0.46968694731245914
20047,2,USC00146549,PRATT 3NW,52.0236571128793,0.169552890760507
20047,3,USW00013985,DODGE CITY,59.912349416946626,0.12784220564534332
20047,4,USC00143847,HUDSON,61.658616582487966,0.120703372063421
20047,5,USC00144087,JETMORE 8NNW,63.94827377068614,0.11221458421826956
20049,1,USC00143822,HOWARD 2SE,1.3128282723686968,0.9959053850045473
20049,2,USC00147305,SEDAN,36.45901600453223,0.0012912907377315482
20049,3,USC00142894,FREDONIA,37.85794316420748,0.0011976223512196408
20049,4,USC00142622,EUREKA 1E,41.09823250195447,0.0010162197544952127
20049,5,USC00143954,INDEPENDENCE,53.96120397864058,0.0005894821520062839
20051,1,USC00143523,HAYS,5.30378486504706,0.5762264487175665
20051,2,USC00143527,HAYS 1 S,6.428892968428774,0.39218646094182713
20051,3,USC00146435,PLAINVILLE 4WNW,37.145585807186336,0.011747638237383434
20051,4,USC00141383,CEDAR BLUFF DAM,37.460402879163375,0.011551013732538008
20051,5,USW00093997,RUSSELL MUNI AP,44.22278989957428,0.008288438370685039
20053,1,USC00142459,ELLSWORTH,3.6331437670968056,0.9547414098049785
20053,2,USC00144178,KANOPOLIS LAKE,23.70813933409039,0.02242105195138861
20053,3,USC00144712,LINCOLN 1 SE,37.11161568500818,0.009150212975839142
20053,4,USC00148946,WILSON LAKE,38.43281739166759,0.008531914251943716
20053,5,USW00003919,SALINA MUNI AP,49.44174790009464,0.005155411015850081
20055,1,USC00142980,GARDEN CITY EXP STN,8.932926119520054,0.6654839884646724
20055,2,USW00023064,GARDEN CITY RGNL AP,14.289688387235577,0.2600636050179596
20055,3,USC00141522,CIMARRON,43.450173872322026,0.0281282075361279
20055,4,USC00144464,LAKIN,46.231336338720595,0.024845755141641047
20055,5,USC00147271,SCOTT CITY,49.723437091641955,0.021478443839599116
20057,1,USW00013985,DODGE CITY,10.934368538954503,0.8441589928727593
20057,2,USC00141522,CIMARRON,42.83144658577603,0.055015641525044456
20057,3,USC00143239,GREENSBURG,52.17232248537738,0.037079282891928786
20057,4,USC00140365,ASHLAND,55.9905304870863,0.032194560587093746
20057,5,USC00144087,JETMORE 8NNW,56.55821252312819,0.03155152212317378
20059,1,USC00146128,OTTAWA,6.149042374456111,0.8600530478463593
20059,2,USC00146498,POMONA LAKE,26.760986020827158,0.04540837795779917
20059,3,USC00146084,OSAWATOMIE,30.001348156902626,0.03612922696151786
20059,4,USC00143008,GARNETT 1 E,31.370145180673088,0.03304510633926263
20059,5,USC00143686,HILLSDALE LAKE,35.80627731434086,0.025364240895061046
20061,1,USC00142827,FT RILEY,6.128356706149857,0.6838020929502721
20061,2,USC00145306,MILFORD LAKE,13.820797202474626,0.13444736916916297
20061,3,USW00003936,MANHATTAN ASOS,16.600903135742282,0.09318694330733074
20061,4,USC00141435,CHAPMAN,21.93330149350368,0.053383922396340086
20061,5,USC00144972,MANHATTAN,27.018631904359044,0.035179672176894036
20063,1,USC00146637,QUINTER,27.15310766663172,0.40721550127566525
20063,2,USC00143554,HEALY,37.06310842100266,0.21856454086383495
20063,3,USC00145888,OAKLEY 4W,45.11693012196874,0.14749737872396984
20063,4,USC00143837,HOXIE,49.04642264936086,0.12480980725496955
20063,5,USC00148495,WAKEENEY,54.27719374613225,0.10191277188156041
20065,1,USC00143665,HILL CITY 1E,4.544562030566335,0.5160865674073384
20065,2,USW00093990,HILL CITY MUNI AP,4.792611375644808,0.4640472446341607
20065,3,USC00148495,WAKEENEY,37.84233072742173,0.007443048910706624
20065,4,USC00148648,WEBSTER DAM,39.956548586734755,0.006676220814752573
20065,5,USC00145856,NORTON 9SSE,43.06612577063116,0.0057469182330417415
20067,1,USC00148287,ULYSSES 3NE,5.694800883222193,0.9378646174070723
20067,2,USC00144114,JOHNSON,39.834469786305185,0.01916810401047143
20067,3,USC00143855,HUGOTON,42.8094384682256,0.016596563679904395
20067,4,USC00144464,LAKIN,43.983908888208674,0.015722065213511487
20067,5,USC00146808,RICHFIELD,53.444294620443394,0.010648649689040678
20069,1,USC00141522,CIMARRON,12.061531225290231,0.7309020179720045
20069,2,USW00023064,GARDEN CITY RGNL AP,31.01130531569875,0.11056660087378002
20069,3,USC00142980,GARDEN CITY EXP STN,42.0158916858068,0.060233331173084034
20069,4,USW00013985,DODGE CITY,42.48655043249626,0.05890621380175719
20069,5,USC00145171,MEADE,51.95518713109285,0.03939183617937441
20071,1,USC00148235,TRIBUNE 1W,3.273811616903131,0.9841756317034936
20071,2,USC00147397,SHARON SPRINGS,46.46530941835377,0.004885649548652783
20071,3,USC00148535,WALLACE,51.57827212005723,0.003965029294134345
20071,4,USC00148038,SYRACUSE 1NE,54.5088839022136,0.0035501393400481146
20071,5,USC00054076,HOLLY,55.50749705361006,0.0034235501136711337
20073,1,USC00142622,EUREKA 1E,6.330728470279177,0.9209849805400158
20073,2,USC00141351,CASSODAY 2SE,35.428791813961894,0.029406764017674097
20073,3,USC00149080,YATES CTR,45.10702216192414,0.018141433738179436
20073,4,USC00143822,HOWARD 2SE,46.85190995697821,0.01681532715448506
20073,5,USW00013989,EMPORIA ASOS,50.19251953018473,0.014651494549645722
20075,1,USC00148038,SYRACUSE 1NE,4.563891172842839,0.9537878117784178
20075,2,USC00054076,HOLLY,30.26615742224582,0.021687413260033324
20075,3,USC00144114,JOHNSON,47.779977195864994,0.008702227888333806
20075,4,USC00144464,LAKIN,48.10848247357389,0.00858378858885306
20075,5,USC00148235,TRIBUNE 1W,52.38767453211241,0.0072387584843619235
20077,1,USW00013980,ANTHONY,5.012504970064031,0.9654109448889234
20077,2,USC00144341,KIOWA,42.07354013683866,0.013702623941558459
20077,3,USC00144313,KINGMAN,51.090065734472546,0.009292850013199625
20077,4,USC00148670,WELLINGTON,57.98013931565739,0.0072154486700419344
20077,5,USC00344019,HELENA 1 SSE,74.4331631723634,0.004378132486276496
20079,1,USC00145744,NEWTON,7.737709587169502,0.8718826206738898
20079,2,USW00013986,HUTCHINSON MUNI AP,37.18508586081394,0.03775246338759609
20079,3,USC00145152,MCPHERSON,39.38255865114264,0.033656969979438386
20079,4,USC00143929,HUTCHINSON,41.88560375353444,0.029754544930537623
20079,5,USW00003928,WICHITA,44.008305789510324,0.026953401028538108
20081,1,USC00148287,ULYSSES 3NE,36.52549689105777,0.31505974665414516
20081,2,USW00023064,GARDEN CITY RGNL AP,43.037162545882516,0.22693314092197073
20081,3,USC00142980,GARDEN CITY EXP STN,49.07942238917852,0.17449633073143936
20081,4,USC00144464,LAKIN,53.82729092823626,0.14507084457326191
20081,5,USC00141522,CIMARRON,55.10130641563601,0.13843993711918298
20083,1,USC00144087,JETMORE 8NNW,12.224477307097578,0.7767250057977375
20083,2,USW00013985,DODGE CITY,36.84906456054793,0.08548205407800316
20083,3,USC00145692,NESS CITY,40.743884678360075,0.06992025708803166
20083,4,USC00141522,CIMARRON,49.66936814959157,0.04704902346005656
20083,5,USW00023064,GARDEN CITY RGNL AP,74.65955800403634,0.02082365957617108
20085,1,USC00143759,HOLTON,6.197771414471137,0.9229494707384684
20085,2,USC00143810,HORTON,36.9929231979446,0.025906678325103634
20085,3,USW00013996,TOPEKA ASOS,40.35125729929369,0.021773833192877227
20085,4,USC00146333,PERRY LAKE,46.495034314173175,0.01639969945621478
20085,5,USC00143634,HIAWATHA 1 S,52.28163975933513,0.012970318287335957
20087,1,USC00146333,PERRY LAKE,13.906976697778942,0.5872277255239033
20087,2,USW00013996,TOPEKA ASOS,28.513273369391985,0.13969403130892305
20087,3,USC00144559,LAWRENCE,33.29547950079352,0.10244752214799446
20087,4,USC00141612,CLINTON LAKE,33.37178324791463,0.10197957034995495
20087,5,USC00143759,HOLTON,40.67355124019632,0.06865115066922421
20089,1,USC00141179,BURR OAK 4S,7.164837699472418,0.7804520660509613
20089,2,USC00144857,LOVEWELL DAM,21.679839170917308,0.08524066643542036
20089,3,USC00141874,COURTLAND,27.94918324998956,0.05128858369229024
20089,4,USC00258320,SUPERIOR,30.763030084734307,0.04233511348841946
20089,5,USC00143100,GLEN ELDER LAKE,31.381228767002987,0.040683570332908627
20091,1,USW00093909,OLATHE JOHNSON CO IND AP,9.040061763286124,0.7660094560743048
20091,2,USC00143686,HILLSDALE LAKE,25.103127319071895,0.09933933963073986
20091,3,USW00013988,KANSAS CITY DWTN AP,33.78257714172917,0.05485186164465627
20091,4,USC00144559,LAWRENCE,37.73463068870697,0.04396395133050088
20091,5,USC00234850,LEES SUMMIT REED WR,41.79577546914019,0.03583539131979826
20093,1,USC00144464,LAKIN,7.86751755401911,0.8845203575751354
20093,2,USC00148038,SYRACUSE 1NE,37.99380471118704,0.037927804327376226
20093,3,USC00142980,GARDEN CITY EXP STN,43.459197156242055,0.028988108338139945
20093,4,USC00148287,ULYSSES 3NE,44.07742107544128,0.02818064448196205
20093,5,USW00023064,GARDEN CITY RGNL AP,51.82707229210388,0.020383085277386387
20095,1,USC00144313,KINGMAN,10.411874808284688,0.8536908146299581
20095,2,USC00143930,HUTCHINSON 10 SW,43.243523332110506,0.04948987314809896
20095,3,USW00013980,ANTHONY,45.42703258623483,0.04484662310073867
20095,4,USC00146549,PRATT 3NW,57.21237966264612,0.02827342749388393
20095,5,USW00013986,HUTCHINSON MUNI AP,62.49018842141741,0.023699261627320143
20097,1,USC00143239,GREENSBURG,4.791927330257561,0.957451360601077
20097,2,USC00141704,COLDWATER,32.59585478955391,0.02069247401562292
20097,3,USC00146549,PRATT 3NW,46.64764003395072,0.010103638825695187
20097,4,USC00140365,ASHLAND,58.65401867605022,0.006390599794053393
20097,5,USW00013985,DODGE CITY,64.03363332095307,0.005361926763551415
20099,1,USC00145536,MOUND VALLEY 3 WSW,13.54290986522517,0.5593440780610183
20099,2,USC00146242,PARSONS 2 NW,19.624753427774678,0.2663756992989134
20099,3,USC00143954,INDEPENDENCE,36.01999203101706,0.07907073862431861
20099,4,USC00141740,COLUMBUS,41.49659946534205,0.05957691387177226
20099,5,USC00143074,GIRARD,53.65719132606506,0.035632570143977485
20101,1,USC00143554,HEALY,18.7988776131014,0.6369530401630881
20101,2,USC00147271,SCOTT CITY,39.293141423236285,0.1457933627390637
20101,3,USC00145692,NESS CITY,49.8471881853971,0.0905920161475815
20101,4,USC00144087,JETMORE 8NNW,57.38906780818497,0.06834597053464801
20101,5,USC00142980,GARDEN CITY EXP STN,62.12883569453648,0.05831561041561874
20103,1,USW00003947,KANSAS CITY INTL AP,29.129227684474117,0.2653035190195969
20103,2,USC00144559,LAWRENCE,31.551936955361406,0.22612516661899273
20103,3,USC00146333,PERRY LAKE,32.97897477861481,0.2069791741373884
20103,4,USC00141612,CLINTON LAKE,37.9327241011472,0.15644903415245293
20103,5,USW00013988,KANSAS CITY DWTN AP,39.3824081723533,0.14514310607156902
20105,1,USC00144712,LINCOLN 1 SE,7.546049135994798,0.8411216559240317
20105,2,USC00148946,WILSON LAKE,25.363846579787538,0.07445053742597531
20105,3,USC00142459,ELLSWORTH,35.3254623689408,0.038381537008963386
20105,4,USC00145363,MINNEAPOLIS,44.816493612553224,0.023846372433930205
20105,5,USC00140693,BELOIT,46.448699018866364,0.022199897207099587
20107,1,USC00146084,OSAWATOMIE,32.305988428503206,0.2822865903212911
20107,2,USC00143008,GARNETT 1 E,33.31642915802019,0.26542352887792037
20107,3,USC00231145,BUTLER 4W,38.740201401744045,0.19630554445445947
20107,4,USC00142835,FT SCOTT,46.21885302499725,0.13791705879736468
20107,5,USC00143686,HILLSDALE LAKE,49.95320785018124,0.11806727754896434
20109,1,USC00145888,OAKLEY 4W,28.834884654696445,0.39944100280826933
20109,2,USC00148535,WALLACE,37.02327378932826,0.24229220538288299
20109,3,USC00147397,SHARON SPRINGS,51.43458428555366,0.1255389847794249
20109,4,USC00147271,SCOTT CITY,53.02528031616939,0.1181199172858909
20109,5,USC00141699,COLBY 1SW,53.83159924548081,0.11460788974353195
20111,1,USC00142548,EMPORIA 3 NW,5.764386785301053,0.8095693171072221
20111,2,USW00013989,EMPORIA ASOS,14.320611719336187,0.13117078823967437
20111,3,USC00141858,COTTONWOOD FALLS,34.99233813506607,0.02196920508300916
20111,4,USC00146076,OSAGE CITY,37.09410385874504,0.019550168304555485
20111,5,USC00141867,COUNCIL GROVE LAKE,38.940089524029965,0.017740521265538663
20113,1,USC00145152,MCPHERSON,3.889886646668947,0.9634174411491261
20113,2,USC00144178,KANOPOLIS LAKE,35.9689635031482,0.01126762928245381
20113,3,USW00013986,HUTCHINSON MUNI AP,40.90697873492844,0.008711512941321378
20113,4,USC00143929,HUTCHINSON,41.13341510198506,0.008615864485176913
20113,5,USW00003919,SALINA MUNI AP,42.720600132983165,0.00798755214192197
20115,1,USC00145039,MARION RSVR,3.153711138442004,0.9784134496813742
20115,2,USC00143594,HERINGTON,36.51924877422986,0.007296634084429653
20115,3,USC00145744,NEWTON,43.445200676548176,0.005155640454692364
20115,4,USC00145152,MCPHERSON,44.237492381350194,0.004972619586924096
20115,5,USC00141858,COTTONWOOD FALLS,48.35596109944876,0.004161656192579708
20117,1,USC00145063,MARYSVILLE,11.617329933199954,0.5659049854942199
20117,2,USC00142881,FRANKFORT 6NE,14.629324602130731,0.3568680061033545
20117,3,USC00148578,WASHINGTON,45.69406476789729,0.03657940030096982
20117,4,USC00148259,TUTTLE CREEK LAKE,59.88897747580423,0.021294251091703777
20117,5,USC00258410,TABLE ROCK 4N,62.820288924952585,0.019353357009752003
20119,1,USC00145171,MEADE,4.762807705905574,0.9708081848815732
20119,2,USC00343489,GATE,51.40352694919289,0.00833438748461446
20119,3,USC00140365,ASHLAND,53.132687574341,0.007800742752413961
20119,4,USC00144695,LIBERAL,53.95198451873583,0.007565622654143109
20119,5,USC00141522,CIMARRON,63.328846773257986,0.005491062227255225
20121,1,USC00143686,HILLSDALE LAKE,11.933316287836517,0.441691320271084
20121,2,USC00146084,OSAWATOMIE,12.348625655505494,0.4124809704675857
20121,3,USW00093909,OLATHE JOHNSON CO IND AP,28.834905854591888,0.07564915695696338
20121,4,USC00146128,OTTAWA,39.26523384332002,0.040796677150937787
20121,5,USC00143008,GARNETT 1 E,46.2680109340989,0.029381875153429285
20123,1,USC00140693,BELOIT,10.852954881577583,0.5995809456208462
20123,2,USC00143100,GLEN ELDER LAKE,15.408256916802735,0.29746563132691123
20123,3,USC00144712,LINCOLN 1 SE,40.9790398911129,0.04205525395572615
20123,4,USC00141179,BURR OAK 4S,45.927794985048834,0.0334805533628168
20123,5,USC00141874,COURTLAND,50.752456335082044,0.027417615733699715
20125,1,USC00143954,INDEPENDENCE,6.407411633415336,0.8808141094399512
20125,2,USC00145536,MOUND VALLEY 3 WSW,25.87590275603555,0.0540080494887158
20125,3,USC00142894,FREDONIA,39.012830566837316,0.0237593519293898
20125,4,USC00147305,SEDAN,39.29866535544524,0.023414986463069293
20125,5,USC00146242,PARSONS 2 NW,44.81735819159055,0.0180035026788739
20127,1,USC00141867,COUNCIL GROVE LAKE,12.381036815935605,0.6641060513344752
20127,2,USC00143594,HERINGTON,25.972444042446792,0.1509127138475652
20127,3,USC00141858,COTTONWOOD FALLS,36.47024935740687,0.07653745236046301
20127,4,USC00142827,FT RILEY,42.191612911810296,0.057187249824692386
20127,5,USC00141435,CHAPMAN,44.56573995352434,0.05125653263280424
20129,1,USC00146808,RICHFIELD,8.999424570396005,0.7648877240870633
20129,2,USC00142432,ELKHART,21.09544031308361,0.13920344526326875
20129,3,USC00143855,HUGOTON,41.666712043293984,0.03568196072118056
20129,4,USC00144114,JOHNSON,42.755779757577194,0.03388734239525097
20129,5,USC00058793,WALSH 1 W,48.49641064027873,0.026339527533236505
20131,1,USC00142881,FRANKFORT 6NE,29.523272498719727,0.35234864709741015
20131,2,USC00143634,HIAWATHA 1 S,40.74359210020105,0.18500478781001428
20131,3,USC00143759,HOLTON,42.81266813595617,0.16755485241085322
20131,4,USC00143810,HORTON,43.71187646684601,0.16073212919818944
20131,5,USW00094957,FALLS CITY BRENNER FLD,47.809750224000304,0.13435958348353286
20133,1,USW00013981,CHANUTE MARTIN JOHNSON AP,19.009809158399868,0.3891204439420436
20133,2,USC00146242,PARSONS 2 NW,21.98310968065579,0.2909787736395302
20133,3,USC00143867,HUMBOLDT,29.79218814658036,0.15842902833399553
20133,4,USC00143984,IOLA 1 W,41.04534587756391,0.08346640787335805
20133,5,USC00143074,GIRARD,42.45781075607546,0.07800534621107258
20135,1,USC00145692,NESS CITY,3.1941033453406225,0.9780603663695961
20135,2,USC00144087,JETMORE 8NNW,31.592702448696564,0.009997468246956263
20135,3,USC00141383,CEDAR BLUFF DAM,38.7982546447667,0.0066288655348608365
20135,4,USC00148495,WAKEENEY,59.4918100655594,0.0028193514857341845
20135,5,USC00143554,HEALY,63.25401034908727,0.002493948362852614
20137,1,USC00145852,NORTON DAM,4.547854976286561,0.6993298788377307
20137,2,USC00145856,NORTON 9SSE,7.2149438346949415,0.2778621482950568
20137,3,USC00250640,BEAVER CITY,39.03275094671403,0.009493732209514933
20137,4,USW00093990,HILL CITY MUNI AP,45.93771607777397,0.006854195696648002
20137,5,USC00143665,HILL CITY 1E,47.31838122733374,0.006460044961049675
20139,1,USC00146076,OSAGE CITY,8.385372314952866,0.5429559765869305
20139,2,USC00146498,POMONA LAKE,12.358839549601191,0.24995045436962215
20139,3,USC00145210,MELVERN LAKE,16.274517173856434,0.14414284599551808
20139,4,USW00013920,TOPEKA FORBES FLD,32.751055766969166,0.035592517684152454
20139,5,USC00146128,OTTAWA,37.35604214000983,0.027358205363777
20141,1,USC00143100,GLEN ELDER LAKE,42.57964916571696,0.24693364698047213
20141,2,USC00144357,KIRWIN DAM,46.294179322498245,0.2088967334725333
20141,3,USC00147542,SMITH CTR,47.70410472470996,0.19673105847625955
20141,4,USC00148946,WILSON LAKE,48.77459538173487,0.18819023191695097
20141,5,USW00093997,RUSSELL MUNI AP,53.02183719382285,0.15924832915378398
20143,1,USC00145363,MINNEAPOLIS,4.549568123857113,0.9574186524526326
20143,2,USW00003919,SALINA MUNI AP,39.81382965720407,0.01250185106949811
20143,3,USC00144712,LINCOLN 1 SE,42.754986083005846,0.010840983668442553
20143,4,USC00140010,ABILENE,44.826297649062546,0.009862260912736127
20143,5,USW00013984,CONCORDIA ASOS,45.97338494618134,0.009376251896690566
20145,1,USC00143218,GREAT BEND 3WNW,42.003870899969264,0.3321350194981152
20145,2,USC00143847,HUDSON,51.06293581520889,0.22474070447106753
20145,3,USC00144087,JETMORE 8NNW,59.691021321727064,0.16446567785654148
20145,4,USC00143239,GREENSBURG,64.6506305950698,0.14019992081667526
20145,5,USC00145692,NESS CITY,65.05588064017678,0.13845867735760056
20147,1,USC00144357,KIRWIN DAM,23.190367124771782,0.44539522466339926
20147,2,USC00253595,HARLAN CO LAKE,35.616937826627336,0.18881984987135444
20147,3,USC00145856,NORTON 9SSE,42.49940227751588,0.1326157666305257
20147,4,USC00148648,WEBSTER DAM,42.921197381437715,0.13002209105556348
20147,5,USC00147542,SMITH CTR,48.1894488125881,0.10314706777915711
20149,1,USC00148563,WAMEGO 4 W,18.892450048585243,0.43379188761009635
20149,2,USC00148259,TUTTLE CREEK LAKE,27.082101687219748,0.21110244450408383
20149,3,USC00144972,MANHATTAN,29.41234661516384,0.17897758367662137
20149,4,USW00003936,MANHATTAN ASOS,40.312648262083556,0.09527420482072098
20149,5,USC00142881,FRANKFORT 6NE,43.76012606557804,0.08085387938847759
20151,1,USC00146549,PRATT 3NW,4.251461409990857,0.9761353945379103
20151,2,USC00143239,GREENSBURG,49.75500921241618,0.0071271011310399075
20151,3,USC00143847,HUDSON,51.266627272348714,0.006713006214818089
20151,4,USC00144313,KINGMAN,54.15785893940704,0.006015386956888672
20151,5,USC00141704,COLDWATER,66.33904613546677,0.004009111159342988
20153,1,USC00140439,ATWOOD,3.2958469066391265,0.9803676714993532
20153,2,USC00141699,COLBY 1SW,43.78237210471464,0.005555516820537165
20153,3,USC00258628,TRENTON DAM 1N,44.941908374216936,0.0052725416889254015
20153,4,USC00145906,OBERLIN,48.038750039544325,0.004614659325902403
20153,5,USC00250760,BENKELMAN 1N,50.41673159484434,0.004189610665281842
20155,1,USC00143930,HUTCHINSON 10 SW,4.66989308743068,0.8861738894085356
20155,2,USC00143929,HUTCHINSON,21.441322224718675,0.042036804837163204
20155,3,USW00013986,HUTCHINSON MUNI AP,23.273691473795182,0.03567814612505431
20155,4,USC00147796,STERLING,31.62545693480749,0.01932231720441491
20155,5,USC00144313,KINGMAN,33.92782632171402,0.01678884242483203
20157,1,USC00140682,BELLEVILLE,1.6695149142382488,0.9868403889948223
20157,2,USC00141874,COURTLAND,21.569743298284838,0.005912042790876326
20157,3,USW00013984,CONCORDIA ASOS,30.8572601306919,0.002888768891335435
20157,4,USC00144857,LOVEWELL DAM,32.94426835869493,0.0025343569803494503
20157,5,USC00253735,HEBRON,38.82832798469251,0.0018244423426165392
20159,1,USC00147796,STERLING,14.82843749234432,0.6398511722498214
20159,2,USC00144178,KANOPOLIS LAKE,35.81280707474293,0.10969656418654158
20159,3,USC00143929,HUTCHINSON,38.14224666292981,0.09670684407804336
20159,4,USC00142459,ELLSWORTH,42.583941150164144,0.07758505021872295
20159,5,USW00013986,HUTCHINSON MUNI AP,42.980390327639554,0.07616036926687074
20161,1,USC00148259,TUTTLE CREEK LAKE,12.050096309122784,0.41885228366755134
20161,2,USC00144972,MANHATTAN,16.356717557972136,0.22732626401574252
20161,3,USW00003936,MANHATTAN ASOS,17.93192050374775,0.1891421467136621
20161,4,USC00142827,FT RILEY,26.220873169088037,0.08846014032018494
20161,5,USC00145306,MILFORD LAKE,28.24807565282648,0.07621916528285928
20163,1,USC00148648,WEBSTER DAM,10.323498834080262,0.5277740539713731
20163,2,USC00146435,PLAINVILLE 4WNW,12.231995438578917,0.37593022201009685
20163,3,USC00144357,KIRWIN DAM,39.15686703300628,0.03668478595400839
20163,4,USC00143665,HILL CITY 1E,43.310815397519434,0.029985351339815933
20163,5,USW00093990,HILL CITY MUNI AP,43.57299887972877,0.029625586724705454
20165,1,USC00143527,HAYS 1 S,37.32230127535136,0.26551616811541434
20165,2,USC00143523,HAYS,38.17953595367803,0.25372689763090944
20165,3,USC00143218,GREAT BEND 3WNW,45.96481352986344,0.17505591714864469
20165,4,USC00141383,CEDAR BLUFF DAM,47.130364037430276,0.16650459064083853
20165,5,USC00145692,NESS CITY,51.546580130497915,0.13919642646419295
20167,1,USW00093997,RUSSELL MUNI AP,5.864984553220467,0.9114630704321727
20167,2,USC00148946,WILSON LAKE,25.035327918612303,0.05002259916891686
20167,3,USC00143523,HAYS,47.5652834073066,0.013857747534202484
20167,4,USC00143527,HAYS 1 S,49.30442702684103,0.012897364980884186
20167,5,USC00142459,ELLSWORTH,51.63535800916936,0.011759217883823798
20169,1,USW00003919,SALINA MUNI AP,1.4488422046110725,0.9944312604469655
20169,2,USC00144178,KANOPOLIS LAKE,33.67570697955464,0.001840702071509102
20169,3,USC00145363,MINNEAPOLIS,37.30129984307577,0.0015002685767205707
20169,4,USC00140010,ABILENE,40.83791555408702,0.0012516699086134503
20169,5,USC00145152,MCPHERSON,46.24465453191589,0.0009760989961914634
20171,1,USC00147271,SCOTT CITY,1.255878216505168,0.9967731120637542
20171,2,USC00143554,HEALY,28.195319899377804,0.001977594824132428
20171,3,USC00142980,GARDEN CITY EXP STN,54.96817152101479,0.0005203179255918803
20171,4,USW00023064,GARDEN CITY RGNL AP,64.26885070474555,0.00038061885828802577
20171,5,USC00144464,LAKIN,67.17904606212029,0.00034835632823333767
20173,1,USW00003928,WICHITA,3.357887152834984,0.980516420516474
20173,2,USC00145744,NEWTON,39.151721587894514,0.007212491884166945
20173,3,USC00148670,WELLINGTON,46.09753634476123,0.005202734141075511
20173,4,USW00013986,HUTCHINSON MUNI AP,55.545376974382314,0.003583366487348288
20173,5,USC00142401,EL DORADO,56.32393038698547,0.003484986970935381
20175,1,USC00144695,LIBERAL,17.31371241877899,0.661856937217881
20175,2,USC00143855,HUGOTON,42.99123067068309,0.10734572896529576
20175,3,USC00145171,MEADE,46.63150005110348,0.09124009990723457
20175,4,USC00344298,HOOKER,48.32326627002091,0.0849634152905431
20175,5,USC00148287,ULYSSES 3NE,60.28378690004576,0.05459381861904567
20177,1,USW00013996,TOPEKA ASOS,11.696259368158044,0.49842840433748803
20177,2,USW00013920,TOPEKA FORBES FLD,14.34729558159218,0.3312505996476824
20177,3,USC00146333,PERRY LAKE,31.00123934248419,0.07094775414602024
20177,4,USC00142602,ESKRIDGE,36.45599628136782,0.051304897225321916
20177,5,USC00141612,CLINTON LAKE,37.66333724983481,0.04806834464348741
20179,1,USC00143837,HOXIE,0.707586131978275,0.9990607604541646
20179,2,USC00146637,QUINTER,36.05648017798904,0.0003847546429950217
20179,3,USC00145888,OAKLEY 4W,50.76984918288996,0.00019406123026950841
20179,4,USW00093990,HILL CITY MUNI AP,52.61318386584892,0.00018070133429063997
20179,5,USC00143665,HILL CITY 1E,52.75628834402074,0.00017972233828037571
20181,1,USW00023065,GOODLAND,2.4117711110845295,0.9820814234400411
20181,2,USC00141029,BREWSTER 4W,23.602079537137932,0.010254609681410145
20181,3,USC00051121,BURLINGTON,46.79852386593023,0.002608286925773959
20181,4,USC00147093,SAINT FRANCIS,46.86857283122624,0.0026004961502779666
20181,5,USC00050834,BONNY DAM 2NE,48.235616289047776,0.0024551838024968694
20183,1,USC00147542,SMITH CTR,1.0291797002825416,0.9969696693422233
20183,2,USC00144357,KIRWIN DAM,31.919450592161482,0.0010364624055423646
20183,3,USC00253037,FRANKLIN #2,37.12405464071456,0.000766220139093103
20183,4,USC00141179,BURR OAK 4S,41.41428761927118,0.0006156926632364546
20183,5,USC00257070,RED CLOUD,41.54055371045821,0.0006119554499048048
20185,1,USC00143847,HUDSON,9.292980608482772,0.8547340801401794
20185,2,USC00143218,GREAT BEND 3WNW,38.28676299722553,0.0503551370800377
20185,3,USC00146549,PRATT 3NW,40.612461796166016,0.04475303064598996
20185,4,USC00147796,STERLING,49.03221302726492,0.030702807665179084
20185,5,USC00143930,HUTCHINSON 10 SW,61.59643019266434,0.019454944468613903
20187,1,USC00144114,JOHNSON,3.4199635059269773,0.9743035468288939
20187,2,USC00146808,RICHFIELD,33.52896504582986,0.010136707875181039
20187,3,USC00148287,ULYSSES 3NE,44.08213694677439,0.005864242866707542
20187,4,USC00148038,SYRACUSE 1NE,47.650187612622126,0.005018893697772956
20187,5,USC00058793,WALSH 1 W,49.36317614334952,0.004676608731444507
20189,1,USC00143855,HUGOTON,4.660702692134282,0.9519633509924793
20189,2,USC00344298,HOOKER,39.00177137095247,0.013594222218623555
20189,3,USC00144695,LIBERAL,41.0500088621207,0.012271467985308206
20189,4,USC00146808,RICHFIELD,42.27981774434297,0.01156796100784178
20189,5,USC00148287,ULYSSES 3NE,44.16184193761668,0.01060299779574717
20191,1,USC00148670,WELLINGTON,7.404754225720151,0.9224066547423038
20191,2,USW00003928,WICHITA,46.661710599593754,0.023228566677066347
20191,3,USW00013980,ANTHONY,48.24516573052979,0.021728818825372722
20191,4,USC00148964,WINFIELD 3NE,49.23873240683288,0.020860753727317154
20191,5,USW00013969,PONCA CITY MUNI AP,65.53715804655486,0.01177520602794004
20193,1,USC00141699,COLBY 1SW,4.063602366675983,0.9538767968459041
20193,2,USC00145888,OAKLEY 4W,29.706837666190044,0.017848505105094142
20193,3,USC00141029,BREWSTER 4W,31.200442386576114,0.01618054665789071
20193,4,USC00140439,ATWOOD,49.24003189637853,0.006496479056022469
20193,5,USW00023065,GOODLAND,53.046118410497,0.005597672335088555
20195,1,USC00148495,WAKEENEY,10.401897471575015,0.6673702566449572
20195,2,USC00141383,CEDAR BLUFF DAM,18.451289830009898,0.21209895224495542
20195,3,USC00146637,QUINTER,36.099400685808675,0.05541049129084298
20195,4,USC00143527,HAYS 1 S,46.36544662755585,0.03358946521615944
20195,5,USC00143523,HAYS,47.855103416591575,0.03153083460308495
20197,1,USC00142602,ESKRIDGE,13.49333253895508,0.6797906083196337
20197,2,USC00148563,WAMEGO 4 W,32.277132288779555,0.11880199206969282
20197,3,USC00141867,COUNCIL GROVE LAKE,40.975667088999884,0.0737159627691158
20197,4,USC00144972,MANHATTAN,42.43982061699732,0.06871736979403148
20197,5,USW00003936,MANHATTAN ASOS,45.811684812333866,0.05897406704752618
20199,1,USC00147397,SHARON SPRINGS,3.79838438329941,0.9323260520952052
20199,2,USC00148535,WALLACE,16.166944602607725,0.051464735255409746
20199,3,USC00051564,CHEYENNE WELLS 2NE,49.21667178400044,0.0055531724434632135
20199,4,USW00023065,GOODLAND,49.335505243384006,0.005526453027438067
20199,5,USC00148235,TRIBUNE 1W,51.208448053701524,0.005129587178483729
20201,1,USC00148578,WASHINGTON,4.984745539101607,0.9387420859195214
20201,2,USC00252820,FAIRBURY 7S,31.143554464796136,0.024048938950089593
20201,3,USC00145063,MARYSVILLE,39.818992482968284,0.014711323349213032
20201,4,USC00141559,CLAY CTR,44.874182354565455,0.011583483345221713
20201,5,USC00140682,BELLEVILLE,46.229671965227155,0.010914168435954445
20203,1,USC00148235,TRIBUNE 1W,37.09739972393261,0.30535447584247527
20203,2,USC00147271,SCOTT CITY,37.433584470323744,0.29989442960472157
20203,3,USC00148535,WALLACE,51.99573243641167,0.155437509390187
20203,4,USC00147397,SHARON SPRINGS,57.88184958003967,0.1254314459588123
20203,5,USC00144464,LAKIN,60.74601687298512,0.11388213920380393
20205,1,USC00142894,FREDONIA,7.7074245389129965,0.8208263252508295
20205,2,USW00013981,CHANUTE MARTIN JOHNSON AP,26.10964148500731,0.07152667259940047
20205,3,USC00143954,INDEPENDENCE,36.03625433097268,0.037548323644147764
20205,4,USC00149080,YATES CTR,36.146763735402104,0.03731908597363174
20205,5,USC00143867,HUMBOLDT,38.5685351302106,0.03277959253199051
20207,1,USC00149080,YATES CTR,2.74592620981689,0.9718594955940175
20207,2,USC00143867,HUMBOLDT,28.757099453233618,0.008861169590276673
20207,3,USC00143984,IOLA 1 W,29.58584263322796,0.008371693530036509
20207,4,USW00013981,CHANUTE MARTIN JOHNSON AP,34.12197911742739,0.006293797730518586
20207,5,USC00142894,FREDONIA,39.85283043220976,0.0046138435551509715
20209,1,USW00013988,KANSAS CITY DWTN AP,15.063930348016488,0.4714044323467287
20209,2,USW00003947,KANSAS CITY INTL AP,20.44056541597533,0.2560262232549427
20209,3,USC00234154,INDEPENDENCE,33.020196559955274,0.09810947487306916
20209,4,USW00093909,OLATHE JOHNSON CO IND AP,34.40567979321678,0.09036702255982881
20209,5,USC00237862,SMITHVILLE LAKE,35.666098272179006,0.08409284696543073
21001,1,USC00154208,JAMESTOWN WWTP,22.44029291915347,0.6958290582338043
21001,2,USC00157510,SOMERSET 2 N,58.952901486769896,0.10082059011047688
21001,3,USC00401561,CELINA,64.77311102530555,0.08351607801017104
21001,4,USC00152040,DANVILLE,76.04896955207444,0.0605860915400416
21001,5,USC00155097,MAMMOTH CAVE,76.90282387341966,0.059248182105506135
21003,1,USC00157215,SCOTTSVILLE,3.0157221346066194,0.9508734119671096
21003,2,USC00150422,BARREN RVR LAKE,17.42593669072298,0.02847823617700488
21003,3,USW00093808,BOWLING GREEN WARREN CO AP,31.462209437318343,0.008736287460584835
21003,4,USC00407359,PORTLAND SEWAGE PLT,34.81785393951167,0.007133478440354197
21003,5,USC00155097,MAMMOTH CAVE,42.540537649762264,0.004778585954946434
21005,1,USW00093820,LEXINGTON BLUEGRASS AP,33.00375307837364,0.3615155470874989
21005,2,USC00150397,BARDSTOWN 5E,40.60244165537359,0.23886324916247006
21005,3,USC00152040,DANVILLE,43.99006237356363,0.2034906607279672
21005,4,USC00150630,BERNHEIM FOREST,59.639544207004114,0.11070952974137145
21005,5,USW00093821,LOUISVILLE INTL AP,67.89604223517642,0.08542101328069246
21007,1,USW00093809,CAIRO 3N,15.58490157103479,0.3687952167526103
21007,2,USC00113580,OLMSTED L&D,15.592409907987452,0.36844012449020364
21007,3,USW00003816,PADUCAH,21.24423825227857,0.1984774083719897
21007,4,USC00112353,DIXON SPRINGS AGRIC CTR,52.69528586066233,0.03225892401541977
21007,5,USC00118020,SMITHLAND L&D,52.884643480573956,0.03202832636977655
21009,1,USC00150422,BARREN RVR LAKE,18.582118714454946,0.475683803726977
21009,2,USC00155097,MAMMOTH CAVE,26.8356281295176,0.22807899733083736
21009,3,USC00157215,SCOTTSVILLE,35.545237270650894,0.1300007895915796
21009,4,USW00093808,BOWLING GREEN WARREN CO AP,43.69447450220971,0.08603116104470532
21009,5,USC00155834,NOLIN RVR LAKE,45.25358801764017,0.08020524830590074
21011,1,USC00152791,CAVE RUN LAKE,18.21183821090789,0.4786842079730224
21011,2,USC00155640,MT STERLING,20.05520409154552,0.39473214560549896
21011,3,USC00151998,CYNTHIANA,55.32782295357121,0.05186441735298315
21011,4,USC00155243,MAYSVILLE WWTP,59.6070478820775,0.04468496688432891
21011,5,USW00003889,JACKSON,72.70593263961945,0.03003426218416657
21015,1,USW00093814,CINCINNATI/NORTHERN KENTUCKY I,10.993109884259912,0.7345636383119697
21015,2,USC00158446,WARSAW MARKLAND DAM,28.610088733241216,0.10845064896345674
21015,3,USW00093812,CINCINNATI MUNI AP LUNKEN FLD,32.14295678003813,0.08592091948758923
21015,4,USC00332651,FAIRFIELD,45.05511362635968,0.04373029288798091
21015,5,USC00121030,BROOKVILLE,56.98751407166397,0.027334500349003445
21017,1,USC00151998,CYNTHIANA,21.02421247499538,0.4924442413777992
21017,2,USC00155640,MT STERLING,29.02525136205218,0.2583714712326009
21017,3,USW00093820,LEXINGTON BLUEGRASS AP,39.82016933163709,0.137274645909144
21017,4,USC00152791,CAVE RUN LAKE,59.8546547915732,0.060757609236103315
21017,5,USC00155243,MAYSVILLE WWTP,65.23292046287995,0.051152032244352434
21021,1,USC00152040,DANVILLE,10.004880272899484,0.8579929833889844
21021,2,USC00151890,CRAB ORCHARD 6 N,40.552366486151335,0.05222459993117136
21021,3,USC00150397,BARDSTOWN 5E,50.63279341638306,0.03349991859571146
21021,4,USW00093820,LEXINGTON BLUEGRASS AP,51.448381117850914,0.032446219394423534
21021,5,USC00157510,SOMERSET 2 N,60.025327289116156,0.023836278689709164
21023,1,USC00155243,MAYSVILLE WWTP,28.482614606864555,0.4503167123019021
21023,2,USC00151998,CYNTHIANA,37.49263440271183,0.2598877792323655
21023,3,USW00093812,CINCINNATI MUNI AP LUNKEN FLD,54.02796069710537,0.12515281473670475
21023,4,USW00093814,CINCINNATI/NORTHERN KENTUCKY I,62.980248685545774,0.09210199335474908
21023,5,USC00155640,MT STERLING,70.96562203575317,0.07254070037427862
21025,1,USC00156624,QUICKSAND,3.3223099031437475,0.8387010382367238
21025,2,USW00003889,JACKSON,8.124330586066451,0.1402530415779944
21025,3,USC00151080,BUCKHORN LAKE,23.81249486890921,0.016325919969848193
21025,4,USC00156136,PAINTSVILLE 1E,57.247919940038514,0.0028246720917052453
21025,5,USC00152791,CAVE RUN LAKE,69.88782543934582,0.001895328123728373
21027,1,USC00156988,ROUGH RVR LAKE,18.889761997550025,0.5078539032269875
21027,2,USC00121256,CANNELTON,27.611535083716134,0.2376898640732917
21027,3,USC00128698,TELL CITY,35.767259712119824,0.1416512562126534
21027,4,USC00156091,OWENSBORO 3ENE,55.86792333628784,0.05805862011664034
21027,5,USC00155834,NOLIN RVR LAKE,57.53316597202741,0.054746356370427046
21029,1,USC00150630,BERNHEIM FOREST,7.19178422217254,0.8624832066534146
21029,2,USW00093821,LOUISVILLE INTL AP,23.210372507475938,0.08280560293983068
21029,3,USC00150397,BARDSTOWN 5E,32.53515665414298,0.04214229089882063
21029,4,USC00156988,ROUGH RVR LAKE,80.60002759313903,0.006866786805574072
21029,5,USC00121256,CANNELTON,88.44923357233864,0.0057021127023600075
21031,1,USC00156882,ROCHESTER FERRY,18.752448003281746,0.5404305386051877
21031,2,USW00093808,BOWLING GREEN WARREN CO AP,35.38426978718529,0.1517872688551792
21031,3,USC00155834,NOLIN RVR LAKE,39.19087674003399,0.12373309137616524
21031,4,USC00157049,RUSSELLVILLE,43.19639195102959,0.10184996301291611
21031,5,USC00155097,MAMMOTH CAVE,48.083301431960244,0.08219913815055178
21033,1,USC00156580,PRINCETON 1 SE,2.7114997455715315,0.9802978426479422
21033,2,USC00156595,PROVIDENCE,29.515541116854056,0.008273241153106832
21033,3,USC00155067,MADISONVILLE,37.81767447028783,0.005039501102797247
21033,4,USC00153994,HOPKINSVILLE,45.5560251362355,0.003472846077876565
21033,5,USC00118020,SMITHLAND L&D,49.71099574066186,0.002916569018277087
21035,1,USC00155694,MURRAY,2.601083124824409,0.9900387986179019
21035,2,USC00402589,DOVER 1 W,40.776227200405195,0.004028529949087975
21035,3,USC00402600,DRESDEN,53.719018733627856,0.0023211571016054965
21035,4,USC00405681,MARTIN U OF T BRANCH EXP STN,59.84919042430434,0.0018700108108438774
21035,5,USC00118020,SMITHLAND L&D,62.018057646188616,0.001741503520560862
21037,1,USW00093812,CINCINNATI MUNI AP LUNKEN FLD,17.972216984534775,0.5655903995218243
21037,2,USW00093814,CINCINNATI/NORTHERN KENTUCKY I,27.534236394864266,0.24096793849733933
21037,3,USC00332651,FAIRFIELD,48.111376579406574,0.07892412380414222
21037,4,USC00158446,WARSAW MARKLAND DAM,54.33665265384836,0.06187562151772028
21037,5,USC00155243,MAYSVILLE WWTP,58.909701373464394,0.05264191665897381
21039,1,USW00093809,CAIRO 3N,27.71543400670858,0.3358134601149033
21039,2,USW00003816,PADUCAH,29.69702920446161,0.2924929852369531
21039,3,USC00113580,OLMSTED L&D,37.23675820186409,0.186036319002042
21039,4,USC00409219,UNION CITY,51.90337828290243,0.09575252054164543
21039,5,USC00408065,SAMBURG WR,53.5648013939746,0.08990471510445606
21041,1,USC00158446,WARSAW MARKLAND DAM,18.033907516311917,0.7575812242817463
21041,2,USC00126435,N VERNON 2 ESE,55.353671870316795,0.08041110108076734
21041,3,USW00093814,CINCINNATI/NORTHERN KENTUCKY I,57.24210105075632,0.07519305793059221
21041,4,USC00127935,SEYMOUR 1 WSW,74.71125155563644,0.04414046007611197
21041,5,USW00093821,LOUISVILLE INTL AP,75.98396742013772,0.04267415663078214
21043,1,USC00150254,ASHLAND,40.23210857715679,0.23874296406784923
21043,2,USC00337857,S PT,40.744969112599705,0.23277063158782263
21043,3,USW00003860,HUNTINGTON TRI-STATE AP,42.61936518542365,0.21274639887096206
21043,4,USC00152791,CAVE RUN LAKE,48.0988696851565,0.1670345954264688
21043,5,USC00336781,PORTSMOUTH-SCIOTOVILLE,50.977050161931274,0.1487054100468973
21045,1,USC00157510,SOMERSET 2 N,35.80264135005819,0.27746488832043986
21045,2,USC00154208,JAMESTOWN WWTP,37.11309479432107,0.25821640332468215
21045,3,USC00152040,DANVILLE,39.43242793786827,0.22873421484614673
21045,4,USC00151890,CRAB ORCHARD 6 N,47.21316287143772,0.1595555732572238
21045,5,USC00150397,BARDSTOWN 5E,68.39583773515353,0.07602892025150756
21047,1,USC00153994,HOPKINSVILLE,5.39932104990648,0.9472059282087656
21047,2,USC00401790,CLARKSVILLE WWTP,40.32351920687751,0.01698266550010147
21047,3,USC00156580,PRINCETON 1 SE,42.08991785860274,0.0155871442610463
21047,4,USC00155067,MADISONVILLE,50.716848562152116,0.010735399042778452
21047,5,USC00157049,RUSSELLVILLE,53.945381374244214,0.009488862987308009
21049,1,USC00155640,MT STERLING,20.977393576238722,0.582276401687769
21049,2,USW00093820,LEXINGTON BLUEGRASS AP,41.46325750069188,0.1490408795522712
21049,3,USC00151998,CYNTHIANA,47.27252939050633,0.11466069277064177
21049,4,USC00152791,CAVE RUN LAKE,56.23559152851462,0.08102325884414863
21049,5,USC00151890,CRAB ORCHARD 6 N,59.24590781493272,0.07299876714516944
21051,1,USC00151080,BUCKHORN LAKE,29.306751563583873,0.3235401855466349
21051,2,USW00003849,LONDON CORBIN AP,32.42218894315788,0.26434976647320285
21051,3,USC00150381,BARBOURVILLE,34.64134286941712,0.23156566077497817
21051,4,USC00156624,QUICKSAND,52.336490806744806,0.10145054784809748
21051,5,USW00003889,JACKSON,59.27348591415885,0.07909383935708654
21053,1,USC00154208,JAMESTOWN WWTP,31.64995397082821,0.3203784859782963
21053,2,USC00401561,CELINA,35.54750561198276,0.2539751627467231
21053,3,USC00405332,LIVINGSTON RADIO WLIV,42.8094551729026,0.17511772590552052
21053,4,USC00400081,ALLARDT,45.080500230843036,0.15791815347830787
21053,5,USC00157677,STEARNS 2S,58.86737991302314,0.09261047189115217
21055,1,USC00117487,ELIZABETHTOWN,20.319998177897265,0.43686801915453566
21055,2,USC00156595,PROVIDENCE,30.640915548803036,0.1921295241191661
21055,3,USC00156580,PRINCETON 1 SE,33.447349428658306,0.16124051183759577
21055,4,USC00118020,SMITHLAND L&D,36.01307688048352,0.13908398531089158
21055,5,USC00112353,DIXON SPRINGS AGRIC CTR,50.51923781928428,0.07067795957781092
21057,1,USC00401561,CELINA,27.602469423235547,0.44440292639950635
21057,2,USC00154208,JAMESTOWN WWTP,38.21799173201029,0.2318126121375679
21057,3,USC00405332,LIVINGSTON RADIO WLIV,45.25929009793691,0.16529408383998948
21057,4,USC00400081,ALLARDT,64.05391529910547,0.08252421896101043
21057,5,USC00150422,BARREN RVR LAKE,66.76153436314051,0.07596615866192583
21059,1,USC00156091,OWENSBORO 3ENE,5.583741748057895,0.9136678393073264
21059,2,USC00126151,NEWBURGH L&D,33.691802291435025,0.025095190597226993
21059,3,USC00128698,TELL CITY,36.86375259423571,0.020962346725200594
21059,4,USC00120852,BOONVILLE 1S,37.01948797022085,0.020786346875773302
21059,5,USC00121256,CANNELTON,38.232506975594816,0.019488276494472694
21061,1,USC00155834,NOLIN RVR LAKE,6.6156222799568125,0.7281409928450339
21061,2,USC00155097,MAMMOTH CAVE,12.323741344493918,0.20983200705772054
21061,3,USW00093808,BOWLING GREEN WARREN CO AP,34.45947484080128,0.026837346583498175
21061,4,USC00150422,BARREN RVR LAKE,37.58586729176949,0.022558370843307262
21061,5,USC00156988,ROUGH RVR LAKE,50.229021155951564,0.012631282670440239
21063,1,USC00152791,CAVE RUN LAKE,38.20649184051325,0.3112655236751111
21063,2,USC00156136,PAINTSVILLE 1E,42.85246222477576,0.24743081345145518
21063,3,USW00003860,HUNTINGTON TRI-STATE AP,54.76106942123119,0.15151704882875114
21063,4,USC00337857,S PT,55.62155730457122,0.14686525242785406
21063,5,USC00150254,ASHLAND,56.38376855032581,0.14292136161682864
21065,1,USC00155640,MT STERLING,40.769819019368086,0.30997476196108575
21065,2,USC00151890,CRAB ORCHARD 6 N,47.390846662026874,0.22941138509290168
21065,3,USC00156624,QUICKSAND,56.97445950824901,0.1587243197641198
21065,4,USW00003889,JACKSON,58.41360740905646,0.1509996175613766
21065,5,USC00151080,BUCKHORN LAKE,58.434837859679504,0.1508899156205162
21067,1,USW00093820,LEXINGTON BLUEGRASS AP,13.431838651844691,0.7592315048513721
21067,2,USC00151998,CYNTHIANA,39.76856813625137,0.0866094428028477
21067,3,USC00155640,MT STERLING,46.01013874912859,0.06470503370955646
21067,4,USC00152040,DANVILLE,50.878764496665944,0.052914176341821176
21067,5,USC00151890,CRAB ORCHARD 6 N,61.2264730356968,0.03653984229440245
21069,1,USC00152791,CAVE RUN LAKE,30.880990575748505,0.3568967071069377
21069,2,USC00155243,MAYSVILLE WWTP,36.29335111392154,0.2583871110034924
21069,3,USC00155640,MT STERLING,40.03800896050196,0.2123146889539909
21069,4,USC00151998,CYNTHIANA,52.654695071426886,0.12275827653194246
21069,5,USC00336781,PORTSMOUTH-SCIOTOVILLE,82.80041955735837,0.049643216403636656
21071,1,USC00156136,PAINTSVILLE 1E,29.779928312992684,0.3601931455554723
21071,2,USC00154138,INEZ 2 E,40.52244111193194,0.19453221880186533
21071,3,USC00469610,WILLIAMSON,42.069875229929245,0.18048465845025752
21071,4,USC00446173,N FK LAKE,48.508384858892,0.13575289841326982
21071,5,USC00444410,JOHN FLANNAGAN LAKE,49.754699617128864,0.12903707877913492
21073,1,USW00093820,LEXINGTON BLUEGRASS AP,31.72365239749278,0.47079530996592794
21073,2,USC00151998,CYNTHIANA,51.82276004411543,0.17642389823880084
21073,3,USC00158446,WARSAW MARKLAND DAM,60.589579752101606,0.1290632545645991
21073,4,USC00150397,BARDSTOWN 5E,64.62813277685908,0.11343714192497921
21073,5,USC00152040,DANVILLE,65.54658796615706,0.1102803953056929
21075,1,USC00408065,SAMBURG WR,15.097205345067582,0.5638058275400956
21075,2,USC00409219,UNION CITY,22.606222299107884,0.2514587178970944
21075,3,USC00405681,MARTIN U OF T BRANCH EXP STN,37.361657958773556,0.09205987997766495
21075,4,USC00402600,DRESDEN,52.299039522037795,0.046982406553240895
21075,5,USC00237772,SIKESTON PWR STN,53.03171931933057,0.045693168031904194
21077,1,USC00158446,WARSAW MARKLAND DAM,9.048223489966027,0.8877933773785421
21077,2,USW00093814,CINCINNATI/NORTHERN KENTUCKY I,36.176107050690455,0.05553859371723001
21077,3,USW00093812,CINCINNATI MUNI AP LUNKEN FLD,55.01890971832692,0.02401123947930556
21077,4,USC00151998,CYNTHIANA,64.51020649286407,0.01746552622040944
21077,5,USC00126435,N VERNON 2 ESE,69.17072463292739,0.015191263204512988
21079,1,USC00151890,CRAB ORCHARD 6 N,18.250659540417516,0.44898811210920186
21079,2,USC00152040,DANVILLE,19.247399649330625,0.4036898605555524
21079,3,USW00093820,LEXINGTON BLUEGRASS AP,45.26114477387424,0.07300303253355993
21079,4,USC00157510,SOMERSET 2 N,57.4365439020741,0.04533309501287465
21079,5,USC00155640,MT STERLING,71.82945834755051,0.028985899788811283
21081,1,USC00158446,WARSAW MARKLAND DAM,32.68265989166562,0.36104305986460894
21081,2,USC00151998,CYNTHIANA,41.29737474925961,0.22612516715793182
21081,3,USW00093814,CINCINNATI/NORTHERN KENTUCKY I,44.13261441006645,0.19800423478126275
21081,4,USW00093812,CINCINNATI MUNI AP LUNKEN FLD,53.957513668880004,0.1324615801297525
21081,5,USW00093820,LEXINGTON BLUEGRASS AP,68.42629382307653,0.08236595806644406
21083,1,USC00155694,MURRAY,33.47436593670058,0.31578136120706907
21083,2,USW00003816,PADUCAH,39.86215221825392,0.22268436465079824
21083,3,USC00405681,MARTIN U OF T BRANCH EXP STN,45.20509827149888,0.17315553399093528
21083,4,USC00402600,DRESDEN,48.93619751776897,0.14775792058132428
21083,5,USC00409219,UNION CITY,50.162687181785,0.14062081956987318
21085,1,USC00155834,NOLIN RVR LAKE,21.391512126145305,0.4047186631199624
21085,2,USC00156988,ROUGH RVR LAKE,22.65941289399892,0.3606939815867228
21085,3,USC00155097,MAMMOTH CAVE,40.26703677321499,0.1142186070525691
21085,4,USW00093808,BOWLING GREEN WARREN CO AP,55.37043534772312,0.06040603442015191
21085,5,USC00156882,ROCHESTER FERRY,55.57474273805017,0.05996271382059373
21087,1,USC00154208,JAMESTOWN WWTP,51.95875539184194,0.2605496819798542
21087,2,USC00155097,MAMMOTH CAVE,56.43720348038559,0.22083965230274052
21087,3,USC00150397,BARDSTOWN 5E,61.69076049995238,0.18482800604578148
21087,4,USC00155834,NOLIN RVR LAKE,62.97626521097942,0.1773594052531095
21087,5,USC00150422,BARREN RVR LAKE,67.05842587692526,0.15642325441851446
21089,1,USC00336781,PORTSMOUTH-SCIOTOVILLE,21.875979520373075,0.39883991748007375
21089,2,USC00150254,ASHLAND,30.46752169648258,0.20561716923014706
21089,3,USC00337857,S PT,33.47318656930872,0.1703489722369967
21089,4,USW00003860,HUNTINGTON TRI-STATE AP,39.6931138177679,0.1211443865329361
21089,5,USC00338810,WATERLOO,42.82986489321562,0.1040495545198464
21091,1,USC00121256,CANNELTON,9.761244227452387,0.5273070260799575
21091,2,USC00128698,TELL CITY,12.308866427033529,0.33161777298462264
21091,3,USC00156091,OWENSBORO 3ENE,25.243431385457914,0.078845541115904
21091,4,USC00156988,ROUGH RVR LAKE,35.66471241583449,0.0394999424876648
21091,5,USC00120852,BOONVILLE 1S,47.0153789185683,0.02272971733185115
21093,1,USC00150630,BERNHEIM FOREST,36.36621484997596,0.34224215272962044
21093,2,USC00156988,ROUGH RVR LAKE,48.42766853162242,0.1929934532313222
21093,3,USC00155834,NOLIN RVR LAKE,52.56142751889221,0.16383074112462429
21093,4,USC00150397,BARDSTOWN 5E,52.678622836639185,0.163102596113374
21093,5,USW00093821,LOUISVILLE INTL AP,57.30484031333719,0.13783105680105914
21097,1,USC00151998,CYNTHIANA,7.996407006836669,0.9252294326417403
21097,2,USW00093820,LEXINGTON BLUEGRASS AP,51.688577326191236,0.022143693631730126
21097,3,USC00155243,MAYSVILLE WWTP,54.655001182961705,0.019805207903826196
21097,4,USC00155640,MT STERLING,55.40717135097433,0.01927113366097511
21097,5,USC00158446,WARSAW MARKLAND DAM,66.07564865741342,0.013550532161728293
21099,1,USC00155097,MAMMOTH CAVE,30.741291698599174,0.3682899259000807
21099,2,USC00155834,NOLIN RVR LAKE,32.95354799207839,0.32050123137052855
21099,3,USC00150422,BARREN RVR LAKE,50.353116425113214,0.1372718079365137
21099,4,USW00093808,BOWLING GREEN WARREN CO AP,61.455283896481504,0.09215430002314189
21099,5,USC00156988,ROUGH RVR LAKE,65.23583372247813,0.08178273476973504
21101,1,USC00153762,HENDERSON 8 SSW,7.608149301946762,0.7204647608038722
21101,2,USC00122731,EVANSVILLE MUSEUM,19.176509596967918,0.11340486148816468
21101,3,USC00126151,NEWBURGH L&D,23.34226974394394,0.07653932533990221
21101,4,USW00093817,EVANSVILLE RGNL AP,29.107530331822975,0.049222093307564746
21101,5,USC00126001,MT VERNON,32.14116563413533,0.04036895906049609
21103,1,USC00158446,WARSAW MARKLAND DAM,38.29732242210363,0.4350346645060104
21103,2,USW00093821,LOUISVILLE INTL AP,61.404578767514906,0.1692229154920096
21103,3,USW00093820,LEXINGTON BLUEGRASS AP,64.2270426114886,0.15467667795969942
21103,4,USC00151998,CYNTHIANA,71.62243899592647,0.1243834142292507
21103,5,USC00126435,N VERNON 2 ESE,73.94823295263991,0.1166823278130298
21105,1,USC00409219,UNION CITY,31.95917829324643,0.2963040060419849
21105,2,USC00405681,MARTIN U OF T BRANCH EXP STN,37.643489383182605,0.21357429665030933
21105,3,USC00408065,SAMBURG WR,38.51448534401947,0.2040236601873883
21105,4,USW00093809,CAIRO 3N,44.94306374768293,0.14983158814861705
21105,5,USW00003816,PADUCAH,47.127011118945624,0.13626644897170032
21107,1,USC00155067,MADISONVILLE,4.361901202821554,0.9346986076007844
21107,2,USC00156595,PROVIDENCE,21.800359723847723,0.03741932293535978
21107,3,USC00156580,PRINCETON 1 SE,35.483282941565434,0.014124583692440709
21107,4,USC00153762,HENDERSON 8 SSW,50.28525977138183,0.00703301994193014
21107,5,USC00153994,HOPKINSVILLE,51.42599780072032,0.0067244658294849215
21109,1,USW00003849,LONDON CORBIN AP,35.18264247460037,0.3274330737883626
21109,2,USC00151890,CRAB ORCHARD 6 N,38.05148681490248,0.2799214591003033
21109,3,USC00151080,BUCKHORN LAKE,49.082527552091335,0.1682385889134143
21109,4,USC00150381,BARBOURVILLE,59.217615288127384,0.11557865246632422
21109,5,USC00156624,QUICKSAND,61.02656888955553,0.10882822573159566
21111,1,USW00093821,LOUISVILLE INTL AP,6.534242370564056,0.9293458489855306
21111,2,USC00150630,BERNHEIM FOREST,30.404273848175677,0.042923840391697436
21111,3,USC00150397,BARDSTOWN 5E,47.599405106910666,0.01751317117022533
21111,4,USC00127935,SEYMOUR 1 WSW,87.69183631021404,0.005159997762880326
21111,5,USC00158446,WARSAW MARKLAND DAM,88.5791197729977,0.0050571416896661985
21113,1,USW00093820,LEXINGTON BLUEGRASS AP,18.020233613805782,0.5818757898582839
21113,2,USC00152040,DANVILLE,29.256056214056162,0.2207595794017802
21113,3,USC00151890,CRAB ORCHARD 6 N,44.49427652821416,0.0954427232318272
21113,4,USC00155640,MT STERLING,60.635487871109035,0.051392218899536296
21113,5,USC00151998,CYNTHIANA,61.15081503997224,0.05052968860857251
21115,1,USC00156136,PAINTSVILLE 1E,4.980784868435421,0.9361027892239282
21115,2,USC00154138,INEZ 2 E,27.41648692545595,0.03089551918973454
21115,3,USC00462522,DUNLOW 1 SW,39.00158348272411,0.0152670324013537
21115,4,USC00469610,WILLIAMSON,51.155244161384,0.008874395575343327
21115,5,USW00003889,JACKSON,51.19602376765016,0.008860263609640205
21117,1,USW00093814,CINCINNATI/NORTHERN KENTUCKY I,17.460117050165213,0.4947851301629186
21117,2,USW00093812,CINCINNATI MUNI AP LUNKEN FLD,22.00012700069117,0.3116452881930721
21117,3,USC00158446,WARSAW MARKLAND DAM,41.33886719905625,0.08826607152132372
21117,4,USC00332651,FAIRFIELD,46.654323312122294,0.06929902933828062
21117,5,USC00151998,CYNTHIANA,64.72576531991989,0.036004480784405046
21121,1,USC00150381,BARBOURVILLE,2.4365423432376674,0.9879622489371367
21121,2,USW00003849,LONDON CORBIN AP,29.293322780917034,0.006835196466441796
21121,3,USC00408868,TAZEWELL,53.95236687049116,0.002014963914038298
21121,4,USC00157677,STEARNS 2S,60.46381412715729,0.0016043429024517897
21121,5,USC00151080,BUCKHORN LAKE,60.86528981716418,0.001583247779931459
21123,1,USC00150397,BARDSTOWN 5E,41.099435810435565,0.30297517265210855
21123,2,USC00150630,BERNHEIM FOREST,41.4710488251516,0.2975697114724909
21123,3,USC00155834,NOLIN RVR LAKE,56.91937398462521,0.15796414897328417
21123,4,USC00155097,MAMMOTH CAVE,60.81211277460097,0.13838804608758332
21123,5,USW00093821,LOUISVILLE INTL AP,70.45371474387571,0.10310292081453308
21125,1,USW00003849,LONDON CORBIN AP,5.205560907517921,0.946017197436588
21125,2,USC00150381,BARBOURVILLE,33.215688516369696,0.02323526219545111
21125,3,USC00157510,SOMERSET 2 N,44.09750709295459,0.013182750071984928
21125,4,USC00151890,CRAB ORCHARD 6 N,50.49042054160234,0.010055788258756988
21125,5,USC00157677,STEARNS 2S,58.42866142454253,0.007509002037219208
21127,1,USC00156136,PAINTSVILLE 1E,28.906435488350684,0.2566158666845769
21127,2,USC00154138,INEZ 2 E,29.536526827171418,0.2457840728574253
21127,3,USC00462522,DUNLOW 1 SW,32.364711551308844,0.20470530914803972
21127,4,USW00003860,HUNTINGTON TRI-STATE AP,36.09913578849137,0.1645428358160073
21127,5,USC00337857,S PT,40.87286838602952,0.12835191549395095
21129,1,USC00156624,QUICKSAND,33.66690609363461,0.2912830607101668
21129,2,USW00003889,JACKSON,35.833066453314764,0.2571305594105763
21129,3,USC00151080,BUCKHORN LAKE,36.86529968174445,0.24293277285197828
21129,4,USC00155640,MT STERLING,53.471451788267906,0.11547226730215104
21129,5,USC00152791,CAVE RUN LAKE,59.524581017977496,0.09318133972512753
21135,1,USC00155243,MAYSVILLE WWTP,39.97800828260249,0.32588518223411134
21135,2,USC00152791,CAVE RUN LAKE,47.9853136179009,0.2261987736130375
21135,3,USC00336781,PORTSMOUTH-SCIOTOVILLE,48.658252543613436,0.21998542348304004
21135,4,USC00150254,ASHLAND,66.50396966972251,0.11776379219968382
21135,5,USC00337857,S PT,68.75876017215067,0.11016682847012732
21137,1,USC00151890,CRAB ORCHARD 6 N,19.83326338026596,0.45780610880356615
21137,2,USC00152040,DANVILLE,23.478312041911728,0.32669027099689263
21137,3,USC00157510,SOMERSET 2 N,38.037738350390285,0.12446308701733497
21137,4,USC00154208,JAMESTOWN WWTP,61.616472986052095,0.04743252800294913
21137,5,USW00093820,LEXINGTON BLUEGRASS AP,64.26164825843458,0.04360800517925715
21139,1,USC00118020,SMITHLAND L&D,7.817112294557195,0.8343977299622991
21139,2,USC00117487,ELIZABETHTOWN,26.878047268988038,0.07057816921061322
21139,3,USC00112353,DIXON SPRINGS AGRIC CTR,37.080023162543064,0.0370839359107402
21139,4,USW00003816,PADUCAH,39.466133712132134,0.032735324431792535
21139,5,USC00156580,PRINCETON 1 SE,44.97704626922507,0.025204840484555097
21141,1,USC00157049,RUSSELLVILLE,0.8072356183414026,0.9985377854469298
21141,2,USC00156882,ROCHESTER FERRY,39.6893613540518,0.00041306358975650673
21141,3,USW00093808,BOWLING GREEN WARREN CO AP,42.310576010331175,0.00036346890344814473
21141,4,USC00408562,SPRINGFIELD EXP STN,43.34625830551954,0.0003463075078218442
21141,5,USC00407359,PORTLAND SEWAGE PLT,43.78677215488701,0.00033937455204364705
21143,1,USC00156580,PRINCETON 1 SE,22.1937580860212,0.5015732592816682
21143,2,USC00118020,SMITHLAND L&D,34.56728827058076,0.20675948775261735
21143,3,USC00155694,MURRAY,49.719734080116616,0.09993979998767408
21143,4,USC00156595,PROVIDENCE,50.54179392164072,0.0967152068700782
21143,5,USC00117487,ELIZABETHTOWN,50.992727561779375,0.09501224610796236
21145,1,USW00003816,PADUCAH,5.505708284488635,0.9105340588149483
21145,2,USC00118020,SMITHLAND L&D,27.80055039764481,0.03571213386071365
21145,3,USC00113580,OLMSTED L&D,34.51683160898469,0.023166516861349493
21145,4,USW00093809,CAIRO 3N,42.01157252246506,0.01563812620205688
21145,5,USC00112353,DIXON SPRINGS AGRIC CTR,42.96876165417041,0.014949164260931767
21149,1,USC00155067,MADISONVILLE,30.285104189833326,0.31035992619927266
21149,2,USC00156091,OWENSBORO 3ENE,33.04773180162365,0.2606396412485001
21149,3,USC00153762,HENDERSON 8 SSW,42.05274184789768,0.16096636984074106
21149,4,USC00156595,PROVIDENCE,46.049300359052175,0.13423869196704585
21149,5,USC00126151,NEWBURGH L&D,46.125527770286666,0.13379537074444037
21151,1,USC00151890,CRAB ORCHARD 6 N,29.674213898862526,0.4075450916263697
21151,2,USC00152040,DANVILLE,43.41670532527794,0.19037958894615145
21151,3,USW00093820,LEXINGTON BLUEGRASS AP,45.0583081504814,0.17676014578700375
21151,4,USC00155640,MT STERLING,47.81409629510181,0.1569720062420307
21151,5,USC00151998,CYNTHIANA,72.46353309983527,0.06834316739844434
21153,1,USW00003889,JACKSON,24.57401640438937,0.3513523927135566
21153,2,USC00156136,PAINTSVILLE 1E,28.03100880689769,0.27003356338121665
21153,3,USC00156624,QUICKSAND,30.68575785191688,0.22533128632937613
21153,4,USC00154138,INEZ 2 E,52.06785511631979,0.0782628804007585
21153,5,USC00151080,BUCKHORN LAKE,53.18135851668205,0.07501987717509191
21155,1,USC00150397,BARDSTOWN 5E,31.365953645868007,0.44581925296595054
21155,2,USC00152040,DANVILLE,45.923931583461524,0.207968562467321
21155,3,USC00150630,BERNHEIM FOREST,52.90866047873153,0.1566831447818604
21155,4,USC00154208,JAMESTOWN WWTP,63.52819305786712,0.10867829260526858
21155,5,USC00151890,CRAB ORCHARD 6 N,73.65392365540312,0.08085074717959968
21157,1,USC00155694,MURRAY,30.134533640321504,0.3409063267469098
21157,2,USC00118020,SMITHLAND L&D,32.59084222965863,0.291455894426596
21157,3,USW00003816,PADUCAH,44.16904885463636,0.1586820916183992
21157,4,USC00156580,PRINCETON 1 SE,49.35063191209922,0.12710966517779365
21157,5,USC00402589,DOVER 1 W,61.501147251961854,0.0818460220303013
21161,1,USC00155243,MAYSVILLE WWTP,10.910017035704612,0.8759798305681705
21161,2,USC00151998,CYNTHIANA,47.88125444402054,0.045479315975505495
21161,3,USC00152791,CAVE RUN LAKE,58.39434584818776,0.030577598138891725
21161,4,USC00155640,MT STERLING,60.28456151478087,0.02869014554020609
21161,5,USC00333758,HILLSBORO,73.55235533459974,0.019273109777226186
21163,1,USC00121256,CANNELTON,45.04739762785237,0.2222000795419397
21163,2,USC00156988,ROUGH RVR LAKE,47.15085266698961,0.20281707840909574
21163,3,USW00093821,LOUISVILLE INTL AP,47.31276484119669,0.20143130589141162
21163,4,USC00150630,BERNHEIM FOREST,48.01604092584539,0.19557391411097796
21163,5,USC00128698,TELL CITY,50.33372964682267,0.1779776220465749
21165,1,USC00152791,CAVE RUN LAKE,21.40941272227778,0.517693627259284
21165,2,USC00155640,MT STERLING,33.08831559163743,0.21673697570914657
21165,3,USW00003889,JACKSON,45.37282770977293,0.1152631901960889
21165,4,USC00156624,QUICKSAND,49.4076795210584,0.0972060762551002
21165,5,USC00151080,BUCKHORN LAKE,66.84876208152124,0.05310013058038033
21167,1,USC00152040,DANVILLE,20.61361395380288,0.5488059545751394
21167,2,USW00093820,LEXINGTON BLUEGRASS AP,34.09057399006535,0.2006589172717818
21167,3,USC00150397,BARDSTOWN 5E,44.36830407127078,0.11846264752937911
21167,4,USC00151890,CRAB ORCHARD 6 N,52.87528565764169,0.08341067551293643
21167,5,USC00150630,BERNHEIM FOREST,69.22603192628002,0.04866180511076326
21169,1,USC00150422,BARREN RVR LAKE,44.906148023207514,0.25310925966141784
21169,2,USC00155097,MAMMOTH CAVE,48.2195468056368,0.21951964517995587
21169,3,USC00154208,JAMESTOWN WWTP,50.79603909562523,0.19781532920436645
21169,4,USC00401561,CELINA,52.549919585296855,0.18483130468769374
21169,5,USC00157215,SCOTTSVILLE,59.386653025725245,0.14472446126656613
21171,1,USC00401561,CELINA,29.735864744971646,0.3914025466865131
21171,2,USC00150422,BARREN RVR LAKE,41.922895417318955,0.19691656578020164
21171,3,USC00157215,SCOTTSVILLE,45.79327560415333,0.16503701985962635
21171,4,USC00405332,LIVINGSTON RADIO WLIV,50.354107526067324,0.1364944480072058
21171,5,USC00401480,CARTHAGE,56.05331340306865,0.11014941966645307
21173,1,USC00155640,MT STERLING,2.895655886204167,0.9860859126420958
21173,2,USC00152791,CAVE RUN LAKE,34.53522031762521,0.006932409239890463
21173,3,USC00151998,CYNTHIANA,50.83704096867365,0.003199249614904679
21173,4,USW00093820,LEXINGTON BLUEGRASS AP,61.218496942100714,0.002206192121870127
21173,5,USW00003889,JACKSON,72.42585878403298,0.001576236381238997
21175,1,USC00152791,CAVE RUN LAKE,32.7005882381205,0.31333550724230597
21175,2,USW00003889,JACKSON,37.23788886597368,0.24162988056304743
21175,3,USC00156136,PAINTSVILLE 1E,42.94344285475584,0.1816883256996064
21175,4,USC00156624,QUICKSAND,43.976729787215696,0.1732506529401945
21175,5,USC00155640,MT STERLING,60.98295984525194,0.09009563355484561
21177,1,USC00156882,ROCHESTER FERRY,21.27150235631697,0.5468693468306818
21177,2,USC00155067,MADISONVILLE,37.55548468004473,0.1754418373211544
21177,3,USC00157049,RUSSELLVILLE,45.47405805924246,0.11966096074995591
21177,4,USC00153994,HOPKINSVILLE,53.14900736826822,0.08759707276126906
21177,5,USC00156595,PROVIDENCE,59.273244239761695,0.07043078233693881
21179,1,USC00150397,BARDSTOWN 5E,7.361999953818334,0.855487224280268
21179,2,USC00150630,BERNHEIM FOREST,20.970934421449723,0.10543130562107363
21179,3,USW00093821,LOUISVILLE INTL AP,47.66299006325926,0.020409980120334188
21179,4,USC00152040,DANVILLE,64.0985116531298,0.011285199945514383
21179,5,USW00093820,LEXINGTON BLUEGRASS AP,79.2299525979726,0.007386290032809833
21181,1,USC00151998,CYNTHIANA,24.525825378255607,0.43477291843360377
21181,2,USC00155640,MT STERLING,32.14710546209723,0.2530614534908225
21181,3,USC00155243,MAYSVILLE WWTP,44.015368450823786,0.13498983445735505
21181,4,USC00152791,CAVE RUN LAKE,49.29781636622411,0.10761043391681006
21181,5,USW00093820,LEXINGTON BLUEGRASS AP,61.31381744947292,0.0695653597014086
21183,1,USC00156882,ROCHESTER FERRY,29.39418350608511,0.3333156334581348
21183,2,USC00156988,ROUGH RVR LAKE,33.8097091683917,0.25193912464988755
21183,3,USC00156091,OWENSBORO 3ENE,38.91884695530969,0.19013346201820833
21183,4,USC00121256,CANNELTON,48.41332211109013,0.12287080860150265
21183,5,USC00128698,TELL CITY,53.20363475635598,0.10174097127226675
21185,1,USW00093821,LOUISVILLE INTL AP,34.45856905079582,0.44547890831323456
21185,2,USC00150630,BERNHEIM FOREST,56.619220922068905,0.16500376187747554
21185,3,USC00158446,WARSAW MARKLAND DAM,59.512478286637275,0.14935011179588809
21185,4,USC00150397,BARDSTOWN 5E,64.87576935807341,0.1256772247143822
21185,5,USC00126435,N VERNON 2 ESE,67.97153020616153,0.11448999329901959
21187,1,USC00158446,WARSAW MARKLAND DAM,32.452542805403596,0.4479800078797169
21187,2,USC00151998,CYNTHIANA,48.838463958592456,0.19780264896075508
21187,3,USW00093820,LEXINGTON BLUEGRASS AP,55.524988766288274,0.15303090168994027
21187,4,USW00093814,CINCINNATI/NORTHERN KENTUCKY I,62.34945186615715,0.12136426114809142
21187,5,USW00093812,CINCINNATI MUNI AP LUNKEN FLD,76.8805098584411,0.07982218032149621
21189,1,USC00151080,BUCKHORN LAKE,21.54975610292271,0.4856747723342726
21189,2,USC00156624,QUICKSAND,32.63510227722654,0.21176798660374696
21189,3,USW00003889,JACKSON,38.21597016112027,0.15443313416647705
21189,4,USW00003849,LONDON CORBIN AP,49.959732513096924,0.09036287806891816
21189,5,USC00150381,BARBOURVILLE,62.488042460682806,0.057761228826585326
21191,1,USC00151998,CYNTHIANA,35.76706958096119,0.31831422012920135
21191,2,USW00093812,CINCINNATI MUNI AP LUNKEN FLD,45.90640741078808,0.19323070850035917
21191,3,USW00093814,CINCINNATI/NORTHERN KENTUCKY I,47.62882883021552,0.17950764710850847
21191,4,USC00155243,MAYSVILLE WWTP,49.025131373841475,0.16942801678376573
21191,5,USC00158446,WARSAW MARKLAND DAM,54.02491200467811,0.1395194074781653
21197,1,USC00155640,MT STERLING,29.070284502460552,0.4352562947424741
21197,2,USC00152791,CAVE RUN LAKE,43.56094370610262,0.1938425281499241
21197,3,USW00003889,JACKSON,51.669743276642194,0.13777518961398355
21197,4,USC00156624,QUICKSAND,52.36175666082697,0.1341575778631512
21197,5,USC00151080,BUCKHORN LAKE,60.9640087466379,0.098968409630467
21199,1,USC00157510,SOMERSET 2 N,3.6708317201337106,0.9747524701352261
21199,2,USC00151890,CRAB ORCHARD 6 N,44.32478037791912,0.006685441782240094
21199,3,USC00154208,JAMESTOWN WWTP,44.47938646053247,0.006639046645884483
21199,4,USW00003849,LONDON CORBIN AP,45.104718486101895,0.006456235194414484
21199,5,USC00157677,STEARNS 2S,49.01678326826953,0.0054668062422347195
21201,1,USC00151998,CYNTHIANA,25.756081256666945,0.4469454906894723
21201,2,USC00155243,MAYSVILLE WWTP,30.84547864961912,0.3116241488768882
21201,3,USC00155640,MT STERLING,51.88695655304689,0.11012799628869813
21201,4,USC00152791,CAVE RUN LAKE,63.53404130749516,0.0734515848610506
21201,5,USW00093820,LEXINGTON BLUEGRASS AP,71.59001604862065,0.05785077928389072
21203,1,USC00151890,CRAB ORCHARD 6 N,18.021581934245663,0.6031726797410214
21203,2,USW00003849,LONDON CORBIN AP,37.2124486152318,0.1414656461926226
21203,3,USC00157510,SOMERSET 2 N,38.138314647669816,0.13468042827945428
21203,4,USC00152040,DANVILLE,51.05891143573862,0.07514228209785243
21203,5,USC00150381,BARBOURVILLE,65.58766505642521,0.04553896368904938
21205,1,USC00152791,CAVE RUN LAKE,12.879461077122757,0.843194771808318
21205,2,USC00155640,MT STERLING,47.075897252884644,0.06311405361054959
21205,3,USC00155243,MAYSVILLE WWTP,62.11439831312446,0.03625256347521529
21205,4,USW00003889,JACKSON,68.95631697643778,0.029415428030476375
21205,5,USC00156136,PAINTSVILLE 1E,70.64849447991142,0.028023183075440692
21207,1,USC00154208,JAMESTOWN WWTP,1.7737324497909293,0.9958878318326123
21207,2,USC00157510,SOMERSET 2 N,41.341885896789734,0.0018331840956550029
21207,3,USC00401561,CELINA,61.65445939328267,0.0008242475417922089
21207,4,USC00157677,STEARNS 2S,62.19375404576326,0.0008100150816266574
21207,5,USC00400081,ALLARDT,69.71195547019258,0.0006447214483136891
21209,1,USC00151998,CYNTHIANA,26.061415537041018,0.42906481286657555
21209,2,USW00093820,LEXINGTON BLUEGRASS AP,28.14879325368411,0.36778951087028583
21209,3,USC00155640,MT STERLING,61.79754932633599,0.07630911136288725
21209,4,USC00158446,WARSAW MARKLAND DAM,63.98442021575166,0.07118203893712839
21209,5,USC00152040,DANVILLE,72.36177425717862,0.055654525963123
21211,1,USW00093821,LOUISVILLE INTL AP,44.43920998061332,0.27558703048148775
21211,2,USC00150397,BARDSTOWN 5E,48.6292784462257,0.23014194719209208
21211,3,USC00150630,BERNHEIM FOREST,51.95147186798756,0.2016488371322824
21211,4,USW00093820,LEXINGTON BLUEGRASS AP,58.57185956223057,0.1586402588083215
21211,5,USC00158446,WARSAW MARKLAND DAM,63.734210201227235,0.1339819263858162
21213,1,USC00407359,PORTLAND SEWAGE PLT,17.745352024698025,0.4414327140641339
21213,2,USW00093808,BOWLING GREEN WARREN CO AP,28.573479531070948,0.17025798680223725
21213,3,USC00157049,RUSSELLVILLE,30.09445665600379,0.1534831627450828
21213,4,USC00157215,SCOTTSVILLE,31.725179768302084,0.13811014142035347
21213,5,USC00408562,SPRINGFIELD EXP STN,37.911216876506884,0.09671599496819258
21215,1,USC00150397,BARDSTOWN 5E,23.647162896120253,0.4601223648680245
21215,2,USC00150630,BERNHEIM FOREST,32.173679150471486,0.24855927661237726
21215,3,USW00093821,LOUISVILLE INTL AP,39.94265525800804,0.16127147773422987
21215,4,USW00093820,LEXINGTON BLUEGRASS AP,61.83622869917246,0.06728921160425358
21215,5,USC00152040,DANVILLE,64.02982456847377,0.06275766918111474
21217,1,USC00154208,JAMESTOWN WWTP,46.52535091492242,0.2946373229812101
21217,2,USC00150397,BARDSTOWN 5E,50.63893124021438,0.24871272890084042
21217,3,USC00152040,DANVILLE,59.08958015591335,0.18266076256513816
21217,4,USC00150630,BERNHEIM FOREST,67.66518242692743,0.13929533136563693
21217,5,USC00157510,SOMERSET 2 N,68.81128171855539,0.13469385418717447
21219,1,USC00157049,RUSSELLVILLE,26.33057979968017,0.3502065725866385
21219,2,USC00153994,HOPKINSVILLE,30.017214844150203,0.26946623228285504
21219,3,USC00401790,CLARKSVILLE WWTP,36.0488634553372,0.18683661205887714
21219,4,USC00156882,ROCHESTER FERRY,49.09319032754589,0.10074015759240386
21219,5,USC00408562,SPRINGFIELD EXP STN,51.1640145041432,0.09275042547922549
21221,1,USC00153994,HOPKINSVILLE,30.41757928341025,0.3069709345140185
21221,2,USC00156580,PRINCETON 1 SE,35.225733284270405,0.22888981537058836
21221,3,USC00402589,DOVER 1 W,35.54709945263567,0.22476993254846456
21221,4,USC00155694,MURRAY,45.03367758040825,0.14004632777345422
21221,5,USC00401790,CLARKSVILLE WWTP,53.47470345156379,0.09932298979347444
21223,1,USC00158446,WARSAW MARKLAND DAM,37.52441904155887,0.3767015520516644
21223,2,USC00126435,N VERNON 2 ESE,47.516624992420645,0.2349276810376285
21223,3,USW00093821,LOUISVILLE INTL AP,59.293057518326265,0.15087513516443835
21223,4,USC00127935,SEYMOUR 1 WSW,60.65940301596689,0.14415479742852708
21223,5,USW00093814,CINCINNATI/NORTHERN KENTUCKY I,75.38359462502127,0.09334083431774175
21225,1,USC00153762,HENDERSON 8 SSW,29.035863213520102,0.2782577245565538
21225,2,USC00126001,MT VERNON,30.486569669516673,0.252405952020252
21225,3,USC00156595,PROVIDENCE,33.22972872437378,0.21245312386082144
21225,4,USC00117487,ELIZABETHTOWN,39.08303256138693,0.15358195940208552
21225,5,USC00122731,EVANSVILLE MUSEUM,47.65468342154812,0.10330124016028715
21227,1,USW00093808,BOWLING GREEN WARREN CO AP,3.4398220411503746,0.9531706128951233
21227,2,USC00150422,BARREN RVR LAKE,28.701804991269217,0.013690653387403762
21227,3,USC00155097,MAMMOTH CAVE,28.746843909312194,0.013647787521407453
21227,4,USC00157215,SCOTTSVILLE,32.85448774082562,0.010448481877950585
21227,5,USC00155834,NOLIN RVR LAKE,35.31651938836867,0.009042464318114856
21229,1,USC00150397,BARDSTOWN 5E,19.768255100051114,0.6045097577030507
21229,2,USC00152040,DANVILLE,38.05807909772815,0.1630971079729212
21229,3,USC00150630,BERNHEIM FOREST,45.98020868297217,0.11173728458339498
21229,4,USW00093820,LEXINGTON BLUEGRASS AP,58.45218425669548,0.06914145264972477
21229,5,USW00093821,LOUISVILLE INTL AP,67.71824336616243,0.05151439709090838
21231,1,USC00154208,JAMESTOWN WWTP,30.915519320698685,0.29443302579341063
21231,2,USC00157677,STEARNS 2S,34.03287615814224,0.24296421192900092
21231,3,USC00157510,SOMERSET 2 N,39.77284660843571,0.17789603313131203
21231,4,USC00406829,ONEIDA,42.35651267539188,0.1568553087468345
21231,5,USC00400081,ALLARDT,46.91557339718616,0.12785142039944192
21233,1,USC00156595,PROVIDENCE,15.041197685088827,0.5217186576230018
21233,2,USC00155067,MADISONVILLE,23.924150392322183,0.20621875421435712
21233,3,USC00153762,HENDERSON 8 SSW,26.409342069090357,0.1692333856174317
21233,4,USC00156580,PRINCETON 1 SE,46.87921208034044,0.05370820020800968
21233,5,USC00126001,MT VERNON,49.0192873556889,0.0491210023371994
21235,1,USC00150381,BARBOURVILLE,27.17686067607912,0.3480514542172937
21235,2,USC00157677,STEARNS 2S,31.262995403091836,0.26301520445491355
21235,3,USW00003849,LONDON CORBIN AP,37.45751202742127,0.1832163273464354
21235,4,USC00406829,ONEIDA,44.64014365743596,0.1290003419326124
21235,5,USC00157510,SOMERSET 2 N,57.886346083095646,0.07671667204874501
21237,1,USW00003889,JACKSON,23.376004777572728,0.3922413712808417
21237,2,USC00156624,QUICKSAND,26.664080301393373,0.30146767814719955
21237,3,USC00152791,CAVE RUN LAKE,42.262002209415485,0.12000347891135844
21237,4,USC00151080,BUCKHORN LAKE,44.77399871600109,0.10691587837864971
21237,5,USC00155640,MT STERLING,51.965419490383,0.07937159328195054
21239,1,USW00093820,LEXINGTON BLUEGRASS AP,12.08128226160528,0.8342455906157323
21239,2,USC00152040,DANVILLE,43.57259366497356,0.06413471331977447
21239,3,USC00151998,CYNTHIANA,53.79988532139078,0.04206852471918655
21239,4,USC00150397,BARDSTOWN 5E,61.062673751754005,0.03265640311702369
21239,5,USC00151890,CRAB ORCHARD 6 N,67.28621330955734,0.02689476822828288
22001,1,USC00164700,JENNINGS,26.34796140445002,0.3999113981359141
22001,2,USC00163800,GRAND COTEAU,37.91754119136891,0.19309787084999727
22001,3,USW00013976,LAFAYETTE RGNL AP,41.798477854981776,0.1589047525186942
22001,4,USC00165065,LAKE ARTHUR 7 SW,45.671757936334245,0.13309519080913268
22001,5,USC00166938,OBERLIN FIRE TWR,49.13572691061972,0.11499078768626182
22003,1,USC00166938,OBERLIN FIRE TWR,6.998998284477933,0.953711342399744
22003,2,USC00164700,JENNINGS,52.46963945816302,0.016969637370952424
22003,3,USC00165266,LEESVILLE,67.54773395789279,0.01023922657896454
22003,4,USW00003937,LAKE CHARLES,69.8846314174478,0.009565889589031745
22003,5,USC00161287,BUNKIE,70.07530183630217,0.009513904061307399
22005,1,USC00162534,DONALDSONVILLE 4 SW,18.621182000859292,0.44035184444414194
22005,2,USC00161565,CARVILLE 2 SW,20.49988249137201,0.36333862324836314
22005,3,USW00013970,BATON ROUGE METRO AP,43.16500391134327,0.08195033632803005
22005,4,USC00164034,HAMMOND,51.40039141445973,0.05779382747286589
22005,5,USC00169013,THIBODAUX 4 SE,51.95553776652934,0.05656536850659914
22007,1,USC00162534,DONALDSONVILLE 4 SW,19.09070105074229,0.4256900837372793
22007,2,USC00166394,MORGAN CITY,26.70050567962741,0.21761975365027028
22007,3,USC00169013,THIBODAUX 4 SE,32.5329437970996,0.14658534772075701
22007,4,USC00161565,CARVILLE 2 SW,33.29144003524032,0.1399819777122103
22007,5,USC00163313,FRANKLIN 3 NW,47.03692301183189,0.07012283717948306
22009,1,USC00161287,BUNKIE,23.505303290391705,0.5268790262528636
22009,2,USW00013935,ALEXANDRIA ESLER FLD,44.530927284645344,0.14679766643874684
22009,3,USC00164739,JONESVILLE LOCKS,45.281550762408855,0.14197113219623114
22009,4,USC00160098,ALEXANDRIA,52.261578517725155,0.10658045823323159
22009,5,USW00093915,ALEXANDRIA INTL AP,61.18014069755843,0.07777171687892669
22011,1,USC00166938,OBERLIN FIRE TWR,54.38740729310101,0.24679386699339453
22011,2,USC00165266,LEESVILLE,56.05573876039298,0.2323223082254917
22011,3,USW00003937,LAKE CHARLES,59.01010445920254,0.2096420067091125
22011,4,USC00416680,ORANGE 9 N,60.20225301893008,0.20142138859506725
22011,5,USC00164700,JENNINGS,81.5312251871052,0.109820429476934
22015,1,USC00167738,RED RVR RSCH STN,30.77341082033509,0.31073617873923154
22015,2,USC00166244,MINDEN,32.751647390152044,0.2743322027630254
22015,3,USW00013957,SHREVEPORT,34.11388305263483,0.2528603748436964
22015,4,USC00164355,HOMER 1N,54.18595890911434,0.10022349960241686
22015,5,USC00414577,JEFFERSON,68.97784364213867,0.06184774405162994
22017,1,USW00013957,SHREVEPORT,14.947297652061273,0.6445077408333981
22017,2,USC00167738,RED RVR RSCH STN,29.076714626449675,0.17031889680683307
22017,3,USC00415618,MARSHALL,42.82607360889701,0.07851217078686779
22017,4,USC00414577,JEFFERSON,49.11531475517875,0.0596924824586823
22017,5,USC00166244,MINDEN,55.36973432576721,0.04696870911421871
22019,1,USW00003937,LAKE CHARLES,17.92427076912603,0.6175667557840631
22019,2,USC00416680,ORANGE 9 N,36.59508100545169,0.14815676121402122
22019,3,USC00163979,HACKBERRY 8 SSW,38.062238775228884,0.13695511042982011
22019,4,USC00165065,LAKE ARTHUR 7 SW,61.30902849127937,0.052785912385268516
22019,5,USC00164700,JENNINGS,66.74680446346656,0.04453546018682713
22021,1,USC00169806,WINNSBORO 5 SSE,38.81168060572812,0.31060677272212645
22021,2,USW00013942,MONROE RGNL AP,46.752101210318536,0.21405902841257063
22021,3,USC00164696,JENA,47.046835594763984,0.21138539761777667
22021,4,USC00161411,CALHOUN 2 N,53.686652810285466,0.16233163499005834
22021,5,USC00168067,RUSTON LA TECH,67.85539289258347,0.10161716625746774
22023,1,USC00163979,HACKBERRY 8 SSW,22.95769019543122,0.40397725458494677
22023,2,USW00003937,LAKE CHARLES,28.608806026520284,0.2601440092003602
22023,3,USC00167932,ROCKEFELLER WL REFUGE,37.063078030218655,0.15499951078321553
22023,4,USC00165065,LAKE ARTHUR 7 SW,41.66203302188309,0.12266830877770968
22023,5,USC00164700,JENNINGS,60.47897589706754,0.05821091665376784
22025,1,USC00164739,JONESVILLE LOCKS,20.518501180532528,0.4771218410097275
22025,2,USC00164696,JENA,26.737546065739785,0.2809813359628144
22025,3,USC00226177,NATCHEZ,48.66994922878313,0.08480057134331229
22025,4,USC00169806,WINNSBORO 5 SSE,50.06279173860786,0.08014758415543322
22025,5,USW00013935,ALEXANDRIA ESLER FLD,51.09280315284344,0.07694866752871256
22029,1,USC00164739,JONESVILLE LOCKS,22.471062658110064,0.5040884462986343
22029,2,USC00226177,NATCHEZ,30.12748751521531,0.28043236505522784
22029,3,USC00164696,JENA,52.956260262459665,0.09076519586001429
22029,4,USW00013935,ALEXANDRIA ESLER FLD,62.817787704830835,0.06450430346610958
22029,5,USC00168163,ST JOSEPH 3 N,65.01952453836176,0.060209689320013846
22031,1,USC00167738,RED RVR RSCH STN,41.465652695162916,0.32684495759192606
22031,2,USW00013957,SHREVEPORT,44.55451541201955,0.2830970552583876
22031,3,USC00411500,CARTHAGE,57.539890270541015,0.16973864941673686
22031,4,USC00417951,SAN AUGUSTINE,69.86495168165476,0.11513306726462291
22031,5,USC00415618,MARSHALL,73.09368748489916,0.10518627046832661
22033,1,USW00013970,BATON ROUGE METRO AP,5.194294808297824,0.9431991650470345
22033,2,USC00166686,NEW ROADS 5 NE,33.175291223960855,0.023122091183936218
22033,3,USC00161565,CARVILLE 2 SW,38.58049387549603,0.017097044094183132
22033,4,USC00162534,DONALDSONVILLE 4 SW,52.86070019434813,0.009107323731076042
22033,5,USC00164034,HAMMOND,58.34999587362585,0.007474375943769909
22035,1,USC00168923,TALLULAH,37.07651447788795,0.39385919963258215
22035,2,USC00032355,EUDORA,42.80808397057207,0.2954521903575094
22035,3,USC00035866,PORTLAND,63.22346901347351,0.13545097974887113
22035,4,USW00013942,MONROE RGNL AP,78.25957007370576,0.08840236389046027
22035,5,USC00031730,CROSSETT 2 SSE,78.96257937088701,0.08683526637057694
22037,1,USC00166686,NEW ROADS 5 NE,33.38729808588378,0.37963988277338756
22037,2,USW00013970,BATON ROUGE METRO AP,35.006273741104444,0.34533660145456124
22037,3,USC00164034,HAMMOND,66.02454723440046,0.09707860263265164
22037,4,USW00093919,MCCOMB AP,66.45640158210055,0.09582100822106772
22037,5,USC00161565,CARVILLE 2 SW,71.78478337381742,0.08212390491833192
22039,1,USC00161287,BUNKIE,34.175558846172265,0.34710584842130887
22039,2,USC00166938,OBERLIN FIRE TWR,37.69239492148498,0.28535515040910664
22039,3,USC00163800,GRAND COTEAU,48.14345244150271,0.17491164296619172
22039,4,USC00164700,JENNINGS,63.00735855630943,0.10211995971936848
22039,5,USC00160098,ALEXANDRIA,66.92749181976068,0.09050739848402425
22041,1,USC00169806,WINNSBORO 5 SSE,5.2021051678490835,0.9641495691081963
22041,2,USC00168163,ST JOSEPH 3 N,46.40790574030793,0.012114869111978068
22041,3,USW00013942,MONROE RGNL AP,53.6846649279516,0.009053201224929355
22041,4,USC00168923,TALLULAH,54.263651174424766,0.008861038889394547
22041,5,USC00164696,JENA,66.94845126317425,0.005821321665501827
22043,1,USC00161232,BOYCE 3 WNW,26.91430142486564,0.28111751129409535
22043,2,USW00093915,ALEXANDRIA INTL AP,29.255432401241283,0.23792554916434136
22043,3,USC00160098,ALEXANDRIA,32.26546810318949,0.19560420326946895
22043,4,USW00013935,ALEXANDRIA ESLER FLD,34.65217370012391,0.16958723441894888
22043,5,USC00164696,JENA,41.94087456208952,0.11576550185314537
22045,1,USC00163313,FRANKLIN 3 NW,37.61381314768432,0.27356090093828306
22045,2,USC00165296,LELAND BOWMAN LOCK,40.63949205225621,0.23434312053312445
22045,3,USC00164674,JEANERETTE 5 NW,41.296477468871366,0.226946105215174
22045,4,USC00166657,NEW IBERIA AP - ACADIANA RGNL,47.22785105955597,0.17352113553008627
22045,5,USC00166394,MORGAN CITY,64.99179374297414,0.0916287377833323
22047,1,USC00161565,CARVILLE 2 SW,24.45198645740273,0.4289484362602673
22047,2,USW00013970,BATON ROUGE METRO AP,36.37872243994567,0.1937931828066549
22047,3,USC00162534,DONALDSONVILLE 4 SW,39.30164713685672,0.16603967625776525
22047,4,USC00164674,JEANERETTE 5 NW,47.963213010957,0.11148510451783086
22047,5,USC00166686,NEW ROADS 5 NE,50.71027233200421,0.09973360015748174
22053,1,USC00164700,JENNINGS,16.509051957756753,0.5637134808559028
22053,2,USC00165065,LAKE ARTHUR 7 SW,28.063731434197916,0.19507960088652118
22053,3,USC00166938,OBERLIN FIRE TWR,37.36792415532146,0.11002838639638365
22053,4,USW00003937,LAKE CHARLES,41.616017347954156,0.08871185441736262
22053,5,USC00167932,ROCKEFELLER WL REFUGE,60.14883263867023,0.04246667744382975
22055,1,USW00013976,LAFAYETTE RGNL AP,7.239024032317137,0.8199193251736597
22055,2,USC00163800,GRAND COTEAU,23.628198693892433,0.0769608633486967
22055,3,USC00166657,NEW IBERIA AP - ACADIANA RGNL,26.22362823075666,0.062480658904998536
22055,4,USC00164674,JEANERETTE 5 NW,43.69251673897935,0.022506970252581835
22055,5,USC00165296,LELAND BOWMAN LOCK,48.67887592732899,0.018132182320063223
22057,1,USC00163433,GALLIANO,9.072341837329695,0.8795615463189359
22057,2,USC00165926,MARRERO 9 SSW,42.32048901869621,0.040420687005846674
22057,3,USC00169013,THIBODAUX 4 SE,46.919569536050965,0.032884936486309364
22057,4,USW00012930,NEW ORLEANS AUDUBON,53.694351645475855,0.02511006518287266
22057,5,USW00012916,NEW ORLEANS AP,57.33457536913335,0.02202276500603542
22059,1,USC00164696,JENA,3.100273235370354,0.9771943679404891
22059,2,USW00013935,ALEXANDRIA ESLER FLD,33.57039395573624,0.008334278747374389
22059,3,USC00164739,JONESVILLE LOCKS,35.830201782874624,0.007316146435010436
22059,4,USC00160098,ALEXANDRIA,49.031850566797864,0.003906828325900696
22059,5,USW00093915,ALEXANDRIA INTL AP,53.772116585449396,0.0032483785512255146
22065,1,USC00168923,TALLULAH,7.362190965040181,0.9229551549902676
22065,2,USC00168163,ST JOSEPH 3 N,44.16445775779407,0.025647731061025376
22065,3,USC00227132,PORT GIBSON 1 NE,47.098365221773385,0.02255189756182659
22065,4,USC00169806,WINNSBORO 5 SSE,52.08024209473306,0.018443730495306482
22065,5,USC00226476,OAKLEY EXP STN,69.35051427875545,0.010401485891573936
22067,1,USC00031730,CROSSETT 2 SSE,35.17889154508213,0.3506085331365467
22067,2,USW00013942,MONROE RGNL AP,40.095249182364654,0.2698987979179345
22067,3,USC00035866,PORTLAND,55.24438111906828,0.1421708495522893
22067,4,USC00032355,EUDORA,59.89048471625441,0.12096817481145987
22067,5,USC00161411,CALHOUN 2 N,61.066551604627016,0.11635364458176976
22069,1,USC00161232,BOYCE 3 WNW,51.087056883060114,0.31953056205801045
22069,2,USW00093915,ALEXANDRIA INTL AP,66.50169857341605,0.18856830384781553
22069,3,USC00165266,LEESVILLE,67.36558628184366,0.18376296234954537
22069,4,USC00160800,BIENVILLE 3 NE,72.57137397892232,0.15834468110606204
22069,5,USC00160098,ALEXANDRIA,74.61405016623858,0.14979349063856653
22073,1,USW00013942,MONROE RGNL AP,12.036203599511106,0.6762408108343674
22073,2,USC00161411,CALHOUN 2 N,20.494030904744168,0.2332521492219281
22073,3,USC00168067,RUSTON LA TECH,46.88415351108395,0.0445685258021409
22073,4,USC00169806,WINNSBORO 5 SSE,59.84407366480523,0.02735508886414043
22073,5,USC00031730,CROSSETT 2 SSE,72.60680575854323,0.018583425277423373
22077,1,USC00166686,NEW ROADS 5 NE,22.787828813664856,0.6011332823046964
22077,2,USW00013970,BATON ROUGE METRO AP,47.726124090721534,0.1370453606650217
22077,3,USC00163800,GRAND COTEAU,53.02237872318228,0.11103458034661201
22077,4,USC00161287,BUNKIE,61.504225719368876,0.08252143268856313
22077,5,USW00013976,LAFAYETTE RGNL AP,67.622028381585,0.06826534399510661
22079,1,USC00160098,ALEXANDRIA,15.85228131493834,0.3732782388830254
22079,2,USW00093915,ALEXANDRIA INTL AP,15.880201545460647,0.3719668131347624
22079,3,USC00161232,BOYCE 3 WNW,28.256758889554195,0.11748205164030584
22079,4,USW00013935,ALEXANDRIA ESLER FLD,33.00132720691607,0.08612979263598777
22079,5,USC00161287,BUNKIE,42.82669561464375,0.05114310370591872
22081,1,USC00167738,RED RVR RSCH STN,44.835704583278215,0.29896395559893985
22081,2,USC00160800,BIENVILLE 3 NE,48.77603693730984,0.25261190107687037
22081,3,USC00166244,MINDEN,56.283932002817224,0.18971338349033018
22081,4,USW00013957,SHREVEPORT,60.4448803709693,0.16449313747824562
22081,5,USC00168067,RUSTON LA TECH,79.86699499254998,0.09421762235561404
22083,1,USW00013942,MONROE RGNL AP,28.774273730738333,0.42202317528577127
22083,2,USC00169806,WINNSBORO 5 SSE,35.12409232450305,0.2832271108420388
22083,3,USC00168923,TALLULAH,52.983838543191126,0.12446814153267234
22083,4,USC00161411,CALHOUN 2 N,58.98369562305863,0.10043407468538483
22083,5,USC00168163,ST JOSEPH 3 N,70.72893117414121,0.06984749765413283
22091,1,USC00164034,HAMMOND,42.796442208822015,0.28286611681031487
22091,2,USW00093919,MCCOMB AP,45.90301243298372,0.2458747244570264
22091,3,USW00013970,BATON ROUGE METRO AP,52.55149945920925,0.18759706375636506
22091,4,USC00162151,COVINGTON 8 WNW,57.52505201804744,0.1565605077407372
22091,5,USC00166686,NEW ROADS 5 NE,63.84437555466815,0.12710158723555656
22093,1,USC00162534,DONALDSONVILLE 4 SW,23.109518216264892,0.420077170899835
22093,2,USC00169013,THIBODAUX 4 SE,30.088512422432157,0.2478046376512585
22093,3,USC00161565,CARVILLE 2 SW,37.27037903706917,0.16150398560153423
22093,4,USW00012916,NEW ORLEANS AP,49.791443402847335,0.09049017559492505
22093,5,USC00166394,MORGAN CITY,52.91441980665501,0.08012403025244731
22095,1,USW00012916,NEW ORLEANS AP,26.19847167189864,0.40921790171124617
22095,2,USC00164034,HAMMOND,38.2226974870316,0.1922489034560301
22095,3,USW00012930,NEW ORLEANS AUDUBON,42.94958433326099,0.15226097541958655
22095,4,USW00053917,NEW ORLEANS LAKEFRONT AP,45.6812054943496,0.13459577441837686
22095,5,USC00162151,COVINGTON 8 WNW,50.15017797766617,0.11167644499476022
22097,1,USC00163800,GRAND COTEAU,19.101994539307306,0.639035000239192
22097,2,USW00013976,LAFAYETTE RGNL AP,42.792368471385466,0.12733547993537891
22097,3,USC00161287,BUNKIE,45.55018085840797,0.11238332241159332
22097,4,USC00166686,NEW ROADS 5 NE,61.60014202520307,0.06144954217006693
22097,5,USC00166657,NEW IBERIA AP - ACADIANA RGNL,62.44570788600944,0.05979665524376886
22099,1,USC00164674,JEANERETTE 5 NW,20.410123840414713,0.421439431942332
22099,2,USC00166657,NEW IBERIA AP - ACADIANA RGNL,28.193035138128153,0.2208730774789653
22099,3,USC00163313,FRANKLIN 3 NW,33.77841446426814,0.15386786478176323
22099,4,USW00013976,LAFAYETTE RGNL AP,37.333305461667,0.12596026340417654
22099,5,USC00161565,CARVILLE 2 SW,47.485148702926686,0.07785936239276293
22101,1,USC00163313,FRANKLIN 3 NW,22.921069983889637,0.45576964891808835
22101,2,USC00166394,MORGAN CITY,28.440554781042533,0.2960322646905191
22101,3,USC00164674,JEANERETTE 5 NW,43.77601107431039,0.1249518826495235
22101,4,USC00166657,NEW IBERIA AP - ACADIANA RGNL,60.19036484454339,0.06609387633739172
22101,5,USC00162534,DONALDSONVILLE 4 SW,64.72776734965746,0.05715232740447748
22103,1,USW00053865,SLIDELL AP,14.449508577814585,0.5459917996375445
22103,2,USC00168539,SLIDELL,23.79048788766418,0.20141210913850663
22103,3,USC00162151,COVINGTON 8 WNW,28.336771848054568,0.14196834753885126
22103,4,USW00053917,NEW ORLEANS LAKEFRONT AP,40.774921696832564,0.06856555613185558
22103,5,USC00164034,HAMMOND,52.05952597884988,0.04206218755324203
22105,1,USC00164034,HAMMOND,16.753837530340576,0.548232566809657
22105,2,USC00162151,COVINGTON 8 WNW,21.1524584511765,0.3439313214244412
22105,3,USW00093919,MCCOMB AP,62.67537600471664,0.039174145629844184
22105,4,USW00053865,SLIDELL AP,63.917891073867764,0.037665917864507514
22105,5,USW00012916,NEW ORLEANS AP,70.4601479123127,0.03099604827155014
22107,1,USC00168163,ST JOSEPH 3 N,11.782216540114629,0.7394201133324733
22107,2,USC00227132,PORT GIBSON 1 NE,35.00485307182117,0.08377004370319435
22107,3,USC00169806,WINNSBORO 5 SSE,35.60919739649571,0.08095075245329597
22107,4,USC00226177,NATCHEZ,45.87811062663607,0.04876791761373773
22107,5,USC00168923,TALLULAH,46.68774265229417,0.047091172897298736
22109,1,USC00169013,THIBODAUX 4 SE,47.23884020537216,0.3066758878703476
22109,2,USC00166394,MORGAN CITY,50.421217244024575,0.2691853572673683
22109,3,USC00163433,GALLIANO,53.91360723121285,0.23544057148917247
22109,4,USC00162534,DONALDSONVILLE 4 SW,83.94166686429018,0.09712318282525852
22109,5,USC00165926,MARRERO 9 SSW,86.4471295180594,0.09157500054785307
22113,1,USC00165296,LELAND BOWMAN LOCK,11.131431965940479,0.8349030319427592
22113,2,USC00167932,ROCKEFELLER WL REFUGE,48.72213043029202,0.04357983390198837
22113,3,USC00166657,NEW IBERIA AP - ACADIANA RGNL,48.84898954339227,0.04335377721298253
22113,4,USC00165065,LAKE ARTHUR 7 SW,49.190302916066194,0.042754232717239916
22113,5,USW00013976,LAFAYETTE RGNL AP,54.05196198529358,0.035409124225030106
22117,1,USC00162151,COVINGTON 8 WNW,39.590170319800016,0.3002507430588468
22117,2,USC00227128,POPLARVILLE EXP STN,47.840456315009796,0.20562134910503818
22117,3,USC00221865,COLUMBIA,48.5887630176607,0.19933664544111682
22117,4,USW00093919,MCCOMB AP,54.70113553373611,0.15727733707290523
22117,5,USC00164034,HAMMOND,58.500028274049136,0.13751392532209292
22121,1,USW00013970,BATON ROUGE METRO AP,17.630998586942052,0.5558999110155465
22121,2,USC00166686,NEW ROADS 5 NE,29.717252833398582,0.1956739929100541
22121,3,USC00161565,CARVILLE 2 SW,34.45418191140998,0.14556820978035498
22121,4,USC00162534,DONALDSONVILLE 4 SW,51.33137498886649,0.06558199601501843
22121,5,USC00164674,JEANERETTE 5 NW,68.0865299073698,0.037275890279025954
22123,1,USC00032355,EUDORA,39.91209950261365,0.32116529254261716
22123,2,USC00168923,TALLULAH,50.39652622586275,0.20143574972727843
22123,3,USC00035866,PORTLAND,51.242319227989086,0.19484093187938228
22123,4,USC00031730,CROSSETT 2 SSE,58.29176237373548,0.15056477578617444
22123,5,USW00013942,MONROE RGNL AP,62.25769182857546,0.1319932500645476
22125,1,USC00166686,NEW ROADS 5 NE,17.121104141062155,0.7750829400147031
22125,2,USW00013970,BATON ROUGE METRO AP,45.6385759374215,0.10908060712610156
22125,3,USC00161287,BUNKIE,72.82900667719431,0.04283541142650794
22125,4,USC00163800,GRAND COTEAU,78.14021539286668,0.03721024313491679
22125,5,USC00164739,JONESVILLE LOCKS,79.67465016871202,0.03579079829777048
24001,1,USC00182282,CUMBERLAND 2,5.605713803223272,0.8691550457084327
24001,2,USC00183415,FROSTBURG 2,20.63609903043048,0.0641362984713054
24001,3,USC00467730,ROMNEY 1 SW,30.957236962468247,0.02849933427834878
24001,4,USC00461324,CACAPON ST PK #2,36.60526379597798,0.02038318360416332
24001,5,USC00188065,SAVAGE RVR DAM,39.142712484343036,0.01782613793774964
24003,1,USW00013752,ANNAPOLIS US NAVAL ACADEMY ASO,6.1962049433548,0.8054386730673931
24003,2,USC00188557,STEVENSVILLE 2SW,19.38203099686013,0.08231622746529277
24003,3,USW00093721,BALTIMORE-WASHINGTON INTL AP,22.83426360910376,0.05930755295173393
24003,4,USC00180700,BELTSVILLE,32.299862611189006,0.029640305534166744
24003,5,USC00186350,NATL ARBORETUM DC,36.43256656843495,0.023297240981413534
24005,1,USW00093721,BALTIMORE-WASHINGTON INTL AP,30.566785893236965,0.30869212100993054
24005,2,USC00185934,MILLERS 4 NE,34.614685957613766,0.240715636913446
24005,3,USW00013701,ABERDEEN PHILLIPS FLD,38.496086310790744,0.19462200210396485
24005,4,USC00182060,CONOWINGO DAM,44.62450781539496,0.1448365650194797
24005,5,USC00363665,HANOVER 4 SW,50.943609114785254,0.1111336749531789
24009,1,USC00185865,MECHANICSVILLE 5 NE,17.37918325770763,0.4329330189369975
24009,2,USC00188405,SOLOMONS,23.51731551472517,0.236430741176622
24009,3,USW00013721,PATUXENT RIVER NAS,26.652537925907374,0.18407817301620324
24009,4,USC00187806,ROYAL OAK 2 SSW,36.41104088651783,0.09863095691177973
24009,5,USW00013752,ANNAPOLIS US NAVAL ACADEMY ASO,52.23349632152141,0.04792710995839755
24011,1,USC00187806,ROYAL OAK 2 SSW,35.644990592710585,0.299009955361396
24011,2,USC00072730,DOVER,41.592168575321914,0.21961374996920063
24011,3,USC00188557,STEVENSVILLE 2SW,45.21114577622885,0.18586243826075685
24011,4,USW00013764,GEORGETOWN-DELAWARE COASTAL AP,45.41657706362564,0.1841848302664521
24011,5,USW00013752,ANNAPOLIS US NAVAL ACADEMY ASO,58.41671395376654,0.11132902614219448
24013,1,USC00363665,HANOVER 4 SW,23.09440412858275,0.3088287216993969
24013,2,USC00185934,MILLERS 4 NE,25.14647731010255,0.26048150764743355
24013,3,USC00182906,EMMITSBURG 2 SE,26.23714678183976,0.2392753699979588
24013,4,USC00182336,DAMASCUS 3 SSW,38.033597385649,0.11386661143373522
24013,5,USC00360656,BIGLERVILLE,46.08726037527968,0.07754778922147543
24015,1,USC00076410,NEWARK AG FARM,20.508806884580697,0.27130687626674604
24015,2,USW00013701,ABERDEEN PHILLIPS FLD,22.011447614405462,0.23552899637349664
24015,3,USC00182060,CONOWINGO DAM,22.524090586099597,0.22492983355696952
24015,4,USC00366508,OCTORARO LAKE,27.382159892654276,0.15219703372884402
24015,5,USW00013781,WILMINGTON NEW CASTLE CO AP,31.359711849474547,0.11603726007394372
24017,1,USC00185865,MECHANICSVILLE 5 NE,25.30731789955707,0.32875071770295616
24017,2,USW00013773,QUANTICO MCAS,25.43418073594552,0.325479353399685
24017,3,USW00013743,WASHINGTON REAGAN NATL AP,41.65807325071654,0.12132787525069332
24017,4,USC00443204,FREDERICKSBURG SEWAGE,43.18542510096772,0.11289755919171154
24017,5,USC00442009,CORBIN,43.446560990185155,0.11154449445495415
24019,1,USC00187806,ROYAL OAK 2 SSW,34.167622806873084,0.24863586729829276
24019,2,USW00013721,PATUXENT RIVER NAS,35.25444110745159,0.23354234592464007
24019,3,USC00188405,SOLOMONS,37.36500647431975,0.20790416175520365
24019,4,USC00187330,PRINCESS ANNE,39.967513903924555,0.1817100873841871
24019,5,USW00093720,SALISBURY-WICOMICO RGNL AP,47.58169115651977,0.12820753763767637
24021,1,USC00182906,EMMITSBURG 2 SE,24.869583574554557,0.323309374641641
24021,2,USC00182336,DAMASCUS 3 SSW,26.897832348414013,0.27638900317070253
24021,3,USC00181790,HAGERSTOWN 1E,31.938580323592962,0.19603070812621695
24021,4,USC00368308,S MTN,43.289836812682275,0.10670466996361122
24021,5,USC00444909,PURCELLVILLE,45.271811093707974,0.09756624409782838
24023,1,USC00188315,SINES DEEP CREEK,12.18421715304943,0.363843555799196
24023,2,USC00188065,SAVAGE RVR DAM,12.267980771577193,0.3588919980689474
24023,3,USC00186620,OAKLAND 1 SE,18.412602048441283,0.1593234179946734
24023,4,USC00361705,CONFLUENCE 1 SW DAM,29.11213917093497,0.06373261100614955
24023,5,USC00460527,BAYARD,31.566149654826095,0.0542084171310338
24025,1,USW00013701,ABERDEEN PHILLIPS FLD,13.341116731965084,0.5186269691933754
24025,2,USC00182060,CONOWINGO DAM,16.940513335068093,0.3216520566345475
24025,3,USC00366508,OCTORARO LAKE,36.09312786826607,0.07085825043811649
24025,4,USC00367732,SAFE HARBOR DAM,43.80176937268209,0.048112304212805025
24025,5,USC00185934,MILLERS 4 NE,47.59416265918471,0.04075041952115569
24027,1,USW00093721,BALTIMORE-WASHINGTON INTL AP,22.480390791656546,0.308552384731631
24027,2,USC00180700,BELTSVILLE,24.6886399539133,0.25582459078277603
24027,3,USC00182336,DAMASCUS 3 SSW,26.512434987673736,0.22183873872225007
24027,4,USC00186350,NATL ARBORETUM DC,37.89596752580275,0.10858019603050963
24027,5,USC00182325,DALECARLIA RSVR,38.499226029532565,0.10520408973283324
24029,1,USW00013701,ABERDEEN PHILLIPS FLD,25.895826210779617,0.39638254325255917
24029,2,USC00188557,STEVENSVILLE 2SW,35.10241154771041,0.2157248402864885
24029,3,USW00013752,ANNAPOLIS US NAVAL ACADEMY ASO,41.87976228894273,0.1515533873195877
24029,4,USC00182060,CONOWINGO DAM,46.26221040157684,0.1241999166982329
24029,5,USW00093721,BALTIMORE-WASHINGTON INTL AP,48.686447574692515,0.11213931244313176
24031,1,USC00182336,DAMASCUS 3 SSW,14.406496117559731,0.46232025462363635
24031,2,USC00182325,DALECARLIA RSVR,23.42361605324439,0.17488468223850712
24031,3,USC00180700,BELTSVILLE,26.2977811091792,0.1387463098674984
24031,4,USC00448737,VIENNA,28.292531729118842,0.11987152501491492
24031,5,USC00448084,WFO STERLING,30.348933055337184,0.10417722825544333
24033,1,USC00186350,NATL ARBORETUM DC,14.088829300283559,0.3906512255898416
24033,2,USW00013743,WASHINGTON REAGAN NATL AP,16.25082691152944,0.29362165106295085
24033,3,USC00180700,BELTSVILLE,23.482952814400676,0.1406156292925025
24033,4,USC00182325,DALECARLIA RSVR,25.968024521421167,0.11499029298580263
24033,5,USW00013752,ANNAPOLIS US NAVAL ACADEMY ASO,35.91333021604866,0.06012120106890235
24035,1,USC00188557,STEVENSVILLE 2SW,23.38056816323675,0.4415992771523524
24035,2,USW00013752,ANNAPOLIS US NAVAL ACADEMY ASO,35.56990048670836,0.1907977173776731
24035,3,USC00187806,ROYAL OAK 2 SSW,37.37889411810614,0.1727768605601232
24035,4,USW00013701,ABERDEEN PHILLIPS FLD,48.511582889606274,0.10257643092675255
24035,5,USC00072730,DOVER,51.154839142157655,0.09224971398309877
24037,1,USC00188405,SOLOMONS,12.922970685301598,0.441390418479407
24037,2,USW00013721,PATUXENT RIVER NAS,13.376106974165388,0.411991402397942
24037,3,USC00448894,WARSAW 2 NW,33.65352383003313,0.06508584217099316
24037,4,USC00185865,MECHANICSVILLE 5 NE,34.31868024345104,0.06258733553280563
24037,5,USC00187806,ROYAL OAK 2 SSW,62.37728799501742,0.01894500141885214
24039,1,USC00187330,PRINCESS ANNE,21.414065149461234,0.5076197836248999
24039,2,USW00093739,WALLOPS IS NASA TEST FACILITY,37.20137918047479,0.16819717492299488
24039,3,USW00093720,SALISBURY-WICOMICO RGNL AP,41.9497937413727,0.1322748017309743
24039,4,USC00188380,SNOW HILL 4 N,45.243491592026174,0.11371677951633696
24039,5,USC00446475,PAINTER 2 W,54.56180482046843,0.07819146020479376
24041,1,USC00187806,ROYAL OAK 2 SSW,3.827206687083264,0.9630503726714689
24041,2,USC00188557,STEVENSVILLE 2SW,28.44167287777317,0.017438236489718966
24041,3,USW00013752,ANNAPOLIS US NAVAL ACADEMY ASO,38.13182402069429,0.009701472949399671
24041,4,USC00188405,SOLOMONS,53.272640022793915,0.004970549442006597
24041,5,USW00013721,PATUXENT RIVER NAS,53.98984421391082,0.004839368447405988
24043,1,USC00181790,HAGERSTOWN 1E,10.808995870262628,0.718696794885367
24043,2,USW00013734,MARTINSBURG E W VIRGINIA RGNL,26.12296955131964,0.12304708267707368
24043,3,USC00368308,S MTN,38.232986404660984,0.057443377225474705
24043,4,USC00361354,CHAMBERSBURG 1 ESE,39.159797790333876,0.054756480865441784
24043,5,USC00461324,CACAPON ST PK #2,42.69862111325585,0.046056264346642936
24045,1,USW00093720,SALISBURY-WICOMICO RGNL AP,10.77077522726979,0.6114396659278118
24045,2,USC00187330,PRINCESS ANNE,17.799894355202646,0.22387865310488633
24045,3,USC00188380,SNOW HILL 4 N,26.954930309528528,0.09762726171738755
24045,4,USW00013764,GEORGETOWN-DELAWARE COASTAL AP,42.83136216116727,0.03866551170010371
24045,5,USW00093739,WALLOPS IS NASA TEST FACILITY,49.98611996993188,0.028388907549810653
24047,1,USC00188380,SNOW HILL 4 N,5.877008880793206,0.8734338391077596
24047,2,USW00093720,SALISBURY-WICOMICO RGNL AP,22.118214879549672,0.06166554323247407
24047,3,USC00187330,PRINCESS ANNE,32.54115006586044,0.02848898078176531
24047,4,USW00093739,WALLOPS IS NASA TEST FACILITY,34.50596846329316,0.02533694597862166
24047,5,USW00013764,GEORGETOWN-DELAWARE COASTAL AP,52.192193195194726,0.011074690899379326
26001,1,USC00203628,HARRISVILLE SP,0.8736672441199519,0.9984904437850036
26001,2,USC00203529,HALE LOUD DAM,40.14305573560136,0.00047294992668462244
26001,3,USC00202423,E TAWAS,44.73183023190125,0.00038089272987944266
26001,4,USW00014814,ALPENA WWTP,46.04058879809598,0.0003595458507114946
26001,5,USW00094849,ALPENA CO RGNL AP,50.72816556791474,0.00029616770772090506
26005,1,USC00200864,BLOOMINGDALE,24.891583896120714,0.5082042100303811
26005,2,USC00200710,BENTON HARBOR AP,35.70041402270064,0.2470568033982912
26005,3,USC00202250,DOWAGIAC 1 W,49.602714073451416,0.12797715258184314
26005,4,USC00203504,GULL LAKE BIOLOGICAL STN,72.01729135228703,0.060711331421147666
26005,5,USC00208184,THREE RIVERS,74.9517722302786,0.05605050256833673
26007,1,USW00014814,ALPENA WWTP,18.41938591556522,0.4415937960819349
26007,2,USW00094849,ALPENA CO RGNL AP,22.444482355051818,0.29740897522700227
26007,3,USC00203628,HARRISVILLE SP,29.159445584071705,0.1762035820427746
26007,4,USC00203529,HALE LOUD DAM,53.369135072197366,0.05260087017854236
26007,5,USC00202423,E TAWAS,68.21932403585964,0.03219277646974588
26009,1,USC00202381,E JORDAN,16.610725422510313,0.4498292831770423
26009,2,USC00200925,BOYNE FALLS,27.307752679874543,0.16643819635468418
26009,3,USC00206158,OLD MISSION 3SSW,28.37017155386353,0.15420590293929176
26009,4,USC00204257,KALKASKA,30.841280448807513,0.13048485928701925
26009,5,USC00201468,CHARLEVOIX,35.40000232204014,0.09904175824196264
26011,1,USC00207820,STANDISH 4NE,12.85078803227142,0.7255175368280657
26011,2,USC00202423,E TAWAS,33.35249387784104,0.10770870604049691
26011,3,USC00208800,W BRANCH 3SE,43.97534978560148,0.06195677871097381
26011,4,USC00203529,HALE LOUD DAM,47.44504400666922,0.053226232559359724
26011,5,USC00204967,LUPTON 1S,48.191208138881194,0.05159074586110378
26015,1,USC00203661,HASTINGS,6.9177466962507665,0.8135551818828165
26015,2,USC00203504,GULL LAKE BIOLOGICAL STN,21.753598533647537,0.08227238897931535
26015,3,USC00200552,BATTLE CREEK 5NW,24.27479559670269,0.06607013033646604
26015,4,USW00094860,GRAND RAPIDS,39.37993564094927,0.02510535245393187
26015,5,USC00202437,EATON RAPIDS,54.731518848402594,0.012996946347470154
26017,1,USC00205434,MIDLAND,20.54505556495199,0.3774057808435391
26017,2,USW00014845,SAGINAW MBS INTL AP,20.796399266886997,0.3683383131375636
26017,3,USC00207820,STANDISH 4NE,35.380269757110256,0.127262634282348
26017,4,USC00208443,VASSAR,48.977576601872606,0.06640925425804943
26017,5,USW00014828,GLADWIN,51.278174941170086,0.06058401747849983
26019,1,USC00202984,FRANKFORT 2NE,2.1760268004769006,0.9921824741329814
26019,2,USC00205097,MAPLE CITY 1E,39.62260812482694,0.0029924983034151525
26019,3,USC00205065,MANISTEE 3SE,47.561924110501835,0.0020768312024622175
26019,4,USW00014850,TRAVERSE CY CHERRY CAPITAL AP,53.71962133267975,0.0016279990454535571
26019,5,USC00206158,OLD MISSION 3SSW,64.76088153739519,0.0011201973156876833
26021,1,USC00124837,LAPORTE,20.008156547899347,0.4814831768072044
26021,2,USC00124244,INDIANA DUNES NP,33.73466688179558,0.169372313146824
26021,3,USW00014848,S BEND AP,36.57049374680998,0.1441231093159706
26021,4,USC00129222,WANATAH 2 WNW,41.64360522382778,0.11114722630182236
26021,5,USC00200710,BENTON HARBOR AP,45.31318300527181,0.09387417442817862
26023,1,USC00201675,COLDWATER ST SCHOOL,7.843069010129222,0.8514516698967576
26023,2,USC00120200,ANGOLA,28.590378973384375,0.06407553633154515
26023,3,USC00203823,HILLSDALE,35.27442098687188,0.04209323333148079
26023,4,USC00208184,THREE RIVERS,47.31660384193298,0.02339402465159899
26023,5,USC00200552,BATTLE CREEK 5NW,52.52361486980603,0.01898553578861758
26025,1,USC00200552,BATTLE CREEK 5NW,24.867218786197583,0.36036584107200764
26025,2,USC00201675,COLDWATER ST SCHOOL,31.265492580245027,0.22796464515673118
26025,3,USC00203504,GULL LAKE BIOLOGICAL STN,34.94660133050172,0.1824686072671934
26025,4,USC00202437,EATON RAPIDS,42.55650006743379,0.12304564336934574
26025,5,USW00014833,JACKSON REYNOLDS FLD,45.817169799936735,0.10615526313472198
26027,1,USC00202250,DOWAGIAC 1 W,13.285216867958901,0.6477831488774907
26027,2,USC00208184,THREE RIVERS,29.945065126173915,0.1275018302128312
26027,3,USW00014848,S BEND AP,35.10673354639372,0.09276541603073561
26027,4,USC00123418,GOSHEN 3SW,41.17533806112225,0.0674361232422195
26027,5,USC00200710,BENTON HARBOR AP,42.097686653668504,0.06451348163672316
26029,1,USC00207277,BEAVER IS,8.069508712496429,0.8910582775428503
26029,2,USC00201468,CHARLEVOIX,39.8461761483339,0.036544918491393505
26029,3,USC00201896,CROSS VILLAGE 1E,41.24954150208312,0.034100602110784556
26029,4,USC00206507,PETOSKEY,51.97648861006176,0.021477633431675833
26029,5,USW00014841,PELLSTON RGNL AP,58.736171618658716,0.016818568423295942
26031,1,USC00201492,CHEBOYGAN,19.67126736250913,0.3378408959549394
26031,2,USC00206184,ONAWAY 4N,22.435049867165297,0.25973042375808686
26031,3,USW00014841,PELLSTON RGNL AP,25.16592396656667,0.20641969983422864
26031,4,USC00208417,VANDERBILT 11ENE,34.272827201801285,0.1112953551903468
26031,5,USC00206507,PETOSKEY,39.28364859616151,0.08471362526239815
26033,1,USW00014847,SAULT STE MARIE SANDERSON FLD,21.556783114104967,0.7075491757344488
26033,2,USC00202094,DETOUR VILLAGE,59.737965097302876,0.09213479720497524
26033,3,USC00208043,TAHQUAMENON FALLS SP,62.194145188730666,0.08500129212149951
26033,4,USC00201492,CHEBOYGAN,74.55102832166284,0.059158514116293096
26033,5,USC00205816,NEWBERRY-LUCE CO RD COMMISSION,76.51795071780484,0.0561562208227835
26035,1,USW00014828,GLADWIN,27.857433312784934,0.3614560020521112
26035,2,USC00203932,HOUGHTON LAKE 6 WSW,35.92527593843283,0.2173388749430838
26035,3,USW00094814,HOUGHTON LAKE ROSCOMMON CO AP,42.97610199181233,0.15187405772496823
26035,4,USC00205662,CENTRAL MICHIGAN UNIV,45.40972583869314,0.13603162312349037
26035,5,USC00204502,LAKE CITY EXP FARM,45.87273708505363,0.13329944215634623
26037,1,USW00014836,LANSING CAPITAL CITY AP,19.398366377495147,0.5730738367597689
26037,2,USC00206300,OWOSSO WWTP,34.27553475402362,0.18355762012660448
26037,3,USC00202437,EATON RAPIDS,48.328985899964344,0.09232632139954451
26037,4,USC00200146,ALMA,48.7455769444894,0.09075498028075943
26037,5,USC00203429,GREENVILLE 2 NNE,59.80778827094134,0.060287241433322675
26041,1,USC00478905,WASHINGTON IS,49.70339443308379,0.29538966582687226
26041,2,USC00205073,MANISTIQUE WWTP,52.90720585689437,0.2606980267700386
26041,3,USC00201486,CHATHAM EXP FARM 2,59.644221744458704,0.2051306914397374
26041,4,USC00205690,MUNISING,69.97058145263438,0.14905152727026388
26041,5,USW00014838,MARQUETTE,90.18091751995286,0.08973008869308781
26043,1,USC00204090,IRON MTN-KINGSFORD WWTP,30.365155883824777,0.4695011356131416
26043,2,USC00200197,AMASA 1W,51.61449095815522,0.16249663798903452
26043,3,USC00201439,CHAMPION VAN RIPER PK,57.05182268692106,0.13299907774551203
26043,4,USC00207812,STAMBAUGH 2SSE,58.96488377922791,0.12450901094710909
26043,5,USW00094850,MARQUETTE,62.59277700600004,0.1104941377052029
26045,1,USC00202437,EATON RAPIDS,17.783463963204877,0.518936514610172
26045,2,USW00014836,LANSING CAPITAL CITY AP,28.934342992324687,0.1960287173637937
26045,3,USC00203661,HASTINGS,36.60615325420867,0.12247255040913514
26045,4,USC00200552,BATTLE CREEK 5NW,42.14893038395666,0.09237912258982335
26045,5,USW00014833,JACKSON REYNOLDS FLD,48.35676242064322,0.07018309502707584
26047,1,USC00201896,CROSS VILLAGE 1E,6.089410507770286,0.7878513147008407
26047,2,USW00014841,PELLSTON RGNL AP,15.368732606296318,0.12368546311642531
26047,3,USC00206507,PETOSKEY,24.208214619975475,0.0498504687888518
26047,4,USC00201468,CHARLEVOIX,37.40421384391517,0.02088111600910875
26047,5,USC00201492,CHEBOYGAN,40.59036565832245,0.017731637384773385
26049,1,USC00202851,FLINT 7W,5.450186843875548,0.5972238637179141
26049,2,USW00014826,FLINT FCWOS,6.991530570828503,0.36292376949550165
26049,3,USC00204655,LAPEER WWTP,32.715290164705834,0.016575184901210693
26049,4,USC00206300,OWOSSO WWTP,38.50903615178306,0.011962849455696891
26049,5,USC00208443,VASSAR,39.59729326972596,0.011314332429676792
26051,1,USW00014828,GLADWIN,8.227296200204188,0.8548825634928293
26051,2,USC00208800,W BRANCH 3SE,33.03934330124629,0.053010013179732
26051,3,USC00207820,STANDISH 4NE,39.4352673639885,0.03720926968849987
26051,4,USC00205434,MIDLAND,44.97548406298196,0.02860678373897935
26051,5,USW00094814,HOUGHTON LAKE ROSCOMMON CO AP,46.91413950856227,0.026291369899959376
26055,1,USW00014850,TRAVERSE CY CHERRY CAPITAL AP,2.5031839752368534,0.9708567095410147
26055,2,USC00206158,OLD MISSION 3SSW,22.736326345001228,0.011767930304885474
26055,3,USC00205097,MAPLE CITY 1E,26.890593723063816,0.008412787007893979
26055,4,USC00204257,KALKASKA,30.122990449809517,0.006704162121200487
26055,5,USW00014817,CADILLAC,51.900177774129034,0.00225841102500542
26057,1,USC00200146,ALMA,11.086660236687322,0.7937806998037532
26057,2,USC00205662,CENTRAL MICHIGAN UNIV,35.23849403436503,0.07857191384942469
26057,3,USC00206300,OWOSSO WWTP,46.15420795676895,0.04580146891782849
26057,4,USC00205434,MIDLAND,47.96397225251415,0.042410337208101785
26057,5,USW00014845,SAGINAW MBS INTL AP,49.740126831723934,0.03943558022089176
26059,1,USC00203823,HILLSDALE,0.9216887456790455,0.9974629522756405
26059,2,USC00201675,COLDWATER ST SCHOOL,29.61517981556484,0.0009661322857521453
26059,3,USC00335438,MONTPELIER,37.85638261036959,0.0005912717349224621
26059,4,USW00014833,JACKSON REYNOLDS FLD,40.25246927157379,0.0005229742297168219
26059,5,USC00120200,ANGOLA,43.07563422457031,0.000456669473967917
26063,1,USC00200417,BAD AXE,15.58369095896014,0.5252530945403143
26063,2,USC00203585,HARBOR BEACH 1 SSE,19.11230668619001,0.34920709791789967
26063,3,USC00201361,CASS CITY 1 SSW,44.195057034166666,0.06530732217412792
26063,4,USC00201299,CARO WWTP,63.787206649299826,0.031350329216174935
26063,5,USC00202423,E TAWAS,66.45686207452601,0.028882156151483127
26065,1,USC00202437,EATON RAPIDS,24.700412318448635,0.36705024804255454
26065,2,USW00014836,LANSING CAPITAL CITY AP,26.62810939905632,0.3158299144042152
26065,3,USW00014833,JACKSON REYNOLDS FLD,38.40182068495964,0.1518554198745929
26065,4,USC00206300,OWOSSO WWTP,48.52307655027473,0.0951124282887037
26065,5,USC00205452,MILFORD GM PROVING GROUND,56.499807501729,0.07015198938993358
26067,1,USC00203429,GREENVILLE 2 NNE,31.76842788781681,0.31121666048144747
26067,2,USC00203661,HASTINGS,37.93596290769872,0.2182488989414232
26067,3,USW00094860,GRAND RAPIDS,38.78506306289725,0.20879749380467744
26067,4,USW00014836,LANSING CAPITAL CITY AP,42.945214305928594,0.17030395617061334
26067,5,USC00202437,EATON RAPIDS,58.61053426410846,0.09143299060183863
26069,1,USC00202423,E TAWAS,15.08702821595977,0.5923962551764975
26069,2,USC00203529,HALE LOUD DAM,28.42260011891688,0.16691374433548242
26069,3,USC00203628,HARRISVILLE SP,29.976059129732587,0.1500619674256405
26069,4,USC00204967,LUPTON 1S,51.22538765150263,0.05138651940287287
26069,5,USC00207820,STANDISH 4NE,58.61880751002395,0.03924151365950669
26071,1,USC00200197,AMASA 1W,9.761431581276097,0.6434370263582976
26071,2,USC00207812,STAMBAUGH 2SSE,14.404303969290234,0.2954939018470726
26071,3,USC00200089,ALBERTA FORD FOR CTR,52.9523707523304,0.021865643353887267
26071,4,USC00204090,IRON MTN-KINGSFORD WWTP,55.41546319914952,0.019965084030899402
26071,5,USC00203744,HERMAN,56.452436545360804,0.019238344409843344
26073,1,USC00205662,CENTRAL MICHIGAN UNIV,8.686308575336037,0.8602078805961896
26073,2,USC00200146,ALMA,32.606074772974345,0.06104876507948301
26073,3,USW00014828,GLADWIN,46.191502358020536,0.030419337275152874
26073,4,USC00205434,MIDLAND,51.5358939420186,0.024437360530180047
26073,5,USC00200779,BIG RAPIDS WTP,52.126585697832745,0.023886656518994524
26075,1,USW00014833,JACKSON REYNOLDS FLD,3.3734947975529037,0.9748276579031309
26075,2,USC00202437,EATON RAPIDS,35.49467536474927,0.008805651938882195
26075,3,USC00203823,HILLSDALE,39.27972906370372,0.007190365466805892
26075,4,USC00208080,TECUMSEH,48.591155644780244,0.004698654112471595
26075,5,USC00200032,ADRIAN 2 NNE,49.77575960024109,0.004477670578709533
26077,1,USC00203504,GULL LAKE BIOLOGICAL STN,20.45376221600074,0.4165764797247033
26077,2,USC00200552,BATTLE CREEK 5NW,25.96113484595423,0.25857932966389
26077,3,USC00208184,THREE RIVERS,36.23360643131701,0.1327449553531203
26077,4,USC00200864,BLOOMINGDALE,38.499497726265695,0.11757934159043769
26077,5,USC00203661,HASTINGS,48.35979624111025,0.0745198936678488
26079,1,USC00204257,KALKASKA,8.592099766595899,0.8279967598623522
26079,2,USC00203391,GRAYLING,31.053556442980746,0.06338763796229435
26079,3,USW00014850,TRAVERSE CY CHERRY CAPITAL AP,38.42186982149785,0.04140666638042018
26079,4,USC00204502,LAKE CITY EXP FARM,42.15646562872751,0.03439528196993338
26079,5,USC00206158,OLD MISSION 3SSW,43.160486739622606,0.03281365382499999
26081,1,USW00094860,GRAND RAPIDS,15.412568446109471,0.5710586023748697
26081,2,USC00204320,KENT CITY 2 SW,26.657971258768047,0.19088707528104684
26081,3,USC00203429,GREENVILLE 2 NNE,31.163861228810145,0.1396780589130126
26081,4,USC00203661,HASTINGS,48.30676627748413,0.058131935403563435
26081,5,USW00014840,MUSKEGON CO AP,58.05812648685787,0.04024432802750745
26085,1,USC00200779,BIG RAPIDS WTP,41.515696789349605,0.27385744249371663
26085,2,USW00014817,CADILLAC,44.71642625679295,0.23605599587868895
26085,3,USC00205065,MANISTEE 3SE,45.412372021903295,0.22887630676911475
26085,4,USC00204502,LAKE CITY EXP FARM,59.643926236654416,0.13268345201583331
26085,5,USC00203632,HART 3 WSW,60.600715695638584,0.12852680284264642
26087,1,USC00204655,LAPEER WWTP,7.430954654993424,0.8991938183174977
26087,2,USC00208443,VASSAR,42.33242407455275,0.02770743089263867
26087,3,USC00202851,FLINT 7W,44.640615708463436,0.02491622149547319
26087,4,USW00014826,FLINT FCWOS,44.82270091814073,0.024714196175742355
26087,5,USC00201299,CARO WWTP,45.99706759277431,0.023468333118648085
26089,1,USC00205097,MAPLE CITY 1E,36.57171909361191,0.37322845667672344
26089,2,USC00206158,OLD MISSION 3SSW,48.94128045247024,0.20840821999845044
26089,3,USC00202984,FRANKFORT 2NE,56.74569496583107,0.15502425794654973
26089,4,USW00014850,TRAVERSE CY CHERRY CAPITAL AP,59.166741715894524,0.14259693554587738
26089,5,USC00201468,CHARLEVOIX,64.29886896435845,0.12074212983239903
26091,1,USC00200032,ADRIAN 2 NNE,5.304509815088644,0.8719510980837697
26091,2,USC00208080,TECUMSEH,16.627460957093533,0.08874231832194983
26091,3,USW00094830,TOLEDO EXPRESS AP,40.98551868344863,0.014605679701435259
26091,4,USC00338822,WAUSEON WTP,42.411648430070194,0.013639936178243108
26091,5,USC00203823,HILLSDALE,47.09716432488845,0.011060967714602127
26093,1,USC00205452,MILFORD GM PROVING GROUND,18.78565444541929,0.5885145367221392
26093,2,USC00200230,ANN ARBOR U OF MICH,39.48825282678779,0.13319073521188782
26093,3,USW00014826,FLINT FCWOS,42.6110772325548,0.11438388060078646
26093,4,USC00202851,FLINT 7W,49.772008034029724,0.08383773339607573
26093,5,USC00206300,OWOSSO WWTP,50.92858001595443,0.08007311406911087
26095,1,USC00205816,NEWBERRY-LUCE CO RD COMMISSION,17.71223751090357,0.6087483504166034
26095,2,USC00208043,TAHQUAMENON FALLS SP,24.601243026087484,0.3155517182313641
26095,3,USC00205073,MANISTIQUE WWTP,84.03594305584983,0.027042976800076245
26095,4,USC00205690,MUNISING,88.38243043738566,0.024448531119452215
26095,5,USW00014847,SAULT STE MARIE SANDERSON FLD,88.81965304826802,0.024208423432504178
26097,1,USC00205816,NEWBERRY-LUCE CO RD COMMISSION,26.174004255295166,0.5565829735404497
26097,2,USC00208043,TAHQUAMENON FALLS SP,48.59419687796777,0.16147356595670453
26097,3,USC00207277,BEAVER IS,56.237454619613295,0.12056435930638619
26097,4,USC00201896,CROSS VILLAGE 1E,62.68147611872075,0.09704916952150501
26097,5,USC00205073,MANISTIQUE WWTP,76.9889828543795,0.06432993167495452
26099,1,USW00014804,MT CLEMENS ANG BASE,10.369791950506096,0.7033790264792421
26099,2,USC00206658,PONTIAC WWTP,28.376522692613868,0.09393147677763308
26099,3,USC00203477,GROSSE POINTE FARMS,29.384624661364434,0.08759699444582089
26099,4,USW00014822,DETROIT CITY AP,30.45958214209136,0.08152327504267266
26099,5,USC00202015,DEARBORN,47.467250715468374,0.033569227254631115
26101,1,USC00205065,MANISTEE 3SE,4.6222887854515315,0.9777005169953743
26101,2,USC00202984,FRANKFORT 2NE,45.78092701742332,0.009966687249729728
26101,3,USC00203632,HART 3 WSW,63.86768188200138,0.005121034344991452
26101,4,USW00014817,CADILLAC,74.16758540536026,0.0037974469423234986
26101,5,USC00205097,MAPLE CITY 1E,78.21827583048389,0.0034143144675811395
26103,1,USW00094850,MARQUETTE,14.219044016403524,0.4740045011949228
26103,2,USW00014838,MARQUETTE,19.90434361757454,0.2418953623253812
26103,3,USC00200770,BIG BAY 1NW,23.30431775715995,0.17646170714172707
26103,4,USC00201439,CHAMPION VAN RIPER PK,34.29356369541995,0.08148881955564438
26103,5,USC00203744,HERMAN,60.53813329499604,0.02614960978232442
26105,1,USC00205065,MANISTEE 3SE,30.67056525730428,0.39182566563633975
26105,2,USC00203632,HART 3 WSW,31.420331085771075,0.37334894304540756
26105,3,USC00205567,MONTAGUE 4 NW,55.20034668092524,0.12096307810838927
26105,4,USC00202984,FRANKFORT 2NE,79.05678608820776,0.058973666625113816
26105,5,USC00200779,BIG RAPIDS WTP,81.94584897246892,0.05488864658474973
26107,1,USC00200779,BIG RAPIDS WTP,14.416259637770986,0.7694533839774481
26107,2,USC00205662,CENTRAL MICHIGAN UNIV,45.68805734662201,0.07660941044182025
26107,3,USC00203429,GREENVILLE 2 NNE,48.67713731814235,0.06748969188895716
26107,4,USC00204320,KENT CITY 2 SW,59.95387722846226,0.044489031982951746
26107,5,USC00200146,ALMA,61.73534365938386,0.04195848170882283
26109,1,USC00478978,WAUSAUKEE,39.48193214270757,0.307977359321306
26109,2,USC00475091,MARINETTE,49.55104573854774,0.1955284410471706
26109,3,USC00478905,WASHINGTON IS,51.533116026733545,0.18077683532730102
26109,4,USC00204090,IRON MTN-KINGSFORD WWTP,53.15227249119218,0.16993072563962272
26109,5,USC00471897,CRIVITZ HIGH FALLS,57.385072126439866,0.14578663866459968
26111,1,USC00205434,MIDLAND,15.002434637260313,0.5413079115790466
26111,2,USW00014845,SAGINAW MBS INTL AP,27.46725466087136,0.16148692063421768
26111,3,USC00205662,CENTRAL MICHIGAN UNIV,32.15210110217478,0.1178553070307662
26111,4,USC00200146,ALMA,36.243764613846594,0.09274729642824893
26111,5,USW00014828,GLADWIN,37.507537722882695,0.0866025643277207
26113,1,USC00204502,LAKE CITY EXP FARM,9.685382743231422,0.5996071291796397
26113,2,USC00203932,HOUGHTON LAKE 6 WSW,15.449246368088202,0.23565994143775265
26113,3,USW00014817,CADILLAC,25.647600333878458,0.0855080275107437
26113,4,USW00094814,HOUGHTON LAKE ROSCOMMON CO AP,32.94452637328618,0.05182434557278168
26113,5,USC00204257,KALKASKA,45.30754093736512,0.027400556299082342
26115,1,USW00014853,DETROIT WILLOW RUN AP,35.796638954369776,0.2317162808480175
26115,2,USW00094847,DETROIT METRO AP,37.31854981832262,0.2132021275989378
26115,3,USC00208080,TECUMSEH,38.157051046861085,0.20393484918425644
26115,4,USW00014849,TOLEDO WB AP,38.88804621741969,0.19634000771379884
26115,5,USC00200032,ADRIAN 2 NNE,43.79510793345474,0.15480673465498943
26117,1,USC00203429,GREENVILLE 2 NNE,14.37947158346233,0.7216580294027641
26117,2,USC00200146,ALMA,41.36893237227239,0.08719040116883302
26117,3,USC00205662,CENTRAL MICHIGAN UNIV,43.161923158301164,0.08009690360899253
26117,4,USC00200779,BIG RAPIDS WTP,51.40198274306706,0.05647517156303823
26117,5,USC00204320,KENT CITY 2 SW,52.28702080037272,0.05457949425637205
26119,1,USC00208417,VANDERBILT 11ENE,29.235093818268332,0.389882732482584
26119,2,USC00206184,ONAWAY 4N,43.61053583697488,0.1752105041374228
26119,3,USW00094849,ALPENA CO RGNL AP,44.755979141030934,0.16635691551143858
26119,4,USC00203096,GAYLORD,45.69349927388481,0.15960046356206314
26119,5,USW00014814,ALPENA WWTP,55.30432579469977,0.10894938430649148
26121,1,USC00205567,MONTAGUE 4 NW,3.607116459314397,0.9655488037123798
26121,2,USC00203632,HART 3 WSW,27.383398326114506,0.016754052453711296
26121,3,USW00014840,MUSKEGON CO AP,32.28700922675569,0.012051439442876191
26121,4,USC00204320,KENT CITY 2 SW,57.76053600730965,0.003765582170140579
26121,5,USC00200779,BIG RAPIDS WTP,81.74368994707291,0.0018801222208922404
26123,1,USC00200779,BIG RAPIDS WTP,29.637977622388195,0.4042019705387624
26123,2,USC00204320,KENT CITY 2 SW,39.94716559883445,0.22249672260397668
26123,3,USC00205567,MONTAGUE 4 NW,51.764438053005826,0.13250508668108618
26123,4,USC00203632,HART 3 WSW,52.340241581255164,0.12960570307744693
26123,5,USW00014840,MUSKEGON CO AP,56.508516236808155,0.1111905170987279
26125,1,USC00206658,PONTIAC WWTP,10.787913299995257,0.7309670624965712
26125,2,USC00205452,MILFORD GM PROVING GROUND,26.164005216356173,0.12426941355959506
26125,3,USC00202015,DEARBORN,39.78684304294307,0.05373951488169427
26125,4,USW00014822,DETROIT CITY AP,41.697391354236345,0.048927714707885636
26125,5,USC00204655,LAPEER WWTP,44.95359387603337,0.042096294354253966
26127,1,USC00203632,HART 3 WSW,8.669595208689707,0.7467747686820626
26127,2,USC00205567,MONTAGUE 4 NW,16.375779367575564,0.20930679125978008
26127,3,USW00014840,MUSKEGON CO AP,51.60299919668409,0.021078387735156093
26127,4,USC00205065,MANISTEE 3SE,68.95652944450086,0.011804198002305916
26127,5,USC00204320,KENT CITY 2 SW,71.31660472250044,0.011035854320695267
26129,1,USC00208800,W BRANCH 3SE,10.540578837295847,0.5260427543902273
26129,2,USC00204967,LUPTON 1S,12.740660774845523,0.3600526897444944
26129,3,USC00203529,HALE LOUD DAM,35.37476194023455,0.04670495016849043
26129,4,USC00207820,STANDISH 4NE,40.11929377330403,0.03631143447189776
26129,5,USW00094814,HOUGHTON LAKE ROSCOMMON CO AP,43.49896106944596,0.030888171224890234
26131,1,USC00200718,BERGLAND DAM,34.47730001129251,0.514697722953554
26131,2,USC00200089,ALBERTA FORD FOR CTR,64.24057070067877,0.1482517955206248
26131,3,USW00014858,HANCOCK HOUGHTON CO AP,70.67597776935526,0.12248279605866269
26131,4,USC00203744,HERMAN,71.10658917209787,0.12100381109466453
26131,5,USC00204104,IRONWOOD,80.86400979957598,0.0935638743724941
26133,1,USW00014817,CADILLAC,30.391544487109467,0.32298460535460294
26133,2,USC00200779,BIG RAPIDS WTP,34.730065451568336,0.24732963799726845
26133,3,USC00204502,LAKE CITY EXP FARM,35.86246186319994,0.23195683088267577
26133,4,USC00203932,HOUGHTON LAKE 6 WSW,48.97977863781699,0.12435227338172493
26133,5,USC00205662,CENTRAL MICHIGAN UNIV,63.76241176064794,0.07337665238372804
26135,1,USC00204967,LUPTON 1S,30.83066264492117,0.36562349435238123
26135,2,USC00203529,HALE LOUD DAM,40.62326229978007,0.21059604906949486
26135,3,USC00203391,GRAYLING,45.49871429167849,0.16788100650951204
26135,4,USC00208800,W BRANCH 3SE,48.51229750227887,0.147671309946995
26135,5,USW00094814,HOUGHTON LAKE ROSCOMMON CO AP,56.666946201119806,0.10822814012161686
26137,1,USC00203096,GAYLORD,10.67061630503481,0.6548022473631676
26137,2,USC00208417,VANDERBILT 11ENE,19.702500437901246,0.19206422457137778
26137,3,USC00200925,BOYNE FALLS,31.02353173362183,0.07746520878045732
26137,4,USC00203391,GRAYLING,42.96515407792973,0.040388378885641125
26137,5,USC00202381,E JORDAN,45.97065196495308,0.03527994039935605
26139,1,USW00014840,MUSKEGON CO AP,12.991529698522628,0.7898891331534493
26139,2,USC00204320,KENT CITY 2 SW,39.48214892136337,0.08552343887834803
26139,3,USC00205567,MONTAGUE 4 NW,47.93392338897218,0.058023078223031606
26139,4,USW00094860,GRAND RAPIDS,57.71196584192967,0.04002717907121609
26139,5,USC00203632,HART 3 WSW,70.8787502203026,0.026537170673954932
26141,1,USW00014814,ALPENA WWTP,21.329375389410554,0.46057857825706744
26141,2,USW00094849,ALPENA CO RGNL AP,22.60553713666229,0.4100438934013545
26141,3,USC00206184,ONAWAY 4N,64.29345823107623,0.050690483967101636
26141,4,USC00203628,HARRISVILLE SP,67.87200673400739,0.045486092526698205
26141,5,USC00208417,VANDERBILT 11ENE,79.44283568436212,0.033200951847778506
26145,1,USW00014845,SAGINAW MBS INTL AP,22.31931424576593,0.4030070843504476
26145,2,USC00205434,MIDLAND,33.346362189906635,0.18054166715514933
26145,3,USC00206300,OWOSSO WWTP,36.15192350223048,0.15360719394402636
26145,4,USC00208443,VASSAR,38.44100752690579,0.13585788540455976
26145,5,USC00202851,FLINT 7W,39.761153606508636,0.12698616914581692
26147,1,USC00206680,PORT HURON,20.94660926428055,0.5845236865841583
26147,2,USW00014804,MT CLEMENS ANG BASE,37.666788202096264,0.1807641892343374
26147,3,USC00204655,LAPEER WWTP,53.9700484998492,0.08804890534637985
26147,4,USC00206658,PONTIAC WWTP,57.71890105921777,0.0769827587250512
26147,5,USC00203477,GROSSE POINTE FARMS,60.667944948204315,0.06968046011007321
26149,1,USC00208184,THREE RIVERS,9.79388690023459,0.8561443213944613
26149,2,USC00201675,COLDWATER ST SCHOOL,44.23087640921366,0.04197648411251748
26149,3,USW00014829,GOSHEN MUNI AP,48.11282739032873,0.03547606081789953
26149,4,USC00123418,GOSHEN 3SW,49.3946794412193,0.03365865881307824
26149,5,USC00120200,ANGOLA,50.07945106266331,0.0327444748620434
26151,1,USC00203585,HARBOR BEACH 1 SSE,42.592660693668215,0.2705731254324524
26151,2,USC00201361,CASS CITY 1 SSW,45.95219479518613,0.2324564927420107
26151,3,USC00200417,BAD AXE,48.90302836668392,0.20524977576954556
26151,4,USC00206680,PORT HURON,55.74583264071454,0.15795354821278512
26151,5,USC00201299,CARO WWTP,60.576267794591175,0.1337670578432062
26153,1,USC00205073,MANISTIQUE WWTP,8.847031763472803,0.924477001877515
26153,2,USC00205690,MUNISING,56.334493716814194,0.022800401437501824
26153,3,USC00207277,BEAVER IS,62.3332414904804,0.018623095095892266
26153,4,USC00205816,NEWBERRY-LUCE CO RD COMMISSION,64.00385722589984,0.01766359055948705
26153,5,USC00201486,CHATHAM EXP FARM 2,66.3511953864465,0.016435911029603838
26155,1,USC00206300,OWOSSO WWTP,7.682313634173137,0.8573370823967522
26155,2,USC00202851,FLINT 7W,32.12268768613617,0.04903564870239202
26155,3,USW00014826,FLINT FCWOS,32.29897631372813,0.04850183386082051
26155,4,USW00014836,LANSING CAPITAL CITY AP,41.782980674141136,0.028982566402183153
26155,5,USC00205452,MILFORD GM PROVING GROUND,55.98574754294965,0.01614286863785227
26157,1,USC00201299,CARO WWTP,3.635045701638382,0.9295695960514309
26157,2,USC00208443,VASSAR,18.00836667442193,0.03787503227308378
26157,3,USC00201361,CASS CITY 1 SSW,23.354964995635434,0.022518695063135946
26157,4,USC00204655,LAPEER WWTP,48.628366030818576,0.0051942435280962485
26157,5,USC00200417,BAD AXE,50.36386099979772,0.004842433084253231
26159,1,USC00200710,BENTON HARBOR AP,20.159494088674364,0.5150229947666045
26159,2,USC00200864,BLOOMINGDALE,30.423933823597142,0.22612841703998704
26159,3,USC00202250,DOWAGIAC 1 W,35.96695230571521,0.16180003083323213
26159,4,USW00014848,S BEND AP,63.937215647771296,0.05120099949028698
26159,5,USC00208184,THREE RIVERS,67.56703093531725,0.04584755786988948
26161,1,USC00200230,ANN ARBOR U OF MICH,15.626701181333688,0.5077556450596915
26161,2,USW00014853,DETROIT WILLOW RUN AP,26.15294279154869,0.1812793135043056
26161,3,USC00208080,TECUMSEH,28.71365767030878,0.15038770742401436
26161,4,USC00205452,MILFORD GM PROVING GROUND,38.65231637952711,0.08299240004820209
26161,5,USC00200032,ADRIAN 2 NNE,39.97661248343708,0.0775849339637862
26163,1,USC00202015,DEARBORN,4.304800411444775,0.7369757810947605
26163,2,USW00094847,DETROIT METRO AP,8.237611339279944,0.20125962634926606
26163,3,USW00014853,DETROIT WILLOW RUN AP,22.406533582657165,0.02720256829520676
26163,4,USW00014822,DETROIT CITY AP,24.862685715577445,0.022093431607166134
26163,5,USC00200230,ANN ARBOR U OF MICH,33.09564962526984,0.012468592653600561
26165,1,USW00014817,CADILLAC,15.61432896797029,0.6359712711918247
26165,2,USC00204502,LAKE CITY EXP FARM,29.14821336614887,0.18249890700690435
26165,3,USW00014850,TRAVERSE CY CHERRY CAPITAL AP,45.31506216157718,0.07550904672218549
26165,4,USC00203932,HOUGHTON LAKE 6 WSW,53.967360987995036,0.05323800645884077
26165,5,USC00204257,KALKASKA,54.19958865893868,0.05278276862024456
27001,1,USC00210059,AITKIN 2E,20.772116412336494,0.36622804305791457
27001,2,USC00217460,SANDY LAKE DAM LIBBY,22.728212755792907,0.30590214322564674
27001,3,USC00214103,ISLE 12N,32.05272088209284,0.1538095454197743
27001,4,USC00219173,WRIGHT 3 E,36.577045982727135,0.11811249277238949
27001,5,USC00216547,PINE RVR DAM,53.14533318551146,0.05594777552427501
27003,1,USC00212500,ELK RVR,26.809670946650485,0.23018982999477727
27003,2,USC00218477,VADNAIS LAKE,27.62529292839808,0.21679802213914942
27003,3,USC00212881,FOREST LAKE 5NE,27.6879758564212,0.21581751333024005
27003,4,USC00215838,NEW HOPE,31.25760982370038,0.1693392250329346
27003,5,USC00211227,CAMBRIDGE,31.395462033609824,0.16785540950289848
27005,1,USC00218191,TAMARAC WILDLIFE REF,6.989432614549585,0.7492185515576334
27005,2,USC00212142,DETROIT LAKES 1 NNE,13.328367543839315,0.2060337874765505
27005,3,USC00215012,MAHNOMEN,45.548185784172894,0.01764209677536177
27005,4,USW00094967,PARK RAPIDS MUNI AP,51.428536174750704,0.013838341402321432
27005,5,USC00214106,ITASCA UNIV OF MINN,52.523804046501965,0.013267222788132884
27007,1,USC00216795,RED LAKE INDIAN AGCY,0.9479014863622345,0.998432501365878
27007,2,USC00218254,THORHULT,41.01069692700662,0.0005333973074940694
27007,3,USC00214233,KELLIHER,41.562865243130354,0.0005193189378514554
27007,4,USC00218700,WASKISH 4NE,56.22994505551375,0.00028373296741298227
27007,5,USC00211374,CASS LAKE,62.311774132399066,0.00023104942136320135
27009,1,USW00014926,ST CLOUD RGNL AP,17.892514191594433,0.4308410610289754
27009,2,USC00217502,SANTIAGO 3 E,25.67960288609949,0.20916220934903634
27009,3,USC00215392,MILACA,26.99963354206258,0.18921000106345248
27009,4,USC00211691,COLLEGEVILLE ST JOHN'S,33.24094168265649,0.1248283386879089
27009,5,USC00212500,ELK RVR,54.78321444763743,0.04595838987062691
27011,1,USC00210287,ARTICHOKE LAKE 1 E,21.916041214337866,0.499813766827784
27011,2,USC00211063,BROWNS VALLEY,38.53381384210481,0.16167707413270274
27011,3,USC00218907,WHEATON,43.885760859044375,0.12464795753611584
27011,4,USC00215638,MORRIS W CNTRL RSCH & OUTREACH,45.27279207129244,0.1171272300304027
27011,5,USC00215400,MILAN 1NW,49.81690086491411,0.09673397147299481
27013,1,USC00219046,WINNEBAGO,31.096557922517217,0.2882205701539849
27013,2,USC00217405,ST PETER,33.02467500503878,0.255548012358468
27013,3,USC00218808,WELLS,41.309387467322246,0.16332478740780595
27013,4,USC00218692,WASECA S RSCH & OUTREACH CTR,43.159412970479686,0.14962306749493307
27013,5,USC00217326,ST JAMES WWTP,44.103861993075284,0.14328356258480804
27015,1,USC00217326,ST JAMES WWTP,30.096872638835634,0.3896814549351206
27015,2,USW00014992,REDWOOD FALLS MUNI AP,43.42470803496683,0.18718828471647245
27015,3,USC00214546,LAMBERTON SW RSCH & OUTREACH C,46.34040558641714,0.1643738842451958
27015,4,USC00219033,WINDOM,51.17659589469884,0.1347751083910624
27015,5,USC00213076,GAYLORD,53.35783542125666,0.12398126771214862
27017,1,USC00211630,CLOQUET,15.920446191084736,0.3992578227876826
27017,2,USC00215598,MOOSE LAKE 1 SSE,19.617502078189904,0.262952007070451
27017,3,USC00219173,WRIGHT 3 E,23.22923511695025,0.18754007489995353
27017,4,USC00211074,BRUNO 7ENE,35.3540348208861,0.08096287730532468
27017,5,USC00212842,FLOODWOOD 2E,38.21689424220712,0.06928721793658797
27019,1,USC00214176,JORDAN 1SSW,23.058935676255096,0.36848418275712524
27019,2,USC00212088,DELANO,25.14798989212372,0.30980670436250396
27019,3,USC00215838,NEW HOPE,39.224395443238116,0.12734586533155626
27019,4,USC00213076,GAYLORD,44.42803769622386,0.09926201858482195
27019,5,USW00014922,MINNEAPOLIS-ST PAUL INTL AP,45.389522967040804,0.09510122896399273
27021,1,USC00218618,WALKER,24.459780689873956,0.4171891689668305
27021,2,USC00214652,LEECH LAKE,33.854812243276676,0.21776963498312174
27021,3,USC00216547,PINE RVR DAM,35.754171080787174,0.19524715508542115
27021,4,USC00211374,CASS LAKE,52.62036885916374,0.09014265931917025
27021,5,USW00094967,PARK RAPIDS MUNI AP,55.97864919075351,0.0796513816454563
27023,1,USC00213311,GRANITE FALLS,23.962970268335877,0.38547007868890815
27023,2,USC00215400,MILAN 1NW,30.316921990966975,0.240825104717283
27023,3,USC00210667,BENSON,32.296684260647325,0.21220523560217064
27023,4,USC00214994,MADISON WWTP,47.41093166708887,0.0984725061483918
27023,5,USC00210287,ARTICHOKE LAKE 1 E,59.26146854135959,0.06302707484324639
27025,1,USC00218986,WILD RVR SP,12.231865428772773,0.4897079096436909
27025,2,USC00212881,FOREST LAKE 5NE,19.324305300313807,0.19620710379960643
27025,3,USC00477464,ST CROIX FALLS,22.603350778700634,0.14340914874652
27025,4,USC00211227,CAMBRIDGE,26.387040646784516,0.10523037922411965
27025,5,USC00474894,LUCK,33.459657890835466,0.06544545858606299
27027,1,USW00014914,FARGO HECTOR INTL AP,24.257550205982195,0.40697268054826174
27027,2,USC00213104,GEORGETOWN 1 E,29.295646726774272,0.2790313207480433
27027,3,USC00210018,ADA,44.59836043887336,0.12039857541449478
27027,4,USC00217149,ROTHSAY,49.068000798840416,0.09946319533224644
27027,5,USC00212142,DETROIT LAKES 1 NNE,50.43775929282211,0.09413422795695371
27029,1,USC00212916,FOSSTON 1 E,26.559922137651007,0.4459742344747561
27029,2,USC00214106,ITASCA UNIV OF MINN,41.218101250719435,0.18517715194331133
27029,3,USC00216795,RED LAKE INDIAN AGCY,42.62900836557356,0.17312225617817464
27029,4,USC00215012,MAHNOMEN,53.40391431119599,0.11031058378834267
27029,5,USC00211374,CASS LAKE,60.68937186185053,0.0854157736154153
27033,1,USC00219033,WINDOM,15.787213872370653,0.5984573057454606
27033,2,USC00214546,LAMBERTON SW RSCH & OUTREACH C,27.537247231874638,0.19669943413814298
27033,3,USC00218323,TRACY,43.86000699457233,0.0775366020787841
27033,4,USC00217326,ST JAMES WWTP,45.724213084954314,0.07134305098901059
27033,5,USC00219170,WORTHINGTON 2 NNE,51.62608947398223,0.055963607048601594
27035,1,USC00210939,BRAINERD,19.591828920023616,0.31267642570627097
27035,2,USC00216547,PINE RVR DAM,19.978832452803143,0.30068024034625995
27035,3,USC00213411,GULL LAKE DAM,23.927073442926616,0.20963603310826381
27035,4,USC00210059,AITKIN 2E,31.09066130765076,0.12416099346525239
27035,5,USC00214103,ISLE 12N,47.655740906770696,0.05284630737395306
27037,1,USC00217107,ROSEMOUNT RSCH & OUTREACH CTR,5.819881156249299,0.6213277306788155
27037,2,USC00212737,FARMINGTON 3NW,8.961344730513437,0.2620611250241198
27037,3,USC00213567,HASTINGS DAM 2,18.206676096933148,0.06348741403076005
27037,4,USW00014922,MINNEAPOLIS-ST PAUL INTL AP,27.315868877530885,0.02820453416245947
27037,5,USW00014927,ST PAUL DWTN AP,29.060793669570597,0.024919196103845246
27039,1,USC00216287,OWATONNA,30.187027917387514,0.27706269903451397
27039,2,USW00014925,ROCHESTER INTL AP,32.884112436742335,0.233478301083269
27039,3,USC00219249,ZUMBROTA,35.02261286876217,0.20583616711495994
27039,4,USC00210355,AUSTIN WASTE WTP FACILITY,41.607311815766586,0.14584094112983725
27039,5,USC00213290,GRAND MEADOW,42.80685437204061,0.1377818916374197
27041,1,USW00014910,ALEXANDRIA CHANDLER FLD,9.2902702902091,0.8823666869231305
27041,2,USC00214861,LONG PRAIRIE,44.40396927014858,0.038624441743982676
27041,3,USC00215638,MORRIS W CNTRL RSCH & OUTREACH,50.09971735564185,0.030341374489517917
27041,4,USC00216276,OTTERTAIL,53.4975042745167,0.026609625234112935
27041,5,USC00215325,MELROSE,58.75855390011533,0.022057871609255892
27043,1,USC00218808,WELLS,18.63422122133507,0.42351108099137336
27043,2,USC00219046,WINNEBAGO,20.09389891484421,0.36421585347980295
27043,3,USC00138026,SWEA CITY 5N,38.090417322830234,0.10135748138088674
27043,4,USC00132977,FOREST CITY 2 NNE,50.53501142056662,0.057584093654437306
27043,5,USC00210075,ALBERT LEA 3SE,52.51117972261474,0.053331490493499646
27045,1,USC00216654,PRESTON,1.716499890470293,0.9903482570730772
27045,2,USC00217184,RUSHFORD,30.984613874259182,0.0030393682673424158
27045,3,USC00131954,CRESCO 1 NE,32.22284434558648,0.002810268107830645
27045,4,USC00213290,GRAND MEADOW,37.931916309915295,0.002027990584369994
27045,5,USW00014925,ROCHESTER INTL AP,40.555218773401364,0.0017741159673799343
27047,1,USC00210075,ALBERT LEA 3SE,8.485421740793624,0.7854997531040242
27047,2,USC00136103,NORTHWOOD,28.067156284409272,0.07179531278332771
27047,3,USC00210355,AUSTIN WASTE WTP FACILITY,30.357634302344724,0.061370133449939884
27047,4,USC00218808,WELLS,32.087387077503955,0.054931848178904404
27047,5,USC00218692,WASECA S RSCH & OUTREACH CTR,46.282862547660145,0.02640295248380368
27049,1,USC00219249,ZUMBROTA,12.499579657772816,0.6523169744755921
27049,2,USC00216822,RED WING DAM 3,24.149547288092396,0.17475576411908933
27049,3,USC00213567,HASTINGS DAM 2,41.13265911813983,0.060238746225867563
27049,4,USC00472556,ELLSWORTH 1E,41.408925913391954,0.0594376411437137
27049,5,USC00218227,THEILMAN 1SSW,43.74831980940803,0.053250874035737326
27051,1,USC00216228,ORWELL DAM,34.17492890737938,0.27924977302194076
27051,2,USC00215638,MORRIS W CNTRL RSCH & OUTREACH,39.336590442100096,0.2107728365321899
27051,3,USC00218907,WHEATON,40.56974534332938,0.19815430183429406
27051,4,USC00218947,WHITE ROCK DAM,43.59023226043218,0.17164442504936853
27051,5,USW00014910,ALEXANDRIA CHANDLER FLD,48.23508815682414,0.14017866356220662
27053,1,USC00215838,NEW HOPE,7.561612464135157,0.6756748989630084
27053,2,USC00214884,LOWER ST ANTHONY FALLS,18.213978524261204,0.11645468812898137
27053,3,USC00218450,U OF MN ST PAUL,23.280076120421118,0.07128494600196414
27053,4,USW00014922,MINNEAPOLIS-ST PAUL INTL AP,23.424954383509952,0.07040590889578494
27053,5,USC00212088,DELANO,24.1613600575529,0.06617955801026121
27055,1,USC00211198,CALEDONIA,4.025388957927,0.9156907066668466
27055,2,USC00473038,GENOA DAM 8,24.389552842320278,0.024943467836971444
27055,3,USC00217184,RUSHFORD,25.198077148803094,0.02336843917159657
27055,4,USC00214418,LA CRESCENT DAM 7,26.931671670895334,0.020456808794593218
27055,5,USW00014920,LA CROSSE MUNI AP,30.899302570961503,0.015540577529992144
27057,1,USW00094967,PARK RAPIDS MUNI AP,24.69768402987091,0.28992590906387605
27057,2,USC00214106,ITASCA UNIV OF MINN,25.550662783842856,0.2708913562189161
27057,3,USC00218618,WALKER,25.800572690772338,0.2656689478933469
27057,4,USC00211374,CASS LAKE,39.26652691655218,0.11469764680025821
27057,5,USC00214652,LEECH LAKE,54.8341965366253,0.05881614002360294
27059,1,USC00211227,CAMBRIDGE,4.845551266593196,0.9312431828531476
27059,2,USC00215615,MORA,35.0630594562132,0.017784836456257638
27059,3,USC00215392,MILACA,35.45050016047806,0.017398217604573656
27059,4,USC00217502,SANTIAGO 3 E,35.931411433090126,0.016935613656208534
27059,5,USC00212500,ELK RVR,36.251187358311476,0.016638149429812503
27061,1,USC00216612,POKEGAMA DAM,26.755004149140827,0.3396035385574962
27061,2,USC00213303,GRAND RAPIDS FORESTRY LAB,28.789893603449908,0.2932932934337042
27061,3,USC00219059,WINNIBIGOSHISH DAM,33.690245092880915,0.21417753270396683
27061,4,USC00214652,LEECH LAKE,53.46921484705771,0.08503048150284646
27061,5,USW00094931,HIBBING CHISHOLM HIBBING AP,59.83726540667212,0.06789515380198628
27063,1,USC00219033,WINDOM,23.077422697708457,0.31731525284770173
27063,2,USC00137859,SPIRIT LAKE,27.624718804108593,0.22144701281479617
27063,3,USC00134561,LAKE PARK 3SSE,32.40647659190618,0.16091700051440666
27063,4,USC00135493,MILFORD 4 NW,32.45590138286134,0.16042727550151764
27063,5,USC00219170,WORTHINGTON 2 NNE,34.75634310789586,0.13989345832157754
27065,1,USC00215615,MORA,7.921357061336497,0.878263495241214
27065,2,USC00215392,MILACA,35.5240714025058,0.043669532532417905
27065,3,USC00211227,CAMBRIDGE,43.791666339702026,0.028736976276059856
27065,4,USC00214103,ISLE 12N,44.23376298069081,0.02816542044014762
27065,5,USW00014995,GRANTSBURG,51.02784463868999,0.02116457551016033
27067,1,USC00214778,LITCHFIELD,36.987261415342196,0.382513155332355
27067,2,USC00210667,BENSON,51.25316791017387,0.19920915885999474
27067,3,USC00213311,GRANITE FALLS,57.21289973817003,0.15986846678894015
27067,4,USC00215325,MELROSE,60.43597612949834,0.14327144711574608
27067,5,USC00211691,COLLEGEVILLE ST JOHN'S,67.41653917792819,0.11513777190296395
27069,1,USC00213455,HALLOCK,11.754726843432698,0.8660336726189157
27069,2,USW00014924,PEMBINA,40.11104225071019,0.07437585433941324
27069,3,USC00321435,CAVALIER 7NW,68.11597528580786,0.0257906271340896
27069,4,USC00210050,AGASSIZ REFUGE,79.0706981513295,0.01913941742634316
27069,5,USC00218243,THIEF RIVER FALLS,90.34551519156422,0.014660428481238382
27071,1,USC00210746,BIG FALLS,5.527001661821294,0.9599981108783752
27071,2,USW00014918,INTL FALLS INTL AP,45.129813064582045,0.014398674018900662
27071,3,USC00218700,WASKISH 4NE,47.93103318268696,0.012764857989543153
27071,4,USC00214233,KELLIHER,60.251703304892395,0.008078131360244382
27071,5,USC00210515,BAUDETTE,78.48940007143449,0.004760225752936592
27073,1,USC00214994,MADISON WWTP,0.8855601434915784,0.9971120012482425
27073,2,USC00215400,MILAN 1NW,23.867667992237656,0.0013726508753180754
27073,3,USC00211263,CANBY,32.14832209461976,0.0007565949629360741
27073,4,USC00210287,ARTICHOKE LAKE 1 E,43.08224376360686,0.00042129222092230473
27073,5,USC00391777,CLEAR LAKE,48.13693530542811,0.00033746069258092174
27077,1,USC00210515,BAUDETTE,24.31005163181876,0.7275534768732945
27077,2,USC00218254,THORHULT,66.92219041503022,0.09600556069099239
27077,3,USC00218700,WASKISH 4NE,71.7453038611014,0.08353139308927622
27077,4,USC00210050,AGASSIZ REFUGE,94.82208221357132,0.047820895807205
27077,5,USC00214233,KELLIHER,97.65278013184147,0.04508867353923181
27079,1,USC00217405,ST PETER,19.572671509674464,0.4982320277937515
27079,2,USC00214176,JORDAN 1SSW,31.65399713511579,0.19049112166974883
27079,3,USC00218692,WASECA S RSCH & OUTREACH CTR,37.38065317861095,0.13659603236989798
27079,4,USC00213076,GAYLORD,43.93527815104227,0.09887923461075575
27079,5,USC00216287,OWATONNA,50.17955308228879,0.07580158355584597
27081,1,USC00211263,CANBY,34.47781633567418,0.2748812411290134
27081,2,USC00215204,MARSHALL,38.89090079890555,0.21603723078843332
27081,3,USC00391076,BROOKINGS 2 NE,40.54326179355641,0.19878665933293252
27081,4,USC00216565,PIPESTONE,44.053437474874656,0.16837011281124292
27081,5,USC00392984,FLANDREAU,47.982539040242685,0.14192475593837786
27083,1,USC00215204,MARSHALL,8.292221807017961,0.8338722204393711
27083,2,USC00218323,TRACY,25.553556697398044,0.0878089156532009
27083,3,USC00214546,LAMBERTON SW RSCH & OUTREACH C,46.33793698323781,0.026703484631530505
27083,4,USC00214534,LAKE WILSON,46.34058221947512,0.02670043611527293
27083,5,USC00211263,CANBY,47.97231901608264,0.024914943160624432
27085,1,USC00213076,GAYLORD,29.77512458536801,0.3969336438090147
27085,2,USC00214778,LITCHFIELD,39.83789794289214,0.22173398195632976
27085,3,USC00212088,DELANO,46.32813372431794,0.1639590807062366
27085,4,USC00214176,JORDAN 1SSW,53.79373113059003,0.12160788902699393
27085,5,USC00217405,ST PETER,60.6189234189017,0.095765404501425
27087,1,USC00215012,MAHNOMEN,11.985963950952781,0.7202487016450257
27087,2,USC00212916,FOSSTON 1 E,26.981591645000925,0.1421324650290501
27087,3,USC00218191,TAMARAC WILDLIFE REF,42.83921044886926,0.05638265241140038
27087,4,USC00214106,ITASCA UNIV OF MINN,48.08985289710652,0.04474263129821886
27087,5,USC00210018,ADA,53.24835004448128,0.0364935496163051
27089,1,USC00210050,AGASSIZ REFUGE,28.64553221393277,0.4252606552061719
27089,2,USC00218243,THIEF RIVER FALLS,35.36393962472165,0.27902795373005007
27089,3,USC00216787,RED LAKE FALLS,54.018790852497624,0.1195857075631277
27089,4,USC00213455,HALLOCK,62.483781539036364,0.08937877220187262
27089,5,USC00211891,CROOKSTON NW EXP STN,63.424563555798805,0.08674691129877762
27091,1,USC00138026,SWEA CITY 5N,31.452156129296583,0.25150962256035375
27091,2,USC00219046,WINNEBAGO,32.10064533438043,0.24145039739852991
27091,3,USC00132724,ESTHERVILLE 4E,34.43138910242037,0.20986806709322736
27091,4,USC00217326,ST JAMES WWTP,35.20755443603212,0.20071680361674685
27091,5,USC00219033,WINDOM,50.78846729163837,0.09645510933114208
27093,1,USC00214778,LITCHFIELD,0.7970055197198899,0.9992576066982314
27093,2,USC00211691,COLLEGEVILLE ST JOHN'S,51.82442789836307,0.0002363366570511344
27093,3,USC00212088,DELANO,59.50093206995586,0.00017928856177985402
27093,4,USW00014926,ST CLOUD RGNL AP,59.785091887621086,0.00017758828740476826
27093,5,USC00215325,MELROSE,65.22965128875174,0.0001491797955328836
27095,1,USC00215392,MILACA,19.667822843603627,0.4658210677849308
27095,2,USC00215615,MORA,25.286969036422605,0.2817981570776789
27095,3,USC00217502,SANTIAGO 3 E,43.69124032933343,0.09439368797598886
27095,4,USC00214103,ISLE 12N,44.60729073476937,0.0905565792010385
27095,5,USC00211227,CAMBRIDGE,51.693702059956024,0.06743050796036294
27097,1,USC00210939,BRAINERD,36.17234982026965,0.31472128304603436
27097,2,USC00213411,GULL LAKE DAM,44.122564460109295,0.21152322776653543
27097,3,USC00214861,LONG PRAIRIE,48.494353719618736,0.17510445911985642
27097,4,USC00211691,COLLEGEVILLE ST JOHN'S,49.99859777970546,0.16472666588399987
27097,5,USC00215392,MILACA,55.45107655379197,0.13392436418357373
27099,1,USC00213290,GRAND MEADOW,16.261214541560417,0.4188296953027928
27099,2,USC00210355,AUSTIN WASTE WTP FACILITY,17.297938458965326,0.37013037727194364
27099,3,USW00014925,ROCHESTER INTL AP,34.05625601734534,0.09548818120982548
27099,4,USC00136305,OSAGE,43.42060526314841,0.058742399049246836
27099,5,USC00210075,ALBERT LEA 3SE,44.15316226571877,0.05680934716619129
27101,1,USC00214534,LAKE WILSON,15.119616583030158,0.5997526508606964
27101,2,USC00218323,TRACY,26.986559975006077,0.18826026980073493
27101,3,USC00214546,LAMBERTON SW RSCH & OUTREACH C,43.45206831874964,0.07261608402079058
27101,4,USC00219170,WORTHINGTON 2 NNE,43.66711884395847,0.07190261015297926
27101,5,USC00216565,PIPESTONE,45.07925274676855,0.06746838516479874
27103,1,USC00213076,GAYLORD,22.05848491263492,0.41710899522202993
27103,2,USC00217405,ST PETER,22.64322188327621,0.3958443681678829
27103,3,USC00217326,ST JAMES WWTP,50.33434431088185,0.08010729809566493
27103,4,USC00214176,JORDAN 1SSW,58.21602282142335,0.05988469619806273
27103,5,USC00218692,WASECA S RSCH & OUTREACH CTR,65.67486961498376,0.04705464231635942
27105,1,USC00219170,WORTHINGTON 2 NNE,15.141810797598984,0.6162187059189784
27105,2,USC00137664,SIBLEY,30.6517725912331,0.15037627353718516
27105,3,USC00214534,LAKE WILSON,38.70967936225822,0.0942869006396005
27105,4,USC00137147,ROCK RAPIDS,42.83144092105978,0.07701319445041238
27105,5,USC00134561,LAKE PARK 3SSE,47.6960299733791,0.062104925453823435
27107,1,USC00210018,ADA,5.184209449856821,0.9450935548000555
27107,2,USC00213104,GEORGETOWN 1 E,36.46849449493811,0.019098717734337713
27107,3,USC00215012,MAHNOMEN,37.304653378040115,0.01825214297637119
27107,4,USW00014914,FARGO HECTOR INTL AP,52.197909169639516,0.009322527336600684
27107,5,USC00211891,CROOKSTON NW EXP STN,55.544284275773336,0.008233057152634877
27109,1,USW00014925,ROCHESTER INTL AP,12.485419419993619,0.7006850823539437
27109,2,USC00213290,GRAND MEADOW,35.037640865530946,0.08897324493829982
27109,3,USC00218227,THEILMAN 1SSW,35.731261613807455,0.0855524482376071
27109,4,USC00219249,ZUMBROTA,39.113068186573656,0.0713978893463707
27109,5,USC00216654,PRESTON,45.2302701029692,0.0533913351237788
27111,1,USC00216276,OTTERTAIL,12.930121661970615,0.7719821647554569
27111,2,USC00216228,ORWELL DAM,41.42278595879871,0.07522009540138755
27111,3,USC00217149,ROTHSAY,44.639234358573624,0.064770763320891
27111,4,USC00212142,DETROIT LAKES 1 NNE,48.8873379251139,0.054003226863900765
27111,5,USC00218191,TAMARAC WILDLIFE REF,61.59070248780925,0.03402374965836375
27113,1,USC00218243,THIEF RIVER FALLS,10.820778352914925,0.7150576990776067
27113,2,USC00210050,AGASSIZ REFUGE,26.058426858847124,0.12329960968627683
27113,3,USC00216787,RED LAKE FALLS,27.978936821105872,0.10695366579342731
27113,4,USC00211891,CROOKSTON NW EXP STN,51.17184472077678,0.03197392433612959
27113,5,USC00218254,THORHULT,60.711604086534194,0.022715101106559367
27115,1,USC00211074,BRUNO 7ENE,28.34374149175389,0.3701273028481971
27115,2,USW00014995,GRANTSBURG,36.93944711514961,0.21791378161384076
27115,3,USC00215598,MOOSE LAKE 1 SSE,37.45933327898689,0.21190704365569898
27115,4,USC00215615,MORA,49.329263317250906,0.1221957833189437
27115,5,USC00214103,ISLE 12N,61.79971168602484,0.07785608856331944
27117,1,USC00216565,PIPESTONE,5.462976822658293,0.9029423474190554
27117,2,USC00214534,LAKE WILSON,24.68615620081331,0.044219292765658065
27117,3,USC00392984,FLANDREAU,27.849861734582735,0.034743426753612874
27117,4,USC00391076,BROOKINGS 2 NE,53.38794840517223,0.009454363008498856
27117,5,USC00218323,TRACY,55.845498373474236,0.008640570053174989
27119,1,USC00216787,RED LAKE FALLS,14.53293521530303,0.48534608056915907
27119,2,USC00211891,CROOKSTON NW EXP STN,16.71937536680214,0.3667060756408144
27119,3,USC00218243,THIEF RIVER FALLS,36.308113778718706,0.07775902858936266
27119,4,USC00210018,ADA,53.53742841639903,0.035763761375692614
27119,5,USC00323621,GRAND FORKS UNIV (NWS),54.56847123844828,0.034425053824971075
27121,1,USW00014910,ALEXANDRIA CHANDLER FLD,31.23531502656855,0.29081758761380444
27121,2,USC00210667,BENSON,33.118069428047434,0.25869165776024944
27121,3,USC00215638,MORRIS W CNTRL RSCH & OUTREACH,33.28027782611471,0.25617607191579883
27121,4,USC00215325,MELROSE,51.07215361182252,0.10877876034626541
27121,5,USC00210287,ARTICHOKE LAKE 1 E,57.594624713198385,0.08553592236388194
27125,1,USC00216787,RED LAKE FALLS,14.791311488107839,0.573288824166318
27125,2,USC00218243,THIEF RIVER FALLS,23.49050234284857,0.22730146401377987
27125,3,USC00211891,CROOKSTON NW EXP STN,39.65402764982868,0.07976497460709064
27125,4,USC00212916,FOSSTON 1 E,43.12783448056965,0.06743285343445359
27125,5,USC00210050,AGASSIZ REFUGE,49.01271263110921,0.05221188377835795
27127,1,USC00214546,LAMBERTON SW RSCH & OUTREACH C,18.886408256217816,0.4147804125364682
27127,2,USW00014992,REDWOOD FALLS MUNI AP,21.187799486377276,0.32956818278042815
27127,3,USC00218323,TRACY,35.07803143021989,0.12023933346303123
27127,4,USC00215204,MARSHALL,43.22976970051073,0.0791682676868594
27127,5,USC00213311,GRANITE FALLS,51.2886362765792,0.056243803533212997
27129,1,USW00014992,REDWOOD FALLS MUNI AP,21.867180866426214,0.6184282150304955
27129,2,USC00213311,GRANITE FALLS,48.10010868983275,0.12781527954102062
27129,3,USC00214778,LITCHFIELD,55.858693246436346,0.09477490251588112
27129,4,USC00214546,LAMBERTON SW RSCH & OUTREACH C,60.94440282151134,0.07961726192861518
27129,5,USC00213076,GAYLORD,61.041435410165995,0.0793643409839874
27131,1,USC00216287,OWATONNA,28.661695519849008,0.3191346488273504
27131,2,USC00218692,WASECA S RSCH & OUTREACH CTR,36.06204021985188,0.20159377988210325
27131,3,USC00212737,FARMINGTON 3NW,36.39204386270231,0.1979542454017933
27131,4,USC00214176,JORDAN 1SSW,42.68199538522911,0.1439091094786966
27131,5,USC00217107,ROSEMOUNT RSCH & OUTREACH CTR,43.679987577193266,0.1374082164100565
27133,1,USC00137147,ROCK RAPIDS,27.822135540223254,0.36089778115712284
27133,2,USW00014944,SIOUX FALLS,38.60582276715224,0.18743880676363014
27133,3,USC00216565,PIPESTONE,38.60804223662088,0.18741725670685525
27133,4,USC00214534,LAKE WILSON,44.44493150759704,0.14142319793010968
27133,5,USC00391392,CANTON,47.69169883073199,0.12282295744228211
27135,1,USC00210050,AGASSIZ REFUGE,52.54291533615035,0.37630622042556516
27135,2,USC00218254,THORHULT,74.38704662903909,0.18774790362460805
27135,3,USC00218243,THIEF RIVER FALLS,81.69693171134848,0.15565326575220217
27135,4,USC00213455,HALLOCK,82.02833743876157,0.15439808537484628
27135,5,USC00210515,BAUDETTE,90.84090308984482,0.12589452482277833
27137,1,USC00212645,EVELETH WWTP,13.454735793713654,0.5148874194809381
27137,2,USC00212576,EMBARRASS,22.76150625381094,0.17991220741675776
27137,3,USC00218311,TOWER 2S,28.68370741534464,0.11329012631096586
27137,4,USC00218307,TOWER DNR,29.9745955242835,0.10374232236805284
27137,5,USW00094931,HIBBING CHISHOLM HIBBING AP,32.51441958588577,0.0881679244232854
27139,1,USC00214176,JORDAN 1SSW,8.060631447677057,0.8177331352982904
27139,2,USC00212737,FARMINGTON 3NW,28.37042587527816,0.06601125885757837
27139,3,USC00217107,ROSEMOUNT RSCH & OUTREACH CTR,35.18825994320218,0.04290956799758404
27139,4,USW00014922,MINNEAPOLIS-ST PAUL INTL AP,35.266265392460724,0.042719954593486965
27139,5,USC00215838,NEW HOPE,41.65135488784842,0.030626083253060366
27141,1,USC00217502,SANTIAGO 3 E,10.342550171949703,0.6444091779334872
27141,2,USC00212500,ELK RVR,21.94985986939312,0.143071617095861
27141,3,USW00014926,ST CLOUD RGNL AP,24.235816753345706,0.11735501940530726
27141,4,USC00215392,MILACA,34.40455144362172,0.05823514884633699
27141,5,USC00211227,CAMBRIDGE,43.20405450002001,0.036929036719007484
27143,1,USC00213076,GAYLORD,2.2731707377653207,0.9911603586146485
27143,2,USC00217405,ST PETER,35.152082207316965,0.004144822408702938
27143,3,USC00214176,JORDAN 1SSW,47.77908934746555,0.0022435321724531337
27143,4,USC00212088,DELANO,63.414262650887,0.001273603205914972
27143,5,USC00214778,LITCHFIELD,65.94618939728038,0.0011776835982805487
27145,1,USC00211691,COLLEGEVILLE ST JOHN'S,17.22621885785092,0.4684689864119753
27145,2,USC00215325,MELROSE,20.138812515541165,0.3427623001637399
27145,3,USW00014926,ST CLOUD RGNL AP,43.528840513390065,0.0733679810654522
27145,4,USC00214778,LITCHFIELD,47.86311508202462,0.06068185456961324
27145,5,USC00214861,LONG PRAIRIE,50.40362735777535,0.05471887778921948
27147,1,USC00216287,OWATONNA,9.188619851203015,0.8016783792042956
27147,2,USC00218692,WASECA S RSCH & OUTREACH CTR,25.2163477340832,0.10644772161350613
27147,3,USC00210355,AUSTIN WASTE WTP FACILITY,44.75437352062537,0.033793235551728085
27147,4,USC00210075,ALBERT LEA 3SE,45.930599822695946,0.032084590875630876
27147,5,USC00218808,WELLS,51.02658433146653,0.02599607275483914
27149,1,USC00215638,MORRIS W CNTRL RSCH & OUTREACH,9.183089463077664,0.8015577524456571
27149,2,USC00210287,ARTICHOKE LAKE 1 E,25.347333222471978,0.10520779076005202
27149,3,USC00210667,BENSON,42.49024717199333,0.03743983572802109
27149,4,USC00218907,WHEATON,46.366746686673316,0.031441206277702166
27149,5,USC00215400,MILAN 1NW,52.683702886271384,0.02435341478856763
27151,1,USC00210667,BENSON,7.325086432446621,0.843210245914602
27151,2,USC00215400,MILAN 1NW,25.2402841083473,0.07101873036042762
27151,3,USC00210287,ARTICHOKE LAKE 1 E,36.179338004131075,0.034565285628670346
27151,4,USC00215638,MORRIS W CNTRL RSCH & OUTREACH,37.77968328281489,0.0316989412169052
27151,5,USC00214994,MADISON WWTP,48.16013660973773,0.019506796879394706
27153,1,USC00214861,LONG PRAIRIE,11.361328370321637,0.8279649555701372
27153,2,USC00215325,MELROSE,43.96468976918286,0.05529198145723815
27153,3,USW00014910,ALEXANDRIA CHANDLER FLD,44.05414809409961,0.05506765271006178
27153,4,USC00213411,GULL LAKE DAM,56.54898712416535,0.03342108297816875
27153,5,USC00210939,BRAINERD,61.5024765482014,0.028254327284394382
27155,1,USC00218907,WHEATON,4.816077052139398,0.8303244274319556
27155,2,USC00218947,WHITE ROCK DAM,12.426250569460592,0.12472527046723343
27155,3,USC00398652,VICTOR 4 N,32.245998236544935,0.018521792564766718
27155,4,USC00211063,BROWNS VALLEY,33.5991976474854,0.01705991467706068
27155,5,USC00397742,SISSETON,45.33985267970911,0.009368594858983493
27157,1,USC00218227,THEILMAN 1SSW,3.2503518457710716,0.9631987587163772
27157,2,USC00470124,ALMA DAM 4,25.330557864796962,0.01585941470989883
27157,3,USC00219249,ZUMBROTA,34.41207562787886,0.008593200150513942
27157,4,USC00215488,MINNESOTA CITY DAM 5,36.509025934776105,0.00763442218069648
27157,5,USC00216822,RED WING DAM 3,46.460527375766226,0.0047142042425135505
27159,1,USW00094967,PARK RAPIDS MUNI AP,35.280249204122526,0.38241816430526815
27159,2,USC00216276,OTTERTAIL,46.80835439086433,0.21724763348956064
27159,3,USC00213411,GULL LAKE DAM,51.84770840912744,0.17706905469082712
27159,4,USC00218618,WALKER,65.20606733791028,0.11195043474544314
27159,5,USC00218191,TAMARAC WILDLIFE REF,65.39199924494375,0.11131471276890093
27161,1,USC00218692,WASECA S RSCH & OUTREACH CTR,7.702414636141657,0.8516191348457632
27161,2,USC00216287,OWATONNA,29.937929345622457,0.05637099238273871
27161,3,USC00218808,WELLS,32.42953068919707,0.04804164515979894
27161,4,USC00217405,ST PETER,45.153594712797315,0.024780755203180967
27161,5,USC00210075,ALBERT LEA 3SE,51.314572499752245,0.019187472408517887
27163,1,USC00218477,VADNAIS LAKE,16.201089305680103,0.3399958759280187
27163,2,USW00014927,ST PAUL DWTN AP,17.5502039011243,0.2897328564480497
27163,3,USC00218450,U OF MN ST PAUL,23.39427182150094,0.1630583403722048
27163,4,USC00214884,LOWER ST ANTHONY FALLS,28.813971604535627,0.10748697320354363
27163,5,USC00477226,RIVER FALLS,29.914168850661678,0.09972595404818332
27165,1,USC00217326,ST JAMES WWTP,1.3615933243835447,0.9970165357671172
27165,2,USC00219033,WINDOM,41.73892798428677,0.001060998102434977
27165,3,USC00219046,WINNEBAGO,43.07278554302155,0.0009963026161490278
27165,4,USC00214546,LAMBERTON SW RSCH & OUTREACH C,63.09524292097801,0.0004643056352648547
27165,5,USC00138026,SWEA CITY 5N,63.26221818942963,0.0004618578790338773
27167,1,USC00217149,ROTHSAY,19.62354478633121,0.5429021715210237
27167,2,USC00216228,ORWELL DAM,28.17050927491744,0.2634432671490869
27167,3,USC00218947,WHITE ROCK DAM,56.03068198183442,0.06659240247633087
27167,4,USC00398652,VICTOR 4 N,56.217210603869944,0.06615122861290326
27167,5,USC00325754,MC LEOD 3 E,58.58556655526398,0.06091093024065522
27169,1,USC00219072,WINONA DAM 5 A,14.564542318542976,0.4006862781449416
27169,2,USC00217184,RUSHFORD,19.695779344357337,0.2191047602641266
27169,3,USC00215488,MINNESOTA CITY DAM 5,20.065585676752253,0.21110303269382083
27169,4,USC00478589,TREMPEALEAU DAM 6,27.21355900187255,0.11476975853746535
27169,5,USC00214418,LA CRESCENT DAM 7,39.55073545927137,0.054336170359645504
27171,1,USC00212088,DELANO,20.58191184434774,0.48754399314722496
27171,2,USC00212500,ELK RVR,33.37741162094314,0.18538727815507325
27171,3,USW00014926,ST CLOUD RGNL AP,41.580675482819224,0.1194544015889103
27171,4,USC00217502,SANTIAGO 3 E,44.34308441817125,0.1050348550512006
27171,5,USC00214778,LITCHFIELD,44.87065290721934,0.10257947205759081
27173,1,USC00213311,GRANITE FALLS,26.84711676556902,0.29091568552584285
27173,2,USC00215204,MARSHALL,27.735437439654785,0.27257900482355113
27173,3,USC00211263,CANBY,32.15552841977132,0.20279215004443482
27173,4,USC00214994,MADISON WWTP,39.82835199667695,0.1321836585529846
27173,5,USC00215400,MILAN 1NW,45.44489399686422,0.10152950105318657
28001,1,USC00226177,NATCHEZ,11.464519792316628,0.86490657377869
28001,2,USC00164739,JONESVILLE LOCKS,48.45764336163538,0.04841237138598395
28001,3,USC00168163,ST JOSEPH 3 N,52.73488392972449,0.04087755823345394
28001,4,USC00227132,PORT GIBSON 1 NE,66.08078757471044,0.026033377381094406
28001,5,USC00169806,WINNSBORO 5 SSE,75.82908634740937,0.019770119220777767
28003,1,USC00221962,CORINTH 5 WSW,3.7267077664143806,0.9558243726485028
28003,2,USC00220955,BOONEVILLE,28.0930688625324,0.016820171122186294
28003,3,USC00408160,SELMER,30.93584329979389,0.013870906966149938
28003,4,USC00408108,SAVANNAH 6 SW,37.84742902207931,0.009267359508979353
28003,5,USC00400876,BOLIVAR WTR WKS,56.105161561348446,0.0042171897541815415
28005,1,USW00093919,MCCOMB AP,30.87924241990476,0.5197300152280387
28005,2,USC00221094,BROOKHAVEN CITY,49.61894822230414,0.2012871098602892
28005,3,USC00226177,NATCHEZ,67.16174919150244,0.10986695182789533
28005,4,USC00166686,NEW ROADS 5 NE,76.07138577378349,0.08563837485260471
28005,5,USC00223920,HAZLEHURST 5 SW,77.0496541667706,0.08347754823117182
28007,1,USC00224776,KOSCIUSKO,3.672254062829737,0.9798989654628995
28007,2,USC00229743,WINONA 5 E,43.93355633190743,0.006846269946508131
28007,3,USC00225247,LOUISVILLE,48.46055844274079,0.00562690923941913
28007,4,USC00226894,PHILA 1 WSW,55.73026940305749,0.004254656021593461
28007,5,USC00221389,CANTON 4N,62.589627503543525,0.0033731993295799843
28009,1,USC00224173,HOLLY SPRINGS 4 N,21.450053610846766,0.542188991876085
28009,2,USC00400137,AMES PLANTATION,33.91148183686862,0.2169271569638338
28009,3,USC00400876,BOLIVAR WTR WKS,54.17036922158876,0.08501271149669988
28009,4,USC00221962,CORINTH 5 WSW,55.92303848906311,0.07976749239333042
28009,5,USC00229079,UNIVERSITY,57.25336203797326,0.07610364727005077
28011,1,USC00221738,CLEVELAND,14.663037108258674,0.6409334402175874
28011,2,USW00013939,GREENVILLE ASOS,35.09633370179114,0.11187609445995622
28011,3,USC00036253,ROHWER 2 NNE,35.61999862705439,0.10861079727141883
28011,4,USC00228445,STONEVILLE EXP STN,40.998575341891566,0.08198289819352879
28011,5,USC00030240,ARKANSAS POST,49.34402550528025,0.056596769857508965
28013,1,USC00221314,CALHOUN CITY,8.87956244569543,0.8236818287580355
28013,2,USC00224265,HOUSTON,32.84834258402822,0.06018880125334776
28013,3,USC00229400,WATER VALLEY,37.36706751428264,0.046511953821168385
28013,4,USC00227111,PONTOTOC EXP STN,37.87928690814006,0.045262551018996865
28013,5,USC00229079,UNIVERSITY,51.63907374734939,0.02435486514845157
28015,1,USW00013978,GREENWOOD LEFLORE AP,16.96985529943857,0.6209080144343669
28015,2,USC00229743,WINONA 5 E,27.689916488475053,0.23320628572123556
28015,3,USC00224776,KOSCIUSKO,52.95074149072753,0.06377338240948784
28015,4,USC00220660,BELZONI,60.78264857098768,0.048397653202438336
28015,5,USC00221314,CALHOUN CITY,72.825311762827,0.03371466423247136
28017,1,USC00224265,HOUSTON,6.498004047391572,0.8495286987177849
28017,2,USC00227111,PONTOTOC EXP STN,23.420693129117645,0.06539409325364277
28017,3,USC00229173,VERONA EXP STN,32.966570315235025,0.03300581603135016
28017,4,USC00221314,CALHOUN CITY,34.77426794261239,0.029663474411661173
28017,5,USW00093862,TUPELO RGNL AP,40.00997275424518,0.022407917585561037
28019,1,USC00225247,LOUISVILLE,28.776921566898015,0.37772012702150365
28019,2,USC00229743,WINONA 5 E,37.94449368324814,0.21725074228248262
28019,3,USC00224776,KOSCIUSKO,44.233108916859706,0.15986885472194903
28019,4,USC00228374,STATE UNIV,45.651263909330936,0.15009049201555014
28019,5,USC00221314,CALHOUN CITY,57.35986798649034,0.09506978395851458
28021,1,USC00227132,PORT GIBSON 1 NE,5.496586278630627,0.931581064626351
28021,2,USC00168163,ST JOSEPH 3 N,30.12602288232765,0.03101152675995418
28021,3,USC00226476,OAKLEY EXP STN,45.913088037954815,0.013351613250612699
28021,4,USC00223920,HAZLEHURST 5 SW,46.238519913415416,0.0131643343278446
28021,5,USC00222094,CRYSTAL SPRINGS EXP STN,50.83470463916031,0.010891461035237476
28025,1,USC00228374,STATE UNIV,21.17931223468264,0.4286112075307606
28025,2,USC00220021,ABERDEEN,30.740232521252114,0.20345713867664142
28025,3,USC00224265,HOUSTON,31.34431636166033,0.19569044679173542
28025,4,USC00221880,COLUMBUS,42.585181424611434,0.10601570978045956
28025,5,USC00221314,CALHOUN CITY,53.88042350118961,0.06622549722040307
28027,1,USC00221707,CLARKSDALE,6.509623533336001,0.9230899709761919
28027,2,USC00033242,HELENA,32.32484457060502,0.03743543534390884
28027,3,USC00036376,SAINT CHARLES,50.254664725166194,0.0154882738468249
28027,4,USC00221738,CLEVELAND,56.393273869629816,0.012299888164809102
28027,5,USC00034638,MARIANNA 2 S,57.85447104970712,0.011686431668265152
28029,1,USC00223920,HAZLEHURST 5 SW,3.8280810929644535,0.8722763392934293
28029,2,USC00222094,CRYSTAL SPRINGS EXP STN,11.080235118838985,0.10411622145796864
28029,3,USC00221094,BROOKHAVEN CITY,35.83957092670019,0.009951550412368872
28029,4,USC00226476,OAKLEY EXP STN,38.203176775289734,0.008758251144641961
28029,5,USC00227132,PORT GIBSON 1 NE,51.08752321229564,0.004897637691591448
28031,1,USC00224939,LAUREL,40.52876179145408,0.3408300466722316
28031,2,USC00223887,HATTIESBURG 5SW,46.5649890481395,0.25819363692617114
28031,3,USC00221865,COLUMBIA,50.56049913126443,0.21899885292044852
28031,4,USC00220585,BEAUMONT EXPSTATION,74.3737192686979,0.10121049409732305
28031,5,USC00229439,WAYNESBORO 2 W,83.25596885512901,0.08076696938382562
28033,1,USC00223975,HERNANDO,8.054588055006292,0.7228109777137965
28033,2,USW00013893,MEMPHIS INTL AP,20.18419438774454,0.11510350992134143
28033,3,USC00224377,INDEPENDENCE 1W,24.9714783717998,0.07520087579044253
28033,4,USC00037712,W MEMPHIS,32.64327545041647,0.04400722135749348
28033,5,USC00405956,MEMPHIS WFO,33.07054904058115,0.04287741521692604
28035,1,USC00223887,HATTIESBURG 5SW,10.562582184259401,0.7917679894019926
28035,2,USC00220585,BEAUMONT EXPSTATION,32.80007868280208,0.0821085477184716
28035,3,USC00229639,WIGGINS,39.12061976401899,0.0577200487031028
28035,4,USC00227128,POPLARVILLE EXP STN,47.30278383430462,0.03947887251679398
28035,5,USC00221865,COLUMBIA,55.26317441684453,0.0289245416596391
28037,1,USC00221094,BROOKHAVEN CITY,42.12307777301993,0.27315910983804786
28037,2,USC00226177,NATCHEZ,43.9791492316533,0.2505891327473773
28037,3,USW00093919,MCCOMB AP,51.948331448079486,0.17960262298821858
28037,4,USC00227132,PORT GIBSON 1 NE,56.86251543130677,0.1499007291052316
28037,5,USC00223920,HAZLEHURST 5 SW,57.470006337204005,0.14674840532112468
28039,1,USW00013894,MOBILE,43.13158413414826,0.2550435570342976
28039,2,USC00227840,SAUCIER EXP FOREST,46.951884588090145,0.21522817203767472
28039,3,USC00229639,WIGGINS,47.21753027887237,0.21281323824118903
28039,4,USC00220585,BEAUMONT EXPSTATION,49.78656784591068,0.1914171292745033
28039,5,USW00013838,MOBILE DWTN AP,61.487148422183225,0.1254979034123353
28041,1,USC00220585,BEAUMONT EXPSTATION,27.12858409339543,0.56158824216801
28041,2,USC00229439,WAYNESBORO 2 W,51.7466677391217,0.15435030242333744
28041,3,USC00229639,WIGGINS,62.3807782398826,0.10621129017003246
28041,4,USC00223887,HATTIESBURG 5SW,67.13343643505321,0.09170531447646568
28041,5,USC00224939,LAUREL,69.26621701741172,0.08614485076215435
28043,1,USC00229743,WINONA 5 E,35.77090422074209,0.30284194711871126
28043,2,USW00013978,GREENWOOD LEFLORE AP,40.39958185077757,0.23742263825958612
28043,3,USC00221314,CALHOUN CITY,46.26434802451483,0.18104351546949948
28043,4,USC00229400,WATER VALLEY,46.53168797341439,0.1789691816641053
28043,5,USC00220488,BATESVILLE,62.33627990890932,0.09972271748809786
28045,1,USC00229426,WAVELAND,14.412315790678951,0.6278453057044497
28045,2,USC00168539,SLIDELL,30.92850368675271,0.13633343321197347
28045,3,USW00053865,SLIDELL AP,33.026188042695566,0.11956478622571627
28045,4,USC00220792,BILOXI,46.23024109608328,0.06101939167441663
28045,5,USC00227840,SAUCIER EXP FOREST,48.58975692551801,0.05523708318344397
28047,1,USC00220792,BILOXI,8.33698803073887,0.8060965356605931
28047,2,USC00227840,SAUCIER EXP FOREST,23.493573876910574,0.10150962795710192
28047,3,USC00229426,WAVELAND,31.789924573162175,0.05544040774708602
28047,4,USC00229639,WIGGINS,48.779886759928694,0.023546363006405672
28047,5,USC00227128,POPLARVILLE EXP STN,64.64513365320211,0.013407065628813126
28049,1,USC00226476,OAKLEY EXP STN,8.174871300624433,0.8714117135071479
28049,2,USC00222094,CRYSTAL SPRINGS EXP STN,36.72884496952985,0.04316887188694176
28049,3,USW00003940,JACKSON INTL AP,36.94429241389747,0.042666845545651005
28049,4,USC00223920,HAZLEHURST 5 SW,48.38127893219585,0.024878864382678025
28049,5,USC00227132,PORT GIBSON 1 NE,57.08017972849381,0.01787370467758124
28051,1,USC00220660,BELZONI,37.736483784815455,0.2928148570098995
28051,2,USW00013978,GREENWOOD LEFLORE AP,41.160030392892,0.24613002556416083
28051,3,USC00224776,KOSCIUSKO,48.24016645859876,0.17918364831791894
28051,4,USC00221389,CANTON 4N,50.80385413379764,0.16155583545478697
28051,5,USC00229743,WINONA 5 E,58.87039555103431,0.12031563365323382
28053,1,USC00220660,BELZONI,5.916587370797524,0.9588763503775418
28053,2,USC00228445,STONEVILLE EXP STN,49.094421833845885,0.013926464356175807
28053,3,USW00013978,GREENWOOD LEFLORE AP,57.225123075966565,0.010250184931441834
28053,4,USW00013939,GREENVILLE ASOS,58.59319180211396,0.009777118049909956
28053,5,USC00221389,CANTON 4N,68.42212737536558,0.00716988228493062
28055,1,USC00168923,TALLULAH,43.067305360658395,0.33954866610964973
28055,2,USC00032355,EUDORA,46.66608200314132,0.28919764245020935
28055,3,USC00220660,BELZONI,66.90729781131897,0.14068585920218032
28055,4,USC00035866,PORTLAND,72.3197414026749,0.1204158619921399
28055,5,USC00228445,STONEVILLE EXP STN,75.61406376242353,0.11015197024582064
28057,1,USC00229173,VERONA EXP STN,35.604995184518586,0.25345796664726733
28057,2,USC00013645,HAMILTON,37.38615374585106,0.22988267067608603
28057,3,USW00093862,TUPELO RGNL AP,37.574412816111185,0.2275848792804446
28057,4,USC00220955,BOONEVILLE,43.320625078780395,0.17121364778270384
28057,5,USC00220021,ABERDEEN,52.213060052573375,0.11786083561349811
28059,1,USC00220792,BILOXI,36.69594484319169,0.3157730183843766
28059,2,USW00013894,MOBILE,44.457431458666775,0.21514062796385364
28059,3,USC00227840,SAUCIER EXP FOREST,45.32117100298986,0.20701838772881526
28059,4,USW00013838,MOBILE DWTN AP,56.64371996970822,0.13252799662049977
28059,5,USC00012172,DAUPHIN IS #2,57.293280348975266,0.12953996930245476
28061,1,USC00226308,NEWTON EXP STN,35.87316708346791,0.3304799461687217
28061,2,USC00224939,LAUREL,37.93622838397165,0.29551276773914
28061,3,USW00013865,MERIDIAN KEY FLD,49.517626697856514,0.17344624773524245
28061,4,USC00229439,WAYNESBORO 2 W,56.73769539552339,0.13211166593119444
28061,5,USW00003866,MERIDIAN NAAS,78.82383135140276,0.06844937242570144
28063,1,USC00227132,PORT GIBSON 1 NE,28.76549683456576,0.3123386472031662
28063,2,USC00168163,ST JOSEPH 3 N,29.9733419641772,0.28767302944192175
28063,3,USC00226177,NATCHEZ,32.38426186898826,0.24643448361240636
28063,4,USC00223920,HAZLEHURST 5 SW,56.817119315251865,0.0800591661481264
28063,5,USC00221094,BROOKHAVEN CITY,59.300288913268,0.07349467359437938
28065,1,USC00221865,COLUMBIA,34.98215515189316,0.4428231884150334
28065,2,USC00223887,HATTIESBURG 5SW,57.730223348802724,0.162598675066528
28065,3,USC00221094,BROOKHAVEN CITY,59.83261682241956,0.15137267406035973
28065,4,USC00223920,HAZLEHURST 5 SW,66.3924681000361,0.12293791709108581
28065,5,USC00222094,CRYSTAL SPRINGS EXP STN,67.12549716563018,0.12026754536699298
28067,1,USC00224939,LAUREL,7.818520360284388,0.9122663108208869
28067,2,USC00223887,HATTIESBURG 5SW,43.37698461195811,0.029638216300772843
28067,3,USC00229439,WAYNESBORO 2 W,47.594668104249806,0.024618079771681067
28067,4,USC00220585,BEAUMONT EXPSTATION,48.56626340221572,0.02364293553401004
28067,5,USC00221865,COLUMBIA,75.30263692341526,0.009834457572649407
28069,1,USW00003866,MERIDIAN NAAS,22.927854065961277,0.5098631467785036
28069,2,USC00225361,MACON 3N,45.38512067677446,0.13012281517068205
28069,3,USC00013160,GAINESVILLE LOCK,46.88884304688803,0.12191058234036983
28069,4,USC00226894,PHILA 1 WSW,47.23869588472107,0.12011151379107708
28069,5,USW00013865,MERIDIAN KEY FLD,47.66109823649776,0.11799194191936742
28071,1,USC00229079,UNIVERSITY,4.694813936716978,0.9266226165818863
28071,2,USC00229400,WATER VALLEY,25.056470560292578,0.03253118424213274
28071,3,USC00227815,SARDIS DAM,30.764562761361745,0.0215793407150958
28071,4,USC00220488,BATESVILLE,43.388775829817824,0.0108488791655793
28071,5,USC00224377,INDEPENDENCE 1W,49.256767375059034,0.00841797929530576
28073,1,USC00223887,HATTIESBURG 5SW,17.117139817139353,0.5973616169585068
28073,2,USC00221865,COLUMBIA,31.896676719414593,0.17203184086478956
28073,3,USC00227128,POPLARVILLE EXP STN,39.845872484481575,0.1102384323051843
28073,4,USC00229639,WIGGINS,52.050686308608064,0.06460212290076714
28073,5,USC00220585,BEAUMONT EXPSTATION,56.02284484801613,0.055765986970752225
28077,1,USC00221094,BROOKHAVEN CITY,33.22566781746353,0.33697270071758395
28077,2,USC00221865,COLUMBIA,42.122234525527524,0.20966182053215365
28077,3,USC00223920,HAZLEHURST 5 SW,45.43810651473156,0.18017797667965488
28077,4,USC00222094,CRYSTAL SPRINGS EXP STN,50.906394396308166,0.1435481105495543
28077,5,USW00093919,MCCOMB AP,53.56764898071793,0.12963939152105314
28079,1,USC00224776,KOSCIUSKO,33.531059568144066,0.3435750707521151
28079,2,USC00226894,PHILA 1 WSW,36.6611057294703,0.2874121212030267
28079,3,USC00221389,CANTON 4N,49.08637156469168,0.16032244888043937
28079,4,USC00225247,LOUISVILLE,59.250354073152934,0.1100358744182418
28079,5,USC00226308,NEWTON EXP STN,62.57483068074363,0.09865448474617698
28081,1,USW00093862,TUPELO RGNL AP,8.835629673616598,0.6644967533020145
28081,2,USC00229173,VERONA EXP STN,14.699088023136383,0.24009719827344086
28081,3,USC00227111,PONTOTOC EXP STN,34.31557743808632,0.04405399020480502
28081,4,USC00220955,BOONEVILLE,39.59731097197595,0.03308540726292907
28081,5,USC00224265,HOUSTON,53.29107384486791,0.01826665095681042
28083,1,USW00013978,GREENWOOD LEFLORE AP,19.966288663607582,0.6263146658644922
28083,2,USC00220660,BELZONI,45.28858978340761,0.12173337908271717
28083,3,USC00221738,CLEVELAND,46.5091255721676,0.11542793440299276
28083,4,USC00228445,STONEVILLE EXP STN,58.61675088211335,0.07266809727068851
28083,5,USC00229743,WINONA 5 E,62.53066418178642,0.06385592337910924
28085,1,USC00221094,BROOKHAVEN CITY,1.1387491504450757,0.9970859262508684
28085,2,USC00223920,HAZLEHURST 5 SW,33.089885430375645,0.0011808594006491062
28085,3,USW00093919,MCCOMB AP,39.29217151650703,0.0008374842647604545
28085,4,USC00222094,CRYSTAL SPRINGS EXP STN,46.25098719902486,0.0006044309639563321
28085,5,USC00221865,COLUMBIA,66.62309022002177,0.0002912991197656022
28087,1,USC00221880,COLUMBUS,5.119619628783435,0.9293178002863941
28087,2,USC00228374,STATE UNIV,31.767628616215987,0.024136264304833486
28087,3,USC00225361,MACON 3N,36.94170943373802,0.017848662218207224
28087,4,USC00220021,ABERDEEN,40.56852161174579,0.014799985288046921
28087,5,USC00018517,VERNON,41.86535672233577,0.013897287902518303
28089,1,USC00221389,CANTON 4N,4.121551921804626,0.9756344217294854
28089,2,USW00003940,JACKSON INTL AP,35.22836128314797,0.013354381595494838
28089,3,USC00224776,KOSCIUSKO,63.43860505981378,0.0041181429267970575
28089,4,USC00226476,OAKLEY EXP STN,65.5014195491109,0.00386284463251882
28089,5,USC00220660,BELZONI,73.95508360042726,0.003030209115703853
28091,1,USC00221865,COLUMBIA,2.62351839080195,0.9909438422903777
28091,2,USC00223887,HATTIESBURG 5SW,45.953169411605565,0.0032298795644764766
28091,3,USC00227128,POPLARVILLE EXP STN,50.67620713770445,0.0026558837633326696
28091,4,USW00093919,MCCOMB AP,62.06625483096474,0.0017705418182412164
28091,5,USC00221094,BROOKHAVEN CITY,69.80193887613457,0.0013998525635719199
28093,1,USC00224173,HOLLY SPRINGS 4 N,8.870505490994713,0.8326762841276291
28093,2,USC00224377,INDEPENDENCE 1W,29.9338352884683,0.07312202405293354
28093,3,USC00229079,UNIVERSITY,43.84387298650556,0.034084357489662515
28093,4,USC00223975,HERNANDO,46.40906234585304,0.030420569884649373
28093,5,USC00400137,AMES PLANTATION,46.97122641458006,0.02969676444512564
28095,1,USC00220021,ABERDEEN,7.438986145396741,0.8856187097645525
28095,2,USC00018517,VERNON,37.126559999893836,0.03555534201122338
28095,3,USC00229173,VERONA EXP STN,37.647697418214314,0.03457780684959777
28095,4,USC00224265,HOUSTON,46.310575163764994,0.022851458961726148
28095,5,USC00221880,COLUMBUS,47.85903318626512,0.021396682412900218
28097,1,USC00229743,WINONA 5 E,2.2649517957281184,0.9918171405155537
28097,2,USW00013978,GREENWOOD LEFLORE AP,41.70877032269196,0.0029247905073926162
28097,3,USC00224776,KOSCIUSKO,49.50858181666835,0.002075814610283368
28097,4,USC00221314,CALHOUN CITY,49.990236581247906,0.002036006463117826
28097,5,USC00225247,LOUISVILLE,66.62473444626148,0.0011462479036526204
28099,1,USC00226894,PHILA 1 WSW,2.122227859350664,0.992580773028252
28099,2,USC00225247,LOUISVILLE,42.83331988043796,0.00243661216459693
28099,3,USC00226308,NEWTON EXP STN,46.24883346578178,0.0020900097645486985
28099,4,USC00224776,KOSCIUSKO,54.805633388302105,0.001488330832104692
28099,5,USW00003866,MERIDIAN NAAS,56.4220654682962,0.0014042742104975762
28101,1,USC00226308,NEWTON EXP STN,7.924728663438502,0.8937518968872433
28101,2,USW00013865,MERIDIAN KEY FLD,35.32633065764755,0.04497681725502378
28101,3,USC00226894,PHILA 1 WSW,40.84930021995933,0.03363694435456327
28101,4,USW00003866,MERIDIAN NAAS,54.3082635946174,0.019030664129887204
28101,5,USC00224939,LAUREL,80.77013918019756,0.00860367737328241
28103,1,USC00225361,MACON 3N,5.360774917761568,0.9418196001772174
28103,2,USC00010178,ALICEVILLE,38.35985785711539,0.01839369122574452
28103,3,USC00221880,COLUMBUS,43.560617921891655,0.014263785743767328
28103,4,USC00228374,STATE UNIV,45.042914727884195,0.013340432146977914
28103,5,USC00225247,LOUISVILLE,47.1349868992993,0.012182490706292803
28105,1,USC00228374,STATE UNIV,10.157110182514682,0.8183768926816729
28105,2,USC00225247,LOUISVILLE,36.67181024205438,0.06278110974181826
28105,3,USC00225361,MACON 3N,41.936717606754335,0.04800702740173384
28105,4,USC00221880,COLUMBUS,45.87776212193683,0.04011337791657419
28105,5,USC00224265,HOUSTON,52.423375619003615,0.0307215922582007
28107,1,USC00220488,BATESVILLE,5.500818073025201,0.8402989617327111
28107,2,USC00227815,SARDIS DAM,15.272236899797145,0.10901420361360907
28107,3,USC00229400,WATER VALLEY,37.496249419016195,0.018084759261865146
28107,4,USC00224377,INDEPENDENCE 1W,39.30898691456656,0.01645525771355002
28107,5,USC00229079,UNIVERSITY,39.68265530575031,0.016146817678264595
28109,1,USC00227128,POPLARVILLE EXP STN,8.346133136227753,0.90335931831374
28109,2,USC00229639,WIGGINS,43.84120707450382,0.03273905497371854
28109,3,USW00053865,SLIDELL AP,52.98812632282102,0.02241165968572252
28109,4,USC00227840,SAUCIER EXP FOREST,53.4654986552631,0.022013236618006665
28109,5,USC00229426,WAVELAND,56.840455052705494,0.01947673040881232
28111,1,USC00220585,BEAUMONT EXPSTATION,9.898934011643021,0.8293673370621434
28111,2,USC00223887,HATTIESBURG 5SW,34.65358909285442,0.067674856423822
28111,3,USC00229639,WIGGINS,37.92025094776119,0.05651729665351199
28111,4,USC00224939,LAUREL,57.73291681506472,0.024382418792781392
28111,5,USC00227840,SAUCIER EXP FOREST,60.69849601131404,0.022058091067741373
28113,1,USW00093919,MCCOMB AP,7.075641779564407,0.9389437742328587
28113,2,USC00221094,BROOKHAVEN CITY,41.22947350316043,0.027653855174892147
28113,3,USC00221865,COLUMBIA,54.0191588593529,0.016109261338520676
28113,4,USC00223920,HAZLEHURST 5 SW,73.06069473501569,0.008806506636987201
28113,5,USC00162151,COVINGTON 8 WNW,74.42497501450573,0.008486602616741532
28115,1,USC00227111,PONTOTOC EXP STN,10.286869609689829,0.7087893381887841
28115,2,USW00093862,TUPELO RGNL AP,24.745565859392638,0.12248668120513789
28115,3,USC00229173,VERONA EXP STN,29.641324657986623,0.0853666875155714
28115,4,USC00224265,HOUSTON,38.354663400719076,0.050985571849584625
28115,5,USC00229079,UNIVERSITY,48.134772895135264,0.03237172124092199
28117,1,USC00220955,BOONEVILLE,3.971409558637384,0.9698303897197891
28117,2,USC00221962,CORINTH 5 WSW,33.610606182754786,0.013540429854676243
28117,3,USW00093862,TUPELO RGNL AP,45.93687166556713,0.007248736450732364
28117,4,USC00229173,VERONA EXP STN,53.9633610053378,0.005252755184357882
28117,5,USC00408160,SELMER,60.87501736432258,0.0041276887904443125
28119,1,USC00221707,CLARKSDALE,25.639368211672156,0.3960074723913206
28119,2,USC00220488,BATESVILLE,31.515506900214245,0.2621014515047854
28119,3,USC00033242,HELENA,40.57489514896584,0.15812597164474437
28119,4,USC00227815,SARDIS DAM,47.8087521208611,0.11389461827651351
28119,5,USC00229400,WATER VALLEY,61.039662996249795,0.06987048618263614
28121,1,USW00003940,JACKSON INTL AP,13.693448882425916,0.7942280987081165
28121,2,USC00221389,CANTON 4N,45.740208751205024,0.07118273211064935
28121,3,USC00226476,OAKLEY EXP STN,53.78089968023178,0.05148904199152546
28121,4,USC00222094,CRYSTAL SPRINGS EXP STN,54.08818047311159,0.050905674186621105
28121,5,USC00223920,HAZLEHURST 5 SW,68.01347166810613,0.03219445300308751
28123,1,USC00226308,NEWTON EXP STN,43.221594981442735,0.30475554171794916
28123,2,USW00003940,JACKSON INTL AP,52.141330745063534,0.20940592634637833
28123,3,USC00226894,PHILA 1 WSW,54.81546099246337,0.18947287660507492
28123,4,USC00221389,CANTON 4N,55.24424440889332,0.18654306767088732
28123,5,USC00224776,KOSCIUSKO,71.9997119532608,0.10982258765971026
28125,1,USC00220660,BELZONI,44.522811986124395,0.3005706191577848
28125,2,USC00032355,EUDORA,47.50050473283468,0.2640676793470701
28125,3,USC00228445,STONEVILLE EXP STN,60.39967672361025,0.16332116505449817
28125,4,USC00168923,TALLULAH,64.1850939468728,0.14462498776014968
28125,5,USW00013939,GREENVILLE ASOS,68.38244651128551,0.12741554868049737
28127,1,USC00222094,CRYSTAL SPRINGS EXP STN,43.66331405278309,0.2918985404839485
28127,2,USW00003940,JACKSON INTL AP,48.778830012045525,0.2338851004655934
28127,3,USC00223920,HAZLEHURST 5 SW,51.252665107016156,0.21185192181605625
28127,4,USC00221094,BROOKHAVEN CITY,64.77082917789352,0.1326497394167362
28127,5,USC00226476,OAKLEY EXP STN,65.49951184006039,0.1297146978176658
28129,1,USC00224939,LAUREL,51.84703948669446,0.29032116369143923
28129,2,USC00226308,NEWTON EXP STN,52.61658102150401,0.2818911052473524
28129,3,USW00003940,JACKSON INTL AP,64.25072357532886,0.18904734206669532
28129,4,USW00013865,MERIDIAN KEY FLD,78.33384395552771,0.1271826133312249
28129,5,USC00222094,CRYSTAL SPRINGS EXP STN,83.63987741669523,0.11155777566328816
28131,1,USC00229639,WIGGINS,7.348265954075369,0.8157761777567387
28131,2,USC00227840,SAUCIER EXP FOREST,19.017912120885853,0.12179096705165439
28131,3,USC00227128,POPLARVILLE EXP STN,41.73155495605778,0.02529365653596342
28131,4,USC00220792,BILOXI,45.42520115675934,0.02134750053208224
28131,5,USC00220585,BEAUMONT EXPSTATION,52.814838852370926,0.015791698123561237
28133,1,USC00221738,CLEVELAND,20.09109990175355,0.5120707753295093
28133,2,USC00228445,STONEVILLE EXP STN,35.111020125560174,0.167668130309139
28133,3,USW00013939,GREENVILLE ASOS,37.82031981145859,0.14450638045316613
28133,4,USW00013978,GREENWOOD LEFLORE AP,48.41590019992234,0.08817823360605352
28133,5,USC00220660,BELZONI,48.581952501158916,0.087576480302132
28135,1,USC00221707,CLARKSDALE,43.84062482039911,0.2571694549258975
28135,2,USC00220488,BATESVILLE,44.86947913823034,0.24551091133423192
28135,3,USW00013978,GREENWOOD LEFLORE AP,51.54751093282819,0.18601906443281618
28135,4,USC00229400,WATER VALLEY,54.73102914568789,0.1650082375005549
28135,5,USC00221738,CLEVELAND,58.12669711972403,0.14629233180649961
28137,1,USC00224377,INDEPENDENCE 1W,12.408661888633633,0.5430275684237197
28137,2,USC00223975,HERNANDO,18.25954881374674,0.250779306100622
28137,3,USC00227815,SARDIS DAM,28.233818927605526,0.1048896244125893
28137,4,USC00220488,BATESVILLE,37.0965352089704,0.06075822574168148
28137,5,USW00013893,MEMPHIS INTL AP,45.411491207587936,0.0405452753213877
28139,1,USC00221962,CORINTH 5 WSW,33.57270470630819,0.3041811793457035
28139,2,USC00220955,BOONEVILLE,35.62766477437775,0.27010354606008635
28139,3,USC00400137,AMES PLANTATION,47.30784156126751,0.1531929337307593
28139,4,USC00224173,HOLLY SPRINGS 4 N,47.55163418808059,0.15162614973507904
28139,5,USC00408160,SELMER,53.253259009526246,0.12089619112837202
28141,1,USC00220955,BOONEVILLE,32.10636840717545,0.35216966073762507
28141,2,USC00221962,CORINTH 5 WSW,38.79345872213505,0.24122221704017727
28141,3,USC00408108,SAVANNAH 6 SW,46.6739904390159,0.1666419897693086
28141,4,USC00017131,RUSSELLVILLE #2,52.58487197754198,0.1312842618201843
28141,5,USC00408160,SELMER,57.794778253121116,0.10868187063270482
28143,1,USC00033242,HELENA,24.77264856538068,0.42651553785735347
28143,2,USC00223975,HERNANDO,37.10637504953034,0.1901002467426485
28143,3,USC00034638,MARIANNA 2 S,37.184061685141266,0.18930674432893746
28143,4,USC00224377,INDEPENDENCE 1W,50.59582680612179,0.102246946171912
28143,5,USC00220488,BATESVILLE,53.38833006637204,0.09183052489914847
28145,1,USW00093862,TUPELO RGNL AP,32.98775932629842,0.3049936829129546
28145,2,USC00227111,PONTOTOC EXP STN,39.05662118645826,0.2175740720808202
28145,3,USC00220955,BOONEVILLE,43.40356890599178,0.17617553390835838
28145,4,USC00229173,VERONA EXP STN,44.25365426382115,0.16947209641955832
28145,5,USC00229079,UNIVERSITY,50.18407041876813,0.1317846146783085
28147,1,USC00221865,COLUMBIA,27.15585196063273,0.46022271341061255
28147,2,USW00093919,MCCOMB AP,35.11099392181411,0.2753015561567425
28147,3,USC00221094,BROOKHAVEN CITY,54.05150979860506,0.11616605867602027
28147,4,USC00227128,POPLARVILLE EXP STN,64.22792221952311,0.0822710742331987
28147,5,USC00162151,COVINGTON 8 WNW,71.68834197596358,0.06603859752342592
28149,1,USC00168923,TALLULAH,31.53006815608774,0.3503922904488405
28149,2,USC00226476,OAKLEY EXP STN,35.97643271049909,0.26913375129421035
28149,3,USC00227132,PORT GIBSON 1 NE,42.76974482705511,0.19042810369977134
28149,4,USC00168163,ST JOSEPH 3 N,57.70608764894643,0.10460708470885453
28149,5,USC00222094,CRYSTAL SPRINGS EXP STN,63.85202678492854,0.08543876984832321
28151,1,USC00228445,STONEVILLE EXP STN,17.83647643260715,0.4823803295312539
28151,2,USW00013939,GREENVILLE ASOS,24.77210561642181,0.2500816767807601
28151,3,USC00032355,EUDORA,34.48499979331596,0.1290468069421994
28151,4,USC00220660,BELZONI,43.426203366629736,0.08137743461930848
28151,5,USC00031962,DERMOTT 3 NE,51.836242520126746,0.05711375212647811
28153,1,USC00229439,WAYNESBORO 2 W,3.9214243278925394,0.980230836903683
28153,2,USC00224939,LAUREL,42.31503314640844,0.008418343983888204
28153,3,USC00220585,BEAUMONT EXPSTATION,50.71068431629909,0.005861612383283581
28153,4,USC00014193,JACKSON,72.2669312830293,0.002886269045006821
28153,5,USC00223887,HATTIESBURG 5SW,76.09850654690263,0.0026029376841382817
28155,1,USC00221314,CALHOUN CITY,27.616936147626028,0.3780385176583996
28155,2,USC00229743,WINONA 5 E,34.646334553126614,0.24019969619730935
28155,3,USC00224265,HOUSTON,40.9197042844108,0.1721956079872339
28155,4,USC00228374,STATE UNIV,49.141667652426705,0.11939530858145846
28155,5,USC00225247,LOUISVILLE,56.54710722496112,0.09017086957559867
28157,1,USC00226177,NATCHEZ,47.59499288481858,0.29983395514772804
28157,2,USC00166686,NEW ROADS 5 NE,48.47249459052457,0.2890763778913196
28157,3,USC00164739,JONESVILLE LOCKS,62.375411956618855,0.17457276565389412
28157,4,USW00013970,BATON ROUGE METRO AP,71.35299411508211,0.13340709972306528
28157,5,USW00093919,MCCOMB AP,81.1618050945897,0.10310980158399305
28159,1,USC00225247,LOUISVILLE,7.060808835268792,0.9060967215993397
28159,2,USC00226894,PHILA 1 WSW,35.49314628314336,0.03585869399536426
28159,3,USC00225361,MACON 3N,45.37799776840688,0.02193778658663597
28159,4,USC00228374,STATE UNIV,49.47750426605916,0.0184530388595208
28159,5,USC00224776,KOSCIUSKO,50.58516102643312,0.017653758959139378
28161,1,USC00229400,WATER VALLEY,16.19465123245474,0.6191138957273691
28161,2,USC00220488,BATESVILLE,39.303597497847846,0.1051112361122546
28161,3,USC00221314,CALHOUN CITY,40.73222719326267,0.09786726139528246
28161,4,USC00229079,UNIVERSITY,41.205863540761385,0.09563034239094342
28161,5,USC00227815,SARDIS DAM,44.42392769416179,0.08227726437415042
28163,1,USC00221389,CANTON 4N,34.54333224269844,0.4200253271313407
28163,2,USC00220660,BELZONI,46.7761001744781,0.22906351270653255
28163,3,USW00003940,JACKSON INTL AP,57.482635239337775,0.15168079584351024
28163,4,USC00226476,OAKLEY EXP STN,63.323333263969985,0.12499032667104402
28163,5,USC00224776,KOSCIUSKO,82.1642466002145,0.07424003764757257
29001,1,USC00234544,KIRKSVILLE,2.9754608609461366,0.9270446317616517
29001,2,USW00014938,KIRKSVILLE RGNL AP,11.506235597276548,0.06199299276933786
29001,3,USC00238523,UNIONVILLE,46.32868228706627,0.003823923818627598
29001,4,USC00235492,MEMPHIS,46.43636772769603,0.00380620910562606
29001,5,USC00235050,LONG BRANCH RSVR,49.62908418473033,0.0033322425447567697
29003,1,USW00013993,ST JOSEPH ROSECRANS MEM AP,26.13581528993157,0.2938841006018878
29003,2,USC00231822,CONCEPTION,29.675928649702044,0.22794998023721258
29003,3,USC00148250,TROY 3N,30.101862173147587,0.22154475336548402
29003,4,USC00230143,AMITY 4 NE,39.33714755562713,0.12973061164065536
29003,5,USC00235340,MARYVILLE 2E,39.77493244098251,0.12689055415476017
29005,1,USC00250435,AUBURN 5 ESE,27.065404485212575,0.3896343643148212
29005,2,USC00137613,SHENANDOAH,38.17024334687466,0.19590090369764468
29005,3,USW00094957,FALLS CITY BRENNER FLD,41.27005595036635,0.16757768305734438
29005,4,USC00131533,CLARINDA,48.01182958727609,0.12381971069587874
29005,5,USC00255810,NEBRASKA CITY 2NW,48.15836618209635,0.12306733823431094
29007,1,USC00238577,VANDALIA,31.93374134775097,0.359067471468404
29007,2,USC00231600,CLARENCE CANNON DAM,39.32024065382188,0.23683361044205867
29007,3,USC00235708,MONROE CITY,47.884285449531646,0.15969438564145186
29007,4,USW00003945,COLUMBIA RGNL AP,54.62015742824441,0.12273538097525957
29007,5,USC00235671,MOBERLY,54.85896319535552,0.12166915147282589
29009,1,USC00231383,CASSVILLE 1 NE,1.9823279976945944,0.9849224073381816
29009,2,USC00235704,MONETT 4SW,21.355974626689118,0.008486219390350387
29009,3,USC00233094,GALENA,34.74474056590325,0.003206084032450966
29009,4,USC00230657,BILLINGS 1SW,45.64724600430126,0.0018574788871102241
29009,5,USC00235976,NEOSHO,50.331723211298524,0.0015278103519068258
29011,1,USC00234705,LAMAR 7N,12.058855220201695,0.7035655354486128
29011,2,USC00146414,PITTSBURG,33.94282645987798,0.08880158382877673
29011,3,USC00235027,LOCKWOOD,36.94457738090397,0.07495753795657979
29011,4,USC00235987,NEVADA WTP,37.742027597863725,0.07182345017454242
29011,5,USW00013987,JOPLIN RGNL AP,41.00353639767536,0.06085189259148828
29013,1,USC00231145,BUTLER 4W,5.757342843085879,0.9254249158163702
29013,2,USC00230204,APPLETON CITY,28.518507902816495,0.03771653377138704
29013,3,USC00235987,NEVADA WTP,46.55812249103435,0.014151238643317526
29013,4,USC00231711,CLINTON,51.87431407369154,0.011399364423513157
29013,5,USC00232511,ELDORADO SPRINGS,52.083576296978904,0.011307947345412092
29015,1,USC00238466,TRUMAN DAM & RSVR,11.892417327492801,0.7638498854767499
29015,2,USC00238603,VERSAILLES,41.72351648452846,0.06205638774887889
29015,3,USC00237632,SEDALIA WTP,42.00069458542494,0.06124002434916691
29015,4,USC00231711,CLINTON,43.41006269313767,0.05732809015286479
29015,5,USC00236777,POMME DE TERRE DAM,44.10902639852789,0.05552561227233932
29017,1,USC00235253,MARBLE HILL,4.616390866319407,0.94420753315724
29017,2,USC00234226,JACKSON,32.2339172660548,0.019366290113497067
29017,3,USC00233038,FREDERICKTOWN,36.28640906983291,0.015282155793498436
29017,4,USW00003935,CAPE GIRARDEAU MUNI AP,40.79585685729417,0.012090394969734214
29017,5,USC00236641,PERRYVILLE WTP,47.1438481665251,0.009053625966030345
29019,1,USW00003945,COLUMBIA RGNL AP,20.932719604174903,0.5248318890174218
29019,2,USC00236012,NEW FRANKLIN 1W,38.62406904105263,0.15415424117701623
29019,3,USC00231189,CALIFORNIA,45.57406034002218,0.11072255049965946
29019,4,USC00234271,JEFFERSON CITY WTP,46.379188197735196,0.10691170162715129
29019,5,USC00235671,MOBERLY,47.1648331865225,0.10337961767875105
29021,1,USW00013993,ST JOSEPH ROSECRANS MEM AP,14.798742858182884,0.6136336523456686
29021,2,USC00148250,TROY 3N,30.301870063266772,0.14635917527281433
29021,3,USC00237862,SMITHVILLE LAKE,37.32672588538685,0.09645372883886741
29021,4,USW00003947,KANSAS CITY INTL AP,40.891996263018044,0.08036782069357232
29021,5,USC00230143,AMITY 4 NE,46.11797960646781,0.06318562284907733
29023,1,USC00236791,POPLAR BLUFF,4.744236286477509,0.9279277366822658
29023,2,USC00238700,WAPPAPELLO DAM,25.450474775025025,0.03224445206731861
29023,3,USC00031632,CORNING,38.05337018777075,0.014423163485520755
29023,4,USC00235207,MALDEN MUNI AP,39.05059774559139,0.013695926171568607
29023,5,USC00232235,DEXTER,42.234625668453305,0.011708721593326133
29025,1,USC00233568,HAMILTON 2W,10.429441928372464,0.7531627296014692
29025,2,USC00233102,GALLATIN 1W,27.732211405442612,0.10652264874227375
29025,3,USC00231580,CHILLICOTHE 2S,40.05677027939253,0.05105744775729826
29025,4,USC00230143,AMITY 4 NE,41.55688046091425,0.04743785935996739
29025,5,USC00234382,KEARNEY 3E,44.260572348367916,0.041819314538991396
29027,1,USW00003945,COLUMBIA RGNL AP,25.315367967294307,0.467999980445234
29027,2,USC00234271,JEFFERSON CITY WTP,35.85516615899087,0.2332979081933379
29027,3,USC00233043,FREEDOM,46.11727227571631,0.14102207475650896
29027,4,USC00231189,CALIFORNIA,59.58895391858646,0.08446616972705127
29027,5,USC00237300,ROSEBUD,64.0044970503585,0.07321386687786793
29031,1,USC00234226,JACKSON,1.7149138082450963,0.9856193337894597
29031,2,USW00003935,CAPE GIRARDEAU MUNI AP,20.011017899949398,0.007238614485407499
29031,3,USC00235253,MARBLE HILL,27.0276457758719,0.003968052153375703
29031,4,USC00110187,ANNA 4 N,41.52208235183823,0.0016812626209575467
29031,5,USC00236641,PERRYVILLE WTP,44.066165636079646,0.0014927369507996583
29033,1,USC00231340,CARROLLTON,7.624225478559058,0.8872593462764607
29033,2,USC00231580,CHILLICOTHE 2S,38.77410089078052,0.03430509087216928
29033,3,USW00013991,MARSHALL,40.42445913623696,0.03156120748054331
29033,4,USC00233838,HIGGINSVILLE,43.2278455166409,0.027600367489282168
29033,5,USC00238223,SWEET SPRINGS,51.729136898469235,0.019273987881544576
29037,1,USC00236745,PLEASANT HILL WFO,19.85475400413567,0.4568785101973928
29037,2,USC00234850,LEES SUMMIT REED WR,27.875832126674922,0.23177899282037445
29037,3,USC00232568,ELM,37.0621345848867,0.13111998614262266
29037,4,USC00231145,BUTLER 4W,43.07625478317125,0.09706303753660346
29037,5,USC00143686,HILLSDALE LAKE,46.53813885909465,0.08315947330300666
29039,1,USC00238082,STOCKTON DAM,7.960819448858909,0.7846548989896951
29039,2,USC00232511,ELDORADO SPRINGS,20.551881942809334,0.11773105777928358
29039,3,USC00236402,OSCEOLA,37.35634350770172,0.03563407736450036
29039,4,USC00235027,LOCKWOOD,39.11331453244069,0.032504612894668994
29039,5,USC00234705,LAMAR 7N,41.07405802333243,0.029475352971851932
29041,1,USC00237514,SALISBURY,16.601042058655818,0.6733489388220358
29041,2,USC00235050,LONG BRANCH RSVR,46.78423268065586,0.0847836009182704
29041,3,USC00235671,MOBERLY,47.180086066674534,0.08336685577057215
29041,4,USW00013991,MARSHALL,48.213268962055224,0.0798321310590305
29041,5,USC00231340,CARROLLTON,48.56854335427075,0.07866847343009113
29043,1,USC00233094,GALENA,30.854653036058647,0.2512468490127837
29043,2,USC00236460,OZARK BEACH 2 NNE,31.64618684636169,0.23883566622523292
29043,3,USW00013995,SPRINGFIELD,35.053364286527376,0.19466261158750137
29043,4,USC00230657,BILLINGS 1SW,35.697881826226855,0.18769688402950377
29043,5,USC00235307,MARSHFIELD 4 WSW,43.30291642823556,0.1275579891449783
29045,1,USC00134381,KEOKUK L&D 19,30.037615158429904,0.2941744059130303
29045,2,USC00231275,CANTON L&D 20,34.44201866582908,0.22374770384034748
29045,3,USC00235492,MEMPHIS,38.69315028461415,0.17728320822272617
29045,4,USC00133007,FT MADISON,41.122216433466434,0.15695774610368263
29045,5,USC00134389,KEOSAUQUA,42.371751342797,0.14783693592021355
29047,1,USC00234382,KEARNEY 3E,9.750964676060926,0.5261290342234902
29047,2,USC00237862,SMITHVILLE LAKE,13.805246941833627,0.26248172779572787
29047,3,USW00013988,KANSAS CITY DWTN AP,25.38770214005532,0.07761410368857902
29047,4,USW00003947,KANSAS CITY INTL AP,26.68729127646758,0.07023902003004905
29047,5,USC00234154,INDEPENDENCE,28.05972382424526,0.06353611426215393
29049,1,USC00234382,KEARNEY 3E,27.508420437512463,0.2655448341849701
29049,2,USC00237862,SMITHVILLE LAKE,27.644964263707767,0.26292815771186595
29049,3,USC00230143,AMITY 4 NE,31.58092669989895,0.20147419298002117
29049,4,USC00233568,HAMILTON 2W,34.29809587768068,0.17081623452564246
29049,5,USW00003947,KANSAS CITY INTL AP,44.99856728117302,0.09923658059750053
29051,1,USC00234271,JEFFERSON CITY WTP,12.37412929163934,0.6436894966198355
29051,2,USC00231189,CALIFORNIA,27.757622291518405,0.12792080913785003
29051,3,USC00232503,ELDON,31.360754037039396,0.10021499956051441
29051,4,USW00003945,COLUMBIA RGNL AP,35.33640312015445,0.07893344178333257
29051,5,USC00234694,LAKESIDE,44.73921024077711,0.04924125289846743
29053,1,USC00236012,NEW FRANKLIN 1W,19.488801856377187,0.5188515458171138
29053,2,USC00231189,CALIFORNIA,32.825709262737725,0.18288797781966726
29053,3,USC00237632,SEDALIA WTP,40.56531687550632,0.11975775598217234
29053,4,USC00238603,VERSAILLES,46.172414495553554,0.09243750690844711
29053,5,USW00013991,MARSHALL,47.851204307805304,0.08606521347259966
29055,1,USC00232043,CUBA,12.587616468140281,0.7354787031831291
29055,2,USC00237263,ROLLA MISSOURI S&T,40.53206851645187,0.07093483604366212
29055,3,USC00237506,SALEM,41.824262129457686,0.06661937130572262
29055,4,USC00236826,POTOSI 4 SW,42.18816806517633,0.06547503972899987
29055,5,USW00013997,VICHY ROLLA NATL AP,43.533047215096296,0.06149204973848628
29057,1,USC00235027,LOCKWOOD,9.526029835137837,0.808464982143582
29057,2,USC00238082,STOCKTON DAM,30.27786501051899,0.08002664157696611
29057,3,USC00234705,LAMAR 7N,42.12255025825915,0.04134812057837564
29057,4,USC00230789,BOLIVAR 1 NE,45.7104684900384,0.03511185250556617
29057,5,USW00013995,SPRINGFIELD,45.75182538484336,0.03504840319551016
29059,1,USC00231087,BUFFALO 2N,6.694329857688217,0.8642451743047301
29059,2,USC00234825,LEBANON 2W,29.912470671497925,0.043285915544216014
29059,3,USC00230789,BOLIVAR 1 NE,32.35573754551049,0.0369954719037239
29059,4,USC00236777,POMME DE TERRE DAM,34.98587692861917,0.031642125682544715
29059,5,USC00235307,MARSHFIELD 4 WSW,40.31360240950755,0.023831312564785302
29061,1,USC00233102,GALLATIN 1W,6.064461787818048,0.86496256941093
29061,2,USC00233568,HAMILTON 2W,25.114382685763722,0.050435557607888044
29061,3,USC00230608,BETHANY,33.06862523163632,0.029090391186727654
29061,4,USC00238444,TRENTON,33.5313469381246,0.028293054983773696
29061,5,USC00230143,AMITY 4 NE,34.18687554772404,0.027218426810680582
29063,1,USC00230143,AMITY 4 NE,4.0422826436503385,0.9590813864583547
29063,2,USC00233568,HAMILTON 2W,36.032555106309154,0.012070317589123847
29063,3,USC00233102,GALLATIN 1W,37.32439906964352,0.011249239619376262
29063,4,USC00230051,ALBANY,39.89449945124634,0.009846520180796339
29063,5,USC00231822,CONCEPTION,44.96064242040913,0.00775253615234881
29065,1,USC00237506,SALEM,5.332914301141956,0.936537844003445
29065,2,USC00234919,LICKING 4N,35.10369651808773,0.021614681380447188
29065,3,USC00237309,ROUND SPRING 2SW,38.57065275332536,0.017903608113680622
29065,4,USC00237263,ROLLA MISSOURI S&T,46.68676819682694,0.012219879324688716
29065,5,USC00234019,HOUSTON,47.66390309664616,0.011723987177738624
29069,1,USC00231364,CARUTHERSVILLE,36.3108083916834,0.31134506636178066
29069,2,USC00035563,PARAGOULD 1S,40.84288735706925,0.24608262480594964
29069,3,USC00235207,MALDEN MUNI AP,50.09093150220581,0.16360463667164518
29069,4,USC00033821,KEISER,53.25735590744521,0.1447286868493526
29069,5,USC00031632,CORNING,55.29903866855239,0.1342389853112719
29071,1,USC00237300,ROSEBUD,26.67935882277518,0.4349372686348404
29071,2,USW00003966,ST LOUIS SPIRIT OF ST LOUIS AP,45.33058092682994,0.15065891295643838
29071,3,USC00238805,WELDON SPRING NWS,46.48485642038208,0.14326971971557312
29071,4,USC00238725,WARRENTON 1 N,47.240516516980406,0.13872288881309938
29071,5,USC00232043,CUBA,48.35332266395868,0.13241120988004876
29073,1,USC00237300,ROSEBUD,11.413352366981066,0.6145092512744792
29073,2,USC00233043,FREEDOM,17.262288495793584,0.26863224131036467
29073,3,USW00013997,VICHY ROLLA NATL AP,41.16957679518751,0.047228273677089413
29073,4,USC00232043,CUBA,43.49639319543668,0.04231052212756589
29073,5,USC00238725,WARRENTON 1 N,54.13016899733906,0.027319711610500903
29075,1,USC00230051,ALBANY,7.645851492528815,0.8049982341606438
29075,2,USC00231822,CONCEPTION,23.855348274272146,0.08269421361587524
29075,3,USC00230608,BETHANY,32.47807897640236,0.04461346729555748
29075,4,USC00230143,AMITY 4 NE,35.42907654582862,0.03749099607589957
29075,5,USC00235340,MARYVILLE 2E,39.47277345373958,0.03020308885202401
29077,1,USW00013995,SPRINGFIELD,5.886336386149801,0.9051225454806237
29077,2,USC00230657,BILLINGS 1SW,30.815912069668308,0.033025354223113076
29077,3,USC00235307,MARSHFIELD 4 WSW,32.47304801491689,0.029740716528040233
29077,4,USC00230789,BOLIVAR 1 NE,40.081795334190865,0.019521051387591953
29077,5,USC00231087,BUFFALO 2N,49.90914968174776,0.012590332380630955
29079,1,USC00238444,TRENTON,4.987745990749714,0.8922358021554202
29079,2,USC00237963,SPICKARD 7 W,19.70314165680452,0.05717647049400566
29079,3,USC00236866,PRINCETON,31.848488866868355,0.021883190468425004
29079,4,USC00231580,CHILLICOTHE 2S,37.61561025941431,0.01568744001783098
29079,5,USC00233102,GALLATIN 1W,41.29401230543836,0.01301709686431822
29081,1,USC00230608,BETHANY,10.314787395168555,0.6791229932259275
29081,2,USC00237963,SPICKARD 7 W,25.8994346259662,0.10771803665264633
29081,3,USC00230051,ALBANY,30.7924792822902,0.07620433555005532
29081,4,USC00134585,LAMONI,31.268897576242374,0.07389990100605111
29081,5,USW00014993,LAMONI,33.851323313879114,0.0630547335653198
29083,1,USC00231711,CLINTON,2.101314931402769,0.9865670513386486
29083,2,USC00230204,APPLETON CITY,29.824175385932136,0.004897472554674806
29083,3,USC00238466,TRUMAN DAM & RSVR,35.94490405061959,0.00337158600759935
29083,4,USC00236402,OSCEOLA,38.29768948485925,0.0029700499475817403
29083,5,USC00238712,WARRENSBURG 4NW,44.56069540695576,0.00219384015149548
29085,1,USC00236777,POMME DE TERRE DAM,3.590844104825064,0.9617379542719467
29085,2,USC00231087,BUFFALO 2N,35.52271728312809,0.009827374316662278
29085,3,USC00236402,OSCEOLA,35.63855144344149,0.009763595310349694
29085,4,USC00230789,BOLIVAR 1 NE,36.14272098087131,0.009493102432743563
29085,5,USC00238466,TRUMAN DAM & RSVR,36.75797049819371,0.009177973668297503
29087,1,USW00094957,FALLS CITY BRENNER FLD,31.54071800511379,0.2733153979461313
29087,2,USC00148250,TROY 3N,31.801068960452277,0.2688585260714916
29087,3,USC00143634,HIAWATHA 1 S,39.33681172825306,0.1757150402163101
29087,4,USC00235340,MARYVILLE 2E,42.90729275158235,0.14768793688835422
29087,5,USW00013993,ST JOSEPH ROSECRANS MEM AP,44.97453417125736,0.13442309887771284
29089,1,USC00236012,NEW FRANKLIN 1W,14.950573898087713,0.643087606746159
29089,2,USC00237514,SALISBURY,32.80299307429527,0.13358537796194797
29089,3,USC00235671,MOBERLY,36.73680638644156,0.10650820592188559
29089,4,USW00013991,MARSHALL,45.425709607787304,0.06965983277407409
29089,5,USW00003945,COLUMBIA RGNL AP,55.20911025270632,0.047158976595933336
29091,1,USC00238880,W PLAINS,5.4406365476015655,0.948758079038847
29091,2,USC00034572,MAMMOTH SPRING,44.222565085892576,0.014360417180923768
29091,3,USC00230127,ALTON,44.26098393313214,0.014335498113131735
29091,4,USC00238184,SUMMERSVILLE 3 SE,46.782049946835,0.012832061125281027
29091,5,USC00235834,MTN GROVE 2 N,53.7687138524704,0.009713944541816273
29095,1,USC00234154,INDEPENDENCE,7.5666630044023755,0.5996997143026953
29095,2,USC00234850,LEES SUMMIT REED WR,12.064467430177965,0.23589911731783927
29095,3,USC00236745,PLEASANT HILL WFO,22.705022020551127,0.06660376374282286
29095,4,USW00013988,KANSAS CITY DWTN AP,25.226165360698776,0.05395605018881302
29095,5,USC00235916,NAPOLEON,27.985259076704036,0.04384135444782963
29097,1,USW00013987,JOPLIN RGNL AP,15.191236069117036,0.5411209254911624
29097,2,USC00232240,DIAMOND 2W,24.44825152477077,0.20892237013461884
29097,3,USC00235976,NEOSHO,37.8834266956828,0.0870125793277621
29097,4,USC00146414,PITTSBURG,38.30678723554326,0.08509990885689217
29097,5,USC00235027,LOCKWOOD,40.05226693646401,0.07784421618956452
29099,1,USC00232850,FESTUS,13.016933661712859,0.7712453062382311
29099,2,USW00003966,ST LOUIS SPIRIT OF ST LOUIS AP,45.52264119592293,0.06306015208613232
29099,3,USC00237398,ST CHARLES 7 SSW,47.58782246146143,0.05770563862845522
29099,4,USC00236826,POTOSI 4 SW,47.95454223308346,0.05682643582563698
29099,5,USC00238805,WELDON SPRING NWS,50.539299586216664,0.05116246722154454
29101,1,USC00238712,WARRENSBURG 4NW,5.192179350090601,0.908580689060891
29101,2,USC00232568,ELM,23.936268046339176,0.04275136582148559
29101,3,USC00233838,HIGGINSVILLE,37.98049569786385,0.016980153664786734
29101,4,USC00231711,CLINTON,38.69478308774599,0.01635904851514749
29101,5,USC00236745,PLEASANT HILL WFO,39.974051354157126,0.01532874293768916
29103,1,USC00238051,STEFFENVILLE,28.81332525380071,0.3055304196023358
29103,2,USW00014938,KIRKSVILLE RGNL AP,34.31103847001611,0.21546339289976318
29103,3,USC00235492,MEMPHIS,35.74454642612722,0.19852794120870582
29103,4,USC00234544,KIRKSVILLE,37.15352249043546,0.18375587355586515
29103,5,USC00237720,SHELBINA,51.21027866013084,0.09672237273333005
29105,1,USC00234825,LEBANON 2W,9.161008235100521,0.8614550139236804
29105,2,USC00238777,WAYNESVILLE 2 W,36.20378023659525,0.05515835557710032
29105,3,USC00231087,BUFFALO 2N,45.08014865333024,0.035575291816504914
29105,4,USC00235307,MARSHFIELD 4 WSW,50.702584974008694,0.028122825170449638
29105,5,USC00234694,LAKESIDE,60.59727726736828,0.019688513512264513
29107,1,USC00233838,HIGGINSVILLE,8.229027572886968,0.7573210743514939
29107,2,USC00235916,NAPOLEON,23.654339861037073,0.09165484189367454
29107,3,USC00232568,ELM,30.03586043740747,0.05684560879176519
29107,4,USC00238712,WARRENSBURG 4NW,31.303181739776576,0.052335950020435444
29107,5,USC00238223,SWEET SPRINGS,35.008991222216395,0.04184252494263102
29109,1,USC00230657,BILLINGS 1SW,23.363343241672094,0.3703527275554727
29109,2,USC00235704,MONETT 4SW,29.645589747439864,0.2300198615788041
29109,3,USC00235027,LOCKWOOD,33.30198204734908,0.18228266174709784
29109,4,USW00013995,SPRINGFIELD,40.69508086898406,0.12206796224034734
29109,5,USC00231383,CASSVILLE 1 NE,46.06268101868422,0.09527678687827791
29111,1,USC00238051,STEFFENVILLE,18.54731246239312,0.39040273309944423
29111,2,USC00231275,CANTON L&D 20,19.27768439362827,0.36138081629919877
29111,3,USC00117077,QUINCY DAM 21,32.56067356210514,0.12667416953819893
29111,4,USC00134381,KEOKUK L&D 19,45.91347958807889,0.06370806458385385
29111,5,USW00093989,QUINCY RGNL AP,48.188674997701185,0.057834216479304305
29113,1,USC00232591,ELSBERRY 1 S,18.678968567154474,0.47396157630706814
29113,2,USC00238725,WARRENTON 1 N,29.52705226986021,0.1896744057206717
29113,3,USC00231640,CLARKSVILLE L&D 24,34.96426819185534,0.1352695459033421
29113,4,USC00230856,BOWLING GREEN 1 E,36.139355653073586,0.12661585956711238
29113,5,USC00238805,WELDON SPRING NWS,47.120367636205124,0.07447861250180558
29115,1,USC00231580,CHILLICOTHE 2S,37.86391724677051,0.3263108656549434
29115,2,USC00238444,TRENTON,49.06590592505391,0.1943224495239462
29115,3,USC00235050,LONG BRANCH RSVR,52.92616266107811,0.16700974216306444
29115,4,USW00014938,KIRKSVILLE RGNL AP,54.339252842975625,0.15843651998829228
29115,5,USC00237514,SALISBURY,55.13065932028854,0.15392042266975375
29117,1,USC00231580,CHILLICOTHE 2S,1.1323377409056234,0.9967435724271545
29117,2,USC00238444,TRENTON,34.18375250203678,0.0010936942734049568
29117,3,USC00233102,GALLATIN 1W,38.79222753964916,0.0008492703692987072
29117,4,USC00233568,HAMILTON 2W,41.77816911403001,0.0007322115950261571
29117,5,USC00231340,CARROLLTON,46.890592753377,0.0005812513351156586
29119,1,USC00032930,GRAVETTE,24.306040673658238,0.3513541477395184
29119,2,USC00235976,NEOSHO,26.39958614101793,0.2978374385104377
29119,3,USC00232240,DIAMOND 2W,39.80391128301492,0.13101530318755358
29119,4,USC00235704,MONETT 4SW,42.77017274569079,0.11347273344104188
29119,5,USC00231383,CASSVILLE 1 NE,44.185371266748135,0.10632037712144836
29121,1,USC00235050,LONG BRANCH RSVR,10.10219157236596,0.7919615532500771
29121,2,USW00014938,KIRKSVILLE RGNL AP,29.71567752143331,0.09153011864872894
29121,3,USC00234544,KIRKSVILLE,41.81915538080339,0.04621519442084751
29121,4,USC00237720,SHELBINA,47.19594878299387,0.036284893804679384
29121,5,USC00235671,MOBERLY,48.750106827875335,0.034008239875667236
29123,1,USC00233038,FREDERICKTOWN,9.969127635811084,0.778413210111267
29123,2,USW00093996,FARMINGTON FAA AP,32.873260734321356,0.07158778770806376
29123,3,USC00232809,FARMINGTON,35.77480265348324,0.06044634099810872
29123,4,USC00235253,MARBLE HILL,37.57674125384869,0.054788105276745866
29123,5,USC00236641,PERRYVILLE WTP,47.17304516123864,0.034764555905814724
29125,1,USW00013997,VICHY ROLLA NATL AP,14.314263704565379,0.6174467829789795
29125,2,USC00237263,ROLLA MISSOURI S&T,26.28741240470503,0.18308041265006725
29125,3,USC00233043,FREEDOM,38.10702377804987,0.08712193201084804
29125,4,USC00238777,WAYNESVILLE 2 W,47.32312858251306,0.05649248286315583
29125,5,USC00232043,CUBA,47.5909719892544,0.05585838949694942
29127,1,USC00235708,MONROE CITY,20.60636173879923,0.26919244286177396
29127,2,USC00117077,QUINCY DAM 21,20.65303390413282,0.26797716395472726
29127,3,USC00233601,HANNIBAL WTR WKS,24.178289158551735,0.19553043577436444
29127,4,USC00238051,STEFFENVILLE,28.11146727374988,0.14464335086747848
29127,5,USC00231600,CLARENCE CANNON DAM,30.527221558137175,0.1226566065416559
29129,1,USC00236866,PRINCETON,2.886544513698626,0.9673697682704623
29129,2,USC00237963,SPICKARD 7 W,23.08654789077934,0.015122759063743363
29129,3,USC00130149,ALLERTON,35.560163263365716,0.006374139102615464
29129,4,USC00238444,TRENTON,37.84545070185333,0.0056275798514279305
29129,5,USC00134585,LAMONI,38.261864073094316,0.005505753711750995
29131,1,USC00234694,LAKESIDE,16.95648073461611,0.46339465372270194
29131,2,USC00232503,ELDON,19.73321221207089,0.34215814902069996
29131,3,USC00238603,VERSAILLES,43.05802562006818,0.07186447162962527
29131,4,USC00234271,JEFFERSON CITY WTP,46.22820063822992,0.062345983673714016
29131,5,USC00231189,CALIFORNIA,47.03059717463335,0.06023674195325871
29133,1,USW00093809,CAIRO 3N,25.936224978517146,0.36408539556029246
29133,2,USC00237772,SIKESTON PWR STN,29.662902841782525,0.27834888724477996
29133,3,USC00408065,SAMBURG WR,41.65188398495117,0.14117164907635474
29133,4,USC00113580,OLMSTED L&D,44.75990278456559,0.12224708688818603
29133,5,USW00003935,CAPE GIRARDEAU MUNI AP,51.00411243177941,0.09414698123038677
29135,1,USC00231189,CALIFORNIA,2.4116584309591667,0.9800160087159436
29135,2,USC00238603,VERSAILLES,31.516610273501147,0.00573833320432992
29135,3,USC00232503,ELDON,31.628725119346708,0.005697723784282722
29135,4,USC00234271,JEFFERSON CITY WTP,35.21579803182726,0.004596102402845896
29135,5,USW00003945,COLUMBIA RGNL AP,37.97809283347435,0.003951831892597722
29137,1,USC00237720,SHELBINA,20.80228838448832,0.408236384707908
29137,2,USC00235708,MONROE CITY,28.640420334171754,0.21536501704760144
29137,3,USC00231600,CLARENCE CANNON DAM,31.247283257964337,0.18092950963511076
29137,4,USC00235671,MOBERLY,38.07431521041551,0.12186240160403404
29137,5,USC00238577,VANDALIA,48.99010068037433,0.07360668700534569
29139,1,USC00238725,WARRENTON 1 N,30.391010919698537,0.40410810297395766
29139,2,USC00238577,VANDALIA,41.46547346687493,0.2170773916876526
29139,3,USC00230856,BOWLING GREEN 1 E,52.1040370506178,0.1374817665809733
29139,4,USC00237300,ROSEBUD,54.42604402818064,0.12600109364876771
29139,5,USC00233043,FREEDOM,56.88787122386722,0.11533164510864868
29141,1,USC00238603,VERSAILLES,3.3253986379921785,0.9608434077473587
29141,2,USC00232503,ELDON,26.831701453987513,0.014758547515751492
29141,3,USC00234694,LAKESIDE,32.58425493480672,0.010007473622525428
29141,4,USC00231189,CALIFORNIA,35.995740023528946,0.008200452757249125
29141,5,USC00237632,SEDALIA WTP,41.43053538686287,0.00619011835711541
29143,1,USC00235207,MALDEN MUNI AP,29.801072674561627,0.2621180051600609
29143,2,USC00237772,SIKESTON PWR STN,31.63047194052919,0.2326747755236097
29143,3,USC00232235,DEXTER,33.58034730158721,0.20643830297626603
29143,4,USC00408065,SAMBURG WR,35.47423814534592,0.1849841391445404
29143,5,USC00231364,CARUTHERSVILLE,45.23121374915338,0.11378477719552302
29145,1,USC00235976,NEOSHO,5.320443448585456,0.6978291229362298
29145,2,USC00232240,DIAMOND 2W,8.7960552831786,0.25531060368017666
29145,3,USW00013987,JOPLIN RGNL AP,30.618397260868676,0.02107074279870936
29145,4,USC00235704,MONETT 4SW,33.53648304521939,0.01756344561068487
29145,5,USC00231383,CASSVILLE 1 NE,49.003351152774414,0.008226084974199268
29147,1,USC00235340,MARYVILLE 2E,4.484455973853705,0.9362723024462513
29147,2,USC00231822,CONCEPTION,21.6901757525583,0.04002170285542416
29147,3,USC00131533,CLARINDA,41.97589119963955,0.010686164474487805
29147,4,USC00230051,ALBANY,48.308342093716746,0.008068214562760108
29147,5,USC00137613,SHENANDOAH,61.66480872457627,0.004951615661076698
29149,1,USC00230127,ALTON,0.8908091746931709,0.997584914777258
29149,2,USC00034572,MAMMOTH SPRING,24.30203833472738,0.001340398189780516
29149,3,USC00238880,W PLAINS,42.3079014405738,0.0004422585807771808
29149,4,USC00033132,HARDY,46.59090719136298,0.00036468416160020207
29149,5,USC00238184,SUMMERSVILLE 3 SE,54.37502987773646,0.0002677442905842727
29151,1,USC00233043,FREEDOM,13.66007836873459,0.6658817992587934
29151,2,USC00234271,JEFFERSON CITY WTP,31.17401749459524,0.1278550765626593
29151,3,USW00013997,VICHY ROLLA NATL AP,37.89237147538562,0.08653662507980361
29151,4,USC00237300,ROSEBUD,42.18774307320365,0.0698121384497851
29151,5,USW00003945,COLUMBIA RGNL AP,49.89292975122549,0.04991436064895868
29155,1,USC00231364,CARUTHERSVILLE,11.572562429642508,0.7873938036371975
29155,2,USW00003809,DYERSBURG MUNI AP,41.08042653954696,0.0624857761916779
29155,3,USC00402680,DYERSBURG,41.22517417968674,0.06204775305431934
29155,4,USC00235207,MALDEN MUNI AP,47.02179841592459,0.047692774367866925
29155,5,USC00408065,SAMBURG WR,51.1025942838975,0.04037989274893864
29157,1,USC00236641,PERRYVILLE WTP,10.680128058933708,0.7797465309096603
29157,2,USC00114629,KASKASKIA RVR NAVIGATION LOCK,32.856019556674134,0.08239037408531813
29157,3,USC00234226,JACKSON,38.87879081903779,0.05884111215774902
29157,4,USC00233038,FREDERICKTOWN,47.29097812822018,0.03976946768840444
29157,5,USC00235253,MARBLE HILL,47.60136874253202,0.039252515158868136
29159,1,USC00237632,SEDALIA WTP,7.927655756661398,0.8618491461628096
29159,2,USC00238223,SWEET SPRINGS,29.008807348317454,0.0643666749567808
29159,3,USC00238712,WARRENSBURG 4NW,45.07944959827944,0.02665407484950465
29159,4,USW00013991,MARSHALL,45.56178180734932,0.02609272414212913
29159,5,USC00238603,VERSAILLES,50.741650147307226,0.021037379888775798
29161,1,USC00237263,ROLLA MISSOURI S&T,10.126580099948729,0.7394340030822172
29161,2,USW00013997,VICHY ROLLA NATL AP,29.593706380887014,0.08658173837592113
29161,3,USC00237506,SALEM,34.17058642177564,0.06494117740993635
29161,4,USC00234919,LICKING 4N,35.63535434088106,0.059712170699671954
29161,5,USC00238777,WAYNESVILLE 2 W,39.20603703671624,0.0493309104322533
29163,1,USC00230856,BOWLING GREEN 1 E,0.4957376589669768,0.9988476238151512
29163,2,USC00231640,CLARKSVILLE L&D 24,23.132018593829866,0.00045874991677654785
29163,3,USC00238577,VANDALIA,27.83750809697549,0.0003167687648496534
29163,4,USC00237578,SAVERTON L&D 22,33.609531235857325,0.00021730922022562962
29163,5,USC00232591,ELSBERRY 1 S,39.224323723798335,0.0001595482829970065
29165,1,USW00003947,KANSAS CITY INTL AP,9.405504917055879,0.6840950304569695
29165,2,USC00237862,SMITHVILLE LAKE,18.246504726835894,0.18176961913743792
29165,3,USW00013988,KANSAS CITY DWTN AP,31.596247925762846,0.06061912164667983
29165,4,USC00234382,KEARNEY 3E,37.16422196990503,0.043815782744639174
29165,5,USW00013993,ST JOSEPH ROSECRANS MEM AP,45.13971855908192,0.029700446014273563
29167,1,USC00230789,BOLIVAR 1 NE,0.8304102569538367,0.9974022973453274
29167,2,USC00231087,BUFFALO 2N,26.47282431120708,0.0009814207115697484
29167,3,USC00236777,POMME DE TERRE DAM,32.89266064288691,0.000635708129124209
29167,4,USC00238082,STOCKTON DAM,33.905633960565396,0.0005982904016532276
29167,5,USW00013995,SPRINGFIELD,42.416532241010884,0.0003822834123253763
29169,1,USC00238777,WAYNESVILLE 2 W,2.5301263878776767,0.9870600919462417
29169,2,USC00237263,ROLLA MISSOURI S&T,40.5579508640691,0.003841280450054565
29169,3,USC00234919,LICKING 4N,41.420512909609585,0.0036829606651735494
29169,4,USC00234825,LEBANON 2W,45.5403972187003,0.003046733001062283
29169,5,USW00013997,VICHY ROLLA NATL AP,51.64610071922845,0.002368933937467886
29171,1,USC00238523,UNIONVILLE,1.0467089471980997,0.9968927702762601
29171,2,USC00131354,CENTERVILLE,30.125589907220856,0.0012034531824132132
29171,3,USC00136910,RATHBUN DAM,39.027756758832076,0.0007170561091520113
29171,4,USC00130149,ALLERTON,39.11528722918573,0.0007138505065656191
29171,5,USC00234544,KIRKSVILLE,48.059507144793976,0.0004728699256089545
29173,1,USC00231600,CLARENCE CANNON DAM,10.553503891380753,0.5448749919855854
29173,2,USC00235708,MONROE CITY,19.275337339333525,0.1633376301036937
29173,3,USC00233601,HANNIBAL WTR WKS,22.825625980951887,0.11647824851500507
29173,4,USC00237578,SAVERTON L&D 22,25.274592131902004,0.09499962983327333
29173,5,USC00238577,VANDALIA,27.489171615247745,0.08030949956244246
29175,1,USC00235671,MOBERLY,6.553557355183124,0.8860119827437972
29175,2,USC00237514,SALISBURY,27.32839876398477,0.05095249236164505
29175,3,USC00235050,LONG BRANCH RSVR,34.63980158803821,0.031713415178502374
29175,4,USC00237720,SHELBINA,46.89214401129096,0.017305877473347296
29175,5,USC00236012,NEW FRANKLIN 1W,52.105223115128155,0.01401623224270808
29177,1,USC00235916,NAPOLEON,20.357562197991264,0.44765722568798594
29177,2,USC00234382,KEARNEY 3E,29.417677977919734,0.21437807177464271
29177,3,USC00233838,HIGGINSVILLE,36.062395135670386,0.14265533051947096
29177,4,USC00234154,INDEPENDENCE,43.19926923141073,0.09941326537895655
29177,5,USC00231340,CARROLLTON,43.984340257862755,0.09589610663894396
29181,1,USC00031632,CORNING,36.923268390205514,0.28503728540505563
29181,2,USC00236791,POPLAR BLUFF,43.509898648096126,0.20527015216305275
29181,3,USC00035820,POCAHONTAS 1,43.72436139152836,0.203261439614459
29181,4,USC00230127,ALTON,47.179960534494896,0.17457690950655008
29181,5,USC00231674,CLEARWATER DAM,54.28801568861454,0.1318542133108826
29183,1,USC00238805,WELDON SPRING NWS,9.165993039486223,0.4432201869539663
29183,2,USW00003966,ST LOUIS SPIRIT OF ST LOUIS AP,13.843602499909505,0.19430337200663986
29183,3,USC00237397,ST CHARLES ELM PT,14.430951639258122,0.1788086960935694
29183,4,USC00237398,ST CHARLES 7 SSW,16.924220181611673,0.1300053561020813
29183,5,USW00013994,ST LOUIS LAMBERT INTL AP,26.34233621398968,0.053662388843743046
29185,1,USC00236402,OSCEOLA,6.409730091866434,0.8623408551824561
29185,2,USC00230204,APPLETON CITY,27.164515978165305,0.0480125203510507
29185,3,USC00232511,ELDORADO SPRINGS,28.82965756784585,0.0426264807345944
29185,4,USC00238082,STOCKTON DAM,38.422835783190166,0.023998252426803406
29185,5,USC00231711,CLINTON,39.22913424190693,0.023021891305095406
29186,1,USC00114629,KASKASKIA RVR NAVIGATION LOCK,21.736374074019487,0.2824690016437807
29186,2,USC00232809,FARMINGTON,24.16723996420842,0.228502462813485
29186,3,USW00093996,FARMINGTON FAA AP,24.78303424924933,0.21728814875970454
29186,4,USC00236641,PERRYVILLE WTP,27.102561272217073,0.18168719670042627
29186,5,USC00233038,FREDERICKTOWN,38.49665065197669,0.09005319008260355
29187,1,USC00232809,FARMINGTON,6.01314032302303,0.6131275402219086
29187,2,USW00093996,FARMINGTON FAA AP,8.128937752614128,0.33549488674463124
29187,3,USC00233038,FREDERICKTOWN,31.82785056158209,0.021884613490096683
29187,4,USC00236826,POTOSI 4 SW,33.62091014655802,0.01961257283548757
29187,5,USC00232850,FESTUS,47.368516035592904,0.009880386707875707
29189,1,USC00237398,ST CHARLES 7 SSW,8.34072947855813,0.5301933626456756
29189,2,USW00013994,ST LOUIS LAMBERT INTL AP,13.945021147083796,0.18967234056270035
29189,3,USW00003966,ST LOUIS SPIRIT OF ST LOUIS AP,18.30871996637897,0.1100338714518852
29189,4,USC00237397,ST CHARLES ELM PT,20.170861499382692,0.09065535503888403
29189,5,USC00238805,WELDON SPRING NWS,21.547044176824436,0.07944507030085485
29195,1,USW00013991,MARSHALL,1.5919508745975304,0.9915471341729672
29195,2,USC00238223,SWEET SPRINGS,26.46546347212477,0.003587679834952576
29195,3,USC00231340,CARROLLTON,34.898005875839104,0.0020633431690942963
29195,4,USC00236012,NEW FRANKLIN 1W,40.88977754793265,0.0015029453589143552
29195,5,USC00233838,HIGGINSVILLE,43.9844240238967,0.0012988974640714365
29197,1,USC00235492,MEMPHIS,28.551883790123345,0.2689975139962592
29197,2,USC00234544,KIRKSVILLE,29.684245510344915,0.24886611679333173
29197,3,USC00130753,BLOOMFIELD,31.282319682411007,0.22408867115521922
29197,4,USC00238523,UNIONVILLE,40.95261072808526,0.1307538888865689
29197,5,USW00014938,KIRKSVILLE RGNL AP,41.50546265201971,0.1272938091686208
29199,1,USC00235492,MEMPHIS,3.471467897968036,0.9738256301554346
29199,2,USC00134389,KEOSAUQUA,36.74660480705397,0.008691066443141845
29199,3,USC00130753,BLOOMFIELD,39.695840714927435,0.007447619820899123
29199,4,USC00234544,KIRKSVILLE,45.42856202220759,0.005686558712726647
29199,5,USW00014938,KIRKSVILLE RGNL AP,51.94608422721487,0.004349124867797752
29201,1,USC00237772,SIKESTON PWR STN,19.55613069557016,0.3599186534810164
29201,2,USW00003935,CAPE GIRARDEAU MUNI AP,19.79314118093319,0.3513506591446388
29201,3,USW00093809,CAIRO 3N,33.95299650162794,0.1194026594814938
29201,4,USC00234226,JACKSON,37.774758452969685,0.09646434628142955
29201,5,USC00232235,DEXTER,43.463986098011986,0.0728636816114213
29205,1,USC00237720,SHELBINA,13.260728109638436,0.6206795565535798
29205,2,USC00238051,STEFFENVILLE,25.7650402991476,0.16441465680357917
29205,3,USC00235050,LONG BRANCH RSVR,36.07502372996075,0.0838665796678938
29205,4,USC00235708,MONROE CITY,36.10427900916075,0.08373072063844679
29205,5,USC00231600,CLARENCE CANNON DAM,48.032098904381286,0.047308486336500616
29207,1,USC00232235,DEXTER,6.519684408701041,0.8531116430594765
29207,2,USC00235207,MALDEN MUNI AP,28.25686322102149,0.04541623390921606
29207,3,USC00237772,SIKESTON PWR STN,29.00145701726216,0.043114105732980364
29207,4,USC00238700,WAPPAPELLO DAM,30.93336762080748,0.0378969807391929
29207,5,USC00236791,POPLAR BLUFF,42.09840993028512,0.020461036559134203
29209,1,USC00233094,GALENA,6.761032660217941,0.8784999616615835
29209,2,USC00236460,OZARK BEACH 2 NNE,31.433648735034904,0.04064229494253767
29209,3,USC00230657,BILLINGS 1SW,35.82131720432401,0.03129570300315928
29209,4,USC00231383,CASSVILLE 1 NE,35.8866715091688,0.03118181968985951
29209,5,USC00235704,MONETT 4SW,46.74213510129957,0.018380220702860182
29211,1,USC00238523,UNIONVILLE,30.866516353040208,0.3583191251677136
29211,2,USC00238444,TRENTON,44.691273370290894,0.1709227081031697
29211,3,USC00236866,PRINCETON,45.36693304538446,0.16586944143102353
29211,4,USC00234544,KIRKSVILLE,45.44145455999311,0.16532585379423068
29211,5,USW00014938,KIRKSVILLE RGNL AP,49.45812676548396,0.13956287150386248
29213,1,USC00236460,OZARK BEACH 2 NNE,7.708383996217621,0.856044218296085
29213,2,USC00034106,LEAD HILL,28.02303898878689,0.06477276231412751
29213,3,USC00233094,GALENA,41.67062056743779,0.029292938805414493
29213,4,USW00013971,HARRISON BOONE CO AP,43.74819146781036,0.026576799021194003
29213,5,USC00238754,WASOLA 5N,46.709985863437105,0.023313281563178762
29215,1,USC00234019,HOUSTON,5.132837384258834,0.9150686073475837
29215,2,USC00234919,LICKING 4N,27.647911927749483,0.03153871485405642
29215,3,USC00235834,MTN GROVE 2 N,31.781411697024147,0.023868344576994594
29215,4,USC00238184,SUMMERSVILLE 3 SE,35.61982500776686,0.01900137829227087
29215,5,USC00237309,ROUND SPRING 2SW,47.864715131521734,0.010522954929094292
29217,1,USC00235987,NEVADA WTP,3.080033325118747,0.9640807311655856
29217,2,USC00234705,LAMAR 7N,28.46083065895991,0.011290913784657424
29217,3,USC00232511,ELDORADO SPRINGS,28.662618542609255,0.011132494928994896
29217,4,USC00142835,FT SCOTT,31.56633687324853,0.00917858765677232
29217,5,USC00231145,BUTLER 4W,46.026440320843726,0.0043172724639898245
29219,1,USC00238725,WARRENTON 1 N,8.285679789148956,0.8771575162692451
29219,2,USC00237300,ROSEBUD,39.356390627975976,0.03887794983437608
29219,3,USC00238805,WELDON SPRING NWS,41.92297591066894,0.03426333818842276
29219,4,USW00003966,ST LOUIS SPIRIT OF ST LOUIS AP,45.20428250524572,0.02946963244304177
29219,5,USC00232591,ELSBERRY 1 S,54.557218347330796,0.020231563264914317
29221,1,USC00236826,POTOSI 4 SW,7.150384482968292,0.9186590574501718
29221,2,USC00232043,CUBA,45.585229310402724,0.022602936419659762
29221,3,USC00232809,FARMINGTON,45.9427315821973,0.022252536635430097
29221,4,USW00093996,FARMINGTON FAA AP,47.819723205206,0.02053993358903594
29221,5,USC00232850,FESTUS,54.273398305363145,0.01594553590570246
29223,1,USC00238700,WAPPAPELLO DAM,25.7988205969906,0.359208117065912
29223,2,USC00231674,CLEARWATER DAM,28.613705589832048,0.29200994211815967
29223,3,USC00236791,POPLAR BLUFF,39.516453325162125,0.15310519571960607
29223,4,USC00235253,MARBLE HILL,47.61126106332573,0.10546940053614624
29223,5,USC00233038,FREDERICKTOWN,51.481592673797515,0.09020734456017593
29225,1,USC00235307,MARSHFIELD 4 WSW,10.556097340001793,0.7971134480358834
29225,2,USC00235227,MANSFIELD,32.550850633832596,0.08383053238256227
29225,3,USW00013995,SPRINGFIELD,46.6959085405934,0.0407351433853638
29225,4,USC00231087,BUFFALO 2N,47.51899764014055,0.0393361966558347
29225,5,USC00234825,LEBANON 2W,47.73275156097743,0.03898467954035577
29227,1,USC00230051,ALBANY,26.77273897235209,0.2966336622572087
29227,2,USC00135769,MT AYR,29.097721787689515,0.25112391123438227
29227,3,USC00231822,CONCEPTION,34.92076819019549,0.17435662889643327
29227,4,USC00235340,MARYVILLE 2E,38.19439765911769,0.14574937808091035
29227,5,USW00014993,LAMONI,40.11361050090873,0.13213641953106536
29229,1,USC00235227,MANSFIELD,19.735330956849445,0.4424372780278656
29229,2,USC00235834,MTN GROVE 2 N,23.067245871940397,0.3238538392162953
29229,3,USC00235307,MARSHFIELD 4 WSW,44.90622534905726,0.08545302409789303
29229,4,USC00238754,WASOLA 5N,46.52644716792059,0.07960507550528441
29229,5,USC00234825,LEBANON 2W,50.10113005921927,0.06865078315266164
30001,1,USC00242409,DILLON U OF MONTANA WESTERN,21.5866279208723,0.41204202425613484
30001,2,USW00024138,DILLON AP,29.906962109780565,0.21466761083222538
30001,3,USS0012D11S,Mule Creek,31.151159446563195,0.19786213561063784
30001,4,USS0013E23S,Lemhi Ridge,45.853351539498796,0.09132064158933961
30001,5,USS0013D10S,Bloody Dick,47.77910093368057,0.08410758771166237
30003,1,USC00249240,YELLOWTAIL DAM,34.485763882813806,0.33480780751268574
30003,2,USC00243915,HARDIN,36.69915458631991,0.2956399757445977
30003,3,USC00241297,BUSBY,45.94649711621597,0.18861249646530798
30003,4,USC00244364,HYSHAM 25 SSE,65.68371755061128,0.09229110117433312
30003,5,USS0007E39S,Tie Creek,67.01957220631874,0.08864861910307527
30005,1,USC00241722,CHINOOK,26.091924586010578,0.6092758860948642
30005,2,USW00094012,HAVRE AP ASOS,60.079036989229834,0.11491594525161214
30005,3,USC00243110,FT ASSINIBOINE,61.96604319181179,0.10802361041605983
30005,4,USC00249900,ZORTMAN,65.51519634221256,0.09663670764738629
30005,5,USC00248415,TURNER 11N,76.35407450542469,0.07114785059007747
30007,1,USC00248324,TOWNSEND 3SE,4.897608890116626,0.9137107560093675
30007,2,USS0011C04S,Tizer Basin,27.12427195983974,0.02978933155946909
30007,3,USS0011C01S,Boulder Mountain,30.14298939558789,0.024121499223500528
30007,4,USS0011C02S,Pickfoot Creek,32.83930600028862,0.02032305523506403
30007,5,USC00248363,TRIDENT,42.63815596260267,0.012055357972598798
30009,1,USC00241102,BRIDGER 2 N,14.660578092717909,0.41272880084604585
30009,2,USC00246918,RED LODGE,18.67911846291904,0.2542460498599163
30009,3,USS0009D16S,Cole Creek,25.472622228644763,0.13671609879549704
30009,4,USC00244506,JOLIET,27.70440586972842,0.11557643249789673
30009,5,USC00481775,CLARK 3NE,33.14812481586373,0.08073261800064416
30011,1,USC00247034,RIDGEWAY 1 S,5.507339822877368,0.9394371460997494
30011,2,USC00240088,ALBION 1 N,39.44300219232844,0.018315195164166603
30011,3,USC00242689,EKALAKA,41.17218028456366,0.016809072356562593
30011,4,USC00391294,CAMP CROOK,42.18401860417213,0.016012368587321378
30011,5,USC00246691,POWDERVILLE 8 NNE,54.98028720610542,0.009426217792200051
30013,1,USW00024143,GREAT FALLS AP,17.598290426790534,0.34624267153056165
30013,2,USC00243749,GREAT FALLS 16ST,19.829793449784475,0.2727000202562365
30013,3,USW00024112,MALMSTROM AFB,25.553969657074123,0.1642119664199742
30013,4,USC00241552,CASCADE 5 S,29.279491069857855,0.12508190992445534
30013,5,USC00248021,SUN RVR 4 S,34.184241813331475,0.09176343186877217
30015,1,USC00245153,LOMA,7.402308916317717,0.7742246838551524
30015,2,USC00243113,FT BENTON,17.91817528372069,0.13213378101038126
30015,3,USC00244133,HIGHWOOD 7 NE,32.31801100659728,0.040617405147735715
30015,4,USC00240770,BIG SANDY,39.13486490511787,0.027699615846750982
30015,5,USC00247540,SHONKIN 7 S,40.92890737274107,0.025324514139979548
30017,1,USC00245754,MIZPAH 4 NNW,20.048737604988943,0.5865817868458632
30017,2,USW00024037,MILES CITY AP,31.460133707838697,0.23822180437085042
30017,3,USC00246691,POWDERVILLE 8 NNE,60.404894864669565,0.06461872318042007
30017,4,USC00248165,TERRY,62.17865013260277,0.0609845830596262
30017,5,USC00245668,MILDRED 7 NNW,68.95101754830351,0.04959310254324018
30019,1,USC00247425,SCOBEY 4 NW,6.712160858824165,0.936235173725509
30019,2,USC00241088,BREDETTE,35.758379959734846,0.03298784882014994
30019,3,USC00246238,OPHEIM 12 SSE,57.77444199419181,0.012636830082474714
30019,4,USC00246236,OPHEIM 10 N,65.3597867993042,0.009873892880768877
30019,5,USC00246586,PLENTYWOOD,71.43325609362526,0.008266254491097455
30021,1,USC00243581,GLENDIVE,22.460053543442704,0.5914146624025827
30021,2,USC00247382,SAVAGE,47.082114831192335,0.13458657384106024
30021,3,USC00241758,CIRCLE,54.99799263153599,0.09863248722718586
30021,4,USC00245668,MILDRED 7 NNW,56.1540602540339,0.09461311354988997
30021,5,USC00248165,TERRY,60.78229023306177,0.08075316297928134
30023,1,USS0013C44S,Barker Lakes,1.0743934351440387,0.9878808302655013
30023,2,USC00240199,ANACONDA,13.6041174903302,0.006161557448382307
30023,3,USS0013C43S,Warm Springs,19.54684717264395,0.002984542826830206
30023,4,USC00246472,PHILIPSBURG RS,27.44319865278107,0.0015141252131923167
30023,5,USS0013D26S,Calvert Creek,27.957367626763148,0.0014589442460939252
30025,1,USC00246601,PLEVNA,13.95760393207239,0.801760000973989
30025,2,USC00241518,CARLYLE 13 NW,47.96472753870447,0.06789255661181312
30025,3,USC00242689,EKALAKA,49.24599634746395,0.06440569479351431
30025,4,USC00245754,MIZPAH 4 NNW,68.17115749122375,0.03360971197240914
30025,5,USC00245668,MILDRED 7 NNW,69.50507861456964,0.032332035648274596
30027,1,USW00024036,LEWISTOWN AP,25.158649751380715,0.39929904482459433
30027,2,USC00244978,LEWISTOWN 11 SSE,37.649146512002346,0.17830464565420015
30027,3,USC00249033,WINIFRED,39.09817759355183,0.16533313454018916
30027,4,USC00243727,GRASS RANGE,39.131569104577466,0.16505109280987695
30027,5,USS0009C01S,Crystal Lake,52.40998500460134,0.09201208217113935
30029,1,USC00244328,HUNGRY HORSE DAM,5.695853545522096,0.6503894317064496
30029,2,USC00242104,CRESTON,13.384481259494963,0.11778446558212434
30029,3,USC00244558,KALISPELL GLACIER AP,15.722500750609743,0.08535871242038184
30029,4,USS0013A25S,Noisy Basin,16.84945806986693,0.07432231511198334
30029,5,USS0013A24S,Emery Creek,17.101815101460133,0.07214507517906082
30031,1,USS0010D13S,Lick Creek,15.244065539448602,0.3050507276964442
30031,2,USC00241047,BOZEMAN 6 W EXP FARM,17.221920452591647,0.2390069457382237
30031,3,USC00241044,BOZEMAN MONTANA STATE UNIV,18.453469175445377,0.2081697556583273
30031,4,USS0010D16S,Shower Falls,20.622224976198176,0.166687348774024
30031,5,USC00240775,BIG SKY 2WNW,29.56759388964244,0.08108522213298083
30033,1,USC00241875,COHAGEN,37.0535636524012,0.5412471270403877
30033,2,USC00245872,MOSBY 4 ENE,68.19911824248032,0.15977103576800747
30033,3,USC00244386,INGOMAR 9 E,79.25590514157234,0.11830206066500054
30033,4,USC00241169,BROCKWAY 3 WSW,87.99080570905832,0.0959800520322824
30033,5,USC00243176,FT PECK PWR PLT,93.66703782939048,0.08469972449432185
30035,1,USC00247292,ST MARY,32.403538052376604,0.3093062485707166
30035,2,USC00242629,E GLACIER,33.46793358232031,0.2899450916500278
30035,3,USW00024137,CUT BANK AP,46.49326030048299,0.15024276048474905
30035,4,USS0013A27S,Many Glacier,50.90729191098384,0.12531803273974734
30035,5,USC00247978,SUMMIT,50.933750890490515,0.1251878665547592
30037,1,USC00247261,RYEGATE,11.060907211304546,0.6775945355184175
30037,2,USC00247263,RYEGATE 18 NNW,21.37811238740301,0.1813897245825822
30037,3,USC00244545,JUDITH GAP 13 E,34.2947334539794,0.07048497168058748
30037,4,USC00246862,RAPELJE,45.87545648631165,0.03939041856169842
30037,5,USC00243939,HARLOWTON,51.5957529045055,0.031140349656714358
30039,1,USS0013C13S,Black Pine,1.5748369177694521,0.9493720033681082
30039,2,USS0013C33S,Combination,8.71693801010866,0.030987010512733008
30039,3,USC00246472,PHILIPSBURG RS,13.22748020634758,0.013457158075721048
30039,4,USS0013C43S,Warm Springs,24.849474606516512,0.0038130559061641555
30039,5,USS0013C03S,Skalkaho Summit,31.514388896516845,0.0023707721372736123
30041,1,USC00243530,GILDFORD,16.269336960927966,0.5028683369147726
30041,2,USC00243110,FT ASSINIBOINE,26.913443855591133,0.1837618911629028
30041,3,USW00094012,HAVRE AP ASOS,27.045125906810956,0.18197678335698658
30041,4,USC00247620,SIMPSON 6 N - WILDHORSE,41.49467261103262,0.0773053079523612
30041,5,USC00244512,JOPLIN,49.60755476003099,0.054087680612976786
30043,1,USC00241008,BOULDER,12.601577312334829,0.6342967793973024
30043,2,USS0011C04S,Tizer Basin,29.8272765872676,0.11321790643754302
30043,3,USS0012C11S,Rocker Peak,30.4172766780684,0.10886835641055906
30043,4,USS0012C13S,Frohner Meadow,36.51741642348778,0.07553395666953903
30043,5,USW00024135,BUTTE BERT MOONEY AP,38.46376705570452,0.0680830010850564
30045,1,USC00247864,STANFORD,14.945114386234527,0.594063184638338
30045,2,USC00245761,MOCCASIN EXP STN,26.979096975012695,0.18229565080983376
30045,3,USS0010C06S,Spur Park,36.879978999835764,0.09755505893581788
30045,4,USS0010C09S,Deadman Creek,39.21050162429847,0.0863030867564729
30045,5,USC00244538,JUDITH GAP,57.7519556202716,0.039783018859537486
30047,1,USS0013B25S,Bisson Creek,7.503177063546251,0.4892699902725261
30047,2,USS0013B24S,Moss Peak,10.14007589897799,0.26789003432111896
30047,3,USC00246640,SKQ DAM,12.457923621405442,0.17747927317291737
30047,4,USC00240755,BIGFORK 13 S,26.28748310180636,0.03986033609675008
30047,5,USS0013B22S,Kraft Creek,32.865956538212465,0.025500366136687398
30049,1,USC00247159,ROGERS PASS 9 NNE,9.01682838063326,0.6733775131017316
30049,2,USS0012B16S,Copper Bottom,18.93249019639437,0.15273927879341198
30049,3,USS0012B14S,Copper Camp,27.604127873909253,0.07184857444744655
30049,4,USC00244241,HOLTER DAM,31.576297526614553,0.0549090343061047
30049,5,USS0012C22S,Nevada Ridge,34.08432243755349,0.047125599351305184
30051,1,USC00241692,CHESTER,7.496221111600362,0.7807864519143771
30051,2,USC00244512,JOPLIN,19.50403447225329,0.11533686261139928
30051,3,USC00248233,TIBER DAM,28.040015915275063,0.05580338370635034
30051,4,USC00242550,DUNKIRK 19NNE,36.672646626812046,0.03262364915797533
30051,5,USC00243617,GOLDBUTTE 7 N,53.29042248616771,0.015449652609897817
30055,1,USC00241758,CIRCLE,27.05212275472755,0.419624487497452
30055,2,USC00241169,BROCKWAY 3 WSW,38.434354528636426,0.20788556732124652
30055,3,USC00248569,VIDA 6 NE,40.23793017991086,0.18966721066942951
30055,4,USC00249103,WOLF PT,52.930357385612524,0.10961093188919387
30055,5,USC00243176,FT PECK PWR PLT,64.76512547857665,0.073211802622678
30057,1,USC00248597,VIRGINIA CITY,4.36160377598701,0.8615097525776989
30057,2,USC00242793,ENNIS,15.836135132830739,0.06535129837706935
30057,3,USS0011D11S,Lower Twin,20.544531505112918,0.0388293512215613
30057,4,USC00246157,NORRIS MADISON PWR HOUSE,28.351132918049856,0.020389744430583952
30057,5,USS0011D08S,Clover Meadow,34.31302278218519,0.013919853393086441
30059,1,USS0011C02S,Pickfoot Creek,26.62323334263874,0.2538489635169635
30059,2,USS0011C01S,Boulder Mountain,28.294055001441915,0.224753573117051
30059,3,USS0010C09S,Deadman Creek,29.258625702521265,0.21017891481399312
30059,4,USS0010C06S,Spur Park,31.569009745316343,0.1805406797723983
30059,5,USC00245712,MILLEGAN 14 SE,37.10628486791408,0.1306778687795942
30061,1,USS0015C10S,Hoodoo Basin,17.165135154094706,0.6357154885181124
30061,2,USC00243984,HAUGAN 1 W,38.44474790725896,0.12673110230118917
30061,3,USS0015C16S,Cool Creek,44.21808419183493,0.0957982118651149
30061,4,USC00240075,ALBERTON,48.08502368585296,0.08100980348710836
30061,5,USC00248211,THOMPSON FALLS PH,55.5292678820049,0.06074539382847515
30063,1,USS0013C01S,Stuart Mountain,4.146202698956798,0.8819757861181124
30063,2,USC00245740,MISSOULA 6 NW WFO,18.90554930774721,0.0424208260513559
30063,3,USW00024153,MISSOULA INTL AP,19.31821828889563,0.04062782600605344
30063,4,USS0013B07S,North Fork Jocko,28.79604973040792,0.01828487064475852
30063,5,USC00246685,POTOMAC,30.13989258663239,0.016690691179719778
30065,1,USC00243013,FLATWILLOW 4 ENE,35.556624379851975,0.3987890613062098
30065,2,USC00245596,MELSTONE,44.79925253661756,0.25121336967484154
30065,3,USC00243727,GRASS RANGE,64.15111106543982,0.12251123556004595
30065,4,USC00244345,HUNTLEY EXP STN,66.47469773917477,0.11409629511135076
30065,5,USC00247261,RYEGATE,66.6813972316122,0.1133900383475522
30067,1,USC00245080,LIVINGSTON 12 S,4.0703406551479056,0.9359641155782302
30067,2,USW00024150,LIVINGSTON AP,27.142903416319324,0.021047867990035468
30067,3,USS0010D31S,Box Canyon,30.926040694930272,0.016213324235061412
30067,4,USS0010D16S,Shower Falls,33.90267349662574,0.0134912695565346
30067,5,USS0010D13S,Lick Creek,34.166883080855044,0.013283422640138305
30069,1,USC00248498,VALENTINE,30.080044064133894,0.3219012976829501
30069,2,USC00245872,MOSBY 4 ENE,33.37968489067283,0.26140578749567317
30069,3,USC00243013,FLATWILLOW 4 ENE,37.287607737042094,0.20948388584202834
30069,4,USC00243727,GRASS RANGE,45.5640323443621,0.14029279278621787
30069,5,USC00245596,MELSTONE,65.97419186528796,0.06691623619313064
30071,1,USC00245338,MALTA 7 E,21.790963842677765,0.5127001140625767
30071,2,USC00241984,CONTENT 4 NNE,35.41150989579344,0.1941455338969051
30071,3,USC00245340,MALTA 35 S,45.46014806909815,0.1178025258264606
30071,4,USC00247265,SACO 1 NNW,48.87169013862008,0.10192989505578334
30071,5,USC00249900,ZORTMAN,57.58312704607061,0.07342193115827443
30073,1,USC00241974,CONRAD,20.957115166606187,0.5191612218601313
30073,2,USC00247500,SHELBY,41.618541952330695,0.13164110629799466
30073,3,USW00024137,CUT BANK AP,43.25667010309716,0.12185941167111057
30073,4,USS0012A02S,Dupuyer Creek,44.183752721467016,0.11679924798717323
30073,5,USC00241737,CHOTEAU,45.41766820860126,0.11053901218359044
30075,1,USC00241127,BROADUS,12.208265054735376,0.6850422020051337
30075,2,USC00247740,SONNETTE 7 SW,29.530767259440392,0.11707812667196903
30075,3,USC00245870,MOORHEAD 9 NE,30.13130576406685,0.11245773218269975
30075,4,USC00240743,BIDDLE 8 SW,41.13674162794539,0.06033446255330257
30075,5,USC00246691,POWDERVILLE 8 NNE,63.79463003007458,0.025087476586894874
30077,1,USS0013C31S,N Fk Elk Creek,26.683766081105226,0.24489478674193466
30077,2,USW00024139,DRUMMOND AVIATION,29.54404779383686,0.19977162178185107
30077,3,USS0013C38S,Lubrecht Flume,29.834524671558682,0.19590049968358977
30077,4,USS0012B14S,Copper Camp,30.335330729567342,0.18948564804016285
30077,5,USS0012C22S,Nevada Ridge,32.03166963029752,0.16994744375246174
30079,1,USC00248165,TERRY,15.492029482300515,0.7094730589300419
30079,2,USC00245668,MILDRED 7 NNW,36.07513216109202,0.13083883741432922
30079,3,USW00024037,MILES CITY AP,51.78363632215134,0.06349908249650128
30079,4,USC00241169,BROCKWAY 3 WSW,58.320410853642684,0.05006236801500927
30079,5,USC00245754,MIZPAH 4 NNW,60.75755615151504,0.04612665314411834
30081,1,USC00242221,DARBY,7.8918813765916,0.6980887718360015
30081,2,USC00243885,HAMILTON,19.32553503590448,0.11641493431896456
30081,3,USS0013C39S,Daly Creek,22.756400621421196,0.08395848795847295
30081,4,USS0014C13S,Twelvemile Creek,27.422992815267225,0.05781520241640323
30081,5,USS0013C03S,Skalkaho Summit,31.534276262349366,0.04372260347015776
30083,1,USC00247560,SIDNEY,31.78146817234589,0.37129664565775017
30083,2,USC00242122,CULBERTSON,40.382678074914615,0.22997398139818012
30083,3,USC00247382,SAVAGE,40.60840808241894,0.2274243740994373
30083,4,USC00248569,VIDA 6 NE,61.012135663622715,0.10074801151290723
30083,5,USC00329430,WILLISTON EXP FARM,72.90619861883063,0.07055698733172505
30085,1,USC00241088,BREDETTE,34.26650786406657,0.31247714799327614
30085,2,USC00242122,CULBERTSON,38.45460912052028,0.24811964675194018
30085,3,USC00245572,MEDICINE LAKE 3 SE,45.90694599937568,0.17410095480138466
30085,4,USC00249103,WOLF PT,52.50622149760415,0.1330872416647829
30085,5,USC00248569,VIDA 6 NE,52.67913064178069,0.1322150087886163
30087,1,USC00243098,FORSYTH,11.02846694729686,0.7749928136586136
30087,2,USC00241905,COLSTRIP,31.107515863052928,0.09740860072392424
30087,3,USC00244364,HYSHAM 25 SSE,44.935048943308956,0.04668286796954031
30087,4,USC00244358,HYSHAM,45.26052430263855,0.046013874765105864
30087,5,USC00241084,BRANDENBERG,51.9684548138065,0.03490184288281606
30089,1,USC00245020,LIBBY 32 SSE,22.527945795099768,0.35002171639617324
30089,2,USC00248211,THOMPSON FALLS PH,22.563333971622665,0.3489246341343301
30089,3,USC00248380,TROUT CREEK RS,35.53914959927078,0.14064493996636693
30089,4,USC00243984,HAUGAN 1 W,44.73101931511042,0.08878111304161443
30089,5,USW00024154,MULLAN PASS VOR/DME,49.79994905250564,0.0716275964615153
30091,1,USC00246586,PLENTYWOOD,8.063286659445637,0.8190192833191112
30091,2,USC00245572,MEDICINE LAKE 3 SE,25.50523397112646,0.08185773109941635
30091,3,USC00246893,RAYMOND BORDER STN,32.59813821222417,0.05011096118104481
30091,4,USC00248777,WESTBY,40.09397928239226,0.03312531397233596
30091,5,USC00323196,FORTUNA 1 W,57.89514867038705,0.01588671042809155
30093,1,USW00024135,BUTTE BERT MOONEY AP,14.423824507605678,0.3347967222682021
30093,2,USS0012D09S,Basin Creek,15.238228877778619,0.29996671858205176
30093,3,USC00242421,DIVIDE,17.725705840249066,0.2216843226779092
30093,4,USC00249082,WISE RVR 3 WNW,27.87749331862125,0.08962612421093179
30093,5,USC00240199,ANACONDA,35.93945382162859,0.05392611226090525
30095,1,USC00241938,COLUMBUS,9.00527436463149,0.8276248961671228
30095,2,USC00244506,JOLIET,35.472349150370306,0.053339328443130045
30095,3,USC00246862,RAPELJE,36.206189712293366,0.05119903778940478
30095,4,USC00246190,NYE #2,41.48585298335877,0.038996658613154433
30095,5,USC00240780,BIG TIMBER,48.240910879193436,0.028840078987187812
30097,1,USC00240780,BIG TIMBER,2.4082867196829225,0.9855712283670245
30097,2,USC00245603,MELVILLE 4 W,33.6237577918474,0.005056056298907176
30097,3,USW00024150,LIVINGSTON AP,40.54744807304772,0.0034767810805429195
30097,4,USC00246190,NYE #2,43.17102318087832,0.003067041939165649
30097,5,USS0010D24S,Placer Basin,44.951479594660924,0.002828892314359783
30099,1,USC00241737,CHOTEAU,6.686507680683791,0.8842055964196152
30099,2,USC00242857,FAIRFIELD,31.68353268827627,0.03938082016961192
30099,3,USC00240364,AUGUSTA,37.319720922483796,0.028384103393313816
30099,4,USS0012B13S,Waldron,39.5404280186345,0.0252853647376626
30099,5,USS0012B12S,Mount Lockhart,41.69091756656409,0.02274411527979637
30101,1,USC00247500,SHELBY,17.16949497660406,0.48078550903405776
30101,2,USC00242550,DUNKIRK 19NNE,20.523407965128186,0.33648635309232583
30101,3,USC00243617,GOLDBUTTE 7 N,44.13779508692686,0.07275203458497272
30101,4,USW00024137,CUT BANK AP,47.50145120303969,0.06281345120819974
30101,5,USC00241974,CONRAD,54.819377098839766,0.04716265208044393
30103,1,USC00244358,HYSHAM,7.761482015287935,0.8795713463961576
30103,2,USC00244364,HYSHAM 25 SSE,34.14433638674237,0.04544886386806291
30103,3,USC00244386,INGOMAR 9 E,38.34690801512699,0.03603293851075228
30103,4,USC00243098,FORSYTH,46.38418030453914,0.024627516094916303
30103,5,USC00243915,HARDIN,60.83013289529932,0.014319335130111056
30105,1,USW00094010,ST MARIE,13.26260325639923,0.5050860880794632
30105,2,USW00094008,GLASGOW,16.305850374460025,0.33414583887094323
30105,3,USC00244180,HINSDALE 4 SW,35.68494740953739,0.06976744854941051
30105,4,USC00243176,FT PECK PWR PLT,42.19115102390578,0.049909154849036776
30105,5,USC00246238,OPHEIM 12 SSE,46.498146805295,0.0410914696511463
30107,1,USC00243939,HARLOWTON,6.918262461732987,0.82905306763711
30107,2,USC00244538,JUDITH GAP,21.709087051248982,0.08419635264959885
30107,3,USC00244545,JUDITH GAP 13 E,31.958857884192884,0.038850257144399374
30107,4,USC00247263,RYEGATE 18 NNW,39.49899720321741,0.02543339046596189
30107,5,USS0009C01S,Crystal Lake,42.02583130887963,0.022466932102930024
30109,1,USC00248957,WIBAUX 2 E,9.355629793140949,0.7898832537432706
30109,2,USC00241518,CARLYLE 13 NW,24.44610427213852,0.11568835431577018
30109,3,USC00243581,GLENDIVE,37.13908789780441,0.05012408936725561
30109,4,USC00247382,SAVAGE,54.76502925091523,0.023051665820760715
30109,5,USC00325813,MEDORA,57.035870171768,0.02125263675294286
30111,1,USC00244345,HUNTLEY EXP STN,2.893026382333843,0.9695853216524807
30111,2,USC00240802,BILLINGS WTP,24.258657029711145,0.013789779172724382
30111,3,USW00024033,BILLINGS INTL AP,25.36603066432917,0.01261205320460101
30111,4,USC00243915,HARDIN,56.52409525931261,0.0025399407227690435
30111,5,USC00249240,YELLOWTAIL DAM,74.22633297524844,0.0014729052474248658
31001,1,USC00253660,HASTINGS 4N,17.168725109244093,0.6003857631584577
31001,2,USC00251684,CLAY CTR,37.736612069816054,0.12427411095770306
31001,3,USC00255565,MINDEN,38.157385879269505,0.12154840145670598
31001,4,USC00257070,RED CLOUD,47.04630487472648,0.07995680695265697
31001,5,USC00254335,KEARNEY 4 NE,48.95785062397802,0.07383491747447632
31003,1,USC00256135,OAKDALE,15.026702369058286,0.5024693787301813
31003,2,USC00252595,ELGIN,21.840316525762987,0.23785873943578925
31003,3,USC00252805,EWING,24.91158792513138,0.18282439566774167
31003,4,USC00250525,BARTLETT 1W,53.23248995116181,0.04003901711174034
31003,5,USC00250070,ALBION,55.519379974206565,0.03680846905454754
31005,1,USC00250365,ARTHUR,0.4295958483188118,0.9997116558375242
31005,2,USC00254455,KINGSLEY DAM,40.333468946750166,0.00011341323939016978
31005,3,USC00256200,OGALLALA,49.46129257178499,7.541608502957046e-05
31005,4,USC00256385,OSHKOSH,57.40542498109502,5.5987236828323036e-05
31005,5,USC00252000,CRESCENT LAKE NWR,65.10511140150494,4.352760122776123e-05
31007,1,USC00253605,HARRISBURG 12WNW,21.613016028029186,0.5585996232049942
31007,2,USW00024028,SCOTTSBLUFF W B HEILIG FLD AP,38.6668478473715,0.1745234744900357
31007,3,USC00255555,MINATARE DAM (USBR),46.59010850957367,0.12021092683859348
31007,4,USC00251145,BRIDGEPORT,53.679058633250726,0.09055691258747364
31007,5,USC00257830,SIDNEY 6NNW,68.19447450094025,0.05610906287890305
31009,1,USC00256970,PURDUM,25.463651990299194,0.3563548355667084
31009,2,USC00252680,ELSMERE 9 ENE,26.685282853399382,0.3244743833065185
31009,3,USC00250245,ANSELMO 2 WSW,36.51576449639978,0.1732859061604279
31009,4,USC00258455,TAYLOR,54.306187288102464,0.07834754826522158
31009,5,USC00250355,ARNOLD,58.49113991574877,0.06753732670112371
31011,1,USC00250070,ALBION,5.562724729028271,0.9189521631798279
31011,2,USC00252595,ELGIN,31.499685396674913,0.02865864222251846
31011,3,USC00253185,GENOA 2 W,37.903737411442215,0.019792651319861663
31011,4,USC00256135,OAKDALE,41.2884273765604,0.016680588179624173
31011,5,USC00253425,GREELEY,42.26858106506507,0.015915955098167966
31013,1,USC00255555,MINATARE DAM (USBR),46.49719113947109,0.2959964732969514
31013,2,USW00024028,SCOTTSBLUFF W B HEILIG FLD AP,56.85340182651866,0.19798261740584003
31013,3,USC00250030,AGATE 3 E,58.72166396327222,0.18558516881179046
31013,4,USC00251145,BRIDGEPORT,60.32653752289568,0.1758422265651391
31013,5,USC00251575,CHADRON 3SW,66.52663862821737,0.14459351392027928
31015,1,USC00251365,BUTTE,6.689111693650557,0.8953492045937625
31015,2,USC00255040,LYNCH,25.630356041618278,0.06098458451500739
31015,3,USC00250420,ATKINSON 3SW,47.27946520762565,0.017921907718791017
31015,4,USC00256290,O'NEILL,49.30561867122079,0.016479215101803852
31015,5,USC00393452,GREGORY,65.75668302418991,0.009265088070635391
31017,1,USC00250050,AINSWORTH,21.635923135945188,0.4026274725953991
31017,2,USC00252680,ELSMERE 9 ENE,22.07348228864155,0.3868232414933961
31017,3,USC00256970,PURDUM,42.209884463812436,0.10578545000611034
31017,4,USC00258090,SPRINGVIEW 2NW,54.61995521876286,0.06317592147715084
31017,5,USC00258755,VALENTINE NWR,67.31991539498352,0.041587914427943636
31019,1,USC00254335,KEARNEY 4 NE,15.303823575279615,0.5661936068789322
31019,2,USC00257040,RAVENNA,23.49828362143363,0.24015552330891693
31019,3,USC00255565,MINDEN,39.18015952853936,0.0863838313435818
31019,4,USC00254985,LOUP CITY,47.92583537634551,0.057733179913764796
31019,5,USC00253910,HOLDREGE,51.74058696732573,0.049533858554804466
31021,1,USC00258480,TEKAMAH,11.403897656453177,0.7801932252586831
31021,2,USC00259200,W PT,31.197972715051012,0.10424519575792467
31021,3,USC00253050,FREMONT,48.372147550355685,0.04336287405613847
31021,4,USC00134894,LOGAN 1 WNW,49.603381673735456,0.04123692060998809
31021,5,USC00254035,HOWELLS,57.24550725610215,0.03096178431726575
31023,1,USC00252205,DAVID CITY 4E,6.658316057815734,0.8142606974195252
31023,2,USC00258328,SURPRISE,20.101502391297497,0.08933779927105469
31023,3,USC00251825,COLUMBUS 3 NE,31.087139480601127,0.03735345364503205
31023,4,USC00257715,SEWARD,34.56108220272044,0.030221611598211576
31023,5,USC00256375,OSCEOLA,35.387562694585,0.028826438066176525
31025,1,USC00258395,SYRACUSE,27.413822345372232,0.34816031317916885
31025,2,USC00255810,NEBRASKA CITY 2NW,31.759220384337432,0.2594052649938016
31025,3,USC00255362,MEAD 6S,38.560332002249105,0.175969306864938
31025,4,USW00014942,OMAHA EPPLEY AIRFIELD,48.972266513473514,0.10909831517167365
31025,5,USC00258795,VALLEY NWS,49.36557749410141,0.10736679979041794
31027,1,USC00253630,HARTINGTON,1.3876903757959471,0.9916789440130377
31027,2,USC00252037,CROFTON,24.495414584022274,0.0031826336930158437
31027,3,USC00399502,YANKTON 2 E,31.693883841554907,0.0019011015716768405
31027,4,USC00398622,VERMILLION 2 SE,32.7009934822479,0.0017858062991386423
31027,5,USW00094911,YANKTON CHAN GURNEY MUNI AP,36.27166105961463,0.00145151442313096
31029,1,USC00254110,IMPERIAL,4.3168796129883855,0.6684115117992432
31029,2,USW00024091,IMPERIAL MUNI AP,6.296397018934661,0.31419522937885686
31029,3,USC00255090,MADRID,37.84543193289342,0.008696747547012992
31029,4,USC00250760,BENKELMAN 1N,53.3664280106781,0.004373685247384876
31029,5,USC00258920,WALLACE 2W,53.67944526473295,0.0043228260275020676
31031,1,USC00258755,VALENTINE NWR,29.01767064926022,0.5368423792883364
31031,2,USW00024032,VALENTINE MILLER FLD AP,51.61544604348104,0.16967291352196634
31031,3,USC00255700,MULLEN 3S,62.783783273378184,0.11467715824646225
31031,4,USC00395638,MISSION 14 S,69.88547885210095,0.0925545974428657
31031,5,USC00394651,LACREEK NWR,72.39339779915495,0.08625295150036913
31033,1,USC00257830,SIDNEY 6NNW,1.8428498609093886,0.9770298678069197
31033,2,USW00024030,SIDNEY MUNI AP,12.968747513932836,0.01972839153255134
31033,3,USC00251145,BRIDGEPORT,51.046322817357485,0.0012733823426539913
31033,4,USC00057515,SEDGWICK 5 S,56.851655495064655,0.0010266006085002757
31033,5,USC00256385,OSHKOSH,59.35731974094477,0.0009417577093748315
31035,1,USC00251684,CLAY CTR,0.39432114016107156,0.9996327416298186
31035,2,USC00253660,HASTINGS 4N,31.276282781122227,0.00015889503682813545
31035,3,USC00253175,GENEVA,38.93729255111168,0.00010252011715997259
31035,4,USW00014935,GRAND IS CNTRL NE RGNL AP,53.45279786936068,5.440010144137291e-05
31035,5,USC00258320,SUPERIOR,54.96758656430244,5.14431147518261e-05
31037,1,USC00254035,HOWELLS,17.343605424033004,0.48960954683358854
31037,2,USC00251825,COLUMBUS 3 NE,23.40840688875257,0.2687725618736458
31037,3,USC00252205,DAVID CITY 4E,36.41390026674372,0.11106935498147158
31037,4,USC00259200,W PT,43.23525960082292,0.07878662639368929
31037,5,USW00014941,NORFOLK KARL STEFAN MEM AP,53.340757266705694,0.05176190991760481
31039,1,USC00259200,W PT,9.997327500317493,0.7804693445582048
31039,2,USC00254035,HOWELLS,28.369190471965773,0.09692365915328795
31039,3,USC00259045,WAYNE,40.09813133708604,0.04851493122246848
31039,4,USC00258915,WAKEFIELD 3NW,43.88267199099336,0.04050769774147482
31039,5,USC00258480,TEKAMAH,48.19403163125678,0.03358436732456395
31041,1,USC00251200,BROKEN BOW 2 W,4.613088501552559,0.9484782524842983
31041,2,USC00250245,ANSELMO 2 WSW,28.289660638761003,0.02522060353828606
31041,3,USC00250355,ARNOLD,39.19036100706493,0.013141726436702698
31041,4,USC00258455,TAYLOR,50.65830218531149,0.007865198541491833
31041,5,USC00251345,BURWELL 2WSW,61.74538802349997,0.005294218999221016
31043,1,USW00014943,SIOUX CITY AP,14.940462951107957,0.650055987816525
31043,2,USC00258915,WAKEFIELD 3NW,29.597705339287124,0.16563907188199195
31043,3,USC00259045,WAYNE,42.37327333197682,0.08081553342103522
31043,4,USC00398622,VERMILLION 2 SE,50.599405294550586,0.05667454573735426
31043,5,USC00134735,LE MARS,55.673377176708975,0.04681486114309359
31045,1,USC00251575,CHADRON 3SW,12.53665938119527,0.8556337529785576
31045,2,USC00396212,OELRICHS,53.43687737566017,0.047094416150058514
31045,3,USC00250030,AGATE 3 E,58.63766664819224,0.03911093517795009
31045,4,USC00253615,HARRISON,61.26335937780128,0.03583025884023271
31045,5,USC00396304,ORAL,77.60241306308461,0.02233063685320119
31047,1,USW00014994,LEXINGTON KELLY FLD,9.5829412701955,0.7380324961811858
31047,2,USC00251450,CANADAY STEAM PLT,21.571703728237715,0.14564790556982124
31047,3,USC00253365,GOTHENBURG,29.323127684784463,0.0788229264331895
31047,4,USC00253910,HOLDREGE,59.06996815342543,0.01942404449561619
31047,5,USC00251200,BROKEN BOW 2 W,61.23869430322615,0.018072627320187315
31049,1,USC00054413,JULESBURG,14.878436476471995,0.6267903918186896
31049,2,USC00057515,SEDGWICK 5 S,31.420976949323702,0.14053922439890792
31049,3,USC00256385,OSHKOSH,32.2112335297051,0.13372795636826385
31049,4,USC00256200,OGALLALA,51.29555418346453,0.052732391569275935
31049,5,USW00024030,SIDNEY MUNI AP,54.79618303053425,0.04621003584486274
31051,1,USC00258915,WAKEFIELD 3NW,20.716688725418674,0.4075288077166391
31051,2,USC00398622,VERMILLION 2 SE,31.28307899744092,0.17872282170306594
31051,3,USC00259045,WAYNE,31.72067172921199,0.17382580296331504
31051,4,USC00253630,HARTINGTON,36.261171783235326,0.13301950481560504
31051,5,USW00014943,SIOUX CITY AP,40.44868653679373,0.10690306280137496
31053,1,USC00253050,FREMONT,22.119865306842915,0.38316409617483893
31053,2,USC00259200,W PT,30.334618102387402,0.20373831033380807
31053,3,USC00254035,HOWELLS,33.54291877871409,0.16662803101755597
31053,4,USC00258795,VALLEY NWS,36.8509187818294,0.1380553123716662
31053,5,USC00258480,TEKAMAH,41.584520367982236,0.10841425010213085
31055,1,USC00258795,VALLEY NWS,17.978862793882563,0.3952774780994104
31055,2,USW00014942,OMAHA EPPLEY AIRFIELD,21.127939071098403,0.2862280782481704
31055,3,USC00253050,FREMONT,30.00035458746637,0.1419625299844152
31055,4,USC00255362,MEAD 6S,32.24902045614518,0.12285517383324891
31055,5,USC00134894,LOGAN 1 WNW,48.788805797337425,0.053676739834755065
31057,1,USC00250760,BENKELMAN 1N,17.391156337909123,0.5799717460663046
31057,2,USC00254110,IMPERIAL,36.67369272617456,0.13042308586632878
31057,3,USW00024091,IMPERIAL MUNI AP,37.05593529776916,0.12774626068071898
31057,4,USC00059243,WRAY,46.01494360819724,0.08284493606330076
31057,5,USC00147093,SAINT FRANCIS,47.11724973554135,0.07901397132334698
31059,1,USC00253175,GENEVA,1.6780476653192975,0.993233775696914
31059,2,USC00253065,FRIEND 3E,34.91279383012718,0.0022945147712257865
31059,3,USC00251684,CLAY CTR,38.621605969013146,0.001874991952353508
31059,4,USC00253735,HEBRON,38.92645635646886,0.0018457391571697712
31059,5,USC00257715,SEWARD,61.02619653882619,0.0007509784223369331
31061,1,USC00253037,FRANKLIN #2,9.881614073954788,0.7382723616802732
31061,2,USC00253595,HARLAN CO LAKE,23.777013391073123,0.1275139745118593
31061,3,USC00255565,MINDEN,36.97193920093197,0.0527385186561776
31061,4,USC00257070,RED CLOUD,38.78489111934437,0.047923357183216025
31061,5,USC00253910,HOLDREGE,46.35305465980357,0.03355178796847389
31063,1,USC00252100,CURTIS,15.066564271087598,0.6557298030044719
31063,2,USC00251415,CAMBRIDGE,35.414420001831004,0.11868425632161234
31063,3,USC00255310,MC COOK,37.74408080824199,0.10448541529969377
31063,4,USC00252065,CULBERTSON,48.93545676836249,0.06215929599808957
31063,5,USC00253365,GOTHENBURG,50.253590323093135,0.05894122937613235
31065,1,USC00250640,BEAVER CITY,9.704903431009932,0.7078422560360904
31065,2,USC00251415,CAMBRIDGE,22.294018778466448,0.13413502560469767
31065,3,USC00256454,OXFORD 6NNW,26.501758878257437,0.09492257808634146
31065,4,USC00145852,NORTON DAM,42.425644522464495,0.03703923635619939
31065,5,USC00145856,NORTON 9SSE,50.578357678126295,0.026060903916671086
31067,1,USC00252020,CRETE 4ESE,42.46816640183707,0.2344119023841677
31067,2,USC00258465,TECUMSEH 1S,42.9529388041295,0.22915055512621219
31067,3,USC00145063,MARYSVILLE,46.53363299069334,0.1952417805601455
31067,4,USC00252820,FAIRBURY 7S,48.77483789973051,0.17771128645085327
31067,5,USC00258410,TABLE ROCK 4N,50.852824637002485,0.1634844754786213
31069,1,USC00252000,CRESCENT LAKE NWR,18.05775334734433,0.5736821883570583
31069,2,USC00256385,OSHKOSH,26.045262801428382,0.27576637587990516
31069,3,USC00250365,ARTHUR,51.31846209031862,0.07103158955835409
31069,4,USC00251145,BRIDGEPORT,66.65654459361764,0.04210301592965637
31069,5,USC00254455,KINGSLEY DAM,70.70756847115015,0.037416830275026014
31071,1,USC00252770,ERICSON 8 WNW,15.569220399660988,0.488019167276276
31071,2,USC00251345,BURWELL 2WSW,24.32739114187303,0.199884692764924
31071,3,USC00256335,EVELYN SHARP FLD,31.536834849940455,0.11894177220692509
31071,4,USC00250525,BARTLETT 1W,32.21490257619088,0.11398743161320961
31071,5,USC00258455,TAYLOR,38.65568624692553,0.07916693613866532
31073,1,USC00251450,CANADAY STEAM PLT,23.051218191205823,0.31587545560753877
31073,2,USC00256454,OXFORD 6NNW,24.77341971794449,0.27348387396617513
31073,3,USW00014994,LEXINGTON KELLY FLD,31.3924359044916,0.17031527968113264
31073,4,USC00251415,CAMBRIDGE,36.77769458955777,0.12408938737184816
31073,5,USC00253910,HOLDREGE,37.999815481421514,0.11623600337330521
31075,1,USC00250365,ARTHUR,38.64918803097523,0.42488393773715566
31075,2,USC00252000,CRESCENT LAKE NWR,58.997700421527995,0.1823395562638591
31075,3,USC00255700,MULLEN 3S,59.732805836184184,0.1778792261336709
31075,4,USC00256385,OSHKOSH,75.19493737366727,0.11224677144288642
31075,5,USC00254455,KINGSLEY DAM,78.63121360990523,0.10265050842242797
31077,1,USC00253425,GREELEY,2.3958650890041127,0.9749338464237323
31077,2,USC00256040,N LOUP,21.793279092862832,0.01178296819091693
31077,3,USC00256335,EVELYN SHARP FLD,35.33515067390815,0.004482145715483681
31077,4,USC00250525,BARTLETT 1W,35.48918363051225,0.004443322624856047
31077,5,USC00252770,ERICSON 8 WNW,35.83607358074175,0.004357717045010994
31079,1,USW00014935,GRAND IS CNTRL NE RGNL AP,19.136313491183657,0.4797351871376428
31079,2,USC00253660,HASTINGS 4N,26.318082833341787,0.2536352602562767
31079,3,USC00257040,RAVENNA,39.71064795677398,0.11140487118992523
31079,4,USC00254335,KEARNEY 4 NE,45.72551424745129,0.08402353150135217
31079,5,USC00251560,CENTRAL CITY,49.67244757438412,0.07120114991480302
31081,1,USW00014935,GRAND IS CNTRL NE RGNL AP,26.342932353272836,0.3307326112967162
31081,2,USC00251560,CENTRAL CITY,28.25274262067412,0.2875305710602966
31081,3,USC00251684,CLAY CTR,39.23118185231355,0.14912225759758663
31081,4,USC00253660,HASTINGS 4N,39.43647365755514,0.14757374713968738
31081,5,USC00253175,GENEVA,51.95040350048879,0.08504081290571315
31083,1,USC00253595,HARLAN CO LAKE,18.984541759943056,0.4193925713690885
31083,2,USC00256454,OXFORD 6NNW,26.87386301981725,0.20929592509222938
31083,3,USC00253910,HOLDREGE,30.41210544408603,0.1634285757906302
31083,4,USC00250640,BEAVER CITY,36.46240016791386,0.11369214626296352
31083,5,USC00253037,FRANKLIN #2,40.05957020843846,0.0941907814850884
31085,1,USW00024020,HAYES CENTER 1NW,1.9273205276938896,0.9905699371167768
31085,2,USC00258920,WALLACE 2W,36.65390190159769,0.0027387513908792914
31085,3,USC00258628,TRENTON DAM 1N,38.610650176371514,0.0024681912463394634
31085,4,USC00252065,CULBERTSON,38.65354352351479,0.0024627164446232226
31085,5,USC00252100,CURTIS,45.71833124363513,0.0017604038013814983
31087,1,USC00258628,TRENTON DAM 1N,2.436094015211676,0.9729629247885491
31087,2,USC00252065,CULBERTSON,19.16170427201795,0.015725921906946723
31087,3,USC00255310,MC COOK,37.3271660771803,0.004144139280673459
31087,4,USW00024020,HAYES CENTER 1NW,38.527349960073444,0.0038899686890544564
31087,5,USC00140439,ATWOOD,41.97599175615716,0.003277045334776385
31089,1,USC00256290,O'NEILL,10.530483663889978,0.7131118885095833
31089,2,USC00250420,ATKINSON 3SW,21.019879482587,0.17897561807929463
31089,3,USC00252805,EWING,42.55483064469035,0.04366732427583523
31089,4,USC00255040,LYNCH,48.552927191834705,0.03354466646943371
31089,5,USC00251365,BUTTE,50.75214638643514,0.03070050266585315
31091,1,USC00255700,MULLEN 3S,11.340945028980657,0.9040084645386006
31091,2,USC00250365,ARTHUR,61.56880440679499,0.030672526284243405
31091,3,USC00258133,STAPLETON 5W,67.05822266231259,0.02585633170573337
31091,4,USC00256970,PURDUM,73.68736449191789,0.021413366000656166
31091,5,USC00258755,VALENTINE NWR,80.26111229668284,0.01804931147076626
31093,1,USW00014935,GRAND IS CNTRL NE RGNL AP,32.991730091197375,0.2514806907276073
31093,2,USC00253425,GREELEY,36.64791133739128,0.20380572040830583
31093,3,USC00256040,N LOUP,37.89633974718745,0.190598858462127
31093,4,USC00254985,LOUP CITY,38.771902939331966,0.18208769235706546
31093,5,USC00257040,RAVENNA,39.889542652971365,0.17202703804489428
31095,1,USC00252820,FAIRBURY 7S,14.781494768152022,0.6990319634424076
31095,2,USC00253735,HEBRON,37.99439293671916,0.10580220594350599
31095,3,USC00148578,WASHINGTON,41.47505729281579,0.08878912031387311
31095,4,USC00252020,CRETE 4ESE,53.39153298601356,0.05357830390599913
31095,5,USC00253065,FRIEND 3E,53.784416821071886,0.052798406394214153
31097,1,USC00258465,TECUMSEH 1S,7.541985995124352,0.8188927787862665
31097,2,USC00258410,TABLE ROCK 4N,23.207085702093853,0.0864882824202373
31097,3,USC00258395,SYRACUSE,30.827669095224586,0.04901365702012097
31097,4,USC00250435,AUBURN 5 ESE,43.98925162257683,0.024071621037765913
31097,5,USC00255810,NEBRASKA CITY 2NW,46.50935418908126,0.021533660735609157
31099,1,USC00255565,MINDEN,0.7888415801718468,0.9979927875709913
31099,2,USC00254335,KEARNEY 4 NE,24.72360803162823,0.0010159756332162669
31099,3,USC00253910,HOLDREGE,37.14946367693403,0.0004499889972367944
31099,4,USC00253037,FRANKLIN #2,46.01521358907999,0.00029329462697502814
31099,5,USC00253660,HASTINGS 4N,50.045918214382084,0.0002479531715805095
31101,1,USC00254455,KINGSLEY DAM,2.782083919292552,0.9148906360053893
31101,2,USC00256200,OGALLALA,9.78375196111629,0.07397734944405468
31101,3,USC00255090,MADRID,39.12981721219337,0.0046248110731937735
31101,4,USC00250365,ARTHUR,41.93440364578621,0.004026880038338666
31101,5,USC00258920,WALLACE 2W,53.431905036490015,0.0024803234390234977
31103,1,USC00258090,SPRINGVIEW 2NW,6.345378940846139,0.9361438735402774
31103,2,USC00250050,AINSWORTH,38.14760487963908,0.025901396127262936
31103,3,USC00393452,GREGORY,46.222168074391156,0.017642377088151275
31103,4,USC00399367,WINNER,55.71853669788737,0.012141107954478406
31103,5,USW00024032,VALENTINE MILLER FLD AP,67.91797657308751,0.008171245289829925
31105,1,USC00055934,NEW RAYMER 21 N,32.77869880095376,0.45201169300670485
31105,2,USC00253605,HARRISBURG 12WNW,52.585746642380826,0.17562931179609256
31105,3,USC00257830,SIDNEY 6NNW,57.123121729409604,0.14883642243814196
31105,4,USW00024030,SIDNEY MUNI AP,61.03617200635623,0.13036425058441656
31105,5,USC00251145,BRIDGEPORT,72.20307859131029,0.0931583221746441
31107,1,USC00252037,CROFTON,34.17802647717331,0.326583689849689
31107,2,USC00398472,TYNDALL,39.76658519930173,0.24124140925659682
31107,3,USC00399502,YANKTON 2 E,50.92977162123334,0.14707707961114516
31107,4,USC00253630,HARTINGTON,51.62685661944865,0.14313211508677626
31107,5,USW00094911,YANKTON CHAN GURNEY MUNI AP,51.838509285138855,0.14196570619579274
31109,1,USW00014939,LINCOLN AP,9.59144316374097,0.761508557390837
31109,2,USC00252020,CRETE 4ESE,24.78880332759211,0.11400701625475704
31109,3,USC00257715,SEWARD,36.84701759923568,0.051598612053618195
31109,4,USC00255362,MEAD 6S,43.623914898463404,0.036812340327129156
31109,5,USC00258395,SYRACUSE,44.06840860836292,0.036073473973658614
31111,1,USC00256075,N PLATTE EXP FARM,0.8397219455198264,0.9909236243794433
31111,2,USW00024023,N PLATTE RGNL AP,10.172154757840591,0.006752821521037815
31111,3,USC00253810,HERSHEY 5 SSE,20.476110816176273,0.001666541936033953
31111,4,USC00258920,WALLACE 2W,45.327723263259216,0.0003400817898309308
31111,5,USC00258133,STAPLETON 5W,46.954115421678864,0.0003169303736539808
31113,1,USC00258133,STAPLETON 5W,15.932464999691987,0.5808570094821238
31113,2,USC00250355,ARNOLD,24.361530793172793,0.24844258081782924
31113,3,USC00250245,ANSELMO 2 WSW,45.501663876895435,0.07121649979943363
31113,4,USW00024023,N PLATTE RGNL AP,50.37241300305763,0.05810983868233053
31113,5,USC00256075,N PLATTE EXP FARM,59.697131245228846,0.041374071218282724
31115,1,USC00258455,TAYLOR,18.492554312974132,0.5723273209007762
31115,2,USC00251345,BURWELL 2WSW,31.435272180801277,0.19806321935542984
31115,3,USC00250245,ANSELMO 2 WSW,46.13414017081206,0.09195882686753533
31115,4,USC00252680,ELSMERE 9 ENE,51.07068715549548,0.07504035523127962
31115,5,USC00256335,EVELYN SHARP FLD,55.91087991057343,0.06261027764497888
31117,1,USC00255700,MULLEN 3S,40.340035926202496,0.31365333486773767
31117,2,USC00250365,ARTHUR,48.260435110021064,0.21914925797435292
31117,3,USC00258133,STAPLETON 5W,48.335856602781504,0.21846588666151165
31117,4,USC00253810,HERSHEY 5 SSE,61.53184563210397,0.1348101485009621
31117,5,USC00254455,KINGSLEY DAM,66.93582677253671,0.1139213719954357
31119,1,USW00014941,NORFOLK KARL STEFAN MEM AP,16.31054648205817,0.6082538759770261
31119,2,USC00256135,OAKDALE,34.38451082480032,0.13686619989706034
31119,3,USC00252595,ELGIN,39.63351814039529,0.1030140969188751
31119,4,USC00250070,ALBION,41.60904063335758,0.09346446072901321
31119,5,USC00253185,GENOA 2 W,52.638008556962085,0.05840136647802534
31121,1,USC00251560,CENTRAL CITY,4.8264656284643985,0.9446951982735999
31121,2,USW00014935,GRAND IS CNTRL NE RGNL AP,33.10652358749074,0.020078117195835334
31121,3,USC00253185,GENOA 2 W,38.426318262296135,0.014903648268007332
31121,4,USC00256375,OSCEOLA,40.17721671440244,0.013632969030566279
31121,5,USC00250070,ALBION,57.353487410784965,0.006690067231991256
31123,1,USC00251145,BRIDGEPORT,11.802494853379596,0.8154866388570873
31123,2,USC00255555,MINATARE DAM (USBR),45.81209508653835,0.0541257817946378
31123,3,USC00252000,CRESCENT LAKE NWR,45.97108937851341,0.05375203347702402
31123,4,USW00024028,SCOTTSBLUFF W B HEILIG FLD AP,53.026523442454646,0.04039970372192317
31123,5,USC00257830,SIDNEY 6NNW,55.99033488713464,0.03623584214932778
31125,1,USC00253185,GENOA 2 W,19.69567624037516,0.4606124173513139
31125,2,USC00251560,CENTRAL CITY,30.740459246807205,0.1890848495277513
31125,3,USC00250070,ALBION,31.49010802222872,0.18018935642687128
31125,4,USC00256375,OSCEOLA,44.032393134104225,0.09215796059618808
31125,5,USC00253425,GREELEY,47.87574779560222,0.07795541609787525
31127,1,USC00250435,AUBURN 5 ESE,9.155972460669036,0.7435550772091764
31127,2,USC00258410,TABLE ROCK 4N,25.737982661513765,0.09409641792680354
31127,3,USC00258465,TECUMSEH 1S,29.13507370381477,0.0734327608672728
31127,4,USC00255810,NEBRASKA CITY 2NW,34.72399099179302,0.051696700937509645
31127,5,USW00094957,FALLS CITY BRENNER FLD,40.924035061896014,0.03721904305923763
31129,1,USC00258320,SUPERIOR,16.507295860978314,0.5508812897352832
31129,2,USC00144857,LOVEWELL DAM,30.797645819907302,0.15826134497721409
31129,3,USC00251684,CLAY CTR,38.28958593340203,0.10238788049045482
31129,4,USC00253735,HEBRON,38.78840234822721,0.09977140978353888
31129,5,USC00257070,RED CLOUD,41.138442852472934,0.088698075013509
31131,1,USC00258395,SYRACUSE,5.818300108626213,0.8775232515400568
31131,2,USC00255810,NEBRASKA CITY 2NW,21.680759246052848,0.06319779064890149
31131,3,USC00258465,TECUMSEH 1S,31.97900509282074,0.029048316861693124
31131,4,USC00250435,AUBURN 5 ESE,44.03163704251341,0.015322202756590506
31131,5,USC00258410,TABLE ROCK 4N,44.63847612936082,0.014908438192757957
31133,1,USC00258410,TABLE ROCK 4N,17.615455228718456,0.508572267080965
31133,2,USC00258465,TECUMSEH 1S,24.475741078436023,0.2634321129801787
31133,3,USC00142881,FRANKFORT 6NE,41.25843586017625,0.09270750578058369
31133,4,USC00145063,MARYSVILLE,47.11421489988297,0.07109458096948446
31133,5,USC00250435,AUBURN 5 ESE,49.5820601725667,0.06419353318878812
31135,1,USC00255090,MADRID,7.161592663663603,0.8596612061905876
31135,2,USC00256200,OGALLALA,31.00776007541335,0.04585701379296648
31135,3,USC00258920,WALLACE 2W,35.19981874756453,0.035584896392037685
31135,4,USW00024091,IMPERIAL MUNI AP,38.59062161150776,0.029606223390095915
31135,5,USC00254110,IMPERIAL,38.79794289406063,0.02929066023431255
31137,1,USC00253910,HOLDREGE,7.525516374561647,0.8375522279390605
31137,2,USC00256454,OXFORD 6NNW,29.490563179339397,0.05454040715015537
31137,3,USC00251450,CANADAY STEAM PLT,31.763701446554755,0.04701346897973117
31137,4,USC00255565,MINDEN,38.47590082741784,0.03204106293516185
31137,5,USC00254335,KEARNEY 4 NE,40.54600066467927,0.028852832995891222
31139,1,USW00014941,NORFOLK KARL STEFAN MEM AP,35.553059593866244,0.2833224492941102
31139,2,USC00256135,OAKDALE,37.01046577456643,0.26144831535014795
31139,3,USC00253630,HARTINGTON,47.95621375318674,0.15572027951712597
31139,4,USC00259045,WAYNE,48.224711967597,0.1539911152815907
31139,5,USC00252595,ELGIN,49.60887219721926,0.14551784055702516
31141,1,USC00251825,COLUMBUS 3 NE,19.91779813993498,0.445196921342732
31141,2,USC00253185,GENOA 2 W,25.122871392298293,0.2798312776684181
31141,3,USC00250070,ALBION,42.857175809011466,0.09615850628320988
31141,4,USC00256375,OSCEOLA,43.75483785463815,0.09225345672675585
31141,5,USC00254035,HOWELLS,45.170945944450594,0.08655983797888422
31143,1,USC00256375,OSCEOLA,1.658943980899273,0.9888989157134201
31143,2,USC00258328,SURPRISE,23.775048105856747,0.004814736610576326
31143,3,USC00253185,GENOA 2 W,33.46769465350576,0.00242976206229479
31143,4,USC00251825,COLUMBUS 3 NE,36.78268141655881,0.002011539529721346
31143,5,USC00251560,CENTRAL CITY,38.406440822600395,0.00184504608398738
31145,1,USC00255310,MC COOK,13.711861819794624,0.6293407025241744
31145,2,USC00251415,CAMBRIDGE,30.53874940228261,0.12687503650922793
31145,3,USC00252065,CULBERTSON,31.491907044898785,0.11931107395535226
31145,4,USC00145906,OBERLIN,38.75708865601294,0.0787728183219206
31145,5,USC00258628,TRENTON DAM 1N,50.88379408311441,0.045700368689324915
31147,1,USW00094957,FALLS CITY BRENNER FLD,12.069291491850736,0.6673514377185672
31147,2,USC00250435,AUBURN 5 ESE,27.554105905280704,0.12803995310692573
31147,3,USC00258410,TABLE ROCK 4N,33.60048646464286,0.08610473268633895
31147,4,USC00143634,HIAWATHA 1 S,35.77193602478724,0.0759684494341992
31147,5,USC00258465,TECUMSEH 1S,47.80613986857161,0.04253542705396901
31149,1,USC00250420,ATKINSON 3SW,34.65980092630536,0.3504420336486741
31149,2,USC00250050,AINSWORTH,39.16966463815711,0.2743902108151114
31149,3,USC00252680,ELSMERE 9 ENE,54.48757867361067,0.14179904359490655
31149,4,USC00258090,SPRINGVIEW 2NW,57.39044002997571,0.1278171738150356
31149,5,USC00256290,O'NEILL,63.15414744777399,0.10555153812627231
31151,1,USC00253065,FRIEND 3E,17.18791926843145,0.5064285694022012
31151,2,USC00252020,CRETE 4ESE,24.236384465251742,0.2547001153988214
31151,3,USC00253175,GENEVA,38.86187407217365,0.099064334814763
31151,4,USC00257715,SEWARD,44.629830143590496,0.07511286719577953
31151,5,USW00014939,LINCOLN AP,48.08947346762087,0.06469411318843478
31153,1,USW00014942,OMAHA EPPLEY AIRFIELD,27.919692080051153,0.30590219753168835
31153,2,USC00255362,MEAD 6S,31.285439708080226,0.24362357892822525
31153,3,USC00258795,VALLEY NWS,31.364336747438117,0.24239944951038458
31153,4,USC00253050,FREMONT,46.04724270178366,0.11245961325103358
31153,5,USC00255810,NEBRASKA CITY 2NW,49.93885065861916,0.09561516077866833
31155,1,USC00255362,MEAD 6S,16.183870949226783,0.47227827426837654
31155,2,USC00258795,VALLEY NWS,25.34764145545355,0.19252523860276882
31155,3,USC00253050,FREMONT,27.23655071374306,0.16674720661883366
31155,4,USC00252205,DAVID CITY 4E,34.89552507736091,0.10158353127891352
31155,5,USW00014939,LINCOLN AP,43.0109993000612,0.0668657492311074
31157,1,USW00024028,SCOTTSBLUFF W B HEILIG FLD AP,8.858667881195622,0.7531237519941626
31157,2,USC00255555,MINATARE DAM (USBR),19.599532343262354,0.15385505383780537
31157,3,USC00253605,HARRISBURG 12WNW,31.917139590494976,0.05801699870354451
31157,4,USC00251145,BRIDGEPORT,53.67416852114854,0.020515047820031725
31157,5,USC00250030,AGATE 3 E,63.86753773572741,0.014489147644455726
31159,1,USC00257715,SEWARD,6.567905682270827,0.837960766936732
31159,2,USC00253065,FRIEND 3E,24.970143898207205,0.05797428622910391
31159,3,USC00258328,SURPRISE,29.465584549338796,0.04163392717101858
31159,4,USW00014939,LINCOLN AP,31.70803844317919,0.035953299162844336
31159,5,USC00252020,CRETE 4ESE,36.948639660456784,0.02647772050030095
31161,1,USC00253355,GORDON 6N,44.82736755562317,0.4532601285271995
31161,2,USC00251575,CHADRON 3SW,64.9692662165822,0.215783417145152
31161,3,USC00252000,CRESCENT LAKE NWR,83.7581449905109,0.12983144449186548
31161,4,USC00394651,LACREEK NWR,92.49997747203236,0.10645124273003363
31161,5,USC00395285,MARTIN 8 E,98.08490274107453,0.09467376710574923
31163,1,USC00254985,LOUP CITY,6.694331800385976,0.8510400625845644
31163,2,USC00257040,RAVENNA,21.218213015712227,0.08471237599053508
31163,3,USC00256040,N LOUP,34.985473738427494,0.03115939057036745
31163,4,USC00256335,EVELYN SHARP FLD,45.02898558975985,0.01880962539792924
31163,5,USC00253425,GREELEY,51.682111931654376,0.014278545456603908
31165,1,USC00250030,AGATE 3 E,5.1489531479450275,0.9333083923213623
31165,2,USC00253615,HARRISON,26.96656020612405,0.03402608216747584
31165,3,USC00488997,TORRINGTON 29N,34.24441271376902,0.021100055910221554
31165,4,USC00255555,MINATARE DAM (USBR),64.78122869130547,0.0058960979444055315
31165,5,USC00485612,LINGLE 2WSW,66.063877690249,0.005669371656534932
31167,1,USW00014941,NORFOLK KARL STEFAN MEM AP,22.792516668928332,0.3679469194597902
31167,2,USC00254035,HOWELLS,25.373005416071678,0.29691074116305666
31167,3,USC00259045,WAYNE,38.14592219087477,0.13136313254283874
31167,4,USC00259200,W PT,38.90418257302826,0.12629237896305087
31167,5,USC00258915,WAKEFIELD 3NW,49.667342765492734,0.07748682787126362
31169,1,USC00253735,HEBRON,0.5336537813604981,0.9992792860944048
31169,2,USC00252820,FAIRBURY 7S,37.363744495610206,0.0002038474486036094
31169,3,USC00140682,BELLEVILLE,38.03109471068071,0.00019675619444903974
31169,4,USC00253175,GENEVA,40.69691955597409,0.0001718236703558084
31169,5,USC00258320,SUPERIOR,43.80786532154144,0.00014828659218683434
31171,1,USC00256970,PURDUM,32.67985144695107,0.3646720883096972
31171,2,USC00258133,STAPLETON 5W,44.638615747168785,0.19545250202207962
31171,3,USC00255700,MULLEN 3S,46.15217507894046,0.18284299417039923
31171,4,USC00250355,ARNOLD,54.97764028672574,0.1288517972671713
31171,5,USC00252680,ELSMERE 9 ENE,55.12138925004656,0.12818061823065266
31173,1,USW00014943,SIOUX CITY AP,29.3245010991401,0.3107587424286098
31173,2,USC00258915,WAKEFIELD 3NW,34.34274832210515,0.22657632334720992
31173,3,USC00259200,W PT,37.45524868181337,0.19048432786329017
31173,4,USC00259045,WAYNE,41.54623416620148,0.1548179421270068
31173,5,USC00258480,TEKAMAH,47.71746129321441,0.11736266423388325
31175,1,USC00256335,EVELYN SHARP FLD,7.184187195119859,0.7575667723254582
31175,2,USC00256040,N LOUP,19.004298593635284,0.10826111784370933
31175,3,USC00251345,BURWELL 2WSW,27.66121190717971,0.05110151671811881
31175,4,USC00252770,ERICSON 8 WNW,29.728457216729385,0.04424166413269458
31175,5,USC00254985,LOUP CITY,31.732946033821047,0.038828928980018954
31177,1,USC00253050,FREMONT,23.26260177394993,0.3087258763336092
31177,2,USC00258795,VALLEY NWS,26.62852685707178,0.2356108696559496
31177,3,USC00258480,TEKAMAH,28.265297352679646,0.2091137003870522
31177,4,USW00014942,OMAHA EPPLEY AIRFIELD,36.51866377063329,0.12527368368089026
31177,5,USC00134894,LOGAN 1 WNW,37.11569548538316,0.12127586994249873
31179,1,USC00259045,WAYNE,8.376012242637964,0.7886941119766042
31179,2,USC00258915,WAKEFIELD 3NW,21.167573968335848,0.12349262817329218
31179,3,USW00014941,NORFOLK KARL STEFAN MEM AP,36.07559644223491,0.04251636877640571
31179,4,USC00253630,HARTINGTON,46.47195787851542,0.025621306146462082
31179,5,USC00259200,W PT,53.03075090141986,0.019675584927235982
31181,1,USC00257070,RED CLOUD,9.385207771004088,0.8403110431178886
31181,2,USC00253037,FRANKLIN #2,39.11695349470432,0.04837241905691796
31181,3,USC00258320,SUPERIOR,39.68221016228633,0.04700414402284349
31181,4,USC00141179,BURR OAK 4S,45.5782104095328,0.03562979438347905
31181,5,USC00147542,SMITH CTR,50.79894269846518,0.02868259941887085
31183,1,USC00250525,BARTLETT 1W,5.380104703501926,0.9169537423285863
31183,2,USC00252770,ERICSON 8 WNW,28.405876886793468,0.03289368140708492
31183,3,USC00252595,ELGIN,37.58676900146318,0.018787063047630507
31183,4,USC00252805,EWING,40.440905506667605,0.01622882735286482
31183,5,USC00253425,GREELEY,41.874442911886796,0.015136685863833557
31185,1,USC00256375,OSCEOLA,34.82817296994288,0.2335624435216191
31185,2,USC00258328,SURPRISE,35.24575412353906,0.22806087226417365
31185,3,USC00253175,GENEVA,37.10446656046832,0.20578419250941307
31185,4,USC00253065,FRIEND 3E,39.82515086118333,0.1786280002316785
31185,5,USC00257715,SEWARD,42.89650523605195,0.15396449147311572
32001,1,USW00093102,FALLON NAAS,41.1051580554233,0.34420003198370036
32001,2,USC00262780,FALLON EXP STN,45.249291053118675,0.2840403196948963
32001,3,USW00024172,LOVELOCK DERBY FLD AP,64.53499142693356,0.13964102818634735
32001,4,USC00264349,LAHONTAN DAM,69.08219075242222,0.12186285488602362
32001,5,USC00264698,LOVELOCK,72.62750445844193,0.11025576524903236
32005,1,USC00265191,MINDEN,15.443740691930824,0.36033039706147724
32005,2,USC00268186,TOPAZ LAKE,20.040896725044842,0.21397922103008962
32005,3,USC00267612,SMITH 6 N,22.466576969916606,0.17026762819336275
32005,4,USC00262119,DAGGET PASS,25.741593497105733,0.12969852786030053
32005,5,USS0019L40S,Monitor Pass,26.145290163986992,0.1257242258547699
32013,1,USC00265818,OROVADA 3 W,29.93816545302095,0.36517931751459426
32013,2,USC00264236,KINGS RVR VLY - OROVADA 26NW,38.21007779300718,0.22418197827002007
32013,3,USS0017H07S,Lamance Creek,43.29510574138262,0.17461394793922147
32013,4,USC00264527,LEONARD CREEK RCH - DENIO 33S,50.760181174422094,0.1270311453861801
32013,5,USS0017H08S,Granite Peak,54.799645638986064,0.10899361088998406
32019,1,USC00269229,YERINGTON,4.29508416741477,0.7738720716827177
32019,2,USC00268822,WABUSKA 6 SE,8.946791150628098,0.17835197881686407
32019,3,USC00267612,SMITH 6 N,20.468900868110026,0.03407402877586533
32019,4,USC00268186,TOPAZ LAKE,41.945428683429434,0.008114154200101233
32019,5,USC00268761,VIRGINIA CITY,50.546040363845236,0.005587766524451841
32027,1,USC00267192,RYE PATCH DAM,9.34096777855553,0.8048297058835098
32027,2,USC00264698,LOVELOCK,30.5323167231232,0.0753300451852125
32027,3,USC00263957,IMLAY,31.84791326079113,0.06923501363745886
32027,4,USW00024172,LOVELOCK DERBY FLD AP,43.48804050894675,0.03713197645557432
32027,5,USW00024128,WINNEMUCCA AP,72.19507072704002,0.013473258838244484
32031,1,USC00044374,JESS VALLEY,80.22262286249415,0.2611694928610285
32031,2,USC00267953,SUTCLIFFE,86.9627473409812,0.22225403620845066
32031,3,USC00048702,SUSANVILLE 2SW,91.40473788738393,0.20117719319967217
32031,4,USC00041614,CEDARVILLE,98.76308330065427,0.1723165061061441
32031,5,USS0020H06S,Cedar Pass,108.3838085513282,0.14308277162470467
34001,1,USW00093730,ATLANTIC CITY INTL AP,6.059077602378126,0.812298890697087
34001,2,USC00282805,ESTELL MANOR,19.348432818173283,0.07965944972903134
34001,3,USW00013724,ATLANTIC CITY MARINA,20.72442469025069,0.06943267908828821
34001,4,USC00284229,INDIAN MILLS 2 W,38.793837513531685,0.0198154256115105
34001,5,USW00013735,MILLVILLE MUNI AP,39.83455562080201,0.018793554874082883
34005,1,USC00284229,INDIAN MILLS 2 W,13.151218294924476,0.4668523737098969
34005,2,USC00285728,MOORESTOWN 4 E,20.063466002881153,0.20058554082511448
34005,3,USC00286964,PHILADELPHIA/MT HOLLY WFO,20.23964251443591,0.197108734499581
34005,4,USC00286864,PENNSAUKEN 1N,32.211477660228695,0.07781982477500585
34005,5,USW00094732,NE PHILA AP,37.42985772855111,0.057633526190401616
34007,1,USC00284229,INDIAN MILLS 2 W,15.436121352413478,0.3286470775926472
34007,2,USC00286864,PENNSAUKEN 1N,18.92319673173489,0.21868406299580878
34007,3,USC00285728,MOORESTOWN 4 E,20.191904371038614,0.1920664819731136
34007,4,USW00013739,PHILA INTL AP,24.01264497636552,0.13580824694276428
34007,5,USC00366886,PHILA FRANKLIN INST,25.049899731234518,0.12479413049566628
34009,1,USC00281351,CAPE MAY 2 NW,16.652860159215994,0.5781199629613168
34009,2,USC00282805,ESTELL MANOR,33.08593042519142,0.1464565947312041
34009,3,USW00013735,MILLVILLE MUNI AP,36.994726189823886,0.11714290823781674
34009,4,USC00075320,LEWES,43.035512340473055,0.0865648699992181
34009,5,USW00093730,ATLANTIC CITY INTL AP,47.28145210400394,0.07171566407044418
34011,1,USW00013735,MILLVILLE MUNI AP,5.634258997945451,0.8534633090860633
34011,2,USC00287936,SEABROOK FARMS,19.572729485505107,0.07072218689480918
34011,3,USC00282805,ESTELL MANOR,25.850157544995362,0.04054451228524662
34011,4,USC00072730,DOVER,38.754637613808065,0.018038943929013885
34011,5,USC00287850,SALEM,39.65275721250578,0.017231047804867325
34015,1,USW00013739,PHILA INTL AP,18.10864751763357,0.3796185909722455
34015,2,USC00366886,PHILA FRANKLIN INST,26.313504422532798,0.17978858787146182
34015,3,USC00287936,SEABROOK FARMS,26.968272821516834,0.1711643193760895
34015,4,USC00286864,PENNSAUKEN 1N,29.03660521027624,0.14764808681951208
34015,5,USC00287850,SALEM,31.972090012581607,0.1217804149606911
34019,1,USC00283029,FLEMINGTON 5 NNW,2.742214209840554,0.944506306686238
34019,2,USC00289363,WERTSVILLE 4 NE,16.880279006636314,0.024925758038220665
34019,3,USC00287899,SCHOOLEY'S MTN 1 SW,25.433101855789563,0.010980167241171391
34019,4,USC00361080,BUCKSVILLE,25.741781478492275,0.010718411281530315
34019,5,USC00286979,PHILLIPSBURG-EASTON BRG,28.29813056788563,0.008869356752839445
34021,1,USW00014792,TRENTON-MERCER AP,9.527834274723425,0.3761331050358617
34021,2,USC00288880,EWING 3 WNW,11.72409954920242,0.2484110745386815
34021,3,USC00283951,HIGHTSTOWN 2 W,11.97144918511239,0.23825196726028963
34021,4,USC00289363,WERTSVILLE 4 NE,19.891855422079292,0.08629375356012273
34021,5,USC00366194,NESHAMINY FALLS,25.89780763819117,0.050910099605044404
34023,1,USC00286055,NEW BRUNSWICK 3 SE,3.9034541607586846,0.911080082953337
34023,2,USC00283181,FREEHOLD-MARLBORO,19.28016345199904,0.037345071669988135
34023,3,USC00283951,HIGHTSTOWN 2 W,23.398137796524512,0.02535666491170898
34023,4,USC00289363,WERTSVILLE 4 NE,31.489367485734522,0.013999961637044653
34023,5,USW00014734,NEWARK LIBERTY INTL AP,33.70725685898098,0.012218218827921328
34025,1,USC00283181,FREEHOLD-MARLBORO,8.87197098621556,0.6003474011567083
34025,2,USC00284987,LONG BRANCH-OAKHURST,12.832355099385865,0.2869657876177707
34025,3,USC00286055,NEW BRUNSWICK 3 SE,30.81994835477222,0.04974839196510778
34025,4,USC00283951,HIGHTSTOWN 2 W,35.00610477873641,0.0385616211868318
34025,5,USW00014734,NEWARK LIBERTY INTL AP,44.02841997490575,0.024376798073581642
34027,1,USC00280907,BOONTON 1 SE,13.2007285670499,0.41565103179395774
34027,2,USC00281335,CANOE BROOK,20.720585808518482,0.1687021456520614
34027,3,USC00281582,CHARLOTTEBURG RSVR,21.63339684761584,0.15476588340975078
34027,4,USC00282768,ESSEX FELLS SVC BLDG,22.149643235306065,0.14763563435764376
34027,5,USC00287899,SCHOOLEY'S MTN 1 SW,25.29019803908237,0.11324530478658634
34029,1,USC00284229,INDIAN MILLS 2 W,45.155638130653564,0.24249882695101765
34029,2,USC00283181,FREEHOLD-MARLBORO,49.8120334839903,0.19928062079382705
34029,3,USC00286964,PHILADELPHIA/MT HOLLY WFO,50.43561383229593,0.19438331689040986
34029,4,USC00283951,HIGHTSTOWN 2 W,51.58155148636184,0.18584240131984697
34029,5,USC00284987,LONG BRANCH-OAKHURST,52.70636995776799,0.17799483404489844
34033,1,USC00287850,SALEM,8.955312344168401,0.6004098344368309
34033,2,USC00287936,SEABROOK FARMS,15.21699141513293,0.20794653186204132
34033,3,USW00013781,WILMINGTON NEW CASTLE CO AP,24.023105570072318,0.08343551927115006
34033,4,USC00079605,WILMINGTON PORTER RSCH,27.258736431736626,0.06480340591522957
34033,5,USW00013735,MILLVILLE MUNI AP,33.30705347933527,0.04340470851474824
34035,1,USC00289363,WERTSVILLE 4 NE,18.46418127896724,0.2999954380620174
34035,2,USC00286055,NEW BRUNSWICK 3 SE,19.617420024672786,0.2657608350598216
34035,3,USC00283029,FLEMINGTON 5 NNW,22.130785553923424,0.20882433230071756
34035,4,USC00281335,CANOE BROOK,29.92883853667483,0.11418131351096787
34035,5,USC00287899,SCHOOLEY'S MTN 1 SW,30.3221950078949,0.11123808106647554
34037,1,USC00288644,SUSSEX 1 NW,10.794708558254309,0.6733882300491458
34037,2,USC00281582,CHARLOTTEBURG RSVR,25.384322289379433,0.12177446157149042
34037,3,USC00306774,PORT JERVIS,27.992315097548772,0.10014049362999991
34037,4,USC00280907,BOONTON 1 SE,36.898846049946435,0.05763174839667341
34037,5,USC00287899,SCHOOLEY'S MTN 1 SW,40.831406908079515,0.047065066352690456
34041,1,USC00280734,BELVIDERE BRG,6.770455408279945,0.7331643138377166
34041,2,USC00287899,SCHOOLEY'S MTN 1 SW,16.73315184508505,0.12002772591015701
34041,3,USC00286979,PHILLIPSBURG-EASTON BRG,23.78160874213737,0.05942300669046441
34041,4,USC00368596,E STROUDSBURG,24.43651245828555,0.05628058898389729
34041,5,USC00283029,FLEMINGTON 5 NNW,32.87061836698611,0.03110436457776467
35001,1,USC00290231,ALBUQUERQUE VALLEY,4.208372451418193,0.5115968182385796
35001,2,USW00023050,ALBUQUERQUE INTL AP,5.040047423809629,0.35668670914443584
35001,3,USC00296754,PETROGLYPH NATL MON,10.244272719547116,0.08633639480102046
35001,4,USC00290225,ALBUQUERQUE FOOTHILLS NE,18.037401438918046,0.027848911867236044
35001,5,USC00292100,CORRALES,22.733834079347773,0.017531165948728073
35003,1,USC00297386,RESERVE RS,41.13430439434179,0.33614417823131215
35003,2,USC00297180,QUEMADO,50.12527864795096,0.22637074975610805
35003,3,USS0008S01S,Frisco Divide,54.59650221222896,0.1908113784720672
35003,4,USS0008S08S,Silver Creek Divide,66.0416138075128,0.13040629449477684
35003,5,USC00020159,ALPINE,69.94198857592062,0.11626739904573581
35005,1,USW00023009,ROSWELL IND AIR PK,7.016514632781648,0.7439066694557636
35005,2,USC00290992,BITTER LAKES WL REFUGE,12.464763415347129,0.2357182689571346
35005,3,USC00294112,HOPE,66.28329180549957,0.008335913240360185
35005,4,USC00290600,ARTESIA 6S,67.96150585437177,0.007929308894103102
35005,5,USC00291153,BRANTLEY DAM,94.39918243495217,0.004109839452638683
35006,1,USC00292785,EL MORRO NATL MON,34.7004485610593,0.4113250808255882
35006,2,USC00292250,CUBERO,46.7677384050654,0.22644494577988145
35006,3,USC00296812,PIETOWN 19NE,49.3205548228835,0.20361016806490023
35006,4,USW00093044,ZUNI,78.68664441055866,0.0799932457671498
35006,5,USC00297180,QUEMADO,79.3675635249477,0.07862655956248019
35007,1,USC00295490,MAXWELL 3 NW,6.773542526718642,0.785320672856534
35007,2,USW00023052,RATON MUNI CREWS FLD AP,18.550956224139266,0.10469987241112984
35007,3,USC00298501,SPRINGER,28.249895974331455,0.04514867898760465
35007,4,USC00291813,CIMARRON 4 SW,31.80486814217612,0.035619806412565
35007,5,USC00297280,RATON KRTN RADIO,35.120961130402264,0.029210969332166388
35009,1,USC00291963,CLOVIS 13 N,12.24065656655332,0.8045009579485735
35009,2,USC00297226,RAGLAND 3 SSW,43.461747247724624,0.06381483171597774
35009,3,USC00297008,PORTALES,44.34600227470013,0.061295281245390985
35009,4,USC00413368,FRIONA,57.521577020519054,0.036431279431965564
35009,5,USC00297867,SAN JON,59.57981965413069,0.033957649658092164
35011,1,USC00299851,YESO 2 S,22.925152988678818,0.5092486903791338
35011,2,USC00298596,SUMNER LAKE,27.158372800749536,0.3628665326436771
35011,3,USC00297226,RAGLAND 3 SSW,73.5254900166916,0.04950836120162579
35011,4,USC00298107,SANTA ROSA,73.80147021923871,0.049138781014629734
35011,5,USC00297008,PORTALES,95.67667733425375,0.02923763476093366
35013,1,USC00298535,STATE UNIV,10.331008142276938,0.8563706053218448
35013,2,USC00294426,JORNADA EXP RANGE,30.90128440653183,0.09571810613861637
35013,3,USW00023044,EL PASO INTL AP,73.70653484413339,0.016824228998628118
35013,4,USC00291286,CABALLO DAM,75.18865878605794,0.016167485629201336
35013,5,USC00299686,WHITE SANDS NATL MON,78.27000644936234,0.014919573911709606
35015,1,USC00291153,BRANTLEY DAM,9.635760313995117,0.48989710547851567
35015,2,USW00093033,CAVERN CITY AP,14.534742920016935,0.21530897882920655
35015,3,USC00291469,CARLSBAD,14.553216474437642,0.2147627081608425
35015,4,USC00291480,CARLSBAD CAVERNS,33.6386324222587,0.04019760590214281
35015,5,USC00290600,ARTESIA 6S,33.79197983936235,0.03983360162929243
35017,1,USC00293265,FT BAYARD 4W,15.826048687473532,0.29352811470101997
35017,2,USC00291910,CLIFF 11 SE,16.14950959685516,0.2818876326249833
35017,3,USC00299691,WHITE SIGNAL,19.02011235504859,0.2032209812233042
35017,4,USW00093063,SILVER CITY CO AP,22.908758478512517,0.14008498659500243
35017,5,USS0008T01S,Signal Peak,30.075308080619457,0.0812782848556901
35019,1,USC00298107,SANTA ROSA,11.1984133096123,0.838027504155064
35019,2,USC00292510,DILIA,42.841774737082794,0.05725802323416603
35019,3,USC00298596,SUMNER LAKE,47.328255022070934,0.04691700408868308
35019,4,USC00299851,YESO 2 S,54.23054259824077,0.03573414189913531
35019,5,USC00296687,PEDERNAL 9 E,69.01605504795656,0.022063326622951435
35021,1,USC00295937,MOSQUERO 1 NE,10.339972330187187,0.8912271220491947
35021,2,USC00296619,PASAMONTE,49.96691109685762,0.03816472544999864
35021,3,USC00292030,CONCHAS DAM,58.790524705683396,0.02756845800051614
35021,4,USC00290377,AMISTAD 5 SSW,60.53363872581249,0.026003606579953195
35021,5,USC00299156,TUCUMCARI 4 NE,74.78743484934873,0.017036087920337225
35023,1,USC00290417,ANIMAS 3ESE,4.7324491324125395,0.9574949554190202
35023,2,USC00293775,HACHITA 1W,38.55962983673345,0.014422571194002488
35023,3,USC00026716,PORTAL 4 SW,42.86285770963967,0.011672023644526738
35023,4,USC00026242,PARADISE,44.24065404824066,0.010956335584239583
35023,5,USC00027560,SAN SIMON,62.70354430934324,0.0054541141582110635
35025,1,USC00294028,HOBBS FAA,21.95896495232917,0.4949153333431348
35025,2,USC00294026,HOBBS,27.460033319778123,0.31648455503864126
35025,3,USC00412408,DENVER CITY,58.106344367874385,0.07068178897618756
35025,4,USC00299569,WASTE ISOLT'N PILOT PLT,58.84287861113629,0.06892342006737429
35025,5,USC00417074,PLAINS,69.79139368334302,0.048994902574662186
35029,1,USW00023078,DEMING MUNI AP,8.672285682540462,0.9402815118323462
35029,2,USC00293775,HACHITA 1W,63.52042144675844,0.017526625503654258
35029,3,USW00093063,SILVER CITY CO AP,63.56950163365234,0.017499572342578616
35029,4,USC00299691,WHITE SIGNAL,71.30766976980252,0.013907611796726876
35029,5,USC00293265,FT BAYARD 4W,80.97648524595097,0.010784678524694176
35031,1,USW00023081,GALLUP MUNI AP,49.55354275030778,0.3218529229841421
35031,2,USC00291647,CHACO CANYON NATL MON,58.29573852725747,0.23255905749631034
35031,3,USC00292785,EL MORRO NATL MON,61.328744412840386,0.2101254850538121
35031,4,USW00093044,ZUNI,77.98771251955307,0.12994348546536544
35031,5,USC00292250,CUBERO,86.54420716855311,0.10551904900036997
35033,1,USC00296275,OCATE 2 NW,25.605250212712413,0.46741494716715665
35033,2,USW00023054,LAS VEGAS MUNI AP,41.281906912941245,0.1798213045639913
35033,3,USC00293488,GASCON,48.44581329180414,0.13057142453617912
35033,4,USC00298501,SPRINGER,51.956599881860086,0.11352178194212507
35033,5,USC00294862,LAS VEGAS WWTP,53.10365408435976,0.108670541790548
35035,1,USC00291931,CLOUDCROFT,33.85002614114892,0.3354366978500615
35035,2,USC00295960,MTN PARK,38.2441828139852,0.2627833349060184
35035,3,USC00299686,WHITE SANDS NATL MON,43.82842723089988,0.20008605340526237
35035,4,USC00292865,ELK,51.08073421488984,0.1473039283353086
35035,5,USC00297649,RUIDOSO,84.06298820821075,0.05438998550334915
35037,1,USW00023048,TUCUMCARI MUNI AP,9.510863499809062,0.6091984429334996
35037,2,USC00299156,TUCUMCARI 4 NE,16.343962295940408,0.20629275630572227
35037,3,USC00297867,SAN JON,19.99232299568741,0.13787075784095512
35037,4,USC00297226,RAGLAND 3 SSW,40.72260230447569,0.033229793008215054
35037,5,USC00291963,CLOVIS 13 N,64.10815717457018,0.013408249911608092
35039,1,USC00292837,EL VADO DAM,9.787617931042178,0.7940970422705713
35039,2,USS0006N04S,Bateman,33.42415041910735,0.06809368542206382
35039,3,USC00290041,ABIQUIU DAM,38.276195902573384,0.05192422903191186
35039,4,USC00294960,LINDRITH 1 WSW,39.511815922130985,0.048727442146915385
35039,5,USS0006N14S,Hopewell,45.24701805768369,0.03715760112853745
35041,1,USC00297008,PORTALES,20.859999933282754,0.7384556206055768
35041,2,USC00416137,MULESHOE NWR,65.41942916877689,0.07508263493082044
35041,3,USC00291963,CLOVIS 13 N,68.75515286623065,0.06797394907315613
35041,4,USC00416135,MULESHOE #1,72.48351504613836,0.06116099099710276
35041,5,USC00416074,MORTON,74.86824213524608,0.0573268043933438
35043,1,USC00294369,JEMEZ SPRINGS,20.4977228117167,0.38907786027826435
35043,2,USC00299031,TORREON NAVAJO MISSION,29.760726889999546,0.18456981709089998
35043,3,USC00299820,WOLF CANYON,31.689041590718535,0.16279068163850316
35043,4,USC00294398,JOHNSON RCH,35.1004924159559,0.13268484835776787
35043,5,USS0006P10S,Senorita Divide #2,35.34211646291709,0.13087679263456473
35045,1,USC00293142,FARMINGTON AG SCI CNT,19.852452487255597,0.5034827257694304
35045,2,USW00023090,FARMINGTON FOUR CORNERS RGNL A,27.156896546514773,0.2690621632683334
35045,3,USC00290692,AZTEC RUINS NM,46.128125282419624,0.09325696901986463
35045,4,USC00296465,OTIS,47.583225357528,0.08764056161555618
35045,5,USC00291647,CHACO CANYON NATL MON,65.28467584097831,0.04655758032681536
35047,1,USW00023054,LAS VEGAS MUNI AP,36.25596210088505,0.2838928620891307
35047,2,USC00294862,LAS VEGAS WWTP,38.42176888577057,0.2527892672320933
35047,3,USC00292510,DILIA,39.84137956072719,0.23509565657586382
35047,4,USC00292030,CONCHAS DAM,56.062388554017716,0.11873264632362962
35047,5,USC00298107,SANTA ROSA,58.380834715139656,0.10948956777928257
35049,1,USC00298085,SANTA FE 2,11.70582960390708,0.5125904908311086
35049,2,USW00023049,SANTA FE CO MUNI AP,16.024422335302567,0.2735332818008179
35049,3,USC00296676,PECOS NM,25.209692220258333,0.11051973992337832
35049,4,USC00291982,COCHITI DAM,36.166418686846995,0.05369871953325113
35049,5,USC00298518,STANLEY 2 NNE,37.60918077284604,0.04965776791144404
35051,1,USC00292848,ELEPHANT BUTTE DAM,2.9842234224555524,0.9446602171942965
35051,2,USW00093045,TRUTH OR CONSEQUENCES MUNI AP,15.051604253534546,0.03713408382980481
35051,3,USC00291286,CABALLO DAM,27.19736702174681,0.011373249631569275
35051,4,USC00294009,HILLSBORO,41.579227416931516,0.004866149693848138
35051,5,USS0007S04S,Lookout Mountain,65.41002223838298,0.0019662996504813844
35053,1,USC00298387,SOCORRO,9.186867420297386,0.7872767460808417
35053,2,USC00291138,BOSQUE DEL APACHE,21.294685406355796,0.14652774454579448
35053,3,USC00290915,BERNARDO,48.83539822816653,0.027860753293468814
35053,4,USC00290983,BINGHAM 2 NE,55.12280490857253,0.02186752868195264
35053,5,USC00290640,AUGUSTINE 2E,63.521525516173654,0.016467227397942277
35055,1,USC00291630,CERRO,18.598441823387446,0.39981040856908834
35055,2,USC00297323,RED RVR,24.740683843929077,0.22593515856431387
35055,3,USS0005N11S,Red River Pass #2,29.96072016701678,0.15406455035797337
35055,4,USC00292700,EAGLE NEST,33.657613925609624,0.1220788890461222
35055,5,USC00290407,ANGEL FIRE 1S,37.54436574792516,0.09811099346250217
35057,1,USC00293060,ESTANCIA 4N,32.69760275073018,0.2774325405707134
35057,2,USC00295965,MOUNTAINAIR,34.10719558529679,0.2549747660897387
35057,3,USC00293649,GRAN QUIVIRA NATL MON,37.75568232796537,0.20807724002631436
35057,4,USC00296687,PEDERNAL 9 E,38.728092180161354,0.19775934667037845
35057,5,USC00298518,STANLEY 2 NNE,69.30341866234787,0.061756106642855066
35059,1,USC00293706,GRENVILLE,17.399383908292776,0.5490073132771074
35059,2,USW00023051,CLAYTON MUNI AIR PK,29.14244516127344,0.19570138321696254
35059,3,USC00296619,PASAMONTE,31.672253276113825,0.1656868142658402
35059,4,USC00291450,CAPULIN,53.967216318739936,0.05706710434296264
35059,5,USC00054546,KIM 10SSE,71.47128873449421,0.03253738489712737
35061,1,USC00295150,LOS LUNAS 3 SSW,7.00018469220453,0.8800602775300493
35061,2,USC00290915,BERNARDO,32.88157853850216,0.03988651563263702
35061,3,USC00290231,ALBUQUERQUE VALLEY,35.42334973411255,0.03436783402457587
35061,4,USW00023050,ALBUQUERQUE INTL AP,40.12433833783138,0.026786480100170033
35061,5,USC00296754,PETROGLYPH NATL MON,47.76915162234144,0.018898892712567745
36001,1,USC00300063,ALCOVE DAM,13.440282634847991,0.595607047482169
36001,2,USW00014735,ALBANY INTL AP,22.731149779444184,0.20822545692488179
36001,3,USC00301595,COBLESKILL 2 ESE,39.321654805519046,0.06958458770841873
36001,4,USC00304025,HUDSON CORRECTIONAL FACILITY,40.72204306206977,0.06488099677117713
36001,5,USC00302366,E JEWETT,41.757934391762994,0.0617019111133535
36003,1,USC00300183,ANGELICA,7.00389219534258,0.7328866420547764
36003,2,USC00309072,WELLSVILLE,15.90789617248426,0.1420660207390988
36003,3,USC00300085,ALFRED,21.666551934812897,0.07658365813344492
36003,4,USC00303025,FRANKLINVILLE,37.132336514404905,0.026074209843034345
36003,5,USC00306196,OLEAN,40.07153293819376,0.022389469229645544
36007,1,USW00004725,BINGHAMTON,13.397338451255665,0.8043865201294934
36007,2,USC00306085,NORWICH,46.51798613737317,0.06672061365965089
36007,3,USC00367029,PLEASANT MT 1 W,56.707352347726086,0.044897597330108494
36007,4,USC00303050,FREEVILLE 1 NE,57.32609476825554,0.04393363396128048
36007,5,USC00309047,WAVERLY,60.032521696011166,0.040061634919466675
36009,1,USC00304808,LITTLE VALLEY,12.394220779055992,0.4360426158206215
36009,2,USC00300093,ALLEGANY SP,17.03068888327535,0.23094202079105552
36009,3,USC00303025,FRANKLINVILLE,19.164735152066466,0.18237350657358223
36009,4,USC00306196,OLEAN,25.300469135545118,0.10464301494795665
36009,5,USC00360868,BRADFORD 4SW RSCH 5,38.16016531488775,0.045998841866784115
36011,1,USC00300321,AUBURN,8.766563943401913,0.828089852542235
36011,2,USC00300331,AURORA RSCH FARM,31.30800409340717,0.06492702576059264
36011,3,USW00014771,SYRACUSE HANCOCK INTL AP,39.904324838209725,0.03996652033738242
36011,4,USC00303184,GENEVA RSCH FARM,39.92427303473005,0.039926591704221547
36011,5,USC00307842,SODUS 1W,48.468943844202684,0.02709000965556833
36013,1,USW00014747,DUNKIRK CHAUTAUQUA CO AP,23.635691803677766,0.4533105346375373
36013,2,USC00304207,JAMESTOWN 4 ENE,29.748035594254336,0.2861645706179402
36013,3,USC00304808,LITTLE VALLEY,49.37006539952051,0.10389748708359957
36013,4,USC00369298,WARREN,55.15642380579868,0.08324156732776904
36013,5,USC00300093,ALLEGANY SP,58.7435364965414,0.07338584033315387
36015,1,USC00302610,ELMIRA,8.769961349477649,0.5589881069372075
36015,2,USW00014748,ELMIRA CORNING RGNL AP,12.424332049528038,0.2785170760689283
36015,3,USC00309047,WAVERLY,24.87823160329796,0.06946386013039153
36015,4,USC00301787,CORNING,26.163995952836835,0.06280435793814101
36015,5,USC00361838,COWANESQUE DAM,37.714149788020265,0.030226598925331593
36017,1,USC00306085,NORWICH,7.734313408594036,0.8340460158124663
36017,2,USC00307705,SHERBURNE,23.488349874764626,0.0904333315185308
36017,3,USC00305512,MORRISVILLE 6 SW,41.69391281327925,0.028700419014367207
36017,4,USW00004725,BINGHAMTON,44.113014779345676,0.025638940014418913
36017,5,USC00305113,EMMONS,48.533379354523795,0.021181293640216727
36019,1,USC00301966,DANNEMORA,3.909163569964084,0.9272597230047109
36019,2,USW00004742,PLATTSBURGH INTL AP,22.069929171086823,0.029091572894479136
36019,3,USC00306538,PERU 2 WSW,23.38735071945455,0.02590639749209707
36019,4,USC00437607,S HERO,34.81051316271964,0.011693599909726089
36019,5,USC00304996,MALONE,48.40088222065703,0.006048706698986662
36021,1,USC00304025,HUDSON CORRECTIONAL FACILITY,13.621109216152075,0.6660904123163264
36021,2,USW00014763,PITTSFIELD MUNI AP,34.156850991325236,0.10592597803044142
36021,3,USC00300063,ALCOVE DAM,35.16234048696261,0.09995455334663944
36021,4,USC00302366,E JEWETT,42.64124781057936,0.06796703473341888
36021,5,USC00065445,NORFOLK 2 SW,45.36063166061963,0.060062021573173884
36023,1,USC00303050,FREEVILLE 1 NE,22.82705740593565,0.440210885268445
36023,2,USC00304174,ITHACA CORNELL UNIV,34.54871463864081,0.19217498265676675
36023,3,USC00305512,MORRISVILLE 6 SW,39.68882757237157,0.14562103037081447
36023,4,USW00004725,BINGHAMTON,44.48813774020473,0.11589699774402025
36023,5,USC00306085,NORWICH,46.497606903845885,0.10609610395995346
36025,1,USC00302036,DELHI 2 SE,8.326763062795344,0.6500613885148107
36025,2,USC00302169,DOWNSVILLE DAM,13.053458663078455,0.2645182183040093
36025,3,USC00305113,EMMONS,30.83624940795717,0.04740058328776898
36025,4,USC00304731,LIBERTY 1 NE,47.47376201428557,0.019998595143544774
36025,5,USC00304575,LANSING MANOR,50.01051900260543,0.0180212147498664
36027,1,USW00014757,POUGHKEEPSIE AP,18.553879733437153,0.5650227196990018
36027,2,USC00305426,MOHONK LAKE,34.35551090292471,0.1647944430177101
36027,3,USC00309292,W PT,44.46986577784857,0.09835665451919372
36027,4,USC00061762,DANBURY,47.51565212756097,0.08615133216656515
36027,5,USC00307742,SHRUB OAK,47.64759832263538,0.08567485059752936
36029,1,USC00308910,WALES,19.479886534379318,0.4001430752064458
36029,2,USW00014733,BUFFALO,22.070609816304646,0.311716280378011
36029,3,USC00306047,N TONAWANDA,34.52881712205822,0.12735756584857844
36029,4,USW00004724,NIAGARA FALLS INTL AP,41.62275888805152,0.08764485457900134
36029,5,USC00304844,LOCKPORT 2SE,45.56400287001898,0.07313822398796344
36031,1,USC00304555,LAKE PLACID 2 S,27.13742720591395,0.4319995170037498
36031,2,USC00305714,NEWCOMB,38.66187082167853,0.21284079548937734
36031,3,USC00431580,CORNWALL,48.45338056703587,0.13551034107013296
36031,4,USC00306538,PERU 2 WSW,53.33078487244879,0.11185738282052657
36031,5,USC00308631,TUPPER LAKE SUNMOUNT,54.327173499764676,0.1077919636162135
36033,1,USC00304996,MALONE,27.50354444622689,0.402527928262245
36033,2,USC00304555,LAKE PLACID 2 S,41.399346296741946,0.1776586603052252
36033,3,USC00308631,TUPPER LAKE SUNMOUNT,41.67942712298136,0.1752789923868377
36033,4,USC00301966,DANNEMORA,48.692322721148116,0.12842582565507818
36033,5,USC00301664,COLTON 2 N,51.20996666282856,0.11610859339061383
36035,1,USC00301708,CONKLINGVILLE DAM,46.336321932579146,0.25759739268518284
36035,2,USC00307484,SARATOGA SPRINGS 4 SW,49.60730619171568,0.2247466822743642
36035,3,USC00301595,COBLESKILL 2 ESE,49.884377446829156,0.2222570085928122
36035,4,USC00301752,COOPERSTOWN,60.3775348346971,0.15171685229495313
36035,5,USC00308578,TRENTON FALLS,62.04274577365895,0.14368206415268767
36037,1,USC00300443,BATAVIA,3.7694731286880647,0.9435930248274343
36037,2,USC00300055,ALBION,24.97658011603845,0.021492160711921823
36037,3,USC00300937,BROCKPORT,30.855562922860948,0.014082477865211098
36037,4,USC00308962,WARSAW 6 SW,35.13260118880622,0.010862390555439593
36037,5,USC00300343,AVON,36.67132556362706,0.009969946039993146
36039,1,USC00302366,E JEWETT,5.860813560892297,0.8823257642143952
36039,2,USC00300063,ALCOVE DAM,27.478399418876318,0.040138571228958024
36039,3,USC00304025,HUDSON CORRECTIONAL FACILITY,29.729958676132895,0.034289106009166424
36039,4,USC00304575,LANSING MANOR,31.558527912291485,0.03043065495928208
36039,5,USC00301595,COBLESKILL 2 ESE,48.62927231523823,0.012815903588198204
36043,1,USC00306184,OLD FORGE,18.81811324816901,0.4807994276180488
36043,2,USC00300668,BIG MOOSE 3 SE,27.524585448452687,0.22473697150913677
36043,3,USC00308248,STILLWATER RSVR,38.91903067742057,0.11240666614489546
36043,4,USC00308578,TRENTON FALLS,41.5328497474943,0.09870351881560394
36043,5,USC00300785,BOONVILLE 4 SSW,45.195619908351425,0.08335341591231507
36045,1,USW00094790,WATERTOWN AP,2.3172993971181377,0.9665519901162932
36045,2,USC00309000,WATERTOWN,14.39232951034635,0.025056899410313405
36045,3,USC00308455,THERESA 4NW,35.51371234128476,0.004115260876663493
36045,4,USC00306867,PULASKI,47.71813529349439,0.0022794107299045014
36045,5,USC00304912,LOWVILLE,50.987855958743765,0.0019964388668256582
36049,1,USC00304912,LOWVILLE,3.3006763507976675,0.9709878556237428
36049,2,USC00308248,STILLWATER RSVR,34.88713716241986,0.008691385550111114
36049,3,USC00306184,OLD FORGE,38.92432716577488,0.0069819615476299805
36049,4,USC00300785,BOONVILLE 4 SSW,39.003933688561496,0.006953490445956237
36049,5,USC00309000,WATERTOWN,40.70230037215039,0.006385306832559838
36051,1,USC00305597,MT MORRIS 2W,10.363234352976319,0.42730590026865667
36051,2,USC00303773,HEMLOCK,14.792408855650793,0.20972573460767235
36051,3,USW00094704,DANSVILLE MUNI AP,18.48110915708999,0.1343610731752964
36051,4,USC00301974,DANSVILLE,18.94201435997943,0.127901961629925
36051,5,USC00300343,AVON,21.347082819669907,0.1007053303184495
36053,1,USC00305512,MORRISVILLE 6 SW,9.16135850210736,0.8178427471635912
36053,2,USC00307705,SHERBURNE,28.880624291911566,0.08229556088023847
36053,3,USW00014771,SYRACUSE HANCOCK INTL AP,42.210146633065115,0.03852617042575377
36053,4,USC00306085,NORWICH,45.82520802398937,0.032687422227808835
36053,5,USC00301110,CAMDEN,48.94934388118455,0.028648099302607605
36055,1,USW00014768,ROCHESTER GTR INTL,14.945790418034395,0.4935465067650379
36055,2,USC00300937,BROCKPORT,20.78996837180947,0.2550693062784786
36055,3,USC00308839,VICTOR 2NW,34.275497944507514,0.09384222851874766
36055,4,USC00300343,AVON,36.97312515579248,0.08064798788163074
36055,5,USC00304952,MACEDON LOCK E30,37.86489750684637,0.07689397055610506
36057,1,USC00301595,COBLESKILL 2 ESE,25.991791134278106,0.48240336992872784
36057,2,USC00301752,COOPERSTOWN,45.01104872832944,0.16085867467017062
36057,3,USC00304575,LANSING MANOR,50.35200192065242,0.12854324688406774
36057,4,USC00307484,SARATOGA SPRINGS 4 SW,52.33840098883068,0.11897120201221655
36057,5,USW00014735,ALBANY INTL AP,54.62397710905096,0.10922350650481721
36063,1,USC00304844,LOCKPORT 2SE,18.623420608709353,0.3581614244858823
36063,2,USW00004724,NIAGARA FALLS INTL AP,20.90483820391478,0.28425236793209985
36063,3,USC00306047,N TONAWANDA,24.28352751696458,0.21065616033126414
36063,4,USW00014733,BUFFALO,36.529912658605035,0.09308944579924257
36063,5,USC00300055,ALBION,48.033463705438,0.053840601451511164
36065,1,USC00300785,BOONVILLE 4 SSW,22.12732691840276,0.3698392299634969
36065,2,USC00308578,TRENTON FALLS,22.782457080683304,0.3488749275550394
36065,3,USC00301110,CAMDEN,34.394448276321214,0.15307144652610033
36065,4,USC00305512,MORRISVILLE 6 SW,50.51750121640938,0.07095567889901526
36065,5,USW00014771,SYRACUSE HANCOCK INTL AP,56.23602741393409,0.05725871705634828
36067,1,USW00014771,SYRACUSE HANCOCK INTL AP,13.834438892800637,0.6676562603406395
36067,2,USC00300321,AUBURN,29.521128216209377,0.14662570806108777
36067,3,USC00305512,MORRISVILLE 6 SW,42.411228767764996,0.07104185839840156
36067,4,USC00301110,CAMDEN,46.09619202065736,0.06013757676015043
36067,5,USC00300331,AURORA RSCH FARM,48.404532906615785,0.054538596439720734
36069,1,USC00301152,CANANDAIGUA 3 S,2.2401433069759173,0.9563643824275246
36069,2,USC00303955,HONEOYE,18.57262568684486,0.013913243483371866
36069,3,USC00308839,VICTOR 2NW,20.13040131687128,0.011843229125598277
36069,4,USC00303184,GENEVA RSCH FARM,22.33941275628349,0.009616820114452812
36069,5,USC00304952,MACEDON LOCK E30,24.101072308154695,0.00826232484905243
36071,1,USC00309292,W PT,28.845087440910184,0.26071926983014854
36071,2,USC00306774,PORT JERVIS,32.093582473649825,0.2106107109750212
36071,3,USC00307210,ROCK HILL 3 SW,33.17820056982429,0.19706576988831426
36071,4,USC00288644,SUSSEX 1 NW,33.30584301018722,0.19555818124466468
36071,5,USC00307742,SHRUB OAK,39.93148194717109,0.13604606806185138
36073,1,USC00300055,ALBION,12.91354731176373,0.635217853283472
36073,2,USC00300937,BROCKPORT,24.760565768982268,0.17277968741597333
36073,3,USC00300443,BATAVIA,34.63595592699827,0.08829974616267594
36073,4,USC00304844,LOCKPORT 2SE,41.73961378496424,0.06080187319799243
36073,5,USW00014768,ROCHESTER GTR INTL,49.690573404711806,0.04290083993988617
36075,1,USC00306867,PULASKI,14.176617645731923,0.6053770392476174
36075,2,USC00306314,OSWEGO,26.476556761500078,0.17355941890851492
36075,3,USC00301110,CAMDEN,33.07011391828105,0.1112499477350998
36075,4,USW00014771,SYRACUSE HANCOCK INTL AP,39.87893537498276,0.0765039900278816
36075,5,USW00094790,WATERTOWN AP,60.43671679794734,0.033309604080886346
36077,1,USC00301752,COOPERSTOWN,12.773086304198964,0.5575573887302593
36077,2,USC00305113,EMMONS,17.89548948448134,0.284049549525223
36077,3,USC00307705,SHERBURNE,39.43341741558036,0.05849953806724855
36077,4,USC00306085,NORWICH,42.285675560277866,0.05087386368821308
36077,5,USC00302036,DELHI 2 SE,43.077995546945665,0.04901965998905609
36083,1,USW00014735,ALBANY INTL AP,23.664090653191085,0.3688151910168092
36083,2,USW00054768,N ADAMS HARRIMAN AP,28.159762416672766,0.2604536624636212
36083,3,USW00014763,PITTSFIELD MUNI AP,36.501003599619054,0.1550168224033311
36083,4,USC00300063,ALCOVE DAM,43.03085384099543,0.11153945398289619
36083,5,USC00307484,SARATOGA SPRINGS 4 SW,44.52590310542227,0.1041748701333422
36089,1,USW00014743,CANTON 4 SE,10.295639514118756,0.585142241474174
36089,2,USC00301664,COLTON 2 N,14.153421939066124,0.30963154448626284
36089,3,USC00303346,GOUVERNEUR 3 NW,37.84278479680972,0.04331137096659414
36089,4,USC00306164,OGDENSBURG 4 NE,39.616997401617,0.03951891323708794
36089,5,USW00094725,MASSENA INTL AP,52.62589615359772,0.022395929835880832
36091,1,USC00307484,SARATOGA SPRINGS 4 SW,7.709412001635252,0.8283157011588873
36091,2,USC00301708,CONKLINGVILLE DAM,24.484407795788496,0.08212193927246185
36091,3,USW00014750,GLENS FALLS AP,32.59662683445,0.046333284037237875
36091,4,USW00014735,ALBANY INTL AP,40.17307334870983,0.030504807553051582
36091,5,USC00309389,WHITEHALL,62.201778008377644,0.012724267978361424
36093,1,USW00014735,ALBANY INTL AP,21.42164912091585,0.43857941965601294
36093,2,USC00307484,SARATOGA SPRINGS 4 SW,30.768482042847992,0.2125895484872053
36093,3,USC00301595,COBLESKILL 2 ESE,36.61792575652251,0.15009511980902637
36093,4,USC00300063,ALCOVE DAM,39.54549603390198,0.1286945028619092
36093,5,USC00304575,LANSING MANOR,53.6042949426007,0.07004140918584624
36095,1,USC00301595,COBLESKILL 2 ESE,8.44778587143877,0.7204167649788505
36095,2,USC00304575,LANSING MANOR,16.021856251727748,0.20028293325424332
36095,3,USC00301752,COOPERSTOWN,42.31504478982472,0.028713094169300835
36095,4,USC00300063,ALCOVE DAM,43.842918012260824,0.026746730536003804
36095,5,USC00302366,E JEWETT,46.4384089495791,0.023840477061601462
36097,1,USW00014748,ELMIRA CORNING RGNL AP,29.400595389700268,0.29042859798312454
36097,2,USC00301787,CORNING,33.52314527715509,0.22338916809367496
36097,3,USC00302610,ELMIRA,36.58254007572867,0.18758750840715915
36097,4,USC00304174,ITHACA CORNELL UNIV,40.296987368758586,0.15459892534056344
36097,5,USC00300331,AURORA RSCH FARM,41.75427063153755,0.14399580017547792
36099,1,USC00300331,AURORA RSCH FARM,14.725218471938904,0.4818687739527652
36099,2,USC00303184,GENEVA RSCH FARM,19.651109309744314,0.270569061422033
36099,3,USC00300321,AUBURN,28.45861577584074,0.12901040349298235
36099,4,USC00301152,CANANDAIGUA 3 S,37.659904270540764,0.07367054022186395
36099,5,USC00304174,ITHACA CORNELL UNIV,48.249610043550405,0.044881220910355527
36101,1,USC00300023,ADDISON,22.203475759955708,0.36824280985337804
36101,2,USC00301787,CORNING,29.93495113181382,0.2025905102629911
36101,3,USC00300085,ALFRED,31.370878565319625,0.18446876578985325
36101,4,USC00361838,COWANESQUE DAM,36.038974504872336,0.13977559710395066
36101,5,USW00014748,ELMIRA CORNING RGNL AP,41.59624872407335,0.10492231698982682
36103,1,USC00307134,RIVERHEAD RSCH FARM,2.9087146261291186,0.9075868418867007
36103,2,USW00014719,WESTHAMPTON GABRESKI AP,12.02075755434706,0.05314063557329098
36103,3,USC00308721,UPTON COOP - NWSFO NEW YORK,16.853535680689852,0.027033879316046172
36103,4,USC00300889,BRIDGEHAMPTON,33.13871555005535,0.006992284297557102
36103,5,USW00004781,ISLIP-LI MACARTHUR AP,38.25746684416429,0.005246358926405031
36105,1,USC00304731,LIBERTY 1 NE,9.45538609585008,0.6689880688547024
36105,2,USC00307210,ROCK HILL 3 SW,19.350838417043374,0.15972663188118646
36105,3,USC00365738,MILANVILLE,24.862982734410256,0.09675433896681587
36105,4,USC00306774,PORT JERVIS,37.39457021660066,0.042772025257441074
36105,5,USC00302169,DOWNSVILLE DAM,43.3965783027233,0.03175893503985436
36107,1,USW00004725,BINGHAMTON,25.87953182219292,0.3000969443094003
36107,2,USC00309047,WAVERLY,27.133498618986145,0.2730001041167431
36107,3,USC00304174,ITHACA CORNELL UNIV,32.62952352233953,0.18877867786782357
36107,4,USC00303050,FREEVILLE 1 NE,37.90348251448885,0.13989950435882828
36107,5,USC00302610,ELMIRA,45.23521858142411,0.09822476934720478
36109,1,USC00304174,ITHACA CORNELL UNIV,2.0367658775579773,0.9709900341536454
36109,2,USC00303050,FREEVILLE 1 NE,13.448432403887919,0.0222717152166721
36109,3,USC00300331,AURORA RSCH FARM,34.73728204903739,0.0033381459715824935
36109,4,USW00014748,ELMIRA CORNING RGNL AP,48.291118992520616,0.0017272788519999706
36109,5,USW00004725,BINGHAMTON,49.070799849326285,0.0016728258061000224
36111,1,USC00305426,MOHONK LAKE,21.582937900205646,0.4826996243111403
36111,2,USC00302366,E JEWETT,33.45974129273858,0.2008412546200799
36111,3,USC00304731,LIBERTY 1 NE,42.49163173735937,0.12453495417220885
36111,4,USW00014757,POUGHKEEPSIE AP,47.85031826139487,0.09820382907124324
36111,5,USC00307210,ROCK HILL 3 SW,48.981504299055025,0.09372033782532761
36113,1,USC00301708,CONKLINGVILLE DAM,27.04725003073616,0.32825616626972126
36113,2,USW00014750,GLENS FALLS AP,30.29649839028737,0.26162199409102893
36113,3,USC00309389,WHITEHALL,35.21874741028899,0.19360265686511183
36113,4,USC00304102,INDIAN LAKE 2SW,41.607514842932545,0.13871249103680758
36113,5,USC00305714,NEWCOMB,55.55473589314314,0.0778066917373304
36115,1,USW00014750,GLENS FALLS AP,14.126169805041048,0.6226088990637313
36115,2,USC00309389,WHITEHALL,27.4315666429302,0.16510603428716608
36115,3,USC00301708,CONKLINGVILLE DAM,39.342528978916185,0.08026747878481512
36115,4,USC00307484,SARATOGA SPRINGS 4 SW,43.21157937777089,0.0665371031144788
36115,5,USC00436335,PERU,43.55882352533452,0.06548048474980883
36117,1,USC00307842,SODUS 1W,3.437511456796059,0.9628715023826812
36117,2,USC00304952,MACEDON LOCK E30,26.070077540940876,0.016740637644180684
36117,3,USC00303184,GENEVA RSCH FARM,37.99358625171259,0.007881993346844376
36117,4,USC00308839,VICTOR 2NW,40.250974131306876,0.007022695711097083
36117,5,USC00301152,CANANDAIGUA 3 S,45.5525222815711,0.005483170915196609
36121,1,USC00308962,WARSAW 6 SW,1.878949409905792,0.985553798777502
36121,2,USC00308910,WALES,25.832079390328754,0.005214249123609125
36121,3,USC00305597,MT MORRIS 2W,26.621054095391905,0.0049097571857196366
36121,4,USC00300443,BATAVIA,36.83820542879288,0.0025639737790639472
36121,5,USC00301974,DANSVILLE,44.48550316427979,0.0017582211341051646
36123,1,USC00301152,CANANDAIGUA 3 S,27.1345365213933,0.2928818153851309
36123,2,USC00303184,GENEVA RSCH FARM,27.18683899569669,0.2917559979487971
36123,3,USC00303955,HONEOYE,37.50306543978263,0.15332172195811664
36123,4,USC00300331,AURORA RSCH FARM,37.90620273103324,0.15007787149474952
36123,5,USC00303773,HEMLOCK,43.88662032009755,0.1119625932132059
37001,1,USC00311239,BURLINGTON FIRE STN #5,4.630222354673679,0.9355476567379943
37001,2,USC00317924,SILER CITY 2 N,31.975530436697504,0.019617067879978734
37001,3,USC00311677,CHAPEL HILL 2 W,32.56112464236729,0.018917808139910196
37001,4,USC00313625,GREENSBORO WTP,36.56737653704415,0.014999680298352192
37001,5,USC00317097,RANDLEMAN,42.861513013232766,0.010917786943764569
37003,1,USC00318519,TAYLORSVILLE,0.47703020203084096,0.9987175888891897
37003,2,USC00319555,W KERR SCOTT RESV,23.763985581808424,0.0004024351353165596
37003,3,USC00316256,N WILKESBORO,27.09979005478886,0.00030945862979335595
37003,4,USW00003810,HICKORY FAA AP,27.148528798848847,0.00030834850803106926
37003,5,USC00318292,STATESVILLE 2 NNE,29.44263609314516,0.0002621688376694479
37005,1,USC00318694,TRANSOU,18.371888169300114,0.42089950219451144
37005,2,USC00443272,GALAX WTP,26.56636976667815,0.20128970909287175
37005,3,USC00314496,JEFFERSON 2 E,27.773230425136287,0.1841760708856931
37005,4,USC00316256,N WILKESBORO,36.23933128832594,0.10817468720273561
37005,5,USC00319555,W KERR SCOTT RESV,40.771949457818586,0.08546003062418821
37007,1,USC00318964,WADESBORO,3.440452016497284,0.9704413114836526
37007,2,USC00381588,CHERAW,36.70482360400558,0.008526170319020152
37007,3,USC00315771,MONROE 2 SE,37.681316408134165,0.008089993138167162
37007,4,USC00313784,HAMLET,39.29306952743351,0.007439921838997777
37007,5,USC00314464,JACKSON SPRINGS 5 WNW,45.68946200235828,0.00550260322016227
37009,1,USC00314496,JEFFERSON 2 E,6.866499871498046,0.7742495466766384
37009,2,USC00318694,TRANSOU,18.01254636598825,0.11251270572611065
37009,3,USC00406292,MTN CITY 2,27.394207279269313,0.04864456422632346
37009,4,USC00310982,BOONE 1 SE,28.693316955266564,0.04433944787360788
37009,5,USC00319555,W KERR SCOTT RESV,42.454460770891274,0.020253735497319677
37011,1,USC00313565,GRANDFATHER MTN,8.457969332600856,0.4659647861863725
37011,2,USC00310506,BANNER ELK,10.789856657233209,0.2863214992557713
37011,3,USC00310645,BEECH MTN,13.483938393080846,0.18333770497675295
37011,4,USC00310982,BOONE 1 SE,29.275032905192685,0.038894708946392596
37011,5,USC00311624,CELO 2 S,36.168613357327004,0.025481300634710748
37013,1,USC00310375,GAYLORD BAY,13.702681702954678,0.49790053434522846
37013,2,USC00310674,BELHAVEN 1 SE,21.350215635867503,0.20509222670926255
37013,3,USC00319100,WASHINGTON WWTP 4W,22.247038468083375,0.18889015380389163
37013,4,USC00310576,BAYBORO 3 SW,39.12383505739985,0.06107604313867669
37013,5,USC00319440,WILLIAMSTON 1 E,44.579829102931015,0.04704104200294072
37015,1,USC00314962,LEWISTON,20.431534034620267,0.3841549089690356
37015,2,USC00319440,WILLIAMSTON 1 E,23.741370197880293,0.2845095037259695
37015,3,USC00316853,PLYMOUTH 5 E,34.293747342023615,0.13635731793879174
37015,4,USC00312635,EDENTON,37.228248165235556,0.11570793356145032
37015,5,USC00315996,MURFREESBORO,44.97786328987696,0.07927033580475285
37017,1,USC00312732,ELIZABETHTOWN,7.597839363716383,0.8806359315520275
37017,2,USC00319357,WHITEVILLE 7 NW,30.73886323518811,0.05380232093804112
37017,3,USC00315177,LUMBERTON,44.602796827397185,0.02555361998086623
37017,4,USW00013776,LUMBERTON RGNL AP,47.574847047437224,0.02246062384682221
37017,5,USC00311881,CLINTON 2 NE,53.824578424350456,0.017547503682242824
37019,1,USC00315116,LONGWOOD,29.53115093556861,0.3854650140849393
37019,2,USW00013748,WILMINGTON INTL AP,39.3966322739392,0.21658457108882267
37019,3,USC00319467,WILMINGTON 7 N,42.21338617871405,0.1886450141492634
37019,4,USW00093718,N MYRTLE BEACH,51.77382748518323,0.12540797882195506
37019,5,USC00386153,MYRTLE BEACH,63.2992477464936,0.0838974218550196
37021,1,USW00013872,ASHEVILLE,2.84464762839537,0.8765831098344987
37021,2,USC00310724,BENT CREEK,13.122017143107767,0.04119541205116169
37021,3,USC00312837,ENKA,13.49968189681243,0.03892270213986271
37021,4,USC00311420,CANDLER 1 W,16.795523978128937,0.025145654160684847
37021,5,USW00003812,ASHEVILLE AP,19.767391578435788,0.01815312181379215
37023,1,USC00315838,MORGANTON,3.526413777595408,0.9441168300782182
37023,2,USC00314938,LENOIR,24.13236664708716,0.02016008917326958
37023,3,USC00315340,MARION,28.119710600917205,0.014848089793849831
37023,4,USW00003810,HICKORY FAA AP,29.242949859500214,0.013729348198161274
37023,5,USC00313565,GRANDFATHER MTN,40.53456244843464,0.007145642756501233
37025,1,USC00311975,CONCORD,2.9851081414225686,0.971524046759741
37025,2,USC00310090,ALBEMARLE,32.0534726886372,0.00842603999545017
37025,3,USC00317615,SALISBURY,33.44524030527595,0.0077393600428745666
37025,4,USC00317618,SALISBURY 9 WNW,34.86369223868588,0.007122409408759009
37025,5,USW00013881,CHARLOTTE DOUGLAS AP,40.84894494948094,0.0051881437931753085
37027,1,USC00314938,LENOIR,6.171920237829302,0.8514308989844671
37027,2,USW00003810,HICKORY FAA AP,27.588588163635368,0.042611916206089125
37027,3,USC00310982,BOONE 1 SE,30.006095478896306,0.036022267171193285
37027,4,USC00315838,MORGANTON,30.02254200679613,0.03598281155477738
37027,5,USC00318519,TAYLORSVILLE,30.907341357549246,0.033952106083473
37029,1,USC00312719,ELIZABETH CITY,5.261184276436615,0.7466099514086075
37029,2,USW00013786,ELIZABETH CITY CGAS,9.43704124755423,0.2320540191376538
37029,3,USC00312635,EDENTON,50.337789276058786,0.008155911874111129
37029,4,USW00013769,OCEANA NAS,53.99264669334515,0.007089107587972371
37029,5,USC00448192,SUFFOLK LAKE KILBY,58.24863394454536,0.0060910099916551405
37031,1,USC00315830,MOREHEAD CITY 2 WNW,22.92845749510771,0.3558539341367143
37031,2,USC00311606,CEDAR IS,26.129313046445166,0.27400940194862555
37031,3,USW00013754,CHERRY POINT MCAS,32.030109151581534,0.18234951460357962
37031,4,USC00310576,BAYBORO 3 SW,39.64224850734242,0.1190432813823602
37031,5,USW00093719,NEW BERN - ASOS,52.16674535343462,0.06874386792872036
37033,1,USC00442245,DANVILLE 2 SE,18.855920384895438,0.36952073402422697
37033,2,USW00013728,DANVILLE RGNL AP,19.852793601637593,0.33334276122829437
37033,3,USC00317202,REIDSVILLE 2 NW,31.800580454131687,0.12991646324336148
37033,4,USC00311239,BURLINGTON FIRE STN #5,38.42495405680286,0.088983107800952
37033,5,USC00317516,ROXBORO 7 ESE,40.97898820786537,0.0782369337031651
37035,1,USW00003810,HICKORY FAA AP,17.53176801353824,0.43290271226729327
37035,2,USC00314996,LINCOLNTON 4 W,24.673110540129255,0.21857169915581168
37035,3,USC00318519,TAYLORSVILLE,29.342553349412203,0.15454178766006155
37035,4,USC00318292,STATESVILLE 2 NNE,34.360438979200914,0.11270010745848533
37035,5,USC00314938,LENOIR,40.45937354073937,0.08128369345834831
37037,1,USC00317924,SILER CITY 2 N,20.034705249940846,0.3833231645615957
37037,2,USC00317656,SANFORD 8 NE,26.356156328347794,0.22149648065223368
37037,3,USC00311677,CHAPEL HILL 2 W,27.43101941409343,0.20447823359453346
37037,4,USC00310212,APEX,37.65453172569152,0.10851667485004174
37037,5,USC00311239,BURLINGTON FIRE STN #5,43.26812053258046,0.08218544634159541
37039,1,USC00316001,MURPHY 4ESE,11.191750996968004,0.727413562916749
37039,2,USC00408886,TELLICO PLAINS,25.991008666649893,0.1348749213372257
37039,3,USC00090969,BLAIRSVILLE EXP STN,33.199017132181886,0.08266601824732689
37039,4,USC00094230,HELEN,57.453784424066306,0.027601977115949115
37039,5,USC00400284,ATHENS,57.619412508727194,0.027443520382749297
37041,1,USC00312635,EDENTON,13.332607261051837,0.6688333375400011
37041,2,USC00316853,PLYMOUTH 5 E,29.000550378169486,0.14136295158138998
37041,3,USC00312719,ELIZABETH CITY,40.95093382582687,0.07089579311004093
37041,4,USW00013786,ELIZABETH CITY CGAS,41.24850830749297,0.06987657172783493
37041,5,USC00319440,WILLIAMSTON 1 E,49.24216446766719,0.04903134604073313
37043,1,USC00316001,MURPHY 4ESE,19.76897927708749,0.39432886332981043
37043,2,USC00090969,BLAIRSVILLE EXP STN,28.183010641439303,0.19402258655589613
37043,3,USC00312102,COWEETA EXP STN,29.344483865004545,0.1789674741893748
37043,4,USC00313228,FRANKLIN,35.60293809463286,0.12157810808990727
37043,5,USC00091982,CLAYTON 1 SSW,37.243518178278826,0.11110296783501142
37045,1,USC00317845,SHELBY 2 NW,2.8960924418149583,0.970325278790609
37045,2,USC00314996,LINCOLNTON 4 W,24.92180880554584,0.013103371870076097
37045,3,USC00386293,NINETY NINE IS,34.1876250383808,0.006963127090760137
37045,4,USC00313356,GASTONIA,38.2678106684248,0.005557442179369935
37045,5,USC00381625,CHESNEE 7 WSW,44.82308673220342,0.004050780069184758
37047,1,USC00319357,WHITEVILLE 7 NW,21.566377374083963,0.46046139841483025
37047,2,USC00315116,LONGWOOD,29.19066599177608,0.25133884877810025
37047,3,USC00312732,ELIZABETHTOWN,40.73778894357736,0.12904842875875414
37047,4,USW00093718,N MYRTLE BEACH,50.10066184858972,0.08532193626054059
37047,5,USC00315177,LUMBERTON,53.85911101942373,0.07382938778777492
37049,1,USW00093719,NEW BERN - ASOS,6.198354152739079,0.8764831227859751
37049,2,USC00310576,BAYBORO 3 SW,24.17318966419925,0.05762731858573969
37049,3,USW00013754,CHERRY POINT MCAS,30.109177947982467,0.03714484363846138
37049,4,USC00310375,GAYLORD BAY,48.35731740313336,0.014400312942624094
37049,5,USC00319100,WASHINGTON WWTP 4W,48.45146811927247,0.014344402047199794
37051,1,USC00313017,FAYETTEVILLE (PWC),2.924119752519865,0.9804020268572762
37051,2,USC00312500,DUNN 4 NW,33.07070933154079,0.0076649175752625965
37051,3,USC00314987,LILLINGTON,39.6714906490885,0.005326445291926819
37051,4,USC00315177,LUMBERTON,50.361509191476955,0.0033051946184039214
37051,5,USC00311881,CLINTON 2 NE,50.39032406713705,0.0033014156571305442
37053,1,USW00013786,ELIZABETH CITY CGAS,24.252248457151644,0.3928442286600954
37053,2,USC00312719,ELIZABETH CITY,24.626023588490053,0.38100950717094023
37053,3,USW00013769,OCEANA NAS,50.10787858732487,0.09202638492367937
37053,4,USW00013766,MANTEO AP,55.03263109268379,0.07629285044603402
37053,5,USW00013737,NORFOLK INTL AP,63.211596353018145,0.057827028799250925
37055,1,USW00013766,MANTEO AP,35.10685846545274,0.41696607184332074
37055,2,USW00093729,CAPE HATTERAS - BILLY MITCHELL,43.59790093656772,0.27036688324028285
37055,3,USC00316349,OCRACOKE,58.92960726414495,0.14798495390051997
37055,4,USC00310674,BELHAVEN 1 SE,77.08135128062436,0.08649400679824054
37055,5,USW00013786,ELIZABETH CITY CGAS,81.07221552406838,0.07818808421763589
37057,1,USC00314970,LEXINGTON,7.364556322332772,0.7951983022179069
37057,2,USC00315743,MOCKSVILLE 5SE,26.727772961886423,0.06037304391448878
37057,3,USC00317615,SALISBURY,27.7534804204863,0.05599299692455346
37057,4,USC00314063,HIGH PT,28.64630935983896,0.05255708437676395
37057,5,USC00310286,ASHEBORO 2 W,34.6710290472845,0.03587857256628692
37059,1,USC00315743,MOCKSVILLE 5SE,10.496353096613566,0.6007660377010088
37059,2,USC00319675,YADKINVILLE 6 E,22.382983752716413,0.13211322013330504
37059,3,USC00317618,SALISBURY 9 WNW,26.85571813475309,0.09177168312998676
37059,4,USC00314970,LEXINGTON,27.10442391215335,0.09009524591521972
37059,5,USC00317615,SALISBURY,27.86340658414662,0.08525381312047965
37061,1,USC00311881,CLINTON 2 NE,32.795272284554606,0.44503757695813506
37061,2,USW00093727,NEW RVR MCAF,51.61672867724706,0.17965454593533117
37061,3,USC00314689,KINSTON AG RSCH,52.06049584072724,0.17660482475043185
37061,4,USC00319467,WILMINGTON 7 N,68.23981717229915,0.10278824599233591
37061,5,USC00312732,ELIZABETHTOWN,70.64261300526121,0.09591480636376598
37063,1,USW00013722,RALEIGH AP,17.972493301902723,0.39764968117564364
37063,2,USC00311677,CHAPEL HILL 2 W,22.86826623589275,0.2456127004247229
37063,3,USC00317079,RALEIGH STATE UNIV,31.476829176137493,0.12963890232210645
37063,4,USC00310212,APEX,32.60638133154889,0.12081256159941946
37063,5,USC00317516,ROXBORO 7 ESE,34.763244473448744,0.1062861544781075
37065,1,USC00318500,TARBORO 1 S,6.8368650105896425,0.5194451800943639
37065,2,USC00317400,ROCKY MT 8 ESE,7.474105438140516,0.4346456031356633
37065,3,USC00313638,GREENVILLE,35.9077246343733,0.01883119839934834
37065,4,USC00319476,WILSON 3 SW,39.681317798649225,0.015419900032586229
37065,5,USC00314962,LEWISTON,45.63653217215008,0.011658118338038209
37067,1,USW00093807,WINSTON SALEM REYNOLDS AP,2.925668048082554,0.9614774005798079
37067,2,USC00319675,YADKINVILLE 6 E,26.14751371464658,0.01203728045248821
37067,3,USW00013723,GREENSBORO AP,28.469382911315392,0.010153904411781276
37067,4,USC00314063,HIGH PT,31.59622114060079,0.008243637544395664
37067,5,USC00314970,LEXINGTON,31.899215652568515,0.00808777701152686
37069,1,USC00315123,LOUISBURG,2.4721391374642003,0.9848080116319615
37069,2,USC00313969,HENDERSON 2 NNW,31.202494859680243,0.006181854125455402
37069,3,USC00316510,OXFORD AG,37.944818233112734,0.004180155520761836
37069,4,USW00013722,RALEIGH AP,49.89182431019494,0.0024179016111877463
37069,5,USC00317079,RALEIGH STATE UNIV,49.95202548326025,0.002412077110633624
37071,1,USC00313356,GASTONIA,4.217152472304534,0.9129103756296544
37071,2,USW00013881,CHARLOTTE DOUGLAS AP,21.714065389296117,0.03443376150129915
37071,3,USC00314996,LINCOLNTON 4 W,23.171336411273696,0.030238802234009418
37071,4,USC00317845,SHELBY 2 NW,35.76778921737941,0.012690611660147033
37071,5,USC00386293,NINETY NINE IS,40.85603514676094,0.009726448974890013
37073,1,USC00448192,SUFFOLK LAKE KILBY,33.22195505903025,0.29994668728383433
37073,2,USC00315996,MURFREESBORO,33.82407517961938,0.2893627217605381
37073,3,USC00312719,ELIZABETH CITY,46.89899102588716,0.15051072357258968
37073,4,USC00312635,EDENTON,49.23047293487403,0.1365923657195933
37073,5,USW00013786,ELIZABETH CITY CGAS,51.75590950112331,0.12358750166344458
37075,1,USC00316001,MURPHY 4ESE,33.230173571960144,0.29401763614765286
37075,2,USC00408886,TELLICO PLAINS,36.22833440277282,0.2473670588876474
37075,3,USC00313228,FRANKLIN,43.923155325714085,0.16828737599838137
37075,4,USC00403420,GATLINBURG 2 SW,46.16504520571615,0.1523393403708253
37075,5,USC00312102,COWEETA EXP STN,48.50625150861041,0.1379885885954931
37077,1,USC00316510,OXFORD AG,4.2206237769173,0.9093469161471248
37077,2,USC00317516,ROXBORO 7 ESE,21.085297469668948,0.036435389450656476
37077,3,USC00313969,HENDERSON 2 NNW,22.679247285534696,0.03149383935696167
37077,4,USC00441746,CLARKSVILLE,36.998651514819315,0.011833442079003519
37077,5,USC00315123,LOUISBURG,38.56730266562536,0.010890412966253414
37079,1,USC00314689,KINSTON AG RSCH,22.786038041466313,0.4023288321841217
37079,2,USC00313638,GREENVILLE,31.07960005365023,0.21625589251499194
37079,3,USC00319476,WILSON 3 SW,33.57184866607408,0.1853396247295533
37079,4,USC00317400,ROCKY MT 8 ESE,45.77251654610626,0.09970322636180451
37079,5,USC00318500,TARBORO 1 S,46.55678739405287,0.09637242420952853
37081,1,USC00313625,GREENSBORO WTP,1.4920841954937998,0.9787705901700198
37081,2,USW00013723,GREENSBORO AP,14.018224614984883,0.011088723208072668
37081,3,USC00314063,HIGH PT,20.547311226817698,0.005161281821123643
37081,4,USC00317097,RANDLEMAN,28.595595078814284,0.0026648286837607977
37081,5,USC00311239,BURLINGTON FIRE STN #5,30.68301639559702,0.002314576117023177
37083,1,USC00317319,ROANOKE RAPIDS,25.404164085631205,0.32387773587915447
37083,2,USC00314456,JACKSON,25.52669634989147,0.32077586766710403
37083,3,USC00317400,ROCKY MT 8 ESE,39.918622313552426,0.13117160250783863
37083,4,USC00318500,TARBORO 1 S,41.936654059377474,0.11885114193633346
37083,5,USC00314962,LEWISTON,44.548440128752894,0.10532365200956945
37085,1,USC00314987,LILLINGTON,6.305688908575518,0.7971886210306527
37085,2,USC00312500,DUNN 4 NW,17.387267490727563,0.10484880911124979
37085,3,USC00317656,SANFORD 8 NE,24.459159038905586,0.0529838034718488
37085,4,USC00313017,FAYETTEVILLE (PWC),34.429917086085005,0.026739557701889297
37085,5,USC00310212,APEX,41.68790690616641,0.018239208684359305
37087,1,USC00319147,WAYNESVILLE 1 E,8.114778025681328,0.7625731297016496
37087,2,USC00311420,CANDLER 1 W,25.620132552923955,0.07650186848580996
37087,3,USC00312837,ENKA,29.71551268927647,0.05686804938949577
37087,4,USC00316341,OCONALUFTEE,29.735222337005734,0.056792685718973564
37087,5,USC00312200,CULLOWHEE,32.594995954376394,0.047264266704071016
37089,1,USC00313976,HENDERSONVILLE 1 NE,2.8558414217086274,0.8628333501394311
37089,2,USW00003812,ASHEVILLE AP,11.835728934415929,0.05023484647772795
37089,3,USC00313106,FLETCHER 3 W,12.243039557879891,0.04694794578760635
37089,4,USC00316805,PISGAH FOREST 3 NE,16.867152226008855,0.02473498042204355
37089,5,USC00310724,BENT CREEK,21.48219313578371,0.015248877173191082
37091,1,USC00315996,MURFREESBORO,13.237587501336572,0.7057652755679221
37091,2,USC00314962,LEWISTON,30.78442383010341,0.13050162370394355
37091,3,USC00314456,JACKSON,39.76310548511448,0.07821992295716824
37091,4,USC00448192,SUFFOLK LAKE KILBY,53.02399581505836,0.0439878838406733
37091,5,USC00312635,EDENTON,54.57360329730379,0.04152529393029283
37093,1,USC00313017,FAYETTEVILLE (PWC),35.18608756497748,0.24346716074177463
37093,2,USC00314860,LAURINBURG,36.056797795181105,0.23185050204697638
37093,3,USC00311515,CARTHAGE WTP,38.06560011965201,0.20802569777322763
37093,4,USC00313784,HAMLET,43.562403379109846,0.1588395635560652
37093,5,USC00314464,JACKSON SPRINGS 5 WNW,43.703294682359264,0.15781707588195615
37095,1,USC00316349,OCRACOKE,36.69030366577196,0.30022261185648536
37095,2,USC00310674,BELHAVEN 1 SE,44.12837834002956,0.20754394869487663
37095,3,USC00311606,CEDAR IS,47.05376374146042,0.18253967634948431
37095,4,USC00310375,GAYLORD BAY,50.19953530944947,0.16037867359897057
37095,5,USW00093729,CAPE HATTERAS - BILLY MITCHELL,52.026086199817804,0.14931508950018305
37097,1,USC00318292,STATESVILLE 2 NNE,0.7029085797396585,0.9979443623041964
37097,2,USC00317618,SALISBURY 9 WNW,25.79982052891301,0.0007407482736304552
37097,3,USC00318519,TAYLORSVILLE,29.918824583742325,0.000550826673842186
37097,4,USC00315743,MOCKSVILLE 5SE,34.199329043496746,0.00042156917350047424
37097,5,USC00317615,SALISBURY,37.94248705381337,0.00034249357483052923
37099,1,USC00312200,CULLOWHEE,5.451232226655935,0.8555853943544995
37099,2,USC00314788,LAKE TOXAWAY 2 SW,26.259093946798735,0.036871707985310684
37099,3,USC00314055,HIGHLANDS,26.350596192052116,0.036616079139687625
37099,4,USC00319147,WAYNESVILLE 1 E,26.465178557879735,0.036299703074056486
37099,5,USC00313228,FRANKLIN,27.096812571418457,0.03462711544644563
37101,1,USC00317994,SMITHFIELD,2.1259742649153965,0.9757796692953314
37101,2,USC00311820,CLAYTON WTP,16.611012095586304,0.01598363606168063
37101,3,USC00312500,DUNN 4 NW,35.84657350663016,0.0034321991054820735
37101,4,USC00314987,LILLINGTON,42.699612330789854,0.00241891109825246
37101,5,USC00317079,RALEIGH STATE UNIV,42.99683506862667,0.0023855844392532766
37103,1,USW00093719,NEW BERN - ASOS,28.357510832374377,0.34028787123724147
37103,2,USC00314689,KINSTON AG RSCH,35.43083794458153,0.21798160004543488
37103,3,USW00093727,NEW RVR MCAF,36.82031017307057,0.20184026046048323
37103,4,USW00013754,CHERRY POINT MCAS,45.53243262331972,0.13198998394413733
37103,5,USC00310576,BAYBORO 3 SW,50.35934202066072,0.10790028431270317
37105,1,USC00317656,SANFORD 8 NE,13.064019962551201,0.6269730863674767
37105,2,USC00311515,CARTHAGE WTP,26.659791596866935,0.15055288042299544
37105,3,USC00314987,LILLINGTON,32.79339677636504,0.09950153070834399
37105,4,USC00317924,SILER CITY 2 N,41.10330625378502,0.06333577009348806
37105,5,USC00310212,APEX,42.358869880974446,0.059636732407695826
37107,1,USC00314689,KINSTON AG RSCH,8.592149070372429,0.9135201969488105
37107,2,USC00313638,GREENVILLE,49.3907848701554,0.027645847299896695
37107,3,USW00093719,NEW BERN - ASOS,56.74213425048088,0.020946449845238108
37107,4,USC00319476,WILSON 3 SW,57.77339253947694,0.020205333294091552
37107,5,USC00319100,WASHINGTON WWTP 4W,61.757977814348735,0.01768217261196315
37109,1,USC00314996,LINCOLNTON 4 W,9.812595344209813,0.7256507568732017
37109,2,USC00313356,GASTONIA,25.73913491032349,0.10546480144023776
37109,3,USW00003810,HICKORY FAA AP,31.481460568169613,0.07049944298971418
37109,4,USC00317845,SHELBY 2 NW,36.88783434145642,0.05134865992737724
37109,5,USW00013881,CHARLOTTE DOUGLAS AP,38.541708381733585,0.04703633876946903
37111,1,USC00315340,MARION,3.599756100315438,0.9294459763768191
37111,2,USC00311624,CELO 2 S,20.161222799772446,0.029630335324666118
37111,3,USC00315923,MT MITCHELL,21.852280356480726,0.025221840617853594
37111,4,USC00315838,MORGANTON,34.28979885927827,0.010243312664038048
37111,5,USW00013872,ASHEVILLE,46.972870634783256,0.005458535016623116
37113,1,USC00313228,FRANKLIN,4.012060604624986,0.8200578407556333
37113,2,USC00312102,COWEETA EXP STN,10.32951767460744,0.12371414799087008
37113,3,USC00314055,HIGHLANDS,23.000550865152036,0.024951863139115085
37113,4,USC00312200,CULLOWHEE,28.559944505251227,0.016183212478347978
37113,5,USC00091982,CLAYTON 1 SSW,29.57350962791,0.015092935636033717
37115,1,USC00315356,MARSHALL,7.980525218768365,0.5928899529751736
37115,2,USC00314260,HOT SPRINGS,11.245275244654495,0.2986048516639096
37115,3,USC00403679,GREENEVILLE EXP STN,29.314581041980684,0.04394097165480194
37115,4,USW00013872,ASHEVILLE,33.04815215258716,0.03457344663823482
37115,5,USC00311420,CANDLER 1 W,35.483353713307444,0.02999077706788012
37117,1,USC00319440,WILLIAMSTON 1 E,8.044961025476308,0.8178482677354743
37117,2,USC00314962,LEWISTON,32.0454673999902,0.0515451023500065
37117,3,USC00319100,WASHINGTON WWTP 4W,33.058654221025435,0.04843399438823528
37117,4,USC00313638,GREENVILLE,34.11726232797145,0.045474954948354136
37117,5,USC00318500,TARBORO 1 S,37.9787796281413,0.03669768057792973
37119,1,USW00013881,CHARLOTTE DOUGLAS AP,11.280507820867623,0.6877995926520417
37119,2,USC00313356,GASTONIA,28.217234480029305,0.10992344279979943
37119,3,USC00311975,CONCORD,30.71436437789514,0.09277610845059353
37119,4,USC00389350,WINTHROP UNIV,39.04355035548035,0.0574143709653425
37119,5,USC00315771,MONROE 2 SE,40.991808792023214,0.05208648513222263
37121,1,USC00311624,CELO 2 S,20.838647295155436,0.33832239303959805
37121,2,USC00402934,ERWIN 1 W,27.618649741666058,0.1926038248611378
37121,3,USC00315923,MT MITCHELL,29.91190533028069,0.1642032077439194
37121,4,USC00310506,BANNER ELK,30.807000440610473,0.15480000222081736
37121,5,USC00313565,GRANDFATHER MTN,31.288671738935193,0.15007057213452754
37123,1,USC00314464,JACKSON SPRINGS 5 WNW,26.569127182662534,0.3296870191388978
37123,2,USC00310090,ALBEMARLE,27.386027579714053,0.31031183604532875
37123,3,USC00310286,ASHEBORO 2 W,42.84524977579425,0.12678009280291544
37123,4,USC00318964,WADESBORO,43.70585538130201,0.12183643268607715
37123,5,USC00311515,CARTHAGE WTP,45.71046078213831,0.11138461932678086
37125,1,USC00311515,CARTHAGE WTP,8.2178041167577,0.8157286529902786
37125,2,USC00314464,JACKSON SPRINGS 5 WNW,21.744651353743674,0.11650709938976783
37125,3,USC00317656,SANFORD 8 NE,47.60799309769386,0.02430510708668612
37125,4,USC00313784,HAMLET,50.30797526547008,0.0217662498499106
37125,5,USC00317924,SILER CITY 2 N,50.39296708046378,0.02169289068335676
37127,1,USC00317400,ROCKY MT 8 ESE,28.793360096998715,0.2911317564955366
37127,2,USC00319476,WILSON 3 SW,30.48000954554818,0.2598029515236065
37127,3,USC00315123,LOUISBURG,32.26834611082596,0.23180396745460513
37127,4,USC00318500,TARBORO 1 S,41.434944077087636,0.14058557577625297
37127,5,USC00311820,CLAYTON WTP,56.105847401754225,0.076675748749999
37129,1,USW00013748,WILMINGTON INTL AP,9.82512664024383,0.7009564880934371
37129,2,USC00319467,WILMINGTON 7 N,16.128772730996804,0.26011459975259393
37129,3,USC00315116,LONGWOOD,65.69046521773612,0.015680600802119467
37129,4,USW00093727,NEW RVR MCAF,70.15164704054251,0.01374964957344802
37129,5,USC00312732,ELIZABETHTOWN,84.40194890236452,0.009498661778401451
37131,1,USC00314456,JACKSON,3.6314899159603775,0.9458049355485367
37131,2,USC00317319,ROANOKE RAPIDS,25.23454693025228,0.01958755539650148
37131,3,USC00315996,MURFREESBORO,28.652562027450394,0.015193028003478742
37131,4,USC00442790,EMPORIA 1 WNW,33.957757095842034,0.010816662177594617
37131,5,USC00314962,LEWISTON,38.08829083136648,0.008597818873888559
37133,1,USW00093727,NEW RVR MCAF,8.183641552664241,0.926676765791071
37133,2,USW00093719,NEW BERN - ASOS,53.363340265401106,0.02179392536369073
37133,3,USW00013754,CHERRY POINT MCAS,58.26277939496223,0.018282647030885904
37133,4,USC00314689,KINSTON AG RSCH,59.789436106767816,0.017360912849313393
37133,5,USC00319467,WILMINGTON 7 N,62.50386715957273,0.015885748965038884
37135,1,USC00311677,CHAPEL HILL 2 W,17.496166089616846,0.5094566212484377
37135,2,USC00311239,BURLINGTON FIRE STN #5,29.49082241059675,0.17931607690498952
37135,3,USW00013722,RALEIGH AP,35.839605059227665,0.12141338463245102
37135,4,USC00317516,ROXBORO 7 ESE,37.92188173662289,0.10844592502061723
37135,5,USC00310212,APEX,43.77938923580625,0.08136799219350449
37137,1,USC00310576,BAYBORO 3 SW,13.836984284498392,0.6023045644067374
37137,2,USC00310375,GAYLORD BAY,31.236655070856983,0.11818708082097545
37137,3,USW00013754,CHERRY POINT MCAS,33.94144614325399,0.10010098823390015
37137,4,USC00311606,CEDAR IS,35.81300894968885,0.08991195218362279
37137,5,USW00093719,NEW BERN - ASOS,35.896254308159605,0.0894954143547642
37139,1,USC00312719,ELIZABETH CITY,7.028598064016504,0.5461054000971199
37139,2,USW00013786,ELIZABETH CITY CGAS,8.021180229690941,0.41931204571904157
37139,3,USC00312635,EDENTON,38.05571548919643,0.018628337813328264
37139,4,USC00316853,PLYMOUTH 5 E,56.502776424962256,0.008450342484259974
37139,5,USC00448192,SUFFOLK LAKE KILBY,59.96035298019236,0.007503873886250038
37141,1,USC00319467,WILMINGTON 7 N,21.529622979811442,0.49040950119450744
37141,2,USW00013748,WILMINGTON INTL AP,27.35971650733094,0.3036746494503731
37141,3,USW00093727,NEW RVR MCAF,46.4517040308443,0.10534851652593884
37141,4,USC00311881,CLINTON 2 NE,67.10321492554203,0.050482990002982106
37141,5,USC00312732,ELIZABETHTOWN,67.36974021262088,0.05008434282619851
37143,1,USW00013786,ELIZABETH CITY CGAS,22.462618013859423,0.29646778273937335
37143,2,USC00312635,EDENTON,22.63792139983122,0.29189399031673097
37143,3,USC00312719,ELIZABETH CITY,22.829530236939096,0.2870148045665045
37143,4,USC00316853,PLYMOUTH 5 E,41.32859723408028,0.08757838239337992
37143,5,USC00448192,SUFFOLK LAKE KILBY,63.54539601161248,0.03704503998401106
37145,1,USC00317516,ROXBORO 7 ESE,8.41615286039044,0.8254136541170168
37145,2,USC00316510,OXFORD AG,33.075891377318406,0.05344114622195499
37145,3,USC00447925,S BOSTON,35.17900605631931,0.047242377858505755
37145,4,USW00013728,DANVILLE RGNL AP,38.99271700170764,0.03845314653698292
37145,5,USC00442245,DANVILLE 2 SE,40.61096493397971,0.03544967526553963
37147,1,USC00313638,GREENVILLE,5.766060639863958,0.8991673259294602
37147,2,USC00319100,WASHINGTON WWTP 4W,27.543175560642474,0.039406776182556315
37147,3,USC00318500,TARBORO 1 S,35.72445141792763,0.02342436306977342
37147,4,USC00314689,KINSTON AG RSCH,37.4487121390943,0.021316954296416193
37147,5,USC00319440,WILLIAMSTON 1 E,42.32937127001327,0.01668458052179378
37149,1,USC00318744,TRYON,11.071590147744987,0.6548756441677799
37149,2,USC00381625,CHESNEE 7 WSW,25.998640564025834,0.11876201567667116
37149,3,USC00313976,HENDERSONVILLE 1 NE,26.193305801185375,0.11700332755740508
37149,4,USW00003812,ASHEVILLE AP,37.67603508164921,0.056552063263779366
37149,5,USC00313106,FLETCHER 3 W,38.989160155299935,0.05280694933436446
37151,1,USC00310286,ASHEBORO 2 W,2.8844683392852946,0.9310154423593953
37151,2,USC00317097,RANDLEMAN,12.540999675250116,0.04925202872227486
37151,3,USC00317924,SILER CITY 2 N,31.535282409072455,0.00778923825413052
37151,4,USC00314063,HIGH PT,32.25647328446452,0.007444828057182832
37151,5,USC00313625,GREENSBORO WTP,41.49656624537011,0.004498462607016754
37153,1,USC00313784,HAMLET,14.353653300322463,0.501292960403641
37153,2,USC00314464,JACKSON SPRINGS 5 WNW,21.14253718685628,0.23104804797715084
37153,3,USC00318964,WADESBORO,29.756112058482042,0.11664446589815995
37153,4,USC00381588,CHERAW,35.4922268806359,0.08198794703481331
37153,5,USC00314860,LAURINBURG,38.68121267424759,0.06902657868623498
37155,1,USW00013776,LUMBERTON RGNL AP,5.169398102822072,0.6303784983467571
37155,2,USC00315177,LUMBERTON,7.076168326692564,0.33642250400845547
37155,3,USC00314860,LAURINBURG,35.627189037762086,0.013271445661661408
37155,4,USC00319357,WHITEVILLE 7 NW,38.16848300783643,0.011563027291899484
37155,5,USC00312732,ELIZABETHTOWN,44.87660982865674,0.008364524691226496
37157,1,USC00317202,REIDSVILLE 2 NW,7.913115967331412,0.8308331889594187
37157,2,USC00313625,GREENSBORO WTP,33.27181037761276,0.046995473872608585
37157,3,USW00013723,GREENSBORO AP,34.79122236326368,0.0429803078995073
37157,4,USC00312238,DANBURY,35.85512452172119,0.04046750484355277
37157,5,USC00445300,MARTINSVILLE FLTR PLT,36.65363154841447,0.03872352442491266
37159,1,USC00317615,SALISBURY,5.900309844319518,0.6930206234546162
37159,2,USC00317618,SALISBURY 9 WNW,10.988744515267797,0.1998019135186101
37159,3,USC00315743,MOCKSVILLE 5SE,22.437053578596814,0.04792522337244267
37159,4,USC00311975,CONCORD,25.611227730851823,0.03678197120847803
37159,5,USC00314970,LEXINGTON,32.76753465910678,0.022470268445852905
37161,1,USC00315340,MARION,32.36297400465433,0.23502458939623258
37161,2,USC00381625,CHESNEE 7 WSW,32.75329317385903,0.2294564162101413
37161,3,USC00317845,SHELBY 2 NW,33.23090968419534,0.22290801844481134
37161,4,USC00318744,TRYON,37.254511172788234,0.1773586657039765
37161,5,USC00315838,MORGANTON,42.66116682733935,0.13525231024483833
37163,1,USC00311881,CLINTON 2 NE,9.532965859711965,0.8655586354062179
37163,2,USC00313017,FAYETTEVILLE (PWC),45.07881656995042,0.03870860822738061
37163,3,USC00312732,ELIZABETHTOWN,45.810707969234535,0.03748163799995424
37163,4,USC00312500,DUNN 4 NW,47.079985496602994,0.03548786955999548
37163,5,USC00317994,SMITHFIELD,58.78400367831964,0.0227632488064518
37165,1,USC00314860,LAURINBURG,10.02660313508778,0.7090980838311228
37165,2,USC00313784,HAMLET,20.29697888369235,0.17304185528481983
37165,3,USC00381588,CHERAW,40.00413752069718,0.04454553091628215
37165,4,USC00314464,JACKSON SPRINGS 5 WNW,42.31852377172301,0.03980640374543581
37165,5,USW00013776,LUMBERTON RGNL AP,46.12452533880136,0.03350812622233956
37167,1,USC00310090,ALBEMARLE,11.135949156547099,0.7543596782801688
37167,2,USC00311975,CONCORD,30.321149158343133,0.10175169013480023
37167,3,USC00318964,WADESBORO,42.27009396919312,0.052356007211333766
37167,4,USC00315771,MONROE 2 SE,44.16420510321377,0.04796142843383442
37167,5,USC00317615,SALISBURY,46.33580712634648,0.043571195939862764
37169,1,USC00312238,DANBURY,9.085631412499499,0.7443418865310519
37169,2,USC00448170,STUART,27.011859511193578,0.08421194979338202
37169,3,USW00093807,WINSTON SALEM REYNOLDS AP,29.25205460780157,0.07180752142083312
37169,4,USC00445453,MEADOWS OF DAN 5 SW,34.26804282369457,0.05232437933937472
37169,5,USC00315890,MT AIRY 2 W,36.03672406033884,0.04731426291535834
37171,1,USC00315890,MT AIRY 2 W,9.480543690767835,0.785234302929279
37171,2,USC00443272,GALAX WTP,33.63252845756478,0.06239455832452639
37171,3,USC00319675,YADKINVILLE 6 E,34.01243891698219,0.06100847956885205
37171,4,USC00445453,MEADOWS OF DAN 5 SW,35.13105465375204,0.05718516466190776
37171,5,USC00312238,DANBURY,45.44255741422489,0.03417749451543473
37173,1,USC00406328,MT LECONTE,9.832533515850836,0.5101670227547359
37173,2,USC00403420,GATLINBURG 2 SW,14.724387707791106,0.22749338066266034
37173,3,USC00316341,OCONALUFTEE,15.641709778331265,0.2015927021085146
37173,4,USC00312200,CULLOWHEE,38.88656270719887,0.03261700953515478
37173,5,USC00408179,SEVIERVILLE,41.873344363214784,0.02812988493893433
37175,1,USC00311055,BREVARD,7.619515469158814,0.6332715333260999
37175,2,USC00316805,PISGAH FOREST 3 NE,16.804903955472277,0.1301884951308583
37175,3,USC00314788,LAKE TOXAWAY 2 SW,17.565934342410277,0.11915222761127514
37175,4,USC00381256,CAESARS HEAD,20.79968142892129,0.08498285356064225
37175,5,USC00319147,WAYNESVILLE 1 E,33.683488201559,0.03240489037112437
37177,1,USC00312635,EDENTON,38.38217450904859,0.25140147523301437
37177,2,USW00013766,MANTEO AP,42.23954426977582,0.20758144243183288
37177,3,USW00013786,ELIZABETH CITY CGAS,43.078478019700256,0.19957506113394857
37177,4,USC00316853,PLYMOUTH 5 E,44.49927579488614,0.18703422608909462
37177,5,USC00312719,ELIZABETH CITY,48.975499704312675,0.15440779511210947
37179,1,USC00315771,MONROE 2 SE,1.4958923601530438,0.9956287365074763
37179,2,USC00318964,WADESBORO,41.42942881233743,0.0012980165201767592
37179,3,USW00013881,CHARLOTTE DOUGLAS AP,46.31816064203952,0.001038473699579894
37179,4,USC00389350,WINTHROP UNIV,46.59570881068721,0.0010261391705950176
37179,5,USC00311975,CONCORD,46.998308948548946,0.0010086341021721247
37181,1,USC00313969,HENDERSON 2 NNW,1.932507764029022,0.9781410602885654
37181,2,USC00316510,OXFORD AG,19.628811593741027,0.009481039848617298
37181,3,USC00444414,JOHN H KERR DAM,27.726841128937814,0.00475163635982215
37181,4,USC00315123,LOUISBURG,30.61936242903835,0.003896293806485665
37181,5,USC00441746,CLARKSVILLE,31.294595375517957,0.003729969696509532
37183,1,USC00317079,RALEIGH STATE UNIV,4.355650311565864,0.8498040977637364
37183,2,USW00013722,RALEIGH AP,16.418173349386908,0.05981018677335204
37183,3,USC00310212,APEX,17.611940996836477,0.05197690176775885
37183,4,USC00311820,CLAYTON WTP,23.678802621575212,0.02875446935599435
37183,5,USC00311677,CHAPEL HILL 2 W,40.86495488494527,0.009654344339158348
37185,1,USC00313969,HENDERSON 2 NNW,28.464418470961164,0.2906917513159701
37185,2,USC00444414,JOHN H KERR DAM,28.791127878620838,0.2841318915569223
37185,3,USC00315123,LOUISBURG,37.63039910091032,0.1663258267201178
37185,4,USC00317319,ROANOKE RAPIDS,39.37039626992196,0.1519489724182684
37185,5,USC00316510,OXFORD AG,46.93822391877194,0.10690155798872138
37187,1,USC00316853,PLYMOUTH 5 E,8.407456519795085,0.7558150490504256
37187,2,USC00312635,EDENTON,19.18053455568987,0.14521897985419602
37187,3,USC00310674,BELHAVEN 1 SE,34.62371319271613,0.04456536949802429
37187,4,USC00319440,WILLIAMSTON 1 E,41.31750510496628,0.03129511962936177
37187,5,USC00310375,GAYLORD BAY,48.08558250150359,0.02310548196799218
37189,1,USC00310982,BOONE 1 SE,6.24128880387785,0.6873202181227807
37189,2,USC00310645,BEECH MTN,15.673032767607195,0.10899374987178555
37189,3,USC00310506,BANNER ELK,16.86669638262499,0.09411256782238889
37189,4,USC00313565,GRANDFATHER MTN,18.899168528266706,0.0749587407581453
37189,5,USC00406292,MTN CITY 2,27.811435507952748,0.03461472342489957
37191,1,USC00317994,SMITHFIELD,35.42473981660809,0.2663874866446086
37191,2,USC00319476,WILSON 3 SW,38.19608270962253,0.22913398513514927
37191,3,USC00314689,KINSTON AG RSCH,40.09573150459468,0.20793657027643606
37191,4,USC00311881,CLINTON 2 NE,43.937178489471926,0.17316608158919974
37191,5,USC00311820,CLAYTON WTP,52.053322361922184,0.12337587635460648
37193,1,USC00316256,N WILKESBORO,5.126040150021148,0.7453311391537188
37193,2,USC00319555,W KERR SCOTT RESV,10.284290267923172,0.1851674395471368
37193,3,USC00318694,TRANSOU,24.67058866782274,0.0321776444242057
37193,4,USC00318519,TAYLORSVILLE,31.728631996637144,0.01945407464041736
37193,5,USC00314496,JEFFERSON 2 E,33.10533435990932,0.017869702234521414
37195,1,USC00319476,WILSON 3 SW,2.3261772845048903,0.9857955632002678
37195,2,USC00317400,ROCKY MT 8 ESE,30.57028201705981,0.005707863644697701
37195,3,USC00318500,TARBORO 1 S,40.13987209118585,0.0033107052050423344
37195,4,USC00317994,SMITHFIELD,43.29396913412569,0.002845887143599368
37195,5,USC00313638,GREENVILLE,47.74524129015544,0.0023399808063927162
37197,1,USC00319675,YADKINVILLE 6 E,10.968182581518578,0.7645933615495032
37197,2,USC00315890,MT AIRY 2 W,37.5279148570392,0.06531170123770084
37197,3,USC00315743,MOCKSVILLE 5SE,38.28502792900988,0.06275407452500621
37197,4,USW00093807,WINSTON SALEM REYNOLDS AP,39.67808371459932,0.05842496849421624
37197,5,USC00318292,STATESVILLE 2 NNE,43.36356052561162,0.04891589419357361
37199,1,USC00311624,CELO 2 S,12.907445021582614,0.45052396682299456
37199,2,USC00315923,MT MITCHELL,14.83479683261893,0.34106351324818585
37199,3,USC00402934,ERWIN 1 W,30.188213991076093,0.08236138239441076
37199,4,USC00315356,MARSHALL,33.98829121257225,0.06497403018288574
37199,5,USC00315340,MARION,35.055809755862676,0.061077107351523136
38001,1,USC00394864,LEMMON,33.86453247388436,0.42907530721977105
38001,2,USC00327311,PRETTY ROCK,52.90565706711056,0.175800240755379
38001,3,USC00326315,NEW ENGLAND,55.68579966434205,0.15868459554648356
38001,4,USC00390701,BISON,63.6068349149534,0.12162311418483923
38001,5,USC00320995,BOWMAN,65.46500947266732,0.11481674229352706
38003,1,USC00320450,BALDHILL DAM,10.448237845422875,0.8508512824977603
38003,2,USW00014919,JAMESTOWN MUNI AP,45.60279278315369,0.04466392421693855
38003,3,USC00324418,JAMESTOWN STATE HOSP,47.14442908179107,0.04179063757699992
38003,4,USC00322695,ENDERLIN 2W,48.89127817254822,0.03885768972172185
38003,5,USC00325220,LISBON,62.42361937172691,0.02383646598657928
38005,1,USC00325848,MINNEWAUKAN,6.395339267966138,0.95463996623953
38005,2,USC00324013,HARVEY 4NE,48.840915451573,0.016368134986714442
38005,3,USC00327704,RUGBY,56.96232083804596,0.012033485468831616
38005,4,USC00321362,CARRINGTON 4 N,64.90202750521905,0.009269370914232689
38005,5,USC00322304,DRAKE 9 NE,71.26023774251561,0.007689042390691327
38007,1,USC00325813,MEDORA,15.941269781299455,0.700661009771024
38007,2,USC00322193,DICKINSON RCH HQ,44.70809401108753,0.08908025732095742
38007,3,USC00323705,GRASSY BUTTE 2ENE,45.39021357445447,0.08642299671557498
38007,4,USW00024012,DICKINSON THEODORE ROOSEVELT R,48.84549345232779,0.07462851006885271
38007,5,USC00248957,WIBAUX 2 E,60.15371376517026,0.049207226123590825
38009,1,USC00328913,UPHAM 3 N,21.483266697538355,0.46498698912681874
38009,2,USC00320941,BOTTINEAU,27.880421906892927,0.2760849657568622
38009,3,USC00329445,WILLOW CITY,44.83162392148945,0.10677571785390264
38009,4,USC00326025,MOHALL,49.7994556931667,0.08653508983670101
38009,5,USC00328792,TOWNER 2 NE,57.18890081410101,0.06561723742571535
38011,1,USC00320995,BOWMAN,13.911362846616633,0.8830178643166873
38011,2,USC00326315,NEW ENGLAND,68.42174283466159,0.036502329573911654
38011,3,USC00391294,CAMP CROOK,72.3183367033602,0.03267472857724896
38011,4,USC00242689,EKALAKA,84.23525522114261,0.024083580535414702
38011,5,USC00246601,PLEVNA,84.87570154015933,0.023721496996737545
38013,1,USC00324646,KENMARE 1 WSW,33.62643319186492,0.5432228941562691
38013,2,USC00321871,CROSBY,58.7143889041142,0.17817656484208344
38013,3,USC00326025,MOHALL,74.15809243669632,0.11169212971968862
38013,4,USC00323217,FOXHOLM 7 N,78.81038837525115,0.09889463605657307
38013,5,USC00323196,FORTUNA 1 W,95.03233386437691,0.0680137752253857
38015,1,USW00024011,BISMARCK,32.00900500813718,0.2956503265069338
38015,2,USC00325479,MANDAN EXP STN,38.20197848476053,0.20756350726176823
38015,3,USC00326015,MOFFIT 3 SE,38.838963610266816,0.20081097587757096
38015,4,USC00328366,STEELE 4N,40.664872420130784,0.18318245857488805
38015,5,USC00324083,HAZELTON 4NW,51.82279092930097,0.11279273177883903
38017,1,USC00321408,CASSELTON AGRONOMY FARM,5.766280298901998,0.9292086273385499
38017,2,USW00014914,FARGO HECTOR INTL AP,33.443614205146964,0.027623475726709475
38017,3,USC00213104,GEORGETOWN 1 E,39.905076896389964,0.019402086148666627
38017,4,USC00322695,ENDERLIN 2W,45.28275915315855,0.015067422631220163
38017,5,USC00325754,MC LEOD 3 E,59.59817684206465,0.008698388154853604
38019,1,USC00324958,LANGDON EXP FARM,8.756054545974095,0.9512699542499193
38019,2,USC00321435,CAVALIER 7NW,56.79356862060882,0.022611135871657785
38019,3,USC00327027,PETERSBURG 2 N,88.11319988505545,0.009393744639862417
38019,4,USW00014924,PEMBINA,92.18060356740533,0.008583049193876372
38019,5,USC00320626,BELCOURT KEYA RADIO,94.64369871218197,0.008142116044684086
38021,1,USC00323287,FULLERTON 1 ESE,9.389842485290586,0.8229874267412005
38021,2,USC00324937,LA MOURE,32.40456245590961,0.06910309369609462
38021,3,USC00322482,EDGELEY 3WNW,35.74292449300324,0.05679755581447898
38021,4,USC00391873,COLUMBIA 8 N,45.31347981447826,0.03533905930671186
38021,5,USC00391049,BRITTON,67.82653353006982,0.01577286444151399
38023,1,USC00321871,CROSBY,19.104080543783112,0.5049432754376264
38023,2,USC00323196,FORTUNA 1 W,24.03062089418763,0.31912798468272563
38023,3,USC00248777,WESTBY,40.13893796635671,0.11438343094726444
38023,4,USC00329430,WILLISTON EXP FARM,77.15776691398924,0.030955339683217578
38023,5,USC00246586,PLENTYWOOD,77.61719016241629,0.030589969249166026
38025,1,USC00322365,DUNN CTR 1E,2.1050432814691478,0.9879529952575141
38025,2,USC00322193,DICKINSON RCH HQ,24.816045455134027,0.007108749157405077
38025,3,USC00323705,GRASSY BUTTE 2ENE,45.09031073204847,0.0021532372551541215
38025,4,USC00329246,WATFORD CITY 14S,55.78519062476861,0.0014067615799518908
38025,5,USC00327530,RICHARDTON ABBEY,56.35910747078797,0.0013782567499748296
38027,1,USC00325730,MC HENRY 3W,25.016236985011417,0.44592457893006715
38027,2,USC00321362,CARRINGTON 4 N,29.026772827344573,0.33121337627374786
38027,3,USC00325848,MINNEWAUKAN,47.91791882313573,0.1215372711067856
38027,4,USC00324013,HARVEY 4NE,73.50454507146866,0.05165079229047299
38027,5,USC00327027,PETERSBURG 2 N,74.95285891208356,0.04967398139892651
38029,1,USC00324083,HAZELTON 4NW,27.56799900895143,0.4170740720762746
38029,2,USC00396712,POLLOCK,42.53506970868764,0.1751980965517784
38029,3,USC00326015,MOFFIT 3 SE,42.96446715024815,0.17171365055419782
38029,4,USC00326255,NAPOLEON,43.69961906135796,0.1659848227087124
38029,5,USW00024011,BISMARCK,67.27779787966436,0.0700293581090367
38031,1,USC00321362,CARRINGTON 4 N,19.110313842549786,0.4859108767824946
38031,2,USC00325730,MC HENRY 3W,21.16335803589435,0.39620787271117935
38031,3,USW00014919,JAMESTOWN MUNI AP,62.57201232107269,0.04532439492660387
38031,4,USC00324418,JAMESTOWN STATE HOSP,66.80150475754346,0.039766719734349074
38031,5,USC00325848,MINNEWAUKAN,73.56555600902357,0.0327901358453731
38033,1,USC00325813,MEDORA,24.297142842582424,0.3853002840579708
38033,2,USC00248957,WIBAUX 2 E,24.298898323466247,0.3852446138097731
38033,3,USC00241518,CARLYLE 13 NW,41.43064218028708,0.1325154186826134
38033,4,USC00247382,SAVAGE,68.29127517052818,0.04877298080045001
38033,5,USC00243581,GLENDIVE,68.7197250336275,0.04816670264919265
38035,1,USW00014916,GRAND FORKS INTL AP,20.034286577558664,0.4841489518017166
38035,2,USC00323621,GRAND FORKS UNIV (NWS),26.333809920916057,0.2802201534438892
38035,3,USC00327027,PETERSBURG 2 N,43.34436344495125,0.10343356674812836
38035,4,USC00325660,MAYVILLE,48.07102103893104,0.08409304258091464
38035,5,USC00211891,CROOKSTON NW EXP STN,63.5581863336458,0.04810428542535116
38037,1,USC00327311,PRETTY ROCK,26.23069489422135,0.42471355916564635
38037,2,USC00324091,HEART BUTTE DAM,29.028970526461773,0.3467787279731687
38037,3,USC00326365,NEW SALEM 5NW,60.536943451056295,0.07973972606164907
38037,4,USC00394864,LEMMON,61.29203867199597,0.07778710062375611
38037,5,USC00395381,MC INTOSH 6 SE,64.16336771489792,0.0709808861757797
38039,1,USC00325730,MC HENRY 3W,33.750839054635385,0.4420013470836485
38039,2,USC00320450,BALDHILL DAM,48.06566973858765,0.2179328732872066
38039,3,USC00325660,MAYVILLE,66.37092528127323,0.11429756979196237
38039,4,USC00327027,PETERSBURG 2 N,66.52669126257032,0.113762962404485
38039,5,USC00321362,CARRINGTON 4 N,67.04666581440756,0.1120052474326974
38041,1,USC00326315,NEW ENGLAND,33.842230150467564,0.366113962573303
38041,2,USW00024012,DICKINSON THEODORE ROOSEVELT R,48.210974246570274,0.18040244767718028
38041,3,USC00327530,RICHARDTON ABBEY,51.40327643936626,0.1586911245535604
38041,4,USC00324091,HEART BUTTE DAM,52.441461330936534,0.15247009498252004
38041,5,USC00327311,PRETTY ROCK,54.2788373765491,0.14232237021343624
38043,1,USC00328366,STEELE 4N,17.18666479330096,0.6256129651350865
38043,2,USC00328415,STREETER 5 NW,32.872086594083655,0.1710150804573922
38043,3,USC00326255,NAPOLEON,47.60368516435557,0.08154696556088609
38043,4,USC00326015,MOFFIT 3 SE,48.205082447806326,0.07952492966491995
38043,5,USC00324083,HAZELTON 4NW,66.09581915120354,0.042300059181715456
38045,1,USC00324937,LA MOURE,21.215984139374015,0.3688968909630287
38045,2,USC00322482,EDGELEY 3WNW,21.270813163411393,0.36699755706421316
38045,3,USC00323287,FULLERTON 1 ESE,35.38833639604986,0.1325900899501735
38045,4,USC00324418,JAMESTOWN STATE HOSP,48.27264047806168,0.0712572813766048
38045,5,USW00014919,JAMESTOWN MUNI AP,52.493758878377854,0.0602581806459799
38047,1,USC00326255,NAPOLEON,21.030909267206155,0.49342035669945333
38047,2,USC00328415,STREETER 5 NW,27.70196775611574,0.2843884298845556
38047,3,USC00320382,ASHLEY,48.7095406277536,0.09198247576785223
38047,4,USC00322482,EDGELEY 3WNW,57.631699592401084,0.06570679857574359
38047,5,USC00328366,STEELE 4N,58.16747285398015,0.06450193907239522
38049,1,USC00328792,TOWNER 2 NE,23.513701392818458,0.4277690925386581
38049,2,USC00322304,DRAKE 9 NE,31.650580948278176,0.23609567311523957
38049,3,USC00328913,UPHAM 3 N,42.8215871407173,0.12898104161078502
38049,4,USW00024013,MINOT INTL AP,47.11319428865236,0.10655315135910455
38049,5,USC00329445,WILLOW CITY,48.48690482614136,0.1006010413762129
38051,1,USC00320382,ASHLEY,8.243228717424865,0.9092768604920595
38051,2,USC00392797,EUREKA,41.332797163166866,0.03616606392266576
38051,3,USC00326255,NAPOLEON,52.4405315954886,0.022467599211363626
38051,4,USC00322482,EDGELEY 3WNW,57.74937494176949,0.018526622964794466
38051,5,USC00328415,STREETER 5 NW,67.49473331194797,0.013562853409116815
38053,1,USC00329233,WATFORD CITY,10.920072714513767,0.6582883185983899
38053,2,USC00329246,WATFORD CITY 14S,19.143142017084685,0.2142105057437601
38053,3,USC00324571,KEENE 3S,39.89290602512337,0.049325995754031
38053,4,USC00323705,GRASSY BUTTE 2ENE,40.707867152102374,0.04737077739863911
38053,5,USC00329430,WILLISTON EXP FARM,50.480914026208474,0.03080440250517984
38055,1,USC00323376,GARRISON,0.18290941666204436,0.9997616909406082
38055,2,USC00327585,RIVERDALE,17.602379503993554,0.0001079507988694315
38055,3,USC00325638,MAX,21.068263882632746,7.535483480473592e-05
38055,4,USC00328872,UNDERWOOD,30.2350915515886,3.658862127152657e-05
38055,5,USC00328840,TURTLE LAKE,42.61875460591617,1.841480444617085e-05
38057,1,USC00327585,RIVERDALE,40.50551783725858,0.28136148762980634
38057,2,USC00324102,HEBRON,47.06846803202245,0.2083689016262519
38057,3,USC00323376,GARRISON,49.52641409675621,0.18819984435927495
38057,4,USC00326365,NEW SALEM 5NW,52.937130063779726,0.1647298274443691
38057,5,USC00321456,CENTER 4SE,54.1660324832501,0.15733993894029774
38059,1,USC00326365,NEW SALEM 5NW,24.467991772658714,0.37874016957340584
38059,2,USC00325479,MANDAN EXP STN,32.56587937108846,0.2138023139355778
38059,3,USC00321456,CENTER 4SE,40.1038574284095,0.14098266816554125
38059,4,USC00324091,HEART BUTTE DAM,40.18548811768755,0.14041048034235298
38059,5,USW00024011,BISMARCK,42.41044554774446,0.1260643679831222
38061,1,USC00324571,KEENE 3S,54.050117068380565,0.2797321627568247
38061,2,USC00324646,KENMARE 1 WSW,54.73058391369294,0.2728195685551924
38061,3,USC00323217,FOXHOLM 7 N,64.93873467269582,0.19378851584977713
38061,4,USC00325993,MINOT EXP STN,79.26750071499532,0.13006047942677862
38061,5,USW00024013,MINOT INTL AP,81.31298075372123,0.12359927341142703
38063,1,USC00327027,PETERSBURG 2 N,19.472143249754104,0.7481250036037395
38063,2,USC00325730,MC HENRY 3W,49.826199337364535,0.11425787936193209
38063,3,USW00014916,GRAND FORKS INTL AP,76.13953432576956,0.048930679733179765
38063,4,USC00325660,MAYVILLE,79.07141851762918,0.045369356721883844
38063,5,USC00325848,MINNEWAUKAN,80.92286520530114,0.04331708057926483
38065,1,USC00321456,CENTER 4SE,10.839663452408633,0.7435819535780461
38065,2,USC00326365,NEW SALEM 5NW,27.806735930292945,0.11299530870592894
38065,3,USC00328872,UNDERWOOD,39.986627083574156,0.05464254180791801
38065,4,USC00327585,RIVERDALE,42.38396020794882,0.04863594645998297
38065,5,USC00325479,MANDAN EXP STN,46.65181532546868,0.04014424944812402
38067,1,USC00321435,CAVALIER 7NW,15.6037622542442,0.6814710931770281
38067,2,USW00014924,PEMBINA,31.765151359984095,0.16443877377305074
38067,3,USC00213455,HALLOCK,44.327641370696654,0.08444167522864289
38067,4,USC00324958,LANGDON EXP FARM,58.58612964753366,0.048341093602167505
38067,5,USC00327027,PETERSBURG 2 N,88.24460817086316,0.021307364219110694
38069,1,USC00327704,RUGBY,12.966144182514144,0.6941359225886798
38069,2,USC00322304,DRAKE 9 NE,33.090513500046455,0.10657594701158975
38069,3,USC00328792,TOWNER 2 NE,34.632261668387784,0.09729813262649027
38069,4,USC00329445,WILLOW CITY,47.33979984341074,0.052073093543452006
38069,5,USC00324013,HARVEY 4NE,48.351425798907414,0.049916904229788193
38071,1,USC00325848,MINNEWAUKAN,44.29473369361022,0.3794550191573894
38071,2,USC00327027,PETERSBURG 2 N,59.87251431645251,0.20768708876488765
38071,3,USC00324958,LANGDON EXP FARM,62.337189656959495,0.19158877185968923
38071,4,USC00325730,MC HENRY 3W,76.54967102344581,0.12705092591971934
38071,5,USC00321362,CARRINGTON 4 N,88.89244619012653,0.09421819429831445
38073,1,USC00325220,LISBON,3.508726783001055,0.9452873884989806
38073,2,USC00322695,ENDERLIN 2W,18.685710204141323,0.03333064741675346
38073,3,USC00325754,MC LEOD 3 E,31.96329642831773,0.011390947304718008
38073,4,USC00323117,FORMAN 5 SSE,46.430659884070515,0.005398253260062211
38073,5,USC00324937,LA MOURE,50.33782443705943,0.00459276351948567
38075,1,USC00326025,MOHALL,12.15412253305759,0.7184012190926748
38075,2,USC00323217,FOXHOLM 7 N,29.03531420848278,0.12588130053879704
38075,3,USC00324646,KENMARE 1 WSW,32.61102694768653,0.09978961127545787
38075,4,USW00024013,MINOT INTL AP,58.731733681567775,0.03076583027375515
38075,5,USC00325993,MINOT EXP STN,64.94328113178757,0.025162038819315207
38077,1,USC00325754,MC LEOD 3 E,27.035662765227855,0.4550986615824734
38077,2,USC00398652,VICTOR 4 N,39.233333047105354,0.21610717662718643
38077,3,USC00218947,WHITE ROCK DAM,53.24403931162407,0.11733771010778413
38077,4,USC00217149,ROTHSAY,55.403513873879184,0.10836897842752376
38077,5,USC00323117,FORMAN 5 SSE,56.805037677458955,0.1030874732550323
38079,1,USC00320626,BELCOURT KEYA RADIO,10.398350819685824,0.8283433756387745
38079,2,USC00329445,WILLOW CITY,37.67576895114596,0.06309792606285172
38079,3,USC00320941,BOTTINEAU,45.24545326949342,0.04375114748340148
38079,4,USC00327704,RUGBY,47.38250072547047,0.03989361377510435
38079,5,USC00328792,TOWNER 2 NE,59.95818613404261,0.02491393703986796
38081,1,USC00323117,FORMAN 5 SSE,8.756867513067903,0.8508220578058829
38081,2,USC00391049,BRITTON,36.70702969831485,0.048421452452658574
38081,3,USC00325220,LISBON,37.69307359723708,0.04592119634829616
38081,4,USC00325754,MC LEOD 3 E,43.50561674769315,0.034470345734425145
38081,5,USC00322695,ENDERLIN 2W,56.60131228400925,0.02036494765873714
38083,1,USC00325710,MC CLUSKY,13.90591926774616,0.7485121353342516
38083,2,USC00328840,TURTLE LAKE,42.35361750383658,0.08068953874384287
38083,3,USC00324013,HARVEY 4NE,42.39543210556831,0.08053044910276778
38083,4,USC00322304,DRAKE 9 NE,51.979824663720834,0.05357086177517805
38083,5,USC00328872,UNDERWOOD,62.80348687937155,0.0366970150439597
38085,1,USC00395381,MC INTOSH 6 SE,34.56204127368508,0.3871652091770023
38085,2,USC00395406,MC LAUGHLIN 2SW,40.12040834782635,0.2873190383610812
38085,3,USC00327311,PRETTY ROCK,61.661652518166974,0.12163674066280679
38085,4,USC00396712,POLLOCK,64.03162458442878,0.11279920845383805
38085,5,USC00324083,HAZELTON 4NW,71.25847185548278,0.09107980334527152
38087,1,USC00320995,BOWMAN,28.905799646163185,0.4883508099787393
38087,2,USC00326315,NEW ENGLAND,46.62119380513428,0.18773061742126207
38087,3,USC00325813,MEDORA,52.51818065062998,0.14793895382915817
38087,4,USW00024012,DICKINSON THEODORE ROOSEVELT R,64.26024321447463,0.09881369939633587
38087,5,USC00241518,CARLYLE 13 NW,72.71737229729025,0.07716591937450448
38089,1,USW00024012,DICKINSON THEODORE ROOSEVELT R,10.46653767548094,0.7451185037176756
38089,2,USC00327530,RICHARDTON ABBEY,27.257240833854432,0.10986709658972499
38089,3,USC00326315,NEW ENGLAND,34.56312231835547,0.06832906752349482
38089,4,USC00322193,DICKINSON RCH HQ,44.11079344143132,0.04195093948336599
38089,5,USC00324102,HEBRON,48.47701392196614,0.0347343926857386
38091,1,USC00325660,MAYVILLE,28.129563256509783,0.5629867453227168
38091,2,USC00320450,BALDHILL DAM,53.710440964558764,0.1544211252681299
38091,3,USW00014916,GRAND FORKS INTL AP,67.80698221985476,0.09688918796971176
38091,4,USC00327027,PETERSBURG 2 N,68.53770329806822,0.09483421519968306
38091,5,USC00323621,GRAND FORKS UNIV (NWS),70.01721853227463,0.09086872623975856
38093,1,USW00014919,JAMESTOWN MUNI AP,22.301609986846863,0.41174826202104503
38093,2,USC00324418,JAMESTOWN STATE HOSP,22.786712259367153,0.3944036007576403
38093,3,USC00328415,STREETER 5 NW,47.040767745456414,0.09254552115840231
38093,4,USC00321362,CARRINGTON 4 N,60.96152026468072,0.055105205956576496
38093,5,USC00320450,BALDHILL DAM,66.57992312496422,0.04619741010633584
38095,1,USC00320626,BELCOURT KEYA RADIO,40.90115565801561,0.41457340248792884
38095,2,USC00327704,RUGBY,65.84533948778288,0.15996409445438176
38095,3,USC00324958,LANGDON EXP FARM,66.86867053918354,0.1551055066197363
38095,4,USC00325848,MINNEWAUKAN,67.18331496676934,0.153656075257702
38095,5,USC00329445,WILLOW CITY,77.09019691255948,0.11670092118025098
38097,1,USC00325660,MAYVILLE,15.208438189376102,0.7481771833551627
38097,2,USC00213104,GEORGETOWN 1 E,50.268453715807745,0.06848297857801805
38097,3,USC00210018,ADA,51.50255627433407,0.06524032609370488
38097,4,USC00323621,GRAND FORKS UNIV (NWS),53.10363654492838,0.06136562594116175
38097,5,USW00014916,GRAND FORKS INTL AP,55.22879667519786,0.056733886031952584
38099,1,USC00327027,PETERSBURG 2 N,43.528760246650236,0.3315948664068488
38099,2,USC00321435,CAVALIER 7NW,54.0091789208747,0.21538985539700606
38099,3,USW00014916,GRAND FORKS INTL AP,62.68878672788759,0.15987503968862124
38099,4,USC00324958,LANGDON EXP FARM,62.70923749069916,0.1597707796621635
38099,5,USC00323621,GRAND FORKS UNIV (NWS),68.63600588131419,0.13336945884536047
38101,1,USC00325993,MINOT EXP STN,18.541558266771506,0.3941986911808343
38101,2,USW00024013,MINOT INTL AP,20.49638668529445,0.32259157933077554
38101,3,USC00323217,FOXHOLM 7 N,26.952589143614304,0.18655489815196236
38101,4,USC00325638,MAX,47.67689533878466,0.05961996334001164
38101,5,USC00326025,MOHALL,60.49206619669768,0.037034867996416115
38103,1,USC00324013,HARVEY 4NE,29.14729202969073,0.47691345789698025
38103,2,USC00321362,CARRINGTON 4 N,42.86908332563238,0.2204690385720301
38103,3,USC00325710,MC CLUSKY,58.29585373007474,0.11922317099642545
38103,4,USC00325848,MINNEWAUKAN,63.437643422751506,0.100679701525197
38103,5,USC00322304,DRAKE 9 NE,69.98852369479295,0.08271463100936725
38105,1,USC00329430,WILLISTON EXP FARM,29.900972728742342,0.5404217222581269
38105,2,USC00329233,WATFORD CITY,63.35576015811833,0.12037359160263764
38105,3,USC00321871,CROSBY,64.03866017147959,0.11781998335035253
38105,4,USC00323196,FORTUNA 1 W,65.36037563200763,0.11310305924589002
38105,5,USC00324571,KEENE 3S,66.799666760839,0.10828164354299294
39001,1,USC00155243,MAYSVILLE WWTP,31.426402369633898,0.4197215560105223
39001,2,USC00333758,HILLSBORO,45.771275903931624,0.19786299108240188
39001,3,USC00336781,PORTSMOUTH-SCIOTOVILLE,51.9292126842566,0.15371885161790644
39001,4,USC00338830,WAVERLY,52.95706600461374,0.14780964575403363
39001,5,USW00013841,CINCINNATI,71.58731257290638,0.08088695553513572
39003,1,USC00334551,LIMA WWTP,5.574900867539606,0.9010586746061929
39003,2,USC00336405,PANDORA,22.901405122127752,0.05339530991777706
39003,3,USC00338609,VAN WERT 1 S,40.87603974491103,0.016760607076441437
39003,4,USC00331390,CELINA 3 NE,42.757559219227964,0.01531798213349438
39003,5,USW00014825,FINDLAY AP,45.60068661923897,0.013467426266094304
39005,1,USW00014891,MANSFIELD LAHM RGNL AP,20.993628288280014,0.41910488304920224
39005,2,USC00339312,WOOSTER EXP STN,30.283212454264348,0.201415941523212
39005,3,USC00334874,MANSFIELD 5 W,30.58574610544132,0.19745110539009544
39005,4,USC00335297,MILLERSBURG,45.0439392784782,0.09103848017910748
39005,5,USC00332044,DANVILLE 2 W,45.056039107145,0.0909895898583828
39007,1,USC00365050,LINESVILLE 1 S,39.34413600254838,0.28975879405058363
39007,2,USC00336389,PAINESVILLE 4 NW,48.652114972977245,0.18949301332254792
39007,3,USW00014860,ERIE INTL AP,50.4055593554839,0.17653863883867296
39007,4,USC00364325,JAMESTOWN 2 NW,50.82550335977602,0.17363340176234338
39007,5,USC00331458,CHARDON,51.2789553087913,0.1705761520258521
39009,1,USC00330279,ATHENS OU,4.742134151039495,0.9547954228650241
39009,2,USC00334672,LOGAN,37.2377851823764,0.01548425501403719
39009,3,USW00013867,PARKERSBURG,42.436221411005306,0.011922973710033329
39009,4,USC00335857,NEW LEXINGTON 2 NW,46.835270732731644,0.009788404987530993
39009,5,USW00003804,PARKERSBURG AP,51.77753691588792,0.008008943423374444
39011,1,USC00334551,LIMA WWTP,19.844807757520634,0.4291592563017865
39011,2,USC00331390,CELINA 3 NE,26.44297108422041,0.24170841811221394
39011,3,USC00337693,SIDNEY 1 S,32.91430253246364,0.15600659677228385
39011,4,USC00338609,VAN WERT 1 S,43.939332473365276,0.08753976302382938
39011,5,USC00330563,BELLEFONTAINE,44.43803638713243,0.08558596578988635
39013,1,USC00469482,WHEELING,20.839955791455946,0.31387817796080725
39013,2,USC00466248,MOUNDSVILLE,22.000749455725792,0.2816305471680118
39013,3,USC00467018,PIKE ISLAND(LOCK & DAM),26.88370061856686,0.18861516541776896
39013,4,USW00014894,WHEELING OHIO CO AP,32.31440698091879,0.1305456271208122
39013,5,USC00333500,HANNIBAL LOCKS & DAM,39.96918148113174,0.08533048233259967
39015,1,USC00155243,MAYSVILLE WWTP,28.045307344011793,0.4325397479360343
39015,2,USC00333758,HILLSBORO,40.2661311213571,0.2098295375326841
39015,3,USW00093812,CINCINNATI MUNI AP LUNKEN FLD,51.280164172235594,0.12937418188720765
39015,4,USW00013841,CINCINNATI,54.53952425249931,0.11437305976759392
39015,5,USC00339220,WFO WILMINGTON,54.65663167407125,0.1138834728764801
39017,1,USC00332651,FAIRFIELD,10.429395055988362,0.7035311526504892
39017,2,USC00332928,FRANKLIN,24.674788810029924,0.12568825054135774
39017,3,USC00332485,EATON,33.12681508029091,0.06973361874924379
39017,4,USC00121030,BROOKVILLE,38.57383561367345,0.05142992833048588
39017,5,USW00093812,CINCINNATI MUNI AP LUNKEN FLD,39.2722077325435,0.04961704972842322
39019,1,USC00332160,DENNISON WTR WKS,28.85486023624889,0.3926961020014482
39019,2,USC00466442,NEW CUMBERLAND L/D,39.595680079043,0.20854458964420108
39019,3,USC00338025,STEUBENVILLE,45.189891467696846,0.16010759867140992
39019,4,USW00014895,AKRON CANTON AP,47.91817184663867,0.1423947767868294
39019,5,USC00467018,PIKE ISLAND(LOCK & DAM),58.28157244636149,0.09625693289611136
39021,1,USC00338552,URBANA WRF,3.934281146626985,0.9102968266384893
39021,2,USC00337935,SPRINGFIELD WTP,18.017453524405852,0.043403723800042995
39021,3,USC00330563,BELLEFONTAINE,24.563306468697984,0.023352864450100486
39021,4,USC00334681,LONDON STATE FISH HATCHERY,34.18417471135787,0.01205767609526129
39021,5,USC00337693,SIDNEY 1 S,35.97201133301319,0.010888909016105891
39023,1,USC00337935,SPRINGFIELD WTP,6.602015082634438,0.798840660034381
39023,2,USC00338552,URBANA WRF,20.25654747813217,0.08485595658045653
39023,3,USC00334681,LONDON STATE FISH HATCHERY,23.47286805600989,0.0631947312221322
39023,4,USC00339361,XENIA 6 SSE,35.37096986373492,0.02783038726692195
39023,5,USW00093815,DAYTON INTL AP,37.11358974930939,0.025278264896108307
39025,1,USW00093812,CINCINNATI MUNI AP LUNKEN FLD,23.78539016245135,0.5107792385071409
39025,2,USW00093814,CINCINNATI/NORTHERN KENTUCKY I,45.17331170452493,0.1416086997574811
39025,3,USW00013841,CINCINNATI,49.77763916970338,0.11662326754544733
39025,4,USC00339220,WFO WILMINGTON,49.83926023442586,0.11633506072878828
39025,5,USC00332651,FAIRFIELD,50.203361480955905,0.11465373346114248
39027,1,USW00013841,CINCINNATI,1.5088946485009453,0.5306817158696775
39027,2,USC00339220,WFO WILMINGTON,1.612935539469643,0.46442751184821335
39027,3,USC00339361,XENIA 6 SSE,23.503366968707816,0.002187216624777088
39027,4,USC00333758,HILLSBORO,26.424227979786206,0.00173040334475142
39027,5,USC00338794,WASHINGTON COURT HOUSE,35.23591641355067,0.0009731523125806783
39029,1,USC00466442,NEW CUMBERLAND L/D,29.96917557108461,0.33608879637677064
39029,2,USC00365902,MONTGOMERY L&D,35.76981671192217,0.23592295422242263
39029,3,USC00366233,NEW CASTLE 1 N,44.542097054753185,0.1521466195903856
39029,4,USC00338025,STEUBENVILLE,45.57453750645215,0.14533127617779334
39029,5,USC00338769,WARREN 3 S,48.09271890655181,0.13051035363262772
39031,1,USC00331890,COSHOCTON WPC PLT,8.025595265093665,0.821588364219671
39031,2,USC00335297,MILLERSBURG,26.78912337256114,0.07373807297060028
39031,3,USC00332044,DANVILLE 2 W,35.41774178016785,0.04218587425575466
39031,4,USW00093824,ZANESVILLE MUNI AP,39.11284636963557,0.03459154375357018
39031,5,USC00331197,CAMBRIDGE,43.554426531403884,0.027896144800403772
39033,1,USC00331072,BUCYRUS,5.507009828121764,0.9033638025919939
39033,2,USC00334874,MANSFIELD 5 W,27.712616928301227,0.03567297344722116
39033,3,USC00334942,MARION 2 N,31.271405618642753,0.028015577684461574
39033,4,USW00014891,MANSFIELD LAHM RGNL AP,34.38312181391657,0.02317414798237971
39033,5,USC00336118,NORWALK WWTP,52.944661145256156,0.009773498293943502
39037,1,USC00333375,GREENVILLE WTP,3.992045900426014,0.9645063573908036
39037,2,USC00127370,RICHMOND WTR WKS,37.776037045869934,0.010771181786743364
39037,3,USW00093815,DAYTON INTL AP,42.445890685173985,0.008531489180758224
39037,4,USC00337693,SIDNEY 1 S,42.84074711045742,0.008374947145610996
39037,5,USC00332485,EATON,44.34606788909605,0.007816024496083804
39039,1,USC00332098,DEFIANCE,9.771896723839621,0.6561961677807552
39039,2,USC00333722,HICKSVILLE,23.140451305984374,0.1170166813522123
39039,3,USC00336465,PAULDING,23.61248539220849,0.11238491515545052
39039,4,USC00335438,MONTPELIER,30.878098257684712,0.0657189077533566
39039,5,USC00338822,WAUSEON WTP,35.87612957977648,0.04868332795822545
39041,1,USC00338951,WESTERVILLE,17.76053972695908,0.41959289722671766
39041,2,USC00334979,MARYSVILLE,24.01343125163201,0.22952606236811499
39041,3,USC00331404,CENTERBURG 2 SE,29.954527244903236,0.14750797714998465
39041,4,USW00014821,JOHN GLENN INTL AP,33.92889036270316,0.11497439530849236
39041,5,USC00334942,MARION 2 N,38.69433283935811,0.0883986679466905
39043,1,USW00014846,SANDUSKY,12.483026368883344,0.5332939986374023
39043,2,USC00336118,NORWALK WWTP,14.733951011103095,0.3827965624990123
39043,3,USC00332974,FREMONT,44.97679520328433,0.041079907655624116
39043,4,USW00014820,CLEVELAND,60.65801422998623,0.022585520047517658
39043,5,USW00014891,MANSFIELD LAHM RGNL AP,64.07003365071054,0.020244011160443675
39045,1,USC00334672,LOGAN,31.143014402770802,0.2440226534477248
39045,2,USC00331592,CIRCLEVILLE,32.027006971695414,0.2307377906143412
39045,3,USW00014821,JOHN GLENN INTL AP,34.43157696422529,0.19963542598082812
39045,4,USC00335857,NEW LEXINGTON 2 NW,35.18650362038745,0.19116096298356655
39045,5,USC00335747,NEWARK WTR WKS,41.9571859057567,0.13444316697353936
39047,1,USC00338794,WASHINGTON COURT HOUSE,3.9410256360652327,0.9543794331991043
39047,2,USW00013841,CINCINNATI,34.29228814930234,0.012605110667058208
39047,3,USC00339220,WFO WILMINGTON,34.30071503584046,0.012598917863837312
39047,4,USC00333758,HILLSBORO,37.97079700080958,0.010281113782995196
39047,5,USC00334681,LONDON STATE FISH HATCHERY,38.24272448172785,0.01013542448700517
39049,1,USW00014821,JOHN GLENN INTL AP,11.496241733485387,0.6001099342412544
39049,2,USC00338951,WESTERVILLE,18.291894458508157,0.23704195305735748
39049,3,USC00334979,MARYSVILLE,33.22474331669009,0.07184876735661395
39049,4,USC00331592,CIRCLEVILLE,40.24323007457478,0.04897302463600875
39049,5,USC00334681,LONDON STATE FISH HATCHERY,43.44207990748876,0.04202632070876548
39051,1,USC00338822,WAUSEON WTP,8.953104875074946,0.7847464194192822
39051,2,USW00094830,TOLEDO EXPRESS AP,26.55079858886144,0.08923218137516914
39051,3,USC00200032,ADRIAN 2 NNE,36.5969129457343,0.04696645492485186
39051,4,USC00335438,MONTPELIER,38.391545331187494,0.04267814150959193
39051,5,USC00332098,DEFIANCE,41.58398260364025,0.03637680277110491
39053,1,USC00333029,GALLIPOLIS,10.408607435733584,0.5822355501676819
39053,2,USC00464200,HOGSETT RC BYRD DAM,17.96225302563248,0.19550702089382618
39053,3,USC00338810,WATERLOO,19.693532639233236,0.16264350441864592
39053,4,USC00334004,JACKSON 3 NW,45.54429382963532,0.030409972842684842
39053,5,USC00469683,WINFIELD LOCKS,46.4751904613088,0.029203951677161152
39055,1,USC00331458,CHARDON,9.884429344083344,0.6960696100787183
39055,2,USC00333780,HIRAM,21.472812077489685,0.14749524825140162
39055,3,USC00336389,PAINESVILLE 4 NW,29.948318485800645,0.07582475048409383
39055,4,USC00335505,MOSQUITO CREEK LAKE,40.788340014675,0.04087745168750231
39055,5,USC00336949,RAVENNA 2 S,41.37162599417657,0.03973293949828391
39057,1,USC00339361,XENIA 6 SSE,8.323107094115098,0.7641250299540376
39057,2,USC00332067,DAYTON MCD,27.346788518495273,0.07078198326924079
39057,3,USC00339220,WFO WILMINGTON,30.203269077161334,0.05802664857334061
39057,4,USW00013841,CINCINNATI,30.337142899774896,0.05751565060940535
39057,5,USC00337935,SPRINGFIELD WTP,32.684575814053034,0.049550687593975816
39059,1,USC00331197,CAMBRIDGE,8.593376175015653,0.8537827380984244
39059,2,USW00093824,ZANESVILLE MUNI AP,35.839322842481664,0.049085749423939506
39059,3,USC00331890,COSHOCTON WPC PLT,37.725832544760785,0.044299349748272945
39059,4,USC00332160,DENNISON WTR WKS,40.95050306307767,0.03759728930650589
39059,5,USC00335297,MILLERSBURG,64.33067128773178,0.015234873422857242
39061,1,USW00093812,CINCINNATI MUNI AP LUNKEN FLD,14.966252247833904,0.3977275970847051
39061,2,USC00332651,FAIRFIELD,17.227705569648855,0.3001628679045434
39061,3,USW00093814,CINCINNATI/NORTHERN KENTUCKY I,20.25280642205326,0.2171907997241854
39061,4,USC00332928,FRANKLIN,44.13514682441705,0.04573436952634443
39061,5,USC00121030,BROOKVILLE,47.681456500746286,0.03918436576022156
39063,1,USW00014825,FINDLAY AP,1.499047844233997,0.9160932718942614
39063,2,USC00332791,FINDLAY WPCC,5.111630980968718,0.07878647944514312
39063,3,USC00336405,PANDORA,25.523947938525037,0.0031599119528820047
39063,4,USC00330862,BOWLING GREEN WWTP,42.82128433634289,0.0011226678970790284
39063,5,USC00334551,LIMA WWTP,49.57345275466107,0.000837668810634559
39065,1,USC00330563,BELLEFONTAINE,35.388431849488576,0.24714978989873232
39065,2,USW00014825,FINDLAY AP,39.27383844983999,0.20066710428992038
39065,3,USC00334551,LIMA WWTP,39.87728072339757,0.194639872362026
39065,4,USC00336405,PANDORA,40.44011086695277,0.18925972611978553
39065,5,USC00332791,FINDLAY WPCC,42.886505840688095,0.16828350732953587
39067,1,USC00332160,DENNISON WTR WKS,24.796064266330443,0.3870132983272408
39067,2,USC00467018,PIKE ISLAND(LOCK & DAM),36.8188668248388,0.17552967901608918
39067,3,USW00014894,WHEELING OHIO CO AP,40.33937877507075,0.14622882260928904
39067,4,USC00338025,STEUBENVILLE,40.36478915200566,0.14604477309389371
39067,5,USC00469482,WHEELING,40.48435045588937,0.14518342695348707
39069,1,USC00338822,WAUSEON WTP,21.71708263215821,0.3886428644662005
39069,2,USC00332098,DEFIANCE,27.036096409167257,0.25076429123827826
39069,3,USW00094830,TOLEDO EXPRESS AP,35.89574659301395,0.14225504743438055
39069,4,USC00330862,BOWLING GREEN WWTP,38.63644217412419,0.12278898534852309
39069,5,USC00336405,PANDORA,43.79899932534303,0.0955488115126176
39071,1,USC00333758,HILLSBORO,5.476811793997224,0.9222665164473283
39071,2,USW00013841,CINCINNATI,32.37509391353373,0.02639307560382486
39071,3,USC00339220,WFO WILMINGTON,32.51448351716911,0.026167266414593285
39071,4,USC00338794,WASHINGTON COURT HOUSE,41.89276185282291,0.015762826297177585
39071,5,USC00338830,WAVERLY,54.21930567007497,0.009410315237076125
39073,1,USC00334672,LOGAN,8.999287937291442,0.8344397865034073
39073,2,USC00335857,NEW LEXINGTON 2 NW,35.42729831690999,0.053843741391751576
39073,3,USC00330279,ATHENS OU,37.90825111207581,0.047026623834929004
39073,4,USC00331592,CIRCLEVILLE,42.62260494711123,0.03719900476800646
39073,5,USC00334004,JACKSON 3 NW,49.580581544584206,0.027490843501905716
39075,1,USC00335297,MILLERSBURG,3.2431999120186012,0.9627507894364457
39075,2,USC00339312,WOOSTER EXP STN,24.01191866731327,0.01756335967601027
39075,3,USC00332044,DANVILLE 2 W,34.63347684665538,0.008442462448962686
39075,4,USC00331890,COSHOCTON WPC PLT,36.51360155379621,0.007595423226739568
39075,5,USC00332160,DENNISON WTR WKS,52.6872240338057,0.003647965211841834
39077,1,USC00336118,NORWALK WWTP,13.252144124082676,0.693989828805145
39077,2,USW00014846,SANDUSKY,35.405658540400935,0.09722547039804644
39077,3,USW00014891,MANSFIELD LAHM RGNL AP,36.68538384881266,0.09056059580792418
39077,4,USC00334874,MANSFIELD 5 W,42.79234203428603,0.06655693190403596
39077,5,USC00331072,BUCYRUS,48.5685740540771,0.051667173084848333
39079,1,USC00334004,JACKSON 3 NW,10.811309267869543,0.7468413644645172
39079,2,USC00338830,WAVERLY,33.38709659750289,0.07831187788297315
39079,3,USC00338810,WATERLOO,36.85062734480082,0.0642828575680534
39079,4,USC00336781,PORTSMOUTH-SCIOTOVILLE,37.04792922045029,0.06359999317585366
39079,5,USC00333029,GALLIPOLIS,43.1132103992095,0.04696390690860245
39081,1,USC00338025,STEUBENVILLE,11.734657237088898,0.5367368746036221
39081,2,USC00466442,NEW CUMBERLAND L/D,18.192442987416186,0.22331618759000904
39081,3,USW00014894,WHEELING OHIO CO AP,27.441276078902327,0.09815075483623364
39081,4,USC00467018,PIKE ISLAND(LOCK & DAM),28.467059722062753,0.09120465927854036
39081,5,USC00469482,WHEELING,38.22189766327271,0.050591523691594954
39083,1,USC00332044,DANVILLE 2 W,10.74691275271705,0.7014997771437074
39083,2,USC00331404,CENTERBURG 2 SE,23.308393967743978,0.14913180813884586
39083,3,USC00335747,NEWARK WTR WKS,35.16036823830654,0.06553724093527669
39083,4,USC00334874,MANSFIELD 5 W,42.95230549621765,0.043915923909338676
39083,5,USC00335297,MILLERSBURG,45.05345131392547,0.03991524987283142
39085,1,USC00336389,PAINESVILLE 4 NW,8.600171391739536,0.8158345723235658
39085,2,USC00331458,CHARDON,21.23749196489257,0.13378575160491468
39085,3,USC00333780,HIRAM,52.53031488095662,0.021867357736187767
39085,4,USC00335505,MOSQUITO CREEK LAKE,64.36503522918437,0.014565194732126106
39085,5,USC00365050,LINESVILLE 1 S,65.77575383650186,0.013947123603205639
39087,1,USC00338810,WATERLOO,11.438252928370318,0.5011403983537547
39087,2,USC00150254,ASHLAND,18.676058031301487,0.18797858481756904
39087,3,USC00337857,S PT,21.07313983296795,0.14764553139145262
39087,4,USW00003860,HUNTINGTON TRI-STATE AP,26.727531701010975,0.09178275689197234
39087,5,USC00464200,HOGSETT RC BYRD DAM,30.292142678833102,0.07145272854525143
39089,1,USC00335747,NEWARK WTR WKS,6.025293495958401,0.8888773920408345
39089,2,USC00331404,CENTERBURG 2 SE,26.564633467417323,0.04572888555416781
39089,3,USW00014821,JOHN GLENN INTL AP,35.3245375345659,0.025860999375479202
39089,4,USC00338951,WESTERVILLE,39.38019229225135,0.020808587858921347
39089,5,USC00332044,DANVILLE 2 W,41.51435099618161,0.018724135170597227
39091,1,USC00330563,BELLEFONTAINE,3.8509008270793537,0.961553905947464
39091,2,USC00338552,URBANA WRF,32.09162499181022,0.013845699057467088
39091,3,USC00337693,SIDNEY 1 S,35.08860424137526,0.01158153485912755
39091,4,USC00337935,SPRINGFIELD WTP,46.16015626761964,0.006692120682329233
39091,5,USC00334979,MARYSVILLE,47.47436643219563,0.006326739453611944
39093,1,USW00014820,CLEVELAND,26.807276225262434,0.4901889322623924
39093,2,USC00336118,NORWALK WWTP,41.22043646329882,0.2073211972063654
39093,3,USW00014846,SANDUSKY,44.77517515702974,0.17570911574695267
39093,4,USW00014891,MANSFIELD LAHM RGNL AP,74.37537326785707,0.06368110099577008
39093,5,USW00014813,AKRON FULTON INTL AP,74.71726251080955,0.06309965378851953
39095,1,USW00014849,TOLEDO WB AP,12.857772570942952,0.6904979955344008
39095,2,USW00094830,TOLEDO EXPRESS AP,29.902566735041376,0.12766650372038885
39095,3,USC00330862,BOWLING GREEN WWTP,35.314456801892845,0.09153534877590086
39095,4,USC00332974,FREMONT,48.467549365354095,0.04859502153199648
39095,5,USC00200032,ADRIAN 2 NNE,52.3181295398755,0.041705130437312984
39097,1,USC00334681,LONDON STATE FISH HATCHERY,9.282929604935916,0.8021710043876875
39097,2,USC00334979,MARYSVILLE,34.952769184194835,0.05658142693536427
39097,3,USC00337935,SPRINGFIELD WTP,35.68478801066783,0.05428387373624901
39097,4,USC00338552,URBANA WRF,39.52843220814746,0.04424028283876328
39097,5,USC00338794,WASHINGTON COURT HOUSE,40.224029249280974,0.0427234121019358
39099,1,USC00338769,WARREN 3 S,21.50589295070799,0.37774383096120984
39099,2,USW00014852,YOUNGSTOWN-WARREN RGNL AP,28.297607242802975,0.21817898192129884
39099,3,USC00335505,MOSQUITO CREEK LAKE,31.997209537836092,0.170642863082325
39099,4,USC00366233,NEW CASTLE 1 N,34.32274517513751,0.14830244391511535
39099,5,USC00336949,RAVENNA 2 S,45.301236632463834,0.08513188012005095
39101,1,USC00334942,MARION 2 N,4.381475478691505,0.9570534322214579
39101,2,USC00331072,BUCYRUS,30.078102612666566,0.020308417488536918
39101,3,USC00334979,MARYSVILLE,44.61568263804985,0.009230003623300556
39101,4,USC00334874,MANSFIELD 5 W,50.35945487259361,0.007244608404101792
39101,5,USC00331404,CENTERBURG 2 SE,54.59758458752309,0.006163538262602961
39103,1,USW00014820,CLEVELAND,33.205648204830474,0.2815165993713698
39103,2,USC00339312,WOOSTER EXP STN,37.26280518926631,0.22355111518094584
39103,3,USW00014813,AKRON FULTON INTL AP,37.62445561115925,0.21927417365658247
39103,4,USW00014895,AKRON CANTON AP,44.17807315349373,0.15904293904259048
39103,5,USC00336949,RAVENNA 2 S,51.59248378731173,0.11661517274851145
39105,1,USC00330279,ATHENS OU,26.587695643920664,0.36503998225223505
39105,2,USC00333029,GALLIPOLIS,32.71789948783034,0.24106324821875116
39105,3,USC00467552,RIPLEY,40.85089291379035,0.15463176907830856
39105,4,USW00013867,PARKERSBURG,45.84457557033701,0.12277951660636018
39105,5,USC00464200,HOGSETT RC BYRD DAM,47.06683681660465,0.11648548384434487
39107,1,USC00331390,CELINA 3 NE,8.863916075039239,0.787557706313819
39107,2,USC00120676,BERNE WWTP,29.17716032353456,0.07268547163687755
39107,3,USC00127069,PORTLAND 1 SW,33.18342447583312,0.056194168755108076
39107,4,USC00338609,VAN WERT 1 S,35.18904098161302,0.04997108673648492
39107,5,USC00122096,DECATUR 1 N,42.919208003977595,0.03359156655771036
39109,1,USW00093815,DAYTON INTL AP,16.35880733682604,0.4726998786441274
39109,2,USC00337693,SIDNEY 1 S,25.043827337838184,0.20169139239139255
39109,3,USC00332067,DAYTON MCD,30.377826953730025,0.1370803985226545
39109,4,USC00333375,GREENVILLE WTP,36.322732425770994,0.09588082077594835
39109,5,USC00337935,SPRINGFIELD WTP,36.95111161212179,0.09264750966587734
39111,1,USC00333500,HANNIBAL LOCKS & DAM,20.29959202690809,0.4653963266574624
39111,2,USC00465963,MIDDLEBOURNE 3 ESE,34.84473016394722,0.1579513561781446
39111,3,USC00466248,MOUNDSVILLE,34.94519504259568,0.15704446449638046
39111,4,USC00335939,NEWPORT,38.62475360457093,0.12854823752677674
39111,5,USC00334927,MARIETTA WWTP,45.89188324912361,0.09105961514123576
39113,1,USC00332067,DAYTON MCD,9.118361334942364,0.6334355281677052
39113,2,USW00093815,DAYTON INTL AP,18.054288644692306,0.16157540440584436
39113,3,USC00332928,FRANKLIN,22.385685445473264,0.10509818613851156
39113,4,USC00332485,EATON,29.564283590897873,0.06025613835625029
39113,5,USC00339361,XENIA 6 SSE,36.45272375438776,0.039634742931688755
39115,1,USC00335857,NEW LEXINGTON 2 NW,32.58705172865567,0.280985226126114
39115,2,USW00093824,ZANESVILLE MUNI AP,35.811364192300715,0.2326654491525524
39115,3,USC00330279,ATHENS OU,39.33546775513405,0.19284349241212267
39115,4,USC00334927,MARIETTA WWTP,43.9576415953593,0.15442046589211111
39115,5,USW00013867,PARKERSBURG,46.317604862246284,0.13908536641709981
39117,1,USC00331404,CENTERBURG 2 SE,28.68620711610098,0.25011181276194244
39117,2,USC00334942,MARION 2 N,29.75662348149349,0.23244122941098458
39117,3,USC00334874,MANSFIELD 5 W,30.29939670491428,0.22418807131294927
39117,4,USC00331072,BUCYRUS,35.07795905908432,0.16726760155292394
39117,5,USW00014891,MANSFIELD LAHM RGNL AP,40.417549516818994,0.1259912849611997
39119,1,USW00093824,ZANESVILLE MUNI AP,4.835052717280306,0.9256826904275675
39119,2,USC00331890,COSHOCTON WPC PLT,31.111227505003207,0.022357862280779635
39119,3,USC00331197,CAMBRIDGE,31.42174935273906,0.021918147745447966
39119,4,USC00335857,NEW LEXINGTON 2 NW,34.7918528535579,0.017877609810022985
39119,5,USC00335747,NEWARK WTR WKS,42.1793242892341,0.012163689736182098
39121,1,USC00331197,CAMBRIDGE,29.1986222134241,0.3592669642591877
39121,2,USC00334927,MARIETTA WWTP,39.91374862484591,0.19226355428422232
39121,3,USW00093824,ZANESVILLE MUNI AP,42.54483054582194,0.1692187200821128
39121,4,USC00335939,NEWPORT,46.12911317852723,0.14394341148878714
39121,5,USW00003804,PARKERSBURG AP,47.578451919757285,0.13530734988569007
39123,1,USC00332974,FREMONT,25.19591214791482,0.3503172812460053
39123,2,USW00014846,SANDUSKY,26.834769092095474,0.3088346406028671
39123,3,USW00014849,TOLEDO WB AP,37.85708095581241,0.1551770476721995
39123,4,USC00336118,NORWALK WWTP,45.67268311668205,0.10661263592376169
39123,5,USC00330862,BOWLING GREEN WWTP,53.03796725307481,0.0790583945551664
39125,1,USC00336465,PAULDING,1.0389951231390726,0.994487975322982
39125,2,USC00333722,HICKSVILLE,23.915860569940985,0.0018769578881438613
39125,3,USC00332098,DEFIANCE,24.224089981598077,0.0018294966237485815
39125,4,USC00338609,VAN WERT 1 S,29.972576442063698,0.0011950288814193337
39125,5,USC00122096,DECATUR 1 N,41.93298313678387,0.0006105412837062348
39127,1,USC00335857,NEW LEXINGTON 2 NW,2.2160417651335016,0.9848919146906469
39127,2,USC00334672,LOGAN,26.96599707337653,0.006651375837249192
39127,3,USW00093824,ZANESVILLE MUNI AP,37.09273440379895,0.003515335296601982
39127,4,USC00335747,NEWARK WTR WKS,41.08739413931351,0.002865017362667079
39127,5,USC00330279,ATHENS OU,48.263768996458516,0.002076356812834908
39129,1,USC00331592,CIRCLEVILLE,9.370110155665431,0.8359848501977719
39129,2,USC00338794,WASHINGTON COURT HOUSE,34.21523594226242,0.06269728312872337
39129,3,USW00014821,JOHN GLENN INTL AP,40.853326181600224,0.043977745039066554
39129,4,USC00334681,LONDON STATE FISH HATCHERY,47.81792745340233,0.03210009388525205
39129,5,USC00338951,WESTERVILLE,53.926096691676356,0.025240027749186066
39131,1,USC00338830,WAVERLY,7.730624846026326,0.8713279233362881
39131,2,USC00334004,JACKSON 3 NW,29.92450375318274,0.058150963410601775
39131,3,USC00336781,PORTSMOUTH-SCIOTOVILLE,37.789587409708815,0.03646418640183196
39131,4,USC00333758,HILLSBORO,51.237005080451915,0.019835509293885563
39131,5,USC00331592,CIRCLEVILLE,60.51094985800622,0.014221417557392773
39133,1,USC00336949,RAVENNA 2 S,8.152846934734841,0.6786282529985517
39133,2,USC00333780,HIRAM,15.91717418980042,0.17804040599254703
39133,3,USW00014813,AKRON FULTON INTL AP,26.696273846536442,0.06329205790955836
39133,4,USC00338769,WARREN 3 S,32.538716207324654,0.042603932278273124
39133,5,USW00014895,AKRON CANTON AP,34.71237295514755,0.03743535082106977
39135,1,USC00332485,EATON,1.0491263347643793,0.9957543856906146
39135,2,USC00127370,RICHMOND WTR WKS,23.697910432226756,0.0019515860172180212
39135,3,USC00332928,FRANKLIN,34.677577150991496,0.0009114027023494264
39135,4,USC00332067,DAYTON MCD,39.13803989271856,0.0007155000394711853
39135,5,USC00333375,GREENVILLE WTP,40.53219427101648,0.0006671255503469069
39137,1,USC00336405,PANDORA,16.61489560101104,0.5460218814184907
39137,2,USC00334551,LIMA WWTP,33.33993276554749,0.13560504314600955
39137,3,USC00332098,DEFIANCE,35.375518782389676,0.12044801455613868
39137,4,USW00014825,FINDLAY AP,38.76024846613713,0.1003303150212466
39137,5,USC00332791,FINDLAY WPCC,39.299716868851476,0.09759474585811452
39139,1,USW00014891,MANSFIELD LAHM RGNL AP,5.54485789161137,0.5551872709990899
39139,2,USC00334874,MANSFIELD 5 W,6.405091224755353,0.41607316018141416
39139,3,USC00331072,BUCYRUS,36.19104563786761,0.013032210272606107
39139,4,USC00332044,DANVILLE 2 W,42.37188547748398,0.009507465562845995
39139,5,USC00339312,WOOSTER EXP STN,52.47084687091478,0.0061998929840438805
39141,1,USC00338830,WAVERLY,24.609044459695767,0.3889136167288136
39141,2,USC00331592,CIRCLEVILLE,33.0729847725969,0.21532570061158304
39141,3,USC00338794,WASHINGTON COURT HOUSE,39.139586038673606,0.15374825479328072
39141,4,USC00334004,JACKSON 3 NW,40.819745109450466,0.1413520377593289
39141,5,USC00333758,HILLSBORO,48.371774634822785,0.10066039010699375
39143,1,USC00332974,FREMONT,3.0892343642815776,0.9753610034188619
39143,2,USW00014849,TOLEDO WB AP,35.79191056332603,0.007266032551692537
39143,3,USW00014846,SANDUSKY,37.063584661792355,0.0067759822753314545
39143,4,USC00330862,BOWLING GREEN WWTP,39.20257405804923,0.006056726102164233
39143,5,USC00336118,NORWALK WWTP,45.278642445377194,0.004540255651950002
39145,1,USC00336781,PORTSMOUTH-SCIOTOVILLE,11.616155647648114,0.7557168781815841
39145,2,USC00338830,WAVERLY,33.0113098262425,0.09357470222549051
39145,3,USC00334004,JACKSON 3 NW,38.76382323552065,0.06786264116619939
39145,4,USC00338810,WATERLOO,47.30514337640063,0.04556876314373637
39145,5,USC00150254,ASHLAND,52.302375899076054,0.03727701528298982
39147,1,USC00332974,FREMONT,23.761189877132605,0.45071268987410257
39147,2,USC00331072,BUCYRUS,36.67029018456933,0.18923761332660244
39147,3,USC00332791,FINDLAY WPCC,45.55839031182064,0.12260252468399262
39147,4,USC00336118,NORWALK WWTP,45.775730515848316,0.12144107080431746
39147,5,USW00014825,FINDLAY AP,46.83576971981786,0.1160061013109849
39149,1,USC00337693,SIDNEY 1 S,8.628492181690547,0.8446180321386924
39149,2,USC00330563,BELLEFONTAINE,36.392200696740666,0.04748030840391024
39149,3,USC00331390,CELINA 3 NE,38.20328980974092,0.043085252545346585
39149,4,USC00334551,LIMA WWTP,43.60580446706896,0.03307056105228317
39149,5,USC00338552,URBANA WRF,44.50631453809398,0.0317458458597677
39151,1,USW00014895,AKRON CANTON AP,13.276656765327512,0.6425417316178443
39151,2,USW00014813,AKRON FULTON INTL AP,26.125227208988875,0.16594288744498467
39151,3,USC00336949,RAVENNA 2 S,36.511115843028946,0.08496275435210633
39151,4,USC00332160,DENNISON WTR WKS,45.46475088853237,0.054793515253587464
39151,5,USC00339312,WOOSTER EXP STN,46.778467717390456,0.05175911133147728
39153,1,USW00014813,AKRON FULTON INTL AP,11.164083362257205,0.6048561498385397
39153,2,USC00336949,RAVENNA 2 S,21.047880219733617,0.1701694185491674
39153,3,USW00014895,AKRON CANTON AP,23.924227901213513,0.1317111010903816
39153,4,USC00333780,HIRAM,38.40553237748392,0.051110562746501366
39153,5,USW00014820,CLEVELAND,42.289843023022414,0.04215276777540998
39155,1,USC00335505,MOSQUITO CREEK LAKE,1.0077038162439802,0.9811528262963441
39155,2,USW00014852,YOUNGSTOWN-WARREN RGNL AP,9.921865248338941,0.010120822700306703
39155,3,USC00338769,WARREN 3 S,12.093279219621559,0.0068126221945013325
39155,4,USC00333780,HIRAM,31.498542945426017,0.0010042030504501815
39155,5,USC00364325,JAMESTOWN 2 NW,33.0973887710828,0.0009095257583977214
39157,1,USC00332160,DENNISON WTR WKS,11.757508545866974,0.7817341669749008
39157,2,USC00335297,MILLERSBURG,39.22898152475357,0.07022239446983707
39157,3,USC00331890,COSHOCTON WPC PLT,40.97961020152339,0.06435081534867469
39157,4,USC00331197,CAMBRIDGE,49.38104358911443,0.04431687947988829
39157,5,USW00014895,AKRON CANTON AP,52.38783670647509,0.03937574372669921
39159,1,USC00334979,MARYSVILLE,14.142783634612377,0.6578090391844542
39159,2,USC00330563,BELLEFONTAINE,35.1991892766347,0.10619505890167319
39159,3,USC00338951,WESTERVILLE,40.536642210409276,0.08007078533971027
39159,4,USC00334942,MARION 2 N,40.680766351481,0.07950443952287224
39159,5,USC00338552,URBANA WRF,41.49343368744337,0.07642067705129005
39161,1,USC00338609,VAN WERT 1 S,0.7988650440329675,0.9974148481394024
39161,2,USC00122096,DECATUR 1 N,28.96323735270399,0.0007588019857816595
39161,3,USC00336465,PAULDING,29.93586483644004,0.0007102954731326295
39161,4,USC00331390,CELINA 3 NE,32.135814176318,0.000616373630346202
39161,5,USC00120676,BERNE WWTP,35.691517561816134,0.0004996807713370255
39163,1,USC00334004,JACKSON 3 NW,27.02861084526706,0.34119720617639815
39163,2,USC00334672,LOGAN,32.173303152322056,0.240802845715723
39163,3,USC00330279,ATHENS OU,34.17852669423133,0.213376330005096
39163,4,USC00338830,WAVERLY,45.338915052675205,0.12125807527984259
39163,5,USC00333029,GALLIPOLIS,54.68058691211449,0.0833655428229402
39165,1,USC00332928,FRANKLIN,19.125293609613056,0.40492809007783137
39165,2,USC00339220,WFO WILMINGTON,29.87231543665963,0.16598022698847312
39165,3,USW00013841,CINCINNATI,29.943309916240093,0.16519409409039107
39165,4,USC00339361,XENIA 6 SSE,30.785265488079478,0.15628176983673867
39165,5,USC00332651,FAIRFIELD,37.09872687047407,0.10761581900656565
39167,1,USC00334927,MARIETTA WWTP,6.82382762405116,0.6708175976378548
39167,2,USW00003804,PARKERSBURG AP,13.008755184986072,0.18458187824417693
39167,3,USW00013867,PARKERSBURG,19.705136455418224,0.08044548029639322
39167,4,USC00335939,NEWPORT,24.156072970030863,0.05353131063379229
39167,5,USC00330279,ATHENS OU,54.22401774767097,0.010623733187782695
39169,1,USC00339312,WOOSTER EXP STN,6.023565478980657,0.9161486901405005
39169,2,USC00335297,MILLERSBURG,32.60224395185835,0.031273626912785166
39169,3,USW00014895,AKRON CANTON AP,38.596481873250625,0.02231401890090529
39169,4,USW00014813,AKRON FULTON INTL AP,42.4329767055674,0.018461468284501403
39169,5,USW00014891,MANSFIELD LAHM RGNL AP,53.07074829705263,0.011802195761307636
39171,1,USC00335438,MONTPELIER,2.6982708778020337,0.9781481641381203
39171,2,USC00333722,HICKSVILLE,34.1415868972546,0.0061095374308157
39171,3,USC00332098,DEFIANCE,35.95921006397842,0.005507511983347746
39171,4,USC00338822,WAUSEON WTP,36.9049096220907,0.005228865178841183
39171,5,USC00120200,ANGOLA,37.71775721709481,0.005005921268875113
39173,1,USC00330862,BOWLING GREEN WWTP,2.725370150221091,0.9706634016478606
39173,2,USW00014849,TOLEDO WB AP,26.386811882379938,0.010354897474872938
39173,3,USW00094830,TOLEDO EXPRESS AP,29.44516230019234,0.008315564568254595
39173,4,USC00332791,FINDLAY WPCC,35.08057113844815,0.005858498650785732
39173,5,USW00014825,FINDLAY AP,38.7252257652922,0.004807637658226183
39175,1,USC00331072,BUCYRUS,29.101383695922088,0.2831270256858003
39175,2,USC00334942,MARION 2 N,29.474701307767397,0.27600044310656807
39175,3,USW00014825,FINDLAY AP,35.49869494125745,0.19027591999962393
39175,4,USC00332791,FINDLAY WPCC,37.19161334764527,0.17334789343843837
39175,5,USC00336405,PANDORA,55.713271698365176,0.07724871776956926
40001,1,USW00093993,FAYETTEVILLE DRAKE FLD,45.20793245673789,0.2731566860582004
40001,2,USC00032444,FAYETTEVILLE EXP STN,48.52213847755369,0.2371162184598091
40001,3,USC00035018,MOUNTAINBURG 2 NE,52.662810540398674,0.20129503356003928
40001,4,USC00032930,GRAVETTE,61.47830523857519,0.14770573304156684
40001,5,USC00346130,MUSKOGEE,62.98438365307557,0.1407263288803844
40003,1,USC00344019,HELENA 1 SSE,21.91112857930378,0.5273808281683728
40003,2,USC00144341,KIOWA,35.264616869040694,0.2035989308153901
40003,3,USC00349404,WAYNOKA,52.49040450364462,0.09189544677634108
40003,4,USC00342912,ENID,52.88017230057439,0.0905457581684843
40003,5,USW00013980,ANTHONY,54.07799025558424,0.08657903607141172
40005,1,USC00340256,ANTLERS,43.16993259226121,0.4220472681535546
40005,2,USW00093950,MCALESTER RGNL AP,59.26792147134318,0.22391564611807147
40005,3,USC00345468,MADILL,75.313913983196,0.1386670889723583
40005,4,USC00410923,BONHAM 3NNE,84.52872412332631,0.11008172007387726
40005,5,USC00341745,CHICKASAW NRA,86.43147182567985,0.1052882766821383
40007,1,USC00343489,GATE,39.59235357493294,0.2918881698371714
40007,2,USC00413225,FOLLETT,46.75590592130654,0.2092985307928425
40007,3,USC00144695,LIBERAL,49.06443946932335,0.19006644363261005
40007,4,USC00416950,PERRYTON,50.16778776034743,0.18179805438685623
40007,5,USC00415247,LIPSCOMB,60.03510349686445,0.12694880135051995
40009,1,USC00342849,ELK CITY 4 W,21.47779521563585,0.6542152529764991
40009,2,USW00003932,CLINTON-SHERMAN AP,45.1117960500164,0.14829271741239575
40009,3,USC00340184,ALTUS DAM,55.897398683328966,0.0965865969887762
40009,4,USW00093986,HOBART MUNI AP,65.86018199475348,0.06957515889834537
40009,5,USC00415821,MEMPHIS,98.14494484987375,0.03133027372398352
40011,1,USC00349364,WATONGA,2.6081075586277067,0.9956605554988388
40011,2,USC00344019,HELENA 1 SSE,74.86361991409969,0.0012084276449879907
40011,3,USC00346139,MUTUAL,77.1754989966146,0.0011371124261354956
40011,4,USC00342912,ENID,78.12915267471121,0.0011095223862207404
40011,5,USC00349404,WAYNOKA,87.51070665263576,0.0008843820438169432
40013,1,USC00410923,BONHAM 3NNE,37.153415303584914,0.35351013401647885
40013,2,USC00418274,SHERMAN,45.292210097192346,0.23787693062770196
40013,3,USC00345468,MADILL,48.720971566069885,0.20557366194436666
40013,4,USC00340256,ANTLERS,66.328114072147,0.11091851701524127
40013,5,USC00416794,PARIS,72.78148770343726,0.09212075639621144
40015,1,USC00341750,CHICKASHA EXP STN,44.341872838111584,0.38078356080494413
40015,2,USW00093986,HOBART MUNI AP,64.27738944108917,0.18121318560045727
40015,3,USC00340830,BLANCHARD 2 SSW,64.88731704541287,0.17782246261012974
40015,4,USW00013967,OKLAHOMA CY WILL ROGERS WORLD,74.98871858028643,0.13314178966642598
40015,5,USC00349364,WATONGA,76.76877171557177,0.12703900131804297
40017,1,USW00013967,OKLAHOMA CY WILL ROGERS WORLD,38.45830873288391,0.34781564014748323
40017,2,USC00349364,WATONGA,52.52083032487988,0.18649461798672584
40017,3,USC00340830,BLANCHARD 2 SSW,54.99214579860449,0.17010933135284276
40017,4,USC00341750,CHICKASHA EXP STN,55.28757080841504,0.1682962553059392
40017,5,USC00346386,NORMAN 3SSE,63.57371091495673,0.12728415520700903
40019,1,USC00344001,HEALDTON 3 E,12.341371628697964,0.7894849918414563
40019,2,USC00341745,CHICKASAW NRA,39.86763864778648,0.07565361975703497
40019,3,USC00345563,MARIETTA 5SW,43.307834148267,0.06411177618035964
40019,4,USC00345468,MADILL,50.79026917641339,0.0466132849535817
40019,5,USC00413420,GAINESVILLE 5 ENE,70.58294525732745,0.024136327267567446
40021,1,USC00346130,MUSKOGEE,33.47321462580536,0.500228468410076
40021,2,USC00348380,SPAVINAW,54.228153612179,0.19059592597133654
40021,3,USC00341828,CLAREMORE 2 ENE,70.09836896571208,0.11406369141933
40021,4,USW00093993,FAYETTEVILLE DRAKE FLD,75.49497567013702,0.09833930836208196
40021,5,USC00032930,GRAVETTE,76.10363597986361,0.09677260583717551
40023,1,USC00340256,ANTLERS,22.19205525975675,0.6180652692714219
40023,2,USC00416794,PARIS,39.287274755225255,0.19720847839812658
40023,3,USC00344451,IDABEL,67.77945303498197,0.06625722927254801
40023,4,USC00410923,BONHAM 3NNE,71.15019612728928,0.06012805937753505
40023,5,USC00340567,BATTIEST,72.2317099247452,0.05834096368036845
40025,1,USC00051268,CAMPO 7 S,29.29760975061797,0.5808725429645969
40025,2,USC00142432,ELKHART,63.00262119809573,0.1256110920023955
40025,3,USW00023051,CLAYTON MUNI AIR PK,65.84828208760706,0.11498900864346705
40025,4,USC00058793,WALSH 1 W,73.10839881935487,0.09328475676443328
40025,5,USC00412238,DALHART,76.47936460605457,0.08524259962510722
40027,1,USC00346386,NORMAN 3SSE,10.804815313712023,0.7864675028512236
40027,2,USW00013967,OKLAHOMA CY WILL ROGERS WORLD,32.28207690906361,0.08810337436319804
40027,3,USC00340830,BLANCHARD 2 SSW,33.02155857431207,0.08420159976493975
40027,4,USC00341750,CHICKASHA EXP STN,56.67588113697459,0.028583731014322444
40027,5,USC00341745,CHICKASAW NRA,85.2155924023306,0.012643792006316181
40029,1,USW00093950,MCALESTER RGNL AP,57.01788262315294,0.29635125654026057
40029,2,USC00341745,CHICKASAW NRA,63.24880456364318,0.2408376057995639
40029,3,USC00345468,MADILL,70.32112741118168,0.1948306567506746
40029,4,USC00340256,ANTLERS,73.71363547721613,0.17731002167645185
40029,5,USC00418274,SHERMAN,103.08169814909397,0.09067045923304926
40031,1,USW00093986,HOBART MUNI AP,63.9117520405062,0.23624362054589357
40031,2,USC00348879,TIPTON 4S MESONET,65.40499898347797,0.22557951039307358
40031,3,USC00341750,CHICKASHA EXP STN,66.80814236087926,0.2162035118248329
40031,4,USW00013966,WICHITA FALLS MUNI AP,76.07555335348282,0.166736736245969
40031,5,USC00340184,ALTUS DAM,78.84309742811143,0.15523662099023094
40033,1,USW00013966,WICHITA FALLS MUNI AP,36.40428260614991,0.5778214768183721
40033,2,USC00348879,TIPTON 4S MESONET,72.0615416684283,0.14746587633802716
40033,3,USC00344001,HEALDTON 3 E,87.82460546608526,0.099281017443461
40033,4,USC00414982,LAKE KEMP,92.75888721831161,0.08899950152531333
40033,5,USC00341750,CHICKASHA EXP STN,94.12645760601697,0.08643212787482654
40035,1,USC00348380,SPAVINAW,43.52533790346093,0.307244185617356
40035,2,USC00145536,MOUND VALLEY 3 WSW,52.08905019175283,0.2145236110688755
40035,3,USC00141740,COLUMBUS,55.76570036042779,0.18716888533686799
40035,4,USC00341828,CLAREMORE 2 ENE,59.63821310071348,0.16365102534254056
40035,5,USC00146242,PARSONS 2 NW,67.58935821006745,0.12741229263435985
40037,1,USW00013968,TULSA INTL AP,55.53444799646723,0.3805171369333507
40037,2,USC00347390,RALSTON,73.97132544906455,0.21447285741897087
40037,3,USC00341828,CLAREMORE 2 ENE,85.36090741982039,0.16105755168556532
40037,4,USC00346130,MUSKOGEE,95.39803567725593,0.12894968173056548
40037,5,USW00003959,BARTLESVILLE MUNI AP,101.01722054178987,0.11500277223154753
40039,1,USW00003932,CLINTON-SHERMAN AP,37.181600667765885,0.40661910458735057
40039,2,USC00342849,ELK CITY 4 W,53.98416619119815,0.192890637446792
40039,3,USC00349364,WATONGA,57.69930308057209,0.16885067804515608
40039,4,USC00346139,MUTUAL,66.63075447221706,0.12661771806986116
40039,5,USW00093986,HOBART MUNI AP,73.16141818687628,0.10502186185084013
40041,1,USC00348380,SPAVINAW,22.517215321523548,0.5490241676614983
40041,2,USC00032930,GRAVETTE,32.42796583069264,0.2647167427512254
40041,3,USC00032444,FAYETTEVILLE EXP STN,65.53674687483715,0.06481134941083835
40041,4,USC00235976,NEOSHO,65.93065615797993,0.06403921915993707
40041,5,USC00341828,CLAREMORE 2 ENE,69.63414261749894,0.05740852101650087
40043,1,USC00346139,MUTUAL,31.150096130499502,0.5310978759027516
40043,2,USC00349364,WATONGA,55.701098263614384,0.16609854588297224
40043,3,USC00349404,WAYNOKA,67.56422797326894,0.11289110127973885
40043,4,USW00003932,CLINTON-SHERMAN AP,71.17723803379353,0.10172110839372236
40043,5,USW00013975,GAGE AP,76.44228008370607,0.08819136854081494
40045,1,USW00013975,GAGE AP,8.223486670954195,0.9033805240294267
40045,2,USC00413225,FOLLETT,41.69085822083587,0.03514803404521356
40045,3,USC00415247,LIPSCOMB,46.71934265859594,0.027989121139242353
40045,4,USC00346139,MUTUAL,52.040193639603906,0.022558223815232495
40045,5,USC00343489,GATE,74.78225919876839,0.010924096970885101
40047,1,USC00342912,ENID,8.958033183771226,0.8843413565239953
40047,2,USC00340755,BILLINGS,34.887593855635885,0.058304655485721835
40047,3,USC00344019,HELENA 1 SSE,46.24905442366821,0.0331771864500922
40047,4,USW00013969,PONCA CITY MUNI AP,73.15495877471618,0.013260433727983741
40047,5,USC00349364,WATONGA,80.62756694041833,0.01091636781220694
40049,1,USC00341745,CHICKASAW NRA,39.23784078794961,0.34437257441487684
40049,2,USC00346386,NORMAN 3SSE,53.648123483943614,0.18421699221578502
40049,3,USC00344001,HEALDTON 3 E,53.845098880911216,0.18287165735496766
40049,4,USC00340830,BLANCHARD 2 SSW,55.93798332447416,0.16944359157321828
40049,5,USC00341750,CHICKASHA EXP STN,66.72249512391423,0.11909518444115229
40051,1,USC00341750,CHICKASHA EXP STN,4.063592059459006,0.9526540573089325
40051,2,USC00340830,BLANCHARD 2 SSW,22.50629289737143,0.03105614133371857
40051,3,USC00346386,NORMAN 3SSE,44.5492922470388,0.00792636030264279
40051,4,USW00013967,OKLAHOMA CY WILL ROGERS WORLD,48.4308142114336,0.006706746428485289
40051,5,USC00344001,HEALDTON 3 E,97.44430937924095,0.0016566946262209705
40053,1,USC00342912,ENID,41.73598202492539,0.25306231918768496
40053,2,USC00340755,BILLINGS,41.85105594695847,0.2516725889903112
40053,3,USW00013980,ANTHONY,46.023646671368404,0.20810700705434232
40053,4,USC00344019,HELENA 1 SSE,50.903117758559695,0.17012180844825942
40053,5,USW00013969,PONCA CITY MUNI AP,61.37113154466907,0.11703627631940196
40055,1,USC00340184,ALTUS DAM,24.02545146582267,0.5549059289644022
40055,2,USW00093986,HOBART MUNI AP,45.99304851191369,0.15141820268247153
40055,3,USC00342849,ELK CITY 4 W,51.17460408254217,0.12230761484714125
40055,4,USW00003932,CLINTON-SHERMAN AP,56.71263593181485,0.09958703751514252
40055,5,USC00348879,TIPTON 4S MESONET,66.79990338040396,0.0717812159908426
40057,1,USC00340184,ALTUS DAM,52.333521537409055,0.2772381866997892
40057,2,USW00023007,CHILDRESS MUNI AP,53.61206710041642,0.2641726566726213
40057,3,USC00415821,MEMPHIS,63.420279783545126,0.18878029545061897
40057,4,USC00348879,TIPTON 4S MESONET,73.1049174037253,0.14207569433440914
40057,5,USW00093986,HOBART MUNI AP,77.10004730870425,0.1277331668425614
40059,1,USC00343489,GATE,35.509377645168776,0.3658962148280173
40059,2,USC00140365,ASHLAND,44.694233603612716,0.23096227513808243
40059,3,USW00013975,GAGE AP,56.79510087273083,0.14302840241790576
40059,4,USC00413225,FOLLETT,58.827732617114776,0.13331524605490158
40059,5,USC00141704,COLDWATER,60.32065579590318,0.12679786156109288
40061,1,USC00349724,WISTER 3S,49.07145073436917,0.3546085247804524
40061,2,USC00346130,MUSKOGEE,63.98126915054691,0.20859373747221452
40061,3,USW00013964,FT SMITH RGNL AP,68.48808358021444,0.18204423860664173
40061,4,USW00093950,MCALESTER RGNL AP,72.49807869146328,0.16246281438154314
40061,5,USC00340567,BATTIEST,96.18880942463596,0.09229068475914823
40063,1,USW00093950,MCALESTER RGNL AP,46.78969564801594,0.5555399797704869
40063,2,USC00341745,CHICKASAW NRA,90.23831523079112,0.14935982720129057
40063,3,USC00346386,NORMAN 3SSE,108.8608637239246,0.10262949871311991
40063,4,USC00340256,ANTLERS,109.31181137479147,0.10178448353194436
40063,5,USC00346130,MUSKOGEE,115.8076507492981,0.09068621078315825
40065,1,USC00348879,TIPTON 4S MESONET,30.462915240222603,0.42165852034026924
40065,2,USC00340184,ALTUS DAM,34.01250132363682,0.3382413206018041
40065,3,USW00093986,HOBART MUNI AP,54.84835455367503,0.1300698376055796
40065,4,USW00023007,CHILDRESS MUNI AP,81.98550107863703,0.058214301921194804
40065,5,USW00003932,CLINTON-SHERMAN AP,86.90002040859316,0.051816019531152176
40067,1,USC00344001,HEALDTON 3 E,41.064949256515895,0.4041232163097939
40067,2,USC00410984,BOWIE,61.6047701560843,0.17956748442177786
40067,3,USW00013966,WICHITA FALLS MUNI AP,61.8883575745169,0.17792561152672484
40067,4,USC00345563,MARIETTA 5SW,67.21224604987162,0.1508549497875695
40067,5,USC00413420,GAINESVILLE 5 ENE,88.23743146992693,0.08752873795413393
40069,1,USC00345468,MADILL,26.86631351928066,0.49210344874158773
40069,2,USC00341745,CHICKASAW NRA,35.46096936619358,0.28246936842687953
40069,3,USC00345563,MARIETTA 5SW,67.60135767662632,0.07772517869793706
40069,4,USC00418274,SHERMAN,67.8556959456385,0.07714360809326604
40069,5,USC00344001,HEALDTON 3 E,70.95155743670014,0.07055839604032965
40071,1,USW00013969,PONCA CITY MUNI AP,9.432092566476456,0.8738314222313587
40071,2,USC00340755,BILLINGS,41.683027574563624,0.04474301593970688
40071,3,USC00347390,RALSTON,49.64621275400783,0.0315407138183421
40071,4,USC00148964,WINFIELD 3NE,55.67187065073436,0.025082576020042383
40071,5,USC00148670,WELLINGTON,55.98557591891418,0.024802271990549952
40073,1,USC00349364,WATONGA,44.35972389155437,0.35369543445696733
40073,2,USC00342912,ENID,52.53300257784883,0.2521986017515047
40073,3,USW00013967,OKLAHOMA CY WILL ROGERS WORLD,69.31750621179802,0.14485092153675339
40073,4,USC00344019,HELENA 1 SSE,71.8926823321476,0.1346597325140223
40073,5,USC00340755,BILLINGS,77.93277484963875,0.1145953097407522
40075,1,USW00093986,HOBART MUNI AP,9.938431516423915,0.8297414937671134
40075,2,USC00340184,ALTUS DAM,28.99609531996894,0.09747639748294123
40075,3,USW00003932,CLINTON-SHERMAN AP,52.455146307973195,0.0297853221952108
40075,4,USC00348879,TIPTON 4S MESONET,55.43629159525036,0.026667982824618474
40075,5,USC00342849,ELK CITY 4 W,70.84546732338362,0.016328803730116154
40077,1,USW00093950,MCALESTER RGNL AP,46.47821854305658,0.34559931437760805
40077,2,USC00349724,WISTER 3S,52.35319877697019,0.27238637200608934
40077,3,USC00340567,BATTIEST,64.36060537396806,0.1802318658638704
40077,4,USC00340256,ANTLERS,79.2412045741262,0.11889666747012952
40077,5,USC00034756,MENA,94.90648624812613,0.08288578028230262
40079,1,USC00349724,WISTER 3S,4.996060708606179,0.9680554360522083
40079,2,USC00034756,MENA,49.79172733846808,0.009746333241592374
40079,3,USC00037488,WALDRON,54.84571992595595,0.00803285927666344
40079,4,USW00013964,FT SMITH RGNL AP,57.00443758098733,0.007435981688767498
40079,5,USC00340567,BATTIEST,59.922507735495195,0.006729389740768479
40081,1,USW00013967,OKLAHOMA CY WILL ROGERS WORLD,73.86406527999203,0.2720456486577446
40081,2,USC00346386,NORMAN 3SSE,76.90144819747057,0.2509800258234858
40081,3,USC00347390,RALSTON,89.95073064954016,0.18344201229579563
40081,4,USC00340830,BLANCHARD 2 SSW,96.62466320355983,0.15897623602357508
40081,5,USC00340755,BILLINGS,105.0273577097441,0.13455607719939897
40083,1,USW00013967,OKLAHOMA CY WILL ROGERS WORLD,60.022510990719994,0.28011649384415327
40083,2,USC00342912,ENID,67.83568966649443,0.21930599910366727
40083,3,USC00340755,BILLINGS,68.43274300363275,0.21549594619738946
40083,4,USC00346386,NORMAN 3SSE,81.56760024705399,0.1516811562614151
40083,5,USC00349364,WATONGA,86.9771008054146,0.1334004045933748
40085,1,USC00345563,MARIETTA 5SW,11.758211111558106,0.7645502736750366
40085,2,USC00344001,HEALDTON 3 E,34.6223460230897,0.08818111175546713
40085,3,USC00413420,GAINESVILLE 5 ENE,38.68248045215298,0.07064150211225345
40085,4,USC00345468,MADILL,46.18303373553789,0.04955912600532196
40085,5,USC00418274,SHERMAN,62.49083133340607,0.027067986451920885
40087,1,USC00346386,NORMAN 3SSE,18.309035625415856,0.48591140016678636
40087,2,USC00340830,BLANCHARD 2 SSW,23.019692219622716,0.30738948152812
40087,3,USC00341750,CHICKASHA EXP STN,42.581886849115264,0.08983348015766583
40087,4,USW00013967,OKLAHOMA CY WILL ROGERS WORLD,43.55171429422484,0.08587712937474305
40087,5,USC00341745,CHICKASAW NRA,72.5009462904981,0.030988508772684824
40089,1,USC00341162,BROKEN BOW 1 N,7.922488751876826,0.797186704157562
40089,2,USC00344451,IDABEL,21.179189439910278,0.11154873235614547
40089,3,USC00340567,BATTIEST,32.16821654673459,0.04835365883690996
40089,4,USC00031948,DEQUEEN,39.28873859114496,0.0324150830176545
40089,5,USC00034756,MENA,69.0451907593189,0.01049582163172817
40091,1,USC00346130,MUSKOGEE,54.7913854317823,0.34526516265022716
40091,2,USW00093950,MCALESTER RGNL AP,55.02392629204941,0.3423530257984533
40091,3,USW00013968,TULSA INTL AP,94.09757028323088,0.11706323053650403
40091,4,USC00349724,WISTER 3S,100.00629462099391,0.10363886576765484
40091,5,USC00341828,CLAREMORE 2 ENE,106.32907460128135,0.09167971524716069
40093,1,USC00344019,HELENA 1 SSE,35.14608943349518,0.348442076630013
40093,2,USC00349404,WAYNOKA,42.01813223585738,0.24378732722305058
40093,3,USC00349364,WATONGA,51.92156507988998,0.15965740383582347
40093,4,USC00346139,MUTUAL,57.082520371037404,0.13209255249075622
40093,5,USC00342912,ENID,60.90804759348087,0.11602063982035671
40095,1,USC00345468,MADILL,7.2158142944384585,0.9037056414354996
40095,2,USC00418274,SHERMAN,37.90338865416342,0.032752285531312396
40095,3,USC00345563,MARIETTA 5SW,40.0005169390185,0.029408067128542815
40095,4,USC00413420,GAINESVILLE 5 ENE,50.04782236850408,0.01878569718874618
40095,5,USC00341745,CHICKASAW NRA,55.369242421414285,0.015348308715899091
40097,1,USC00348380,SPAVINAW,18.40872231648921,0.6198141730227736
40097,2,USC00341828,CLAREMORE 2 ENE,30.996300203018738,0.21861959197646233
40097,3,USW00013968,TULSA INTL AP,58.80346642660033,0.060743937478576135
40097,4,USC00346130,MUSKOGEE,59.119485736899136,0.06009626773568301
40097,5,USC00032930,GRAVETTE,71.8155285016894,0.040726029786504823
40099,1,USC00341745,CHICKASAW NRA,9.332073689986693,0.8997227838444389
40099,2,USC00344001,HEALDTON 3 E,42.57767945445298,0.0432216220374213
40099,3,USC00345468,MADILL,51.78342140955278,0.029220224900417938
40099,4,USC00345563,MARIETTA 5SW,68.32530344817329,0.016784248428441135
40099,5,USC00346386,NORMAN 3SSE,84.20334722446437,0.011051120789280637
40101,1,USC00346130,MUSKOGEE,18.414596032302736,0.8394078803970978
40101,2,USW00013968,TULSA INTL AP,78.46628990733795,0.04623077746947581
40101,3,USC00341828,CLAREMORE 2 ENE,80.36430112342754,0.04407284535125612
40101,4,USW00093950,MCALESTER RGNL AP,89.35979766355554,0.03564618696317854
40101,5,USC00348380,SPAVINAW,90.64530118719695,0.03464230981899175
40103,1,USC00340755,BILLINGS,24.79682242001653,0.5221642085664654
40103,2,USW00013969,PONCA CITY MUNI AP,40.93290610236407,0.19162581076510507
40103,3,USC00347390,RALSTON,46.00817185020043,0.15168031093232373
40103,4,USC00342912,ENID,57.26069077237093,0.09792329037833253
40103,5,USC00344019,HELENA 1 SSE,93.65289220452134,0.03660637935777315
40105,1,USW00003959,BARTLESVILLE MUNI AP,35.699673314229734,0.34706020442729885
40105,2,USC00145536,MOUND VALLEY 3 WSW,46.61492030825029,0.20355576648106305
40105,3,USC00143954,INDEPENDENCE,50.277009101932,0.17498242603760353
40105,4,USC00341828,CLAREMORE 2 ENE,52.02193315470775,0.1634407432882432
40105,5,USC00147305,SEDAN,63.13668049498708,0.1109608597657913
40107,1,USW00093950,MCALESTER RGNL AP,81.75932183994928,0.2755173291050565
40107,2,USW00013968,TULSA INTL AP,90.90157927743927,0.22288488810226748
40107,3,USC00346130,MUSKOGEE,96.27007296747684,0.19871967981477875
40107,4,USC00346386,NORMAN 3SSE,105.60805771000025,0.16513128861946286
40107,5,USW00013967,OKLAHOMA CY WILL ROGERS WORLD,115.63011523601892,0.1377468143584344
40109,1,USW00013967,OKLAHOMA CY WILL ROGERS WORLD,25.314843918059836,0.5619605780849684
40109,2,USC00346386,NORMAN 3SSE,41.645573846536834,0.207643651338377
40109,3,USC00340830,BLANCHARD 2 SSW,53.96800889129674,0.12364699548888881
40109,4,USC00341750,CHICKASHA EXP STN,72.62167147133006,0.06828477420691849
40109,5,USC00349364,WATONGA,96.76113442106066,0.0384640008808475
40111,1,USC00346130,MUSKOGEE,58.99577274067868,0.31965716705493924
40111,2,USW00013968,TULSA INTL AP,62.22684112413125,0.2873232194663916
40111,3,USC00341828,CLAREMORE 2 ENE,83.07447414125456,0.1612096490154994
40111,4,USW00093950,MCALESTER RGNL AP,86.25689712681269,0.14953352504434486
40111,5,USC00348380,SPAVINAW,116.28544860207207,0.08227643941882504
40113,1,USC00347390,RALSTON,32.81931999244586,0.39493776574901085
40113,2,USW00003959,BARTLESVILLE MUNI AP,38.600884345606374,0.28549158563399746
40113,3,USC00147305,SEDAN,60.010037915391166,0.1181245098126125
40113,4,USW00013969,PONCA CITY MUNI AP,63.149428891137966,0.10667163877689584
40113,5,USW00013968,TULSA INTL AP,66.99588984027466,0.09477450002748333
40115,1,USC00141740,COLUMBUS,37.03362195824054,0.2654900593043881
40115,2,USC00235976,NEOSHO,39.496448182016316,0.2334127405027924
40115,3,USC00232240,DIAMOND 2W,43.132894722724274,0.19571469333571215
40115,4,USW00013987,JOPLIN RGNL AP,44.53407307916054,0.18359286853927057
40115,5,USC00348380,SPAVINAW,54.67831855236553,0.12178963831783679
40117,1,USC00347390,RALSTON,21.621577084643846,0.7228888037075918
40117,2,USW00013969,PONCA CITY MUNI AP,59.3923224440703,0.09580443610209835
40117,3,USC00340755,BILLINGS,71.319349432563,0.06644028537383345
40117,4,USW00013968,TULSA INTL AP,74.48705739638595,0.06090943897556462
40117,5,USW00003959,BARTLESVILLE MUNI AP,79.14055212275667,0.053957035840911764
40119,1,USC00347390,RALSTON,51.62443019471973,0.3655124069531822
40119,2,USC00340755,BILLINGS,65.55579523064253,0.22666814242758174
40119,3,USW00013969,PONCA CITY MUNI AP,74.00723048345485,0.17785429649843362
40119,4,USC00342912,ENID,89.08489089108922,0.12274521211018992
40119,5,USW00013967,OKLAHOMA CY WILL ROGERS WORLD,95.31660139788613,0.1072199420106124
40121,1,USW00093950,MCALESTER RGNL AP,5.681185671233329,0.9850873423133584
40121,2,USC00340256,ANTLERS,79.30580418710089,0.005055251398784926
40121,3,USC00349724,WISTER 3S,95.207886408354,0.0035075741171839044
40121,4,USC00340567,BATTIEST,98.2730984095552,0.0032921787463816195
40121,5,USC00346130,MUSKOGEE,101.97230198255728,0.003057653424291086
40123,1,USC00341745,CHICKASAW NRA,35.71282287051059,0.5609685091470985
40123,2,USC00345468,MADILL,70.37368952217227,0.1444661837018686
40123,3,USW00093950,MCALESTER RGNL AP,85.00552484599795,0.09901307202472455
40123,4,USC00346386,NORMAN 3SSE,85.03993707236476,0.09893295505910132
40123,5,USC00344001,HEALDTON 3 E,86.0521097123517,0.09661928006720692
40125,1,USC00346386,NORMAN 3SSE,43.82054119487971,0.4003373091092337
40125,2,USW00013967,OKLAHOMA CY WILL ROGERS WORLD,61.604426108477796,0.20256187446479332
40125,3,USC00340830,BLANCHARD 2 SSW,65.63377444313801,0.17845420219721628
40125,4,USC00341745,CHICKASAW NRA,79.479695937441,0.12169399418940512
40125,5,USC00341750,CHICKASHA EXP STN,89.04529864406815,0.09695262003935178
40129,1,USC00342849,ELK CITY 4 W,41.081913217619494,0.415816119587792
40129,2,USW00003932,CLINTON-SHERMAN AP,62.411465495515756,0.1801664337071014
40129,3,USW00013975,GAGE AP,65.44402903142517,0.16385608937091836
40129,4,USC00415247,LIPSCOMB,75.55904740737213,0.12292202181047274
40129,5,USC00346139,MUTUAL,77.36858379075417,0.11723933552371543
40131,1,USC00341828,CLAREMORE 2 ENE,6.418797029501279,0.9266296441302841
40131,2,USW00013968,TULSA INTL AP,31.82829467952626,0.037686580644755524
40131,3,USC00348380,SPAVINAW,48.50802324680464,0.01622506037841477
40131,4,USW00003959,BARTLESVILLE MUNI AP,56.73609571363433,0.011860270181166158
40131,5,USC00346130,MUSKOGEE,70.88337461740507,0.007598444665379446
40133,1,USC00346386,NORMAN 3SSE,75.93405929834142,0.2483395351064228
40133,2,USW00093950,MCALESTER RGNL AP,80.82369367975605,0.21920058555384656
40133,3,USC00341745,CHICKASAW NRA,80.86902087200512,0.21895492998696153
40133,4,USW00013967,OKLAHOMA CY WILL ROGERS WORLD,94.08806575164456,0.16175213326293386
40133,5,USC00340830,BLANCHARD 2 SSW,97.13845003024403,0.15175281608983518
40135,1,USW00013964,FT SMITH RGNL AP,39.67059707361398,0.38669294571311147
40135,2,USC00035018,MOUNTAINBURG 2 NE,56.37301744609359,0.19149664083210427
40135,3,USC00346130,MUSKOGEE,60.96333923407774,0.16374431434286554
40135,4,USC00349724,WISTER 3S,62.4959962763935,0.1558114366632668
40135,5,USW00093993,FAYETTEVILLE DRAKE FLD,77.14544739713921,0.10225466244865189
40137,1,USC00344001,HEALDTON 3 E,48.554600690719205,0.36367943110502315
40137,2,USC00341750,CHICKASHA EXP STN,63.346531285992185,0.21366522033510515
40137,3,USC00340830,BLANCHARD 2 SSW,72.8237568947873,0.1616714572433188
40137,4,USW00013966,WICHITA FALLS MUNI AP,80.98774929719923,0.13071964301118053
40137,5,USC00341745,CHICKASAW NRA,81.12918954374777,0.13026424830537237
40139,1,USC00343628,GOODWELL RSCH STN,20.978389648959872,0.4602908303891979
40139,2,USC00344298,HOOKER,26.53576150049446,0.28768254247159686
40139,3,USC00142432,ELKHART,46.00512729472606,0.09571150496883662
40139,4,USC00143855,HUGOTON,48.1603918005791,0.0873366633242399
40139,5,USC00413787,GRUVER,54.19154910778308,0.06897845884612884
40141,1,USC00348879,TIPTON 4S MESONET,20.363820565760392,0.7250575250225186
40141,2,USW00013966,WICHITA FALLS MUNI AP,59.442528867688246,0.08509350894961751
40141,3,USC00340184,ALTUS DAM,66.14523548564071,0.06872169356340437
40141,4,USW00093986,HOBART MUNI AP,69.61752933462638,0.062037426621630025
40141,5,USC00414982,LAKE KEMP,71.33276611679591,0.05908984584282942
40143,1,USW00013968,TULSA INTL AP,10.405852785645775,0.8846782827119252
40143,2,USC00341828,CLAREMORE 2 ENE,39.4232660719357,0.06163615221780663
40143,3,USC00346130,MUSKOGEE,66.65215265735189,0.02156315777620255
40143,4,USW00003959,BARTLESVILLE MUNI AP,72.12347342964847,0.018415667005217604
40143,5,USC00347390,RALSTON,83.59942082335246,0.01370674028884815
40145,1,USC00346130,MUSKOGEE,26.23784261334721,0.48547749250762007
40145,2,USC00341828,CLAREMORE 2 ENE,40.37675900090742,0.2050040467777906
40145,3,USW00013968,TULSA INTL AP,41.88860550116958,0.19047305175429632
40145,4,USC00348380,SPAVINAW,62.515040286131416,0.08551775959566202
40145,5,USW00003959,BARTLESVILLE MUNI AP,99.84150519213132,0.03352764936463097
40147,1,USW00003959,BARTLESVILLE MUNI AP,11.755020658601634,0.8473188387803502
40147,2,USC00341828,CLAREMORE 2 ENE,51.471261593605306,0.04419407306255031
40147,3,USC00147305,SEDAN,53.43246554353844,0.04100938222495293
40147,4,USW00013968,TULSA INTL AP,56.29826795836076,0.036940569641021735
40147,5,USC00143954,INDEPENDENCE,61.920246159056774,0.030537136291124953
40149,1,USW00003932,CLINTON-SHERMAN AP,20.611663372539617,0.5653167933773912
40149,2,USW00093986,HOBART MUNI AP,33.90583258011707,0.20891476868967923
40149,3,USC00342849,ELK CITY 4 W,48.011012487762976,0.104192447389832
40149,4,USC00340184,ALTUS DAM,52.89485002664964,0.08584029246483912
40149,5,USC00349364,WATONGA,81.97998779229029,0.03573569807825861
40151,1,USC00349404,WAYNOKA,16.871766350288553,0.7421656844737762
40151,2,USC00144341,KIOWA,46.34923093596482,0.0983415185228372
40151,3,USC00344019,HELENA 1 SSE,57.30754340450389,0.06432775437337916
40151,4,USC00346139,MUTUAL,61.84725735835994,0.05523076821884757
40151,5,USC00141704,COLDWATER,72.73410320808945,0.03993427441115992
40153,1,USC00346139,MUTUAL,23.82516579513592,0.5523845257527845
40153,2,USC00349404,WAYNOKA,38.9727752792292,0.20643850262953217
40153,3,USW00013975,GAGE AP,46.579858264886575,0.1445163690736389
40153,4,USC00413225,FOLLETT,77.23480378189596,0.05256386265685622
40153,5,USC00343489,GATE,84.32443540416008,0.04409673988718809
41001,1,USW00024130,BAKER CITY AP,18.112695715205458,0.5789407372951534
41001,2,USS0018E03S,Eilertson Meadows,37.8368012868269,0.13266961354020892
41001,3,USS0018E05S,Bourne,41.76336070324651,0.10889536980057371
41001,4,USS0017D07S,Taylor Green,43.34001654353038,0.10111652749591014
41001,5,USS0018E08S,Gold Center,49.22704253738555,0.07837775186815377
41003,1,USC00351877,CORVALLIS WATER BUREAU,3.029332159224741,0.970402602701044
41003,2,USC00351862,CORVALLIS STATE UNIV,24.270480085557608,0.01511781439996733
41003,3,USC00352800,FALLS CITY 2 SSW,38.08322638783312,0.006140140013299562
41003,4,USW00024221,EUGENE-MAHLON SWEET FLD,43.428826905655,0.00472160385241603
41003,5,USC00352867,FERN RIDGE-VENETA,49.61331562390023,0.0036178390332731254
41005,1,USC00358466,THREE LYNX,10.65840893848837,0.5366060161115229
41005,2,USC00352693,ESTACADA 2 SE,15.405724825919549,0.25684790220682185
41005,3,USS0021D14S,Peavine Ridge,24.749717074440834,0.09951758267287852
41005,4,USC00353770,HEADWORKS PORTLAND WTR B,32.19167461948925,0.0588238108991587
41005,5,USS0021D13S,Clackamas Lake,35.561126429867215,0.04820468810961802
41009,1,USC00358884,VERNONIA #2,12.001310621812834,0.5743872815068565
41009,2,USC00351643,CLATSKANIE,20.83569231842183,0.19056638546364832
41009,3,USC00454769,LONGVIEW,23.12200578008045,0.1547430515479511
41009,4,USC00458773,VANCOUVER 4 NNE,44.42604357723142,0.041916681358931854
41009,5,USC00352997,FOREST GROVE,46.42386125167157,0.03838660012261242
41011,1,USC00351836,COQUILLE CITY,8.179922680711286,0.8135815054382753
41011,2,USC00350471,BANDON 2 NNE,25.143860315388512,0.08610642413995916
41011,3,USW00024284,N BEND SW OREGON RGNL AP,28.028833808819126,0.06929300692812887
41011,4,USC00356784,PORT ORFORD #2,58.600566489443146,0.01585242970394018
41011,5,USW00024231,ROSEBURG RGNL AP,59.91080182931475,0.015166633789696411
41013,1,USC00350501,BARNES STN,27.05434245059086,0.3574490854028667
41013,2,USS0020E02S,Ochoco Meadows,29.86697531589647,0.2932956826008587
41013,3,USC00356883,PRINEVILLE,40.376898499266886,0.16048049081189844
41013,4,USS0019E03S,Derr.,47.46284998010893,0.1161396548483778
41013,5,USC00353542,GRIZZLY,60.01652550716421,0.07263508633599843
41017,1,USC00350694,BEND,16.466718425563894,0.49924024851178705
41017,2,USC00350699,BEND 7 NE,22.621223694814873,0.2645401043616672
41017,3,USW00024230,REDMOND AP,38.48248664126437,0.09141078841316914
41017,4,USS0021E13S,Three Creeks Meadow,41.510085339767876,0.07856271016537619
41017,5,USC00359316,WICKIUP DAM,45.20448622429793,0.06624614854800033
41019,1,USC00357331,ROSEBURG,16.012790484921215,0.3210922253492626
41019,2,USC00359461,WINCHESTER,16.12289758832734,0.3167215702109341
41019,3,USW00024231,ROSEBURG RGNL AP,17.477517665704003,0.26952827579085276
41019,4,USC00357169,RIDDLE,40.77623549281499,0.04951645843927868
41019,5,USC00352406,DRAIN,43.68521180266383,0.0431414702096719
41021,1,USC00355734,MORO,36.62016421007866,0.2934829142856384
41021,2,USC00350265,ARLINGTON,37.99129619695305,0.27268118673783326
41021,3,USC00353038,FOSSIL,43.01871567511774,0.21267111942194242
41021,4,USC00353827,HEPPNER,55.67692471677315,0.12696175564499093
41021,5,USC00453222,GOLDENDALE,64.63671508682992,0.09420302390959497
41023,1,USC00354291,JOHN DAY,9.206142987383616,0.7382072835607356
41023,2,USC00355020,LONG CREEK,25.136345151047525,0.09902149880206229
41023,3,USS0019E07S,Starr Ridge,26.282496599827375,0.09057336936795622
41023,4,USC00357675,SENECA,39.93175407839145,0.03923710729898953
41023,5,USS0018E18S,Lake Creek R.S.,43.56807742378845,0.03296074097025629
41025,1,USC00355162,MALHEUR REFUGE HQ,25.11604755391031,0.5255466208229519
41025,2,USS0018G01S,Silvies,42.52462550905613,0.18332970765873316
41025,3,USS0018G02S,Fish Creek,48.99116597084022,0.13812690797965912
41025,4,USW00094185,BURNS MUNI AP,59.009054658988994,0.0952086762615194
41025,5,USC00358029,SQUAW BUTTE-NORTHERN GREAT BAS,75.74217300372517,0.05778808727713638
41027,1,USS0021D04S,Red Hill,6.702454934564225,0.6223425368405264
41027,2,USS0021D01S,Greenpoint,12.51254973285704,0.1785688318971049
41027,3,USS0021D33S,Blazed Alder,18.32455076593121,0.08325889025664303
41027,4,USS0021D08S,Mt Hood Test Site,21.902134050019946,0.05828065521332229
41027,5,USC00354003,HOOD RVR EXP STN,22.04090542369017,0.05754908579240334
41029,1,USW00024225,MEDFORD INTL AP,17.024273160643236,0.38584866778940413
41029,2,USC00350304,ASHLAND,22.30730077862371,0.22472951633290206
41029,3,USS0022G14S,Fish Lk.,26.96868791499252,0.15375686947357306
41029,4,USC00355055,LOST CREEK DAM,28.886400193745857,0.134019290946603
41029,5,USC00354060,HOWARD PRAIRIE DAM,33.169022372899214,0.10164565545751776
41031,1,USC00355139,MADRAS,5.935849993605966,0.6969347511260163
41031,2,USC00356532,PELTON DAM,10.34145504502508,0.22961204042568087
41031,3,USC00353542,GRIZZLY,23.59594737931621,0.04410452170597365
41031,4,USC00350197,ANTELOPE 6 SSW,38.80135092161318,0.016310386853956096
41031,5,USW00024230,REDMOND AP,43.397877982833414,0.013038299888372946
41033,1,USC00353445,GRANTS PASS,20.910236186575794,0.4557427329605861
41033,2,USW00024235,SEXTON SUMMIT,29.04017352430389,0.23628666619182154
41033,3,USS0023G15S,Bigelow Camp,39.10024665845565,0.13034027554982203
41033,4,USC00357391,RUCH,46.81841791557487,0.09090843074126703
41033,5,USS0023G09S,King Mountain,47.93518810681824,0.0867218945565032
41035,1,USS0021G03S,Taylor Butte,17.68232563829669,0.5376227666339052
41035,2,USC00351574,CHILOQUIN 12 NW (FORT KLAMATH),28.64563529681319,0.20485166739434438
41035,3,USS0022G33S,Sevenmile Marsh,40.400937075188864,0.10298489799557141
41035,4,USC00351946,CRATER LAKE NPS HQ,46.371921202890796,0.07817110329656754
41035,5,USS0022G24S,Cold Springs Camp,46.91568400493914,0.07636956467961145
41037,1,USS0020G02S,Summer Rim,34.910397653233375,0.3022097641090985
41037,2,USC00358173,SUMMER LAKE 1 S,37.28851983958648,0.2648913608254381
41037,3,USC00350118,ALKALI LAKE,37.952381445669126,0.2557054701739152
41037,4,USS0020G06S,Quartz Mountain,63.34712739852418,0.09178341910309244
41037,5,USC00353692,HART MTN REFUGE,65.66814022441764,0.08540998578845561
41039,1,USC00355050,LOOKOUT PT DAM,11.135573621820473,0.463960746729351
41039,2,USC00352374,DORENA,17.07747536511319,0.19726911254875074
41039,3,USC00351897,COTTAGE GROVE 2E,18.420824317472455,0.16954629530439133
41039,4,USC00354811,LEABURG 1 SW,25.487432183583028,0.08856339559787173
41039,5,USC00351902,COTTAGE GROVE DAM,26.706863893895772,0.08066044981963534
41043,1,USC00353047,FOSTER DAM,13.615505873457883,0.49721550022267963
41043,2,USC00354606,LACOMB 3 NNE,20.903571421517093,0.21094597218075767
41043,3,USS0022E09S,Little Meadows,27.820085364925134,0.11909548738088017
41043,4,USS0022E07S,Jump Off Joe,31.15852180375847,0.09494203374781052
41043,5,USC00352292,DETROIT DAM,34.42020904997597,0.07780100646787191
41045,1,USC00357310,ROME 2 NW,36.88966967827254,0.3894825326583529
41045,2,USC00357736,SHEAVILLE 1 SE,46.36152518699951,0.24659376338989925
41045,3,USC00356405,OWYHEE DAM,58.82964714372096,0.15314577897170123
41045,4,USW00094107,ROME STATE AP,69.85109998787496,0.10863031004165845
41045,5,USC00104318,HOMEDALE 1 SE,72.03352102949307,0.10214761493838825
41047,1,USC00357809,SILVER CREEK FALLS,6.499312141864032,0.7840146693173193
41047,2,USC00357823,SILVERTON,19.440672822907054,0.08762668787533608
41047,3,USC00358095,STAYTON,22.538359546688714,0.0651950126141995
41047,4,USC00352292,DETROIT DAM,32.08521012528778,0.03216986241994413
41047,5,USC00354606,LACOMB 3 NNE,32.6882975297418,0.030993767773200856
41049,1,USC00353827,HEPPNER,7.3347187311120905,0.8936130738322106
41049,2,USS0019D03S,Madison Butte,35.983634805825986,0.037128412603410536
41049,3,USS0019D02S,Arbuckle Mtn,38.010576549467785,0.03327419278628676
41049,4,USC00350858,BOARDMAN,47.42196310991237,0.021377523179741967
41049,5,USC00350265,ARLINGTON,57.36945387184423,0.014606797598350194
41051,1,USC00358634,TROUTDALE,2.324329291192985,0.9427682883095473
41051,2,USW00024229,PORTLAND INTL AP,15.860793247058147,0.020246523803888524
41051,3,USC00457696,SKAMANIA FISH HATCHERY,17.58505528263633,0.01647072819383017
41051,4,USC00356749,PORTLAND KGW-TV,21.44378189163318,0.011076371504979641
41051,5,USC00458773,VANCOUVER 4 NNE,23.230476744308515,0.009438088187754434
41053,1,USC00352800,FALLS CITY 2 SSW,8.34085821644646,0.5323507031827031
41053,2,USC00352112,DALLAS 2 NE,9.893514848508032,0.3783712152878703
41053,3,USW00024232,SALEM AP (MCNARY FIELD),31.31449418510859,0.037768393096594674
41053,4,USC00351862,CORVALLIS STATE UNIV,33.87149573484586,0.03228126607551502
41053,5,USC00356366,OTIS 2 NE,43.88719541289308,0.019228422357317046
41055,1,USC00355734,MORO,9.906367304293349,0.8519849925183823
41055,2,USW00024219,DALLESPORT AP,45.15052794758974,0.041014283791374936
41055,3,USC00358407,THE DALLES,47.062866089085695,0.03774887857115187
41055,4,USC00453222,GOLDENDALE,47.227983956218296,0.03748538570514109
41055,5,USC00350265,ARLINGTON,51.303381680625236,0.03176645941394972
41059,1,USW00024155,PENDLETON,14.424549619049335,0.2900651793284937
41059,2,USC00356634,PILOT ROCK 1 SE,14.694720073468906,0.27949721607447975
41059,3,USC00356540,PENDLETON BRANCH EXP STN,16.637709250700322,0.21802839616807293
41059,4,USS0018D04S,Emigrant Springs,22.365880770653767,0.12065021786412856
41059,5,USW00024152,MEACHAM,25.646360756238263,0.09175899056482523
41061,1,USW00024148,LA GRANDE MUNI AP,2.311700403639511,0.8551412823889827
41061,2,USC00354622,LA GRANDE,6.07239801868021,0.12393115882617302
41061,3,USS0018D09S,Beaver Reservoir,24.345135141231967,0.007710394355627814
41061,4,USS0017D06S,Moss Springs,24.480367751021696,0.007625443282324007
41061,5,USS0018D21S,Wolf Creek,28.587602348017576,0.005591721146892474
41063,1,USC00358997,WALLOWA,26.98692367293842,0.41736643356912667
41063,2,USS0017D18S,Mt. Howard,36.020213141225284,0.23427811611128171
41063,3,USS0017D02S,Aneroid Lake #2,42.67278198827086,0.16692537702782492
41063,4,USS0017D06S,Moss Springs,53.34068155103637,0.1068334267124507
41063,5,USS0017D07S,Taylor Green,63.83406295202654,0.07459664657931599
41065,1,USS0021D12S,Clear Lake,41.242927138536004,0.24287987584180748
41065,2,USS0021D35S,Mud Ridge,46.03259988485481,0.19496627117899076
41065,3,USS0021D13S,Clackamas Lake,46.44253834965494,0.19153960933698932
41065,4,USS0021D08S,Mt Hood Test Site,46.760101118652464,0.18894683030577558
41065,5,USC00353402,GOVERNMENT CAMP,47.6877388761719,0.18166741333643682
41067,1,USC00352997,FOREST GROVE,3.2295724655984173,0.9219012283047879
41067,2,USS0023D02S,Seine Creek,15.977584706201082,0.03766623431770761
41067,3,USS0023D01S,Saddle Mountain,21.26475020751805,0.021264437064382302
41067,4,USC00357127,REX 1 S,31.323226090333776,0.009800347850258859
41067,5,USC00356749,PORTLAND KGW-TV,32.03830470070311,0.00936775246286333
41069,1,USS0019E03S,Derr.,32.758400686488436,0.2574217455467743
41069,2,USC00353038,FOSSIL,32.767499514480505,0.25727880446035584
41069,3,USC00352173,DAYVILLE 8 NW,36.25872464326997,0.21011911542352854
41069,4,USS0020E02S,Ochoco Meadows,41.68026324374383,0.1590119289133503
41069,5,USC00355711,MONUMENT 2,48.764221094551075,0.11616840565599096
41071,1,USS0023D02S,Seine Creek,31.402329086577318,0.21967493255863949
41071,2,USC00357127,REX 1 S,32.138986152567604,0.20972001390175732
41071,3,USS0023D01S,Saddle Mountain,32.756642212721644,0.20188565844255787
41071,4,USC00352112,DALLAS 2 NE,33.57592782110383,0.19215344615124375
41071,5,USC00352997,FOREST GROVE,35.026652601120375,0.17656594894580155
42001,1,USC00360656,BIGLERVILLE,7.909064365755943,0.6872018097845344
42001,2,USC00363665,HANOVER 4 SW,19.26451596780563,0.11582926787068354
42001,3,USC00182906,EMMITSBURG 2 SE,22.244002558744146,0.08687776538177269
42001,4,USC00368308,S MTN,24.513953271271646,0.07153322523738169
42001,5,USC00368073,SHIPPENSBURG,33.38953664065309,0.03855793172562783
42003,1,USC00362574,EMSWORTH L/D OHIO RVR,9.947612605214115,0.35876762029675596
42003,2,USC00360861,BRADDOCK LOCK 2,13.428002079607019,0.19689204431128157
42003,3,USW00014762,PITTSBURGH ALLEGHENY CO AP,13.704831292356921,0.18901818145343408
42003,4,USC00360022,ACMETONIA LOCK 3,15.792340367391233,0.14235016557334262
42003,5,USC00365573,MCKEESPORT,17.727198088077195,0.11297198836518575
42005,1,USC00362942,FORD CITY 4 S DAM,11.593035759779754,0.5897019408671236
42005,2,USC00367229,PUTNEYVILLE 2 SE DAM,19.72913554199674,0.20361548127632728
42005,3,USC00366151,NATRONA LOCK 4,30.786204028932254,0.08362085844162954
42005,4,USC00367782,SALINA 3 W,34.32158720155003,0.0672809602149445
42005,5,USC00364214,INDIANA 3 SE,37.69391471630344,0.055780759199975
42007,1,USC00365902,MONTGOMERY L&D,5.0500731377843,0.8944676892795166
42007,2,USW00094823,PITTSBURGH ASOS,24.98658559849414,0.036538117216415186
42007,3,USC00466442,NEW CUMBERLAND L/D,29.23663777736539,0.0266873307814093
42007,4,USC00362574,EMSWORTH L/D OHIO RVR,29.8018656907674,0.025684616562003854
42007,5,USC00366233,NEW CASTLE 1 N,37.04547278038787,0.01662224616065508
42009,1,USC00362721,EVERETT,11.649249428226499,0.7948382768557619
42009,2,USW00014736,ALTOONA BLAIR CO AP,36.76883229788095,0.07978384937615915
42009,3,USC00182282,CUMBERLAND 2,45.515665472378274,0.05206583863830043
42009,4,USC00183415,FROSTBURG 2,53.298869284423844,0.03796983153453008
42009,5,USC00360140,ALTOONA 3 W,55.24468716930022,0.03534220359524832
42011,1,USW00014712,READING RGNL AP,5.285739564052108,0.6852974578182965
42011,2,USC00360785,BLUE MARSH LAKE,9.307998014959884,0.2209927767446361
42011,3,USC00363632,HAMBURG,16.251406037855425,0.07249511788301068
42011,4,USC00366238,NEW HOLLAND 2 SE,39.60481053945082,0.012206601386143589
42011,5,USC00364896,LEBANON 2 W,46.10308844214119,0.009008046167913035
42013,1,USC00360140,ALTOONA 3 W,13.290509557513262,0.5502899416474021
42013,2,USW00014736,ALTOONA BLAIR CO AP,22.100727918239503,0.1990039436499972
42013,3,USC00367167,PRINCE GALLITZIN SP,26.794571538643417,0.13538832189614505
42013,4,USC00362470,EBENSBURG SEWAGE PLT,35.78482956191525,0.0759061444822028
42013,5,USC00368449,STATE COLLEGE,49.6621045674444,0.03941164832425281
42015,1,USC00368905,TOWANDA 1 S,6.644059268498828,0.8539884247178384
42015,2,USC00309047,WAVERLY,23.471467334394195,0.06842873297590103
42015,3,USC00361212,CANTON,32.52816537802631,0.03562868892640603
42015,4,USC00364815,LAPORTE,40.94898772105284,0.02248188073018055
42015,5,USC00302610,ELMIRA,43.99984727649744,0.019472272649673904
42017,1,USC00361080,BUCKSVILLE,19.91453128134757,0.28993139547022717
42017,2,USC00288880,EWING 3 WNW,23.211683225768596,0.21341363053017623
42017,3,USC00366194,NESHAMINY FALLS,24.712791990674507,0.1882746273270457
42017,4,USW00014792,TRENTON-MERCER AP,25.58260864147897,0.17568948500141257
42017,5,USC00363437,GRATERFORD 1 E,29.437247876183687,0.13269086167113853
42019,1,USC00361139,BUTLER 2 SW,8.05865419980304,0.7717809381949426
42019,2,USC00368184,SLIPPERY ROCK 1 SSW,19.726467561535866,0.12880135844222515
42019,3,USC00366151,NATRONA LOCK 4,37.32635618502818,0.035973930959208394
42019,4,USC00366233,NEW CASTLE 1 N,38.88444158946208,0.033148765220220304
42019,5,USC00362942,FORD CITY 4 S DAM,40.67466778659146,0.030295007183403652
42021,1,USC00362470,EBENSBURG SEWAGE PLT,4.987441786516197,0.8681056607499783
42021,2,USC00367167,PRINCE GALLITZIN SP,20.46725834065039,0.05154765637725145
42021,3,USC00360140,ALTOONA 3 W,20.681529953066757,0.05048506744763009
42021,4,USC00364214,INDIANA 3 SE,35.810669539917896,0.01683849939156122
42021,5,USW00014736,ALTOONA BLAIR CO AP,40.719897740863296,0.0130231160335789
42023,1,USC00368469,STEVENSON DAM,15.490036514053205,0.5352053286647935
42023,2,USC00360147,ALVIN R BUSH DAM,24.38340400343563,0.21599149121163033
42023,3,USC00363311,GLEN HAZEL 2 NE DAM,36.064589502642605,0.09873322550742292
42023,4,USC00367409,RENOVO,40.23972302410739,0.07930769838697177
42023,5,USC00367103,PORT ALLEGANY,42.600217847493695,0.07076225622918152
42025,1,USC00360560,BELTZVILLE DAM,8.17284871087493,0.799750596766198
42025,2,USC00363018,FRANCIS E WALTER DAM,22.31339511814215,0.1072927015168067
42025,3,USW00014737,ALLENTOWN LEHIGH VLY INTL AP,36.89916041942585,0.039234536191125026
42025,4,USC00368596,E STROUDSBURG,43.150411912842365,0.02869006951483336
42025,5,USW00014777,WILKES-BARRE/SCRANTON INTL AP,46.195762314371024,0.025032096011037033
42027,1,USC00368449,STATE COLLEGE,13.00524536261699,0.753700744543676
42027,2,USC00365109,LOCK HAVEN SEWAGE PLT,42.515921687918286,0.07052333600961523
42027,3,USC00364992,LEWISTOWN,42.89067460928001,0.06929633891345577
42027,4,USC00367409,RENOVO,47.66916106774597,0.05609976306600285
42027,5,USC00360147,ALVIN R BUSH DAM,50.30251827513752,0.05037981746725011
42029,1,USC00366927,PHOENIXVILLE 1 E,27.63201442669554,0.23711377805237815
42029,2,USC00079605,WILMINGTON PORTER RSCH,28.484060880855438,0.22314033135766176
42029,3,USC00366238,NEW HOLLAND 2 SE,29.61284581430488,0.20645318802189144
42029,4,USC00366508,OCTORARO LAKE,32.0129591047364,0.17665675339211098
42029,5,USC00076410,NEWARK AG FARM,33.99736207908529,0.15663594917595758
42031,1,USC00361485,CLARION 3 SW,1.4736028486811483,0.9933702503852582
42031,2,USC00368873,TIONESTA 2 SE LAKE,31.308919036748538,0.0022005736444869334
42031,3,USC00367229,PUTNEYVILLE 2 SE DAM,32.53020708447986,0.0020384421852201644
42031,4,USC00363028,FRANKLIN,40.98327824985931,0.001284276882228332
42031,5,USW00004787,DUBOIS RGNL AP,44.15387012777603,0.0011064569028065364
42033,1,USW00004787,DUBOIS RGNL AP,39.76061013238307,0.2800823366848433
42033,2,USC00367167,PRINCE GALLITZIN SP,40.05675228531694,0.2759563117022292
42033,3,USC00367477,RIDGWAY,51.21499465121034,0.16880975431774312
42033,4,USC00368449,STATE COLLEGE,56.5410666041395,0.1385044756507444
42033,5,USC00360140,ALTOONA 3 W,56.92403231997237,0.1366471216444401
42035,1,USC00367409,RENOVO,13.577054556982683,0.5304388381856258
42035,2,USC00365109,LOCK HAVEN SEWAGE PLT,20.127781997150837,0.24135405593172085
42035,3,USC00360147,ALVIN R BUSH DAM,28.11079118646679,0.12373720537618665
42035,4,USC00368469,STEVENSON DAM,37.29599930810748,0.07029459695803343
42035,5,USC00368449,STATE COLLEGE,53.48931427824483,0.03417530354843334
42037,1,USC00368668,SUNBURY,36.99811976530216,0.2996525075078674
42037,2,USC00364815,LAPORTE,42.66228583282771,0.22536630373360314
42037,3,USC00367931,SELINSGROVE 2 S,48.2588968433589,0.17612558306709644
42037,4,USW00014778,WILLIAMSPORT RGNL AP,48.580036762340995,0.17380471177046553
42037,5,USC00363018,FRANCIS E WALTER DAM,57.272377463681224,0.12505089392096752
42039,1,USC00365050,LINESVILLE 1 S,26.76083328152659,0.3391608378492812
42039,2,USC00368888,TITUSVILLE WTR WKS,35.024290297684544,0.19800049524439742
42039,3,USC00364325,JAMESTOWN 2 NW,36.577600279089495,0.18154092544903436
42039,4,USC00363028,FRANKLIN,39.42977456575854,0.1562271018003651
42039,5,USW00014860,ERIE INTL AP,44.0681477293014,0.12507063965692206
42041,1,USC00361920,CARLISLE WTP,9.249300831025202,0.7193717342430794
42041,2,USC00368073,SHIPPENSBURG,24.882048476027915,0.09940286815876265
42041,3,USC00360656,BIGLERVILLE,25.59732620763239,0.09392516642808346
42041,4,USW00014751,HARRISBURG CAPITAL CITY AP,35.17449752135949,0.04974109884128604
42041,5,USC00368308,S MTN,40.47881723868446,0.037559132328788394
42043,1,USW00014751,HARRISBURG CAPITAL CITY AP,22.24511304674924,0.3300020234909764
42043,2,USW00014711,MIDDLETOWN HARRISBURG INTL AP,24.13028763234692,0.2804534841076557
42043,3,USC00364896,LEBANON 2 W,29.2594199679393,0.19074554876985872
42043,4,USC00361920,CARLISLE WTP,39.53226544636998,0.10449185315081537
42043,5,USC00367931,SELINSGROVE 2 S,41.61220653349415,0.09430709048069384
42045,1,USW00013739,PHILA INTL AP,15.439539631914258,0.3219103628502991
42045,2,USC00366886,PHILA FRANKLIN INST,19.82546316451461,0.19523468073307554
42045,3,USC00079605,WILMINGTON PORTER RSCH,20.006276489816738,0.19172163226613778
42045,4,USC00366370,NORRISTOWN,22.100590451110516,0.15710713086750502
42045,5,USC00366927,PHOENIXVILLE 1 E,23.928032182184726,0.13402619328298243
42047,1,USC00367477,RIDGWAY,7.988078970049235,0.7007432414736228
42047,2,USC00363311,GLEN HAZEL 2 NE DAM,15.499251528022036,0.18613248032439733
42047,3,USC00364432,KANE 1NNE,30.41710253847979,0.048329013844590256
42047,4,USW00004787,DUBOIS RGNL AP,34.05610765833863,0.038552593306911555
42047,5,USW00004751,BRADFORD RGNL AP,41.27791859413382,0.02624267105047811
42049,1,USW00014860,ERIE INTL AP,8.225341155083214,0.9440206286184101
42049,2,USC00365050,LINESVILLE 1 S,59.13072831168511,0.01826681657140552
42049,3,USC00368888,TITUSVILLE WTR WKS,63.60476376309524,0.015787379050104
42049,4,USC00364325,JAMESTOWN 2 NW,75.3846971638065,0.011238877438131052
42049,5,USC00304207,JAMESTOWN 4 ENE,77.30917080015047,0.010686298321949294
42051,1,USC00361726,CONNELLSVILLE 2 SSW,9.439078601725681,0.7064497562663721
42051,2,USC00361705,CONFLUENCE 1 SW DAM,26.878191121298336,0.08712452219175394
42051,3,USC00465002,LAKE LYNN,28.774198217337076,0.07602107783548333
42051,4,USC00362183,DONEGAL 2 NW,30.595545987857925,0.06723943714469627
42051,5,USC00367073,PT MARION LOCK 8,31.566852578650074,0.06316520656169436
42053,1,USC00368873,TIONESTA 2 SE LAKE,16.563487207925807,0.5845650282797963
42053,2,USC00369298,WARREN,37.996311975592135,0.11108450741749945
42053,3,USC00361485,CLARION 3 SW,38.947569147132725,0.10572450713961072
42053,4,USC00368888,TITUSVILLE WTR WKS,39.141380818138614,0.10468009263814468
42053,5,USC00364432,KANE 1NNE,41.31705497351649,0.09394586452494885
42055,1,USC00361354,CHAMBERSBURG 1 ESE,7.447850639133592,0.7537514816618923
42055,2,USC00368308,S MTN,20.6318534679352,0.0982230932217918
42055,3,USC00368073,SHIPPENSBURG,22.721174128568638,0.08098946983949765
42055,4,USC00181790,HAGERSTOWN 1E,31.93596078209915,0.04099492757786671
42055,5,USC00360656,BIGLERVILLE,40.069690533374306,0.02604102769895171
42057,1,USC00362721,EVERETT,22.867316511927765,0.4951779920787639
42057,2,USC00361354,CHAMBERSBURG 1 ESE,41.44255442433204,0.1507643665945725
42057,3,USW00014736,ALTOONA BLAIR CO AP,46.32328536480601,0.12066825551971133
42057,4,USC00461324,CACAPON ST PK #2,47.06860689666369,0.11687699884427886
42057,5,USC00181790,HAGERSTOWN 1E,47.14219721739717,0.11651238696267327
42059,1,USC00369367,WAYNESBURG 1 E,7.63480811416358,0.8222515737284056
42059,2,USC00367073,PT MARION LOCK 8,29.86431923712328,0.05373976060085056
42059,3,USC00466212,MORGANTOWN L&D,33.443178838593994,0.04285345712961235
42059,4,USW00013736,MORGANTOWN MUNI AP,34.13108026933126,0.04114346819234255
42059,5,USC00465002,LAKE LYNN,34.61041144358459,0.040011740348788905
42061,1,USW00014736,ALTOONA BLAIR CO AP,32.4788955528149,0.3099094708691506
42061,2,USC00364992,LEWISTOWN,38.3820624342337,0.2219119750099318
42061,3,USC00368449,STATE COLLEGE,42.130740762365186,0.1841785982954314
42061,4,USC00360140,ALTOONA 3 W,42.910397578664764,0.1775465660117664
42061,5,USC00368073,SHIPPENSBURG,55.41647908765479,0.10645338981371978
42063,1,USC00364214,INDIANA 3 SE,6.575262119944533,0.8833106067813242
42063,2,USC00367229,PUTNEYVILLE 2 SE DAM,34.53545736421217,0.032019103106055304
42063,3,USC00362470,EBENSBURG SEWAGE PLT,36.384222095762404,0.02884784649038759
42063,4,USC00362942,FORD CITY 4 S DAM,36.58967832060606,0.028524786571898025
42063,5,USC00365212,LOYALHANNA LAKE,37.403057642921766,0.02729765705033465
42065,1,USW00004787,DUBOIS RGNL AP,10.98229737845363,0.7508916563099864
42065,2,USC00367229,PUTNEYVILLE 2 SE DAM,32.80097266584643,0.08417637762168576
42065,3,USC00361485,CLARION 3 SW,35.973901684097136,0.06998236104380266
42065,4,USC00367477,RIDGWAY,38.27238961363047,0.06182904222991853
42065,5,USC00368873,TIONESTA 2 SE LAKE,52.291726945129646,0.03312056279460664
42067,1,USC00364992,LEWISTOWN,15.54532381416956,0.6971161045120321
42067,2,USC00361920,CARLISLE WTP,38.32482401826671,0.11469495703981815
42067,3,USC00368449,STATE COLLEGE,49.01888331961104,0.07010965574559565
42067,4,USC00367931,SELINSGROVE 2 S,53.41451738991681,0.059045396602416526
42067,5,USC00368073,SHIPPENSBURG,53.41972455141078,0.05903388610013765
42069,1,USW00014777,WILKES-BARRE/SCRANTON INTL AP,14.891936610428138,0.5943356036939904
42069,2,USC00367186,PROMPTON DAM,28.709920275581137,0.1599079781920689
42069,3,USC00367029,PLEASANT MT 1 W,36.273046584702854,0.10017654242266359
42069,4,USC00363018,FRANCIS E WALTER DAM,36.76838117553707,0.0974956157813826
42069,5,USC00365738,MILANVILLE,52.355894590414366,0.048084259909894435
42071,1,USC00364763,LANCASTER 2 NE FILT PLT,2.22872903013743,0.9454655547908222
42071,2,USC00366238,NEW HOLLAND 2 SE,15.66120520752865,0.019147403567166665
42071,3,USC00364778,LANDISVILLE 2 NW,17.275431151277804,0.015736294005876617
42071,4,USC00367732,SAFE HARBOR DAM,17.5676701620645,0.015217100661886694
42071,5,USC00366508,OCTORARO LAKE,32.546146178260564,0.004433646974247843
42073,1,USC00366233,NEW CASTLE 1 N,3.5378318111602876,0.9562959811879682
42073,2,USC00368184,SLIPPERY ROCK 1 SSW,24.12508154247575,0.020565019049881846
42073,3,USC00365902,MONTGOMERY L&D,38.63367129718567,0.008019268138743445
42073,4,USC00361139,BUTLER 2 SW,38.949139358937934,0.007889890294546323
42073,5,USW00014852,YOUNGSTOWN-WARREN RGNL AP,40.6882456620763,0.007229841328860342
42075,1,USC00364896,LEBANON 2 W,3.817363960259381,0.9495546871407388
42075,2,USC00364778,LANDISVILLE 2 NW,28.237597378437492,0.01735368207039581
42075,3,USW00014711,MIDDLETOWN HARRISBURG INTL AP,32.5779911656156,0.013037625966147099
42075,4,USC00360785,BLUE MARSH LAKE,37.0581254406695,0.010075815948098898
42075,5,USW00014751,HARRISBURG CAPITAL CITY AP,37.23897339016771,0.009978188874619409
42077,1,USW00014737,ALLENTOWN LEHIGH VLY INTL AP,12.681236310362507,0.5872167070744007
42077,2,USC00368400,SPRINGTOWN 1 NNE,26.82110394127982,0.13127084959180985
42077,3,USC00360560,BELTZVILLE DAM,27.887038977245346,0.12142742545315238
42077,4,USC00286979,PHILLIPSBURG-EASTON BRG,34.171644862457796,0.08087044372363576
42077,5,USC00363632,HAMBURG,34.52695281561495,0.07921457415700137
42079,1,USC00363018,FRANCIS E WALTER DAM,21.6612518667698,0.4690832776788674
42079,2,USW00014777,WILKES-BARRE/SCRANTON INTL AP,27.69129393074319,0.2870321581574705
42079,3,USC00360560,BELTZVILLE DAM,44.48554316691607,0.11121907021627937
42079,4,USC00364815,LAPORTE,51.393195231236184,0.08333085084884208
42079,5,USC00368596,E STROUDSBURG,66.79324332842404,0.049334643098540666
42081,1,USW00014778,WILLIAMSPORT RGNL AP,15.814402839825492,0.6467151080360976
42081,2,USC00361212,CANTON,38.39418038813139,0.10972050540492721
42081,3,USC00365109,LOCK HAVEN SEWAGE PLT,39.5853157246494,0.10321679632499299
42081,4,USC00364815,LAPORTE,47.70859378611328,0.07106002724568435
42081,5,USC00369408,WELLSBORO 4 SW,48.314963693035764,0.06928756298829798
42083,1,USW00004751,BRADFORD RGNL AP,5.537721639483635,0.7808487211188846
42083,2,USC00360868,BRADFORD 4SW RSCH 5,14.980440797807953,0.10670381848945015
42083,3,USC00367103,PORT ALLEGANY,23.641033384706176,0.04284461394962324
42083,4,USC00364432,KANE 1NNE,24.53819600023441,0.03976892799459151
42083,5,USC00363311,GLEN HAZEL 2 NE DAM,28.33083822309625,0.029833918447450737
42085,1,USC00364325,JAMESTOWN 2 NW,28.51463069451711,0.2622464758675275
42085,2,USC00368184,SLIPPERY ROCK 1 SSW,31.584109195100105,0.21375087354223407
42085,3,USC00366233,NEW CASTLE 1 N,32.73567590736482,0.19897684408456018
42085,4,USW00014852,YOUNGSTOWN-WARREN RGNL AP,35.52475179509118,0.1689596723410151
42085,5,USC00363028,FRANKLIN,36.96308790997325,0.156066134164663
42087,1,USC00364992,LEWISTOWN,7.179199982332472,0.9019511741737175
42087,2,USC00368449,STATE COLLEGE,27.999214970467357,0.05929846079935024
42087,3,USC00361920,CARLISLE WTP,57.26281331036174,0.014177177228420788
42087,4,USC00368073,SHIPPENSBURG,61.31877817937147,0.01236369108050533
42087,5,USC00365109,LOCK HAVEN SEWAGE PLT,61.70476235229308,0.012209496718006018
42089,1,USC00368596,E STROUDSBURG,11.21660780977927,0.7104189762613577
42089,2,USC00280734,BELVIDERE BRG,32.6106598130824,0.08404627143241578
42089,3,USC00360560,BELTZVILLE DAM,34.0738756084926,0.07698295122685939
42089,4,USC00363018,FRANCIS E WALTER DAM,34.12248482608438,0.0767637751818794
42089,5,USC00286979,PHILLIPSBURG-EASTON BRG,41.543600521656664,0.051788025897487704
42091,1,USC00363437,GRATERFORD 1 E,5.066995494698148,0.729793468135291
42091,2,USC00366370,NORRISTOWN,11.50617837173519,0.14152683798097696
42091,3,USC00366927,PHOENIXVILLE 1 E,14.079498676251056,0.09452063391888933
42091,4,USC00366886,PHILA FRANKLIN INST,32.6109758827785,0.017618682028906103
42091,5,USW00094732,NE PHILA AP,33.65718499341999,0.01654037793593656
42093,1,USC00368668,SUNBURY,20.364570802763538,0.47590453122542026
42093,2,USC00367931,SELINSGROVE 2 S,31.96857762660889,0.19311843592483233
42093,3,USW00014778,WILLIAMSPORT RGNL AP,32.0406018225315,0.1922511883700408
42093,4,USC00364815,LAPORTE,46.11154174087059,0.09282203308752374
42093,5,USC00365109,LOCK HAVEN SEWAGE PLT,65.57084919291026,0.045903811392182796
42095,1,USC00286979,PHILLIPSBURG-EASTON BRG,11.064648473619236,0.4600146082185079
42095,2,USW00014737,ALLENTOWN LEHIGH VLY INTL AP,16.47398777591078,0.20751494819044508
42095,3,USC00368400,SPRINGTOWN 1 NNE,20.354200270916046,0.13593734340504157
42095,4,USC00280734,BELVIDERE BRG,20.694447876004304,0.13150406478488835
42095,5,USC00361080,BUCKSVILLE,29.42861182573635,0.06502903540111708
42097,1,USC00368668,SUNBURY,5.735790810372128,0.847416615823314
42097,2,USC00367931,SELINSGROVE 2 S,14.870083873172312,0.1260830617878402
42097,3,USW00014778,WILLIAMSPORT RGNL AP,47.02526672517423,0.012607269824259497
42097,4,USC00364896,LEBANON 2 W,60.90819506580513,0.0075150543010058845
42097,5,USC00364815,LAPORTE,66.11493771027277,0.00637799826358068
42099,1,USC00361920,CARLISLE WTP,20.205113799714443,0.4943286758349722
42099,2,USC00364992,LEWISTOWN,33.10370482908069,0.18415571634703007
42099,3,USW00014751,HARRISBURG CAPITAL CITY AP,40.162420970669096,0.12511190537190117
42099,4,USC00368073,SHIPPENSBURG,43.431567678655256,0.10698610947505248
42099,5,USW00014711,MIDDLETOWN HARRISBURG INTL AP,47.50701196643776,0.08941759297104415
42103,1,USC00306774,PORT JERVIS,29.31001960184804,0.29265325225731736
42103,2,USC00288644,SUSSEX 1 NW,36.31690501456204,0.19061975730342043
42103,3,USC00368596,E STROUDSBURG,37.603866521156625,0.1777954193064074
42103,4,USC00367186,PROMPTON DAM,38.404139839537144,0.17046274894558663
42103,5,USC00365738,MILANVILLE,38.630739024172094,0.1684688221872681
42105,1,USC00367103,PORT ALLEGANY,33.40811670462618,0.27979742828234966
42105,2,USC00368469,STEVENSON DAM,39.688146296972334,0.19825588002397213
42105,3,USC00309072,WELLSVILLE,41.22226500647436,0.18377397315388116
42105,4,USC00369408,WELLSBORO 4 SW,42.43690301125144,0.17340449150493153
42105,5,USC00360147,ALVIN R BUSH DAM,43.53485667699678,0.16476822703486563
42107,1,USC00363632,HAMBURG,25.52605711005103,0.4261523077383083
42107,2,USC00360785,BLUE MARSH LAKE,39.389771079230265,0.17896388709389321
42107,3,USW00014712,READING RGNL AP,42.74452314595554,0.1519747244923952
42107,4,USC00364896,LEBANON 2 W,45.669532454037586,0.1331309977178144
42107,5,USC00368668,SUNBURY,50.29309210762935,0.10977808295758892
42109,1,USC00367931,SELINSGROVE 2 S,18.060239337034904,0.5554307240824313
42109,2,USC00368668,SUNBURY,27.915921215101466,0.23247324305295802
42109,3,USC00364992,LEWISTOWN,45.872811924097135,0.08609267007523284
42109,4,USC00365109,LOCK HAVEN SEWAGE PLT,51.76843436863388,0.06760002249676811
42109,5,USW00014778,WILLIAMSPORT RGNL AP,55.695435955803795,0.05840334029260969
42111,1,USC00361705,CONFLUENCE 1 SW DAM,35.21710574521666,0.24738691695281417
42111,2,USC00362183,DONEGAL 2 NW,35.9944742113989,0.23681673163915734
42111,3,USC00183415,FROSTBURG 2,36.62004536796314,0.22879487656205286
42111,4,USC00182282,CUMBERLAND 2,44.33442532354443,0.15609963380999348
42111,5,USC00361726,CONNELLSVILLE 2 SSW,48.41379737368838,0.13090184103598218
42113,1,USC00364815,LAPORTE,2.3487806139501335,0.986813612561402
42113,2,USC00368905,TOWANDA 1 S,35.1386262568783,0.004409105408624834
42113,3,USC00361212,CANTON,36.519255047674584,0.004082030257323692
42113,4,USW00014778,WILLIAMSPORT RGNL AP,40.58776637000555,0.003304682460903843
42113,5,USC00309047,WAVERLY,62.56964619013953,0.0013905693117457197
42115,1,USC00367029,PLEASANT MT 1 W,30.725522447808185,0.3928954937685738
42115,2,USW00004725,BINGHAMTON,44.9017607186332,0.18397078347624113
42115,3,USC00367186,PROMPTON DAM,46.745637304409,0.1697436083769428
42115,4,USC00368905,TOWANDA 1 S,53.78338539397485,0.128226955071476
42115,5,USW00014777,WILKES-BARRE/SCRANTON INTL AP,54.437671644427574,0.1251631593067663
42117,1,USC00369408,WELLSBORO 4 SW,13.07597692081796,0.4840650135681921
42117,2,USC00368868,TIOGA HAMMOND DAM,17.39024460413782,0.27367845157073994
42117,3,USC00361838,COWANESQUE DAM,26.235766183408604,0.12024429539095692
42117,4,USC00361212,CANTON,36.43237785909085,0.062355813601105765
42117,5,USC00300023,ADDISON,37.24752132501876,0.05965642586900529
42119,1,USC00367931,SELINSGROVE 2 S,25.728860950755838,0.3070497060618982
42119,2,USC00368668,SUNBURY,25.853475130746254,0.3040968702357673
42119,3,USW00014778,WILLIAMSPORT RGNL AP,33.18716186723755,0.18454810011039846
42119,4,USC00365109,LOCK HAVEN SEWAGE PLT,37.04473959102002,0.14811420548448312
42119,5,USC00364992,LEWISTOWN,60.14382793524787,0.05619111810745298
42121,1,USC00363028,FRANKLIN,5.403943227777068,0.8965995169401199
42121,2,USC00368888,TITUSVILLE WTR WKS,26.32338831205763,0.0377864833365768
42121,3,USC00368873,TIONESTA 2 SE LAKE,28.264854646059643,0.03277378069626701
42121,4,USC00361485,CLARION 3 SW,36.00389984734079,0.020198585929956762
42121,5,USC00368184,SLIPPERY ROCK 1 SSW,45.5101678572174,0.01264163309707938
42123,1,USC00369298,WARREN,12.402118315841133,0.7101565708317412
42123,2,USC00304207,JAMESTOWN 4 ENE,32.73900258033346,0.10190956829384293
42123,3,USC00368888,TITUSVILLE WTR WKS,39.80459508688408,0.06894129378704379
42123,4,USC00368873,TIONESTA 2 SE LAKE,41.2846429729559,0.06408682906265505
42123,5,USC00364432,KANE 1NNE,44.602998760599256,0.05490573802471718
42125,1,USW00094823,PITTSBURGH ASOS,31.817746773609855,0.21551397026397082
42125,2,USC00362190,DONORA 1 SW,32.765241932299844,0.20322985711303437
42125,3,USW00014762,PITTSBURGH ALLEGHENY CO AP,32.92760365770978,0.2012305984206187
42125,4,USW00014894,WHEELING OHIO CO AP,33.47246180647326,0.19473273367221802
42125,5,USC00369367,WAYNESBURG 1 E,34.31451108497671,0.18529284053015793
42127,1,USC00367186,PROMPTON DAM,7.144554783560663,0.7301154387602715
42127,2,USC00367029,PLEASANT MT 1 W,16.424996764449254,0.13814376494231734
42127,3,USC00365738,MILANVILLE,19.182723686136484,0.10127944927101021
42127,4,USC00304731,LIBERTY 1 NE,48.98803378523653,0.015529656725379773
42127,5,USW00014777,WILKES-BARRE/SCRANTON INTL AP,49.95931210209519,0.014931690301021273
42129,1,USC00365212,LOYALHANNA LAKE,16.463426948172916,0.3863629279227739
42129,2,USC00362183,DONEGAL 2 NW,21.056333428846557,0.2361948545092943
42129,3,USC00367782,SALINA 3 W,23.1120927455794,0.19604572987511457
42129,4,USC00365573,MCKEESPORT,33.514062677667425,0.09323560115810246
42129,5,USC00360861,BRADDOCK LOCK 2,34.46513554706258,0.08816088653471457
42131,1,USW00014777,WILKES-BARRE/SCRANTON INTL AP,31.965796011511166,0.3479259740692995
42131,2,USC00364815,LAPORTE,41.933807905750356,0.20217585869999663
42131,3,USC00368905,TOWANDA 1 S,43.98210521875138,0.1837832269577662
42131,4,USC00363018,FRANCIS E WALTER DAM,50.960576819938716,0.136895517847855
42131,5,USC00367029,PLEASANT MT 1 W,52.452362240270794,0.12921942242508272
42133,1,USC00185934,MILLERS 4 NE,23.36905715977306,0.30506738816770057
42133,2,USC00367732,SAFE HARBOR DAM,28.9698467625346,0.1985115450541917
42133,3,USW00014711,MIDDLETOWN HARRISBURG INTL AP,30.73117436006054,0.17640864013493474
42133,4,USC00363665,HANOVER 4 SW,30.892046069140964,0.17457611233785475
42133,5,USC00364778,LANDISVILLE 2 NW,33.84563392386201,0.14543631430531825
45001,1,USC00381277,CALHOUN FALLS,19.736729544990762,0.5028949368023259
45001,2,USW00093846,ANDERSON FAA AP,37.99389939298098,0.13570626767410146
45001,3,USC00093060,ELBERTON 2 N,38.1629824146756,0.13450642460757872
45001,4,USC00380165,ANDERSON,38.305008405241146,0.1335108371631797
45001,5,USC00094133,HARTWELL,45.80188164216937,0.09338153375281437
45003,1,USC00384607,JOHNSTON 4 SW,32.15591711526373,0.29577110548979957
45003,2,USW00003820,AUGUSTA BUSH FLD AP,36.91299013583568,0.2244497326469599
45003,3,USC00380506,BATESBURG,39.877593597089565,0.1923178785248864
45003,4,USC00386775,PELION 0.8 NW,42.56106767997894,0.16883112623787055
45003,5,USC00387631,SALUDA,50.7739814581479,0.11863015710048357
45005,1,USC00380448,BAMBERG,44.90311764903079,0.32784280819968914
45005,2,USC00389469,YEMASSEE 1 N,56.90935105659864,0.20410393849660544
45005,3,USC00099194,WAYNESBORO 2 S,60.89194249862625,0.17827850955623994
45005,4,USC00388922,WALTERBORO 1 SW,64.99092890795555,0.1564995752444643
45005,5,USW00003820,AUGUSTA BUSH FLD AP,70.42627298262222,0.13327516850300103
45007,1,USC00380165,ANDERSON,2.1799705684249395,0.897323044813314
45007,2,USW00093846,ANDERSON FAA AP,6.9614174898463075,0.08799433667627315
45007,3,USC00381770,CLEMSON UNIV,22.911969786114852,0.008123164087117753
45007,4,USC00094133,HARTWELL,32.703570105713766,0.003987124081230013
45007,5,USC00386831,PICKENS,40.71567796253539,0.002572330342064954
45009,1,USC00380448,BAMBERG,9.363307141915792,0.870427813422594
45009,2,USC00386527,ORANGEBURG 2,35.87244840447321,0.05930198900861229
45009,3,USC00388922,WALTERBORO 1 SW,49.85679148970723,0.03070030193308218
45009,4,USC00389469,YEMASSEE 1 N,58.807281833207185,0.02206627808985833
45009,5,USC00386775,PELION 0.8 NW,66.0285472202597,0.017503617545853268
45011,1,USC00380448,BAMBERG,35.7869783460157,0.37886348447081525
45011,2,USW00003820,AUGUSTA BUSH FLD AP,50.551302631522994,0.18987514034840255
45011,3,USC00099194,WAYNESBORO 2 S,57.32971049501455,0.147629555770645
45011,4,USC00386527,ORANGEBURG 2,57.87059817034503,0.1448828123142182
45011,5,USC00386775,PELION 0.8 NW,59.13593436238626,0.138749007095919
45013,1,USW00093831,BEAUFORT MCAS,14.153784244431467,0.7862911333495587
45013,2,USC00389469,YEMASSEE 1 N,41.14351716859553,0.09305199549183545
45013,3,USW00003822,SAVANNAH INTL AP,54.41618450961886,0.05319518776722198
45013,4,USC00388922,WALTERBORO 1 SW,58.60055566192278,0.04586961049483187
45013,5,USW00013782,DWTN CHARLESTON,85.4116459947402,0.021592072896552135
45015,1,USC00385946,MONCKS CORNER 4 N,4.953418945938268,0.9376193886971368
45015,2,USC00388426,SUMMERVILLE 4W,32.18498903036314,0.022209049411111792
45015,3,USW00013880,CHARLESTON INTL AP,35.23035895242568,0.018535425706313984
45015,4,USC00380184,ANDREWS,44.28398333049014,0.011731224446980678
45015,5,USW00013782,DWTN CHARLESTON,48.194008025109724,0.009904911738456902
45017,1,USC00386527,ORANGEBURG 2,22.423035543471176,0.49973052356821135
45017,2,USC00381944,COLUMBIA UNIV OF SC,41.84782768077713,0.14347586450955352
45017,3,USW00013883,COLUMBIA,43.61095463255983,0.13210933331611957
45017,4,USC00386775,PELION 0.8 NW,45.47979898939789,0.12147519771285582
45017,5,USC00388440,SUMTER,49.34048209338442,0.1032090808932599
45019,1,USW00013782,DWTN CHARLESTON,3.3211571637352604,0.8331394534419707
45019,2,USC00388405,SULLIVANS IS,9.062827009301257,0.11188430693446569
45019,3,USW00013880,CHARLESTON INTL AP,14.331622143214435,0.044741017627142915
45019,4,USC00388426,SUMMERVILLE 4W,37.721248741204576,0.0064583924799359975
45019,5,USC00385946,MONCKS CORNER 4 N,49.3269868755172,0.0037768295164845316
45021,1,USC00386293,NINETY NINE IS,10.64755037860473,0.7163508320809622
45021,2,USC00317845,SHELBY 2 NW,29.248025195005475,0.09493625165066708
45021,3,USC00388188,SPARTANBURG 3 SSE,32.06002219824263,0.07901281585633999
45021,4,USC00381625,CHESNEE 7 WSW,33.440411436248134,0.07262429885335639
45021,5,USC00387722,SANTUCK,46.802312701000396,0.03707580155867434
45023,1,USC00381633,CHESTER 1 SE,3.1885172996796483,0.9678533348009832
45023,2,USC00389350,WINTHROP UNIV,29.847880865272515,0.011044857090141616
45023,3,USC00387722,SANTUCK,33.41708391902756,0.008811503285474576
45023,4,USC00389327,WINNSBORO,36.16918209841598,0.007521591272568399
45023,5,USC00386688,PARR,45.42479072131833,0.004768713550832105
45025,1,USC00381588,CHERAW,26.369328870564114,0.33077116707585225
45025,2,USC00383990,HARTSVILLE,28.75664379250267,0.27813100377435757
45025,3,USC00318964,WADESBORO,36.56132069809956,0.17206084377393388
45025,4,USC00382260,DARLINGTON,45.453327119097594,0.11132544555443553
45025,5,USC00380736,BISHOPVILLE 1.4 ENE,46.20955456632317,0.10771153982142061
45027,1,USC00385493,MANNING,4.179400656468326,0.9588775740855254
45027,2,USC00388440,SUMTER,32.366297779482935,0.015988404378733546
45027,3,USC00381241,CADES 4 W,37.02057191325603,0.012220948879623593
45027,4,USC00384886,LAKE CITY 2 SE,50.286381656073,0.006623543614847321
45027,5,USC00385946,MONCKS CORNER 4 N,51.60437517793187,0.006289529041270123
45029,1,USC00388922,WALTERBORO 1 SW,4.366567624222855,0.9450007646781091
45029,2,USC00389469,YEMASSEE 1 N,24.542528623814455,0.02991396135988186
45029,3,USW00093831,BEAUFORT MCAS,41.096353095596854,0.010668564136333944
45029,4,USC00388426,SUMMERVILLE 4W,44.7052729070239,0.009015608407331184
45029,5,USW00013880,CHARLESTON INTL AP,57.75839336983077,0.005401101418343892
45031,1,USC00382260,DARLINGTON,8.572244937071753,0.5242510599196912
45031,2,USC00383990,HARTSVILLE,10.573692683273878,0.34456811981685076
45031,3,USC00380736,BISHOPVILLE 1.4 ENE,26.487988726634367,0.054907351401378805
45031,4,USW00013744,FLORENCE RGNL AP,26.63964984372448,0.05428394934005409
45031,5,USC00381588,CHERAW,41.85586873947365,0.02198951952202516
45033,1,USC00385509,MARION,25.03387417025616,0.3882463001740847
45033,2,USW00013776,LUMBERTON RGNL AP,37.784591744590166,0.1704252687402104
45033,3,USW00013744,FLORENCE RGNL AP,39.66423359405594,0.1546554829411978
45033,4,USC00314860,LAURINBURG,40.89999867943846,0.14545105234978775
45033,5,USC00315177,LUMBERTON,41.50789497819773,0.14122189579471936
45035,1,USC00388426,SUMMERVILLE 4W,16.825741409734764,0.5962955058393309
45035,2,USC00388922,WALTERBORO 1 SW,33.49003312827425,0.150514660045
45035,3,USW00013880,CHARLESTON INTL AP,39.55956125703336,0.1078715759661746
45035,4,USC00385946,MONCKS CORNER 4 N,42.78098594093675,0.09223768149441387
45035,5,USW00013782,DWTN CHARLESTON,56.39455343559544,0.053080576655080515
45037,1,USC00384607,JOHNSTON 4 SW,10.366479148679806,0.7038524849069493
45037,2,USC00381726,CLARKS HILL 1 W,24.890758606962663,0.1220865831202444
45037,3,USC00387631,SALUDA,29.32522190856823,0.08795521424270637
45037,4,USC00380506,BATESBURG,41.10545316633285,0.0447656942631123
45037,5,USC00090311,APPLING 2 NW,42.774677431788824,0.04134002346698768
45039,1,USC00389327,WINNSBORO,4.944408698644737,0.8648145792635884
45039,2,USC00381479,CEDAR CREEK 2E,20.398723461699856,0.05080959640704865
45039,3,USC00386688,PARR,21.299854549023966,0.04660134490557726
45039,4,USC00381633,CHESTER 1 SE,32.71448904092515,0.019754745677607852
45039,5,USC00385200,LITTLE MTN,34.253241630585805,0.01801973374617793
45041,1,USW00013744,FLORENCE RGNL AP,17.81040387420657,0.3441051670860438
45041,2,USC00384886,LAKE CITY 2 SE,18.36123674720373,0.32376870548130743
45041,3,USC00381241,CADES 4 W,27.970806007831108,0.13951752621537997
45041,4,USC00385509,MARION,33.38223305792252,0.09795079380124554
45041,5,USC00382260,DARLINGTON,33.95792497650679,0.09465780741602324
45043,1,USC00381093,BROOKGREEN GARDENS,21.761022164692047,0.4472348641030358
45043,2,USC00380184,ANDREWS,25.269177489085383,0.33167445362530423
45043,3,USW00013717,MYRTLE BEACH AFB,44.778596605955116,0.1056217302039196
45043,4,USC00386153,MYRTLE BEACH,57.744956660226094,0.06351351007445502
45043,5,USC00384886,LAKE CITY 2 SE,63.84569151377656,0.05195544199328531
45045,1,USC00383742,GREENVILLE DWTN AP,5.295542731411424,0.6019832951948322
45045,2,USC00383735,GREENVILLE,7.779240613928093,0.27895296669475356
45045,3,USW00003870,GREER,13.937108061683723,0.08690806067279576
45045,4,USC00386831,PICKENS,31.658805718006324,0.0168428793691845
45045,5,USC00381256,CAESARS HEAD,33.20285425573189,0.015312798068433978
45047,1,USC00387631,SALUDA,37.55177835622463,0.2605629212085054
45047,2,USC00385017,LAURENS,39.37300922540534,0.23701531817580565
45047,3,USC00381277,CALHOUN FALLS,42.9979209194719,0.19873699513210366
45047,4,USC00386209,NEWBERRY,49.00915300214678,0.15297456908831483
45047,5,USC00384607,JOHNSTON 4 SW,49.375953828510916,0.15071019639527053
45049,1,USC00389469,YEMASSEE 1 N,28.61343877597236,0.46759941366442687
45049,2,USC00388922,WALTERBORO 1 SW,45.28176919479484,0.1867098773791678
45049,3,USW00093831,BEAUFORT MCAS,51.73047421591407,0.1430609642625553
45049,4,USC00380448,BAMBERG,57.24675999507086,0.11681866625137237
45049,5,USC00091266,BROOKLET 1 W,66.79367722907632,0.08581107844247768
45051,1,USC00386153,MYRTLE BEACH,22.381428512589057,0.3255022204918632
45051,2,USW00013717,MYRTLE BEACH AFB,25.44427229074233,0.2518543701404632
45051,3,USW00093718,N MYRTLE BEACH,25.814349918662163,0.2446849032093145
45051,4,USC00315116,LONGWOOD,41.252071799122525,0.09581599859194638
45051,5,USC00381093,BROOKGREEN GARDENS,44.55339486165963,0.08214250756641273
45053,1,USW00093831,BEAUFORT MCAS,29.204168229474213,0.35630916154558223
45053,2,USC00389469,YEMASSEE 1 N,34.11309860813695,0.26114056113227735
45053,3,USW00003822,SAVANNAH INTL AP,37.349028011478566,0.21785025078227266
45053,4,USC00388922,WALTERBORO 1 SW,59.99493659585612,0.08442818922971826
45053,5,USC00091266,BROOKLET 1 W,61.52855763440419,0.08027183731014936
45055,1,USC00388979,WATEREE DAM,10.302195410807313,0.7870738218607226
45055,2,USC00387666,SANDHILL RSCH - ELGIN,34.39324558399941,0.07062016256254368
45055,3,USC00380736,BISHOPVILLE 1.4 ENE,36.42483010738619,0.06296221019477073
45055,4,USC00389327,WINNSBORO,45.27158305884411,0.040759014250068164
45055,5,USC00381479,CEDAR CREEK 2E,46.52961300260423,0.03858479113189494
45057,1,USC00315771,MONROE 2 SE,36.492133249272875,0.2595770731908808
45057,2,USC00388979,WATEREE DAM,39.15378592781103,0.2254848207909275
45057,3,USC00389350,WINTHROP UNIV,41.32281712676614,0.2024347160075744
45057,4,USC00381633,CHESTER 1 SE,44.97831092517468,0.17086714020129426
45057,5,USC00389327,WINNSBORO,49.40207698132489,0.14163624980932307
45059,1,USC00385017,LAURENS,2.263919528553984,0.9881813184920732
45059,2,USC00388786,UNION 8 S,33.970889506641555,0.004388789722451975
45059,3,USC00386209,NEWBERRY,41.253052635396116,0.0029760925240846663
45059,4,USC00387722,SANTUCK,47.48490230148366,0.002246195294684012
45059,5,USC00388188,SPARTANBURG 3 SSE,47.898148101168644,0.0022076039667063077
45061,1,USC00380736,BISHOPVILLE 1.4 ENE,7.882608460587871,0.8185251867702168
45061,2,USC00388440,SUMTER,26.412054786716062,0.07290672314254798
45061,3,USC00383990,HARTSVILLE,32.20735263185929,0.04903000090132486
45061,4,USC00382260,DARLINGTON,37.89955436537693,0.03540819195490061
45061,5,USC00388979,WATEREE DAM,45.91010042926646,0.024129897231009653
45063,1,USC00386775,PELION 0.8 NW,13.487708847209982,0.4050075948691964
45063,2,USW00013883,COLUMBIA,15.575305984758254,0.3037150811536361
45063,3,USC00380506,BATESBURG,24.565437181548585,0.12209293595343644
45063,4,USC00381944,COLUMBIA UNIV OF SC,25.42079979234,0.11401476902635367
45063,5,USC00385200,LITTLE MTN,36.544310630297296,0.05516961899737743
45067,1,USC00385509,MARION,9.591579261890073,0.8462964217056236
45067,2,USW00013744,FLORENCE RGNL AP,36.563150308203454,0.05823921721196434
45067,3,USC00384886,LAKE CITY 2 SE,42.37343960566989,0.04336259928899741
45067,4,USC00382260,DARLINGTON,53.81490227773204,0.026884231886263404
45067,5,USC00381241,CADES 4 W,55.56484408378207,0.02521752990715122
45069,1,USC00381588,CHERAW,21.68982158576207,0.35758785173121554
45069,2,USC00314860,LAURINBURG,25.5469121569007,0.25776140249767704
45069,3,USC00313784,HAMLET,31.683028086580013,0.1675873951919797
45069,4,USC00382260,DARLINGTON,38.00238473565802,0.11648580748900712
45069,5,USC00383990,HARTSVILLE,40.89750804403735,0.10057754309012046
45071,1,USC00386209,NEWBERRY,1.951131956981172,0.9786755368247985
45071,2,USC00385200,LITTLE MTN,19.78015497175466,0.009522536310607342
45071,3,USC00386688,PARR,24.661584528393398,0.006125902258045685
45071,4,USC00388786,UNION 8 S,35.773223694325495,0.002911359663129439
45071,5,USC00387631,SALUDA,36.710031378021334,0.0027646649434190772
45073,1,USC00388887,WALHALLA,1.3801027777510577,0.9872008312128222
45073,2,USC00385278,LONG CREEK,17.75182617933788,0.005966811235214616
45073,3,USC00381770,CLEMSON UNIV,23.8968500405296,0.003292661273865259
45073,4,USC00098740,TOCCOA,31.135735540902022,0.0019395907876263942
45073,5,USC00091982,CLAYTON 1 SSW,34.27992621441869,0.0016001054904715528
45075,1,USC00386527,ORANGEBURG 2,8.84047772524573,0.8608608796296526
45075,2,USC00380448,BAMBERG,28.344378425764187,0.08374339543305545
45075,3,USC00386775,PELION 0.8 NW,56.2972469120196,0.021228051205609305
45075,4,USC00388922,WALTERBORO 1 SW,62.40994034379212,0.01727336324717532
45075,5,USC00385493,MANNING,63.106193498803684,0.01689431048450712
45077,1,USC00386831,PICKENS,0.6012010590745192,0.9982794778710259
45077,2,USC00381256,CAESARS HEAD,26.22529083410233,0.000524627426407517
45077,3,USC00381770,CLEMSON UNIV,26.638670263661634,0.0005084714031422117
45077,4,USC00314788,LAKE TOXAWAY 2 SW,31.30242563982644,0.000368243959880375
45077,5,USC00383735,GREENVILLE,33.62237771278648,0.0003191793395439342
45079,1,USC00387666,SANDHILL RSCH - ELGIN,11.661941098740403,0.40871419460025377
45079,2,USC00381944,COLUMBIA UNIV OF SC,12.39334437506185,0.36189649159199844
45079,3,USW00013883,COLUMBIA,22.19257869554397,0.1128615137683433
45079,4,USC00381479,CEDAR CREEK 2E,26.545160763722567,0.07888432040508214
45079,5,USC00388979,WATEREE DAM,38.426941872340805,0.03764347963432222
45081,1,USC00387631,SALUDA,4.276864393945126,0.9124242008271087
45081,2,USC00380506,BATESBURG,20.9986969780265,0.037849754202584525
45081,3,USC00384607,JOHNSTON 4 SW,27.628909542796276,0.021863529230374018
45081,4,USC00386209,NEWBERRY,33.33883185738699,0.015015748964325427
45081,5,USC00385200,LITTLE MTN,36.043500154415014,0.012846766775607268
45083,1,USC00388188,SPARTANBURG 3 SSE,7.580717008495613,0.7340581593784106
45083,2,USC00381625,CHESNEE 7 WSW,20.001100577592418,0.10544919094673154
45083,3,USW00003870,GREER,21.49165663535689,0.09132953631437392
45083,4,USC00383742,GREENVILLE DWTN AP,33.977053717206076,0.03654093080214594
45083,5,USC00383735,GREENVILLE,35.9599445064174,0.03262218255833796
45085,1,USC00388440,SUMTER,3.817744145805761,0.9627967808430185
45085,2,USC00385493,MANNING,29.49473682617331,0.016130923010615597
45085,3,USC00380736,BISHOPVILLE 1.4 ENE,37.42733416966848,0.010017756696330728
45085,4,USC00381241,CADES 4 W,49.996999509955764,0.005613844593406172
45085,5,USC00387666,SANDHILL RSCH - ELGIN,50.78634401095121,0.005440694856628851
45087,1,USC00388786,UNION 8 S,10.358140766274877,0.4621017570453771
45087,2,USC00387722,SANTUCK,10.672753719063829,0.43525950269553715
45087,3,USC00388188,SPARTANBURG 3 SSE,36.39762706459309,0.0374244214859067
45087,4,USC00381633,CHESTER 1 SE,38.43433109979858,0.033563139890456506
45087,5,USC00386293,NINETY NINE IS,39.57816670620316,0.03165117888272261
45089,1,USC00381241,CADES 4 W,24.021565997328647,0.30548194600379325
45089,2,USC00380184,ANDREWS,24.8522384132059,0.2854020961255194
45089,3,USC00384886,LAKE CITY 2 SE,26.46352908284776,0.2517054745959408
45089,4,USC00385493,MANNING,45.3961772399728,0.08553613352615871
45089,5,USC00385946,MONCKS CORNER 4 N,49.52302060495932,0.07187434974858782
45091,1,USC00389350,WINTHROP UNIV,13.757188890843231,0.5752109813737067
45091,2,USC00386293,NINETY NINE IS,29.018540126711127,0.1292812221957821
45091,3,USC00381633,CHESTER 1 SE,31.798367762465134,0.10766558724943538
45091,4,USC00313356,GASTONIA,33.221916059313756,0.09863640067016151
45091,5,USW00013881,CHARLOTTE DOUGLAS AP,34.93387144543001,0.08920580851091438
46003,1,USC00399232,WHITE LAKE,8.639121730603671,0.8851383053035988
46003,2,USC00399070,WESSINGTON SPRINGS,39.020202895878064,0.04338816431282576
46003,3,USC00390043,ACADEMY 2NE,46.373312853033845,0.030719495410276382
46003,4,USC00393029,FORESTBURG 4 NNE,55.0285963572171,0.02181591598387434
46003,5,USC00391621,CHAMBERLAIN 5 S,59.0618084713803,0.018938118989424747
46005,1,USW00014936,HURON RGNL AP,6.253408808665854,0.938448886068973
46005,2,USC00393029,FORESTBURG 4 NNE,41.9331852792607,0.020870293625165386
46005,3,USC00399070,WESSINGTON SPRINGS,44.60639757027079,0.018443781285630654
46005,4,USC00395561,MILLER,56.7929562310208,0.01137772189833198
46005,5,USC00392302,DE SMET,58.13275089824514,0.010859317121898842
46007,1,USC00395285,MARTIN 8 E,8.917542303347696,0.6509652362478213
46007,2,USC00394651,LACREEK NWR,13.230912701848975,0.2957117251816645
46007,3,USC00394630,KYLE 2 E,47.06192038826082,0.023372698841417
46007,4,USC00253355,GORDON 6N,53.547748233989694,0.018053679456085547
46007,5,USC00394184,INTERIOR 3 NE,65.96469314350209,0.0118966602730117
46009,1,USC00398472,TYNDALL,1.3071368978540783,0.995959002439278
46009,2,USC00395481,MENNO,37.649881383436096,0.0012004840247952428
46009,3,USW00094911,YANKTON CHAN GURNEY MUNI AP,41.27657606978581,0.0009987948163768844
46009,4,USC00252037,CROFTON,42.018437924724815,0.0009638374649743816
46009,5,USC00399502,YANKTON 2 E,44.02748898016562,0.0008778812545755647
46011,1,USC00391076,BROOKINGS 2 NE,6.197255018921116,0.931617262265585
46011,2,USC00392984,FLANDREAU,39.77466907830836,0.022616381053579066
46011,3,USC00391777,CLEAR LAKE,43.309628773445354,0.01907512271002928
46011,4,USC00395090,MADISON 2SE,48.92886904463207,0.014945343731085987
46011,5,USC00216565,PIPESTONE,55.19187677659219,0.01174589023972082
46013,1,USC00391873,COLUMBIA 8 N,15.36396365258083,0.4557088559692706
46013,2,USW00014929,ABERDEEN,15.584764237776756,0.44288761632911544
46013,3,USC00391049,BRITTON,51.837828514091264,0.04003136594431009
46013,4,USC00394206,IPSWICH,55.764628107965756,0.03459205717484378
46013,5,USC00323287,FULLERTON 1 ESE,63.3783415978867,0.02678010458246007
46015,1,USC00391621,CHAMBERLAIN 5 S,17.653696181628227,0.523266480936115
46015,2,USC00390043,ACADEMY 2NE,27.591039285397077,0.21421905198460103
46015,3,USC00399232,WHITE LAKE,34.18714325056314,0.13953031949309583
46015,4,USC00394766,LAKE SHARPE PRJ,47.433981923440996,0.07247947596619081
46015,5,USC00399070,WESSINGTON SPRINGS,56.823938318974854,0.050504671619997187
46017,1,USC00394766,LAKE SHARPE PRJ,20.624993977709153,0.5605049832267445
46017,2,USC00391621,CHAMBERLAIN 5 S,35.44294473243919,0.18980495414466234
46017,3,USC00399070,WESSINGTON SPRINGS,50.731696271839674,0.09264209584119792
46017,4,USC00394516,KENNEBEC,54.666350061821376,0.07978605329489534
46017,5,USC00395561,MILLER,55.552145870990486,0.07726191349250003
46019,1,USC00396054,NEWELL,21.165663501148913,0.4992015329168706
46019,2,USC00390565,BELLE FOURCHE 22 NNW,35.61770029347404,0.17628198591907332
46019,3,USC00390559,BELLE FOURCHE,37.236207838249314,0.16129050193793976
46019,4,USC00481905,COLONY,51.60234940035491,0.08398480820527164
46019,5,USC00397882,SPEARFISH,53.12444427173636,0.07924117102084456
46021,1,USC00396712,POLLOCK,25.71142044286015,0.329842307662902
46021,2,USC00392797,EUREKA,29.547328572638524,0.24975952357357428
46021,3,USC00397545,SELBY,30.75294366463864,0.2305606114545406
46021,4,USC00395691,MOBRIDGE 2NNW,42.46520282817156,0.12091831733957716
46021,5,USC00320382,ASHLEY,56.24824939918182,0.06891923996940603
46023,1,USC00251365,BUTTE,38.658829003805266,0.29895171583990854
46023,2,USC00255040,LYNCH,43.028297738310634,0.24131821818383709
46023,3,USC00390043,ACADEMY 2NE,47.88989323130335,0.19480975608081383
46023,4,USC00399232,WHITE LAKE,53.84230870352458,0.15411719381722327
46023,5,USC00398472,TYNDALL,63.49992802692207,0.11080311607821722
46025,1,USW00014946,WATERTOWN RGNL AP,45.67400709795369,0.30466616236754956
46025,2,USC00392302,DE SMET,54.36766517679612,0.21502110384837145
46025,3,USC00399004,WEBSTER,55.43140761548857,0.20684767226747625
46025,4,USW00014936,HURON RGNL AP,65.9888825071557,0.1459556477191281
46025,5,USC00398980,WAUBAY NATL WILD LIFE,70.60087792306295,0.12750941379747469
46027,1,USC00391579,CENTERVILLE 6 SE,15.418647986098772,0.42477327961076966
46027,2,USC00398622,VERMILLION 2 SE,17.795868392471974,0.3188683436609832
46027,3,USC00399502,YANKTON 2 E,31.48740144573433,0.10185354146976004
46027,4,USW00094911,YANKTON CHAN GURNEY MUNI AP,33.01571134872206,0.0926421144241666
46027,5,USC00253630,HARTINGTON,40.40269915311513,0.06186272083432055
46029,1,USW00014946,WATERTOWN RGNL AP,7.905419113672618,0.8929607946284803
46029,2,USC00398116,SUMMIT 1 W,39.002547490994985,0.03668565198355001
46029,3,USC00391777,CLEAR LAKE,46.810766428927806,0.025467756378386854
46029,4,USC00399004,WEBSTER,48.01225304177899,0.024209065076932643
46029,5,USC00398980,WAUBAY NATL WILD LIFE,51.951745838732485,0.020676731932650117
46031,1,USC00395381,MC INTOSH 6 SE,18.572281945492,0.5038126418333159
46031,2,USC00395406,MC LAUGHLIN 2SW,29.652141552397307,0.19764574428315623
46031,3,USC00398307,TIMBER LAKE,29.726288482376074,0.19666098977903712
46031,4,USC00395691,MOBRIDGE 2NNW,58.373936672240745,0.05099899661721294
46031,5,USC00393316,GLAD VALLEY 2 W,58.44122374675141,0.05088162748727787
46033,1,USC00399347,WIND CAVE,14.393047570903517,0.3533650433487785
46033,2,USC00392087,CUSTER,15.605554467072942,0.30058734931191555
46033,3,USC00395870,MT RUSHMORE NMEM,21.34763405943191,0.16063109031363648
46033,4,USC00394007,HOT SPRINGS,27.49707540968935,0.09681799773495221
46033,5,USC00393868,HILL CITY,28.744272491132495,0.08859851929071724
46035,1,USC00390128,ALEXANDRIA,28.957978087465122,0.4019201360269229
46035,2,USC00399232,WHITE LAKE,41.48581300980837,0.19582900801771752
46035,3,USC00393029,FORESTBURG 4 NNE,43.51866065195923,0.17796114578743719
46035,4,USC00391032,BRIDGEWATER,54.54949136689219,0.11326476390288082
46035,5,USC00399070,WESSINGTON SPRINGS,55.09698468247645,0.11102494626504146
46037,1,USC00399004,WEBSTER,5.233889991861641,0.911792274739525
46037,2,USC00398980,WAUBAY NATL WILD LIFE,21.327262723959848,0.054912959561383104
46037,3,USC00398116,SUMMIT 1 W,40.96958454478323,0.014880652287065615
46037,4,USC00391049,BRITTON,49.927918285827715,0.01001977965631284
46037,5,USC00397742,SISSETON,54.548074885491815,0.008394333755713487
46039,1,USC00391777,CLEAR LAKE,0.5795272507522389,0.9992083042568016
46039,2,USC00211263,CANBY,33.484340370651424,0.0002993093360727637
46039,3,USW00014946,WATERTOWN RGNL AP,39.778380218928014,0.00021208481279010423
46039,4,USC00391076,BROOKINGS 2 NE,48.35770800565923,0.00014350675436499756
46039,5,USC00214994,MADISON WWTP,49.529851040529465,0.00013679483997067733
46041,1,USC00398307,TIMBER LAKE,36.31887393231115,0.4104699030032286
46041,2,USC00395691,MOBRIDGE 2NNW,55.49572014149521,0.17580332528952974
46041,3,USC00392446,DUPREE 15 SSE,58.511244501153485,0.15814934494468313
46041,4,USC00392429,DUPREE,61.03292272574217,0.14535090246449908
46041,5,USC00394596,KIRLEY 7 N,70.08579071509088,0.11022652429805938
46043,1,USC00399232,WHITE LAKE,41.45696351414008,0.32778085901356274
46043,2,USC00390128,ALEXANDRIA,53.63105416760164,0.19586006789073693
46043,3,USC00390043,ACADEMY 2NE,56.60030921914328,0.17584942802305312
46043,4,USC00398472,TYNDALL,59.51734168943392,0.1590345618986415
46043,5,USC00255040,LYNCH,63.102898032000724,0.14147508317400576
46045,1,USC00397277,ROSCOE,11.09044481802745,0.5518982291764852
46045,2,USC00394206,IPSWICH,13.59947010554909,0.3670396294260289
46045,3,USC00392927,FAULKTON,42.659432284258365,0.037301542233898546
46045,4,USC00392797,EUREKA,50.998368059846385,0.026100232330790944
46045,5,USW00014929,ABERDEEN,61.998132142178136,0.01766036683279634
46047,1,USC00396212,OELRICHS,22.636800491504697,0.2793519040833306
46047,2,USC00394007,HOT SPRINGS,24.241277196641786,0.24359632212650023
46047,3,USC00392557,EDGEMONT,27.013191829232483,0.19616879168656662
46047,4,USC00396304,ORAL,28.363448411996103,0.17793593319418516
46047,5,USC00399347,WIND CAVE,37.28927248742967,0.10294704890941746
46049,1,USC00392927,FAULKTON,4.4046070721879484,0.9710045272426431
46049,2,USC00394206,IPSWICH,43.38915851100798,0.01000629133545442
46049,3,USC00397277,ROSCOE,45.12011320800647,0.009253270052792317
46049,4,USC00393294,GETTYSBURG,62.02142055004196,0.004897248929518085
46049,5,USC00395561,MILLER,62.395768265998235,0.0048386624395922
46051,1,USC00398116,SUMMIT 1 W,26.9909369747919,0.42550218241695265
46051,2,USW00014946,WATERTOWN RGNL AP,42.044584250536566,0.17535477213123712
46051,3,USC00391777,CLEAR LAKE,46.69105919633891,0.14219039541280556
46051,4,USC00211063,BROWNS VALLEY,47.256669358408296,0.13880704070574995
46051,5,USC00214994,MADISON WWTP,51.222416577944166,0.11814560933325469
46053,1,USC00393452,GREGORY,19.634544181868865,0.5718122133370749
46053,2,USC00390043,ACADEMY 2NE,36.656128068029304,0.1640596935273559
46053,3,USC00251365,BUTTE,41.03123271318924,0.1309380728510809
46053,4,USC00399367,WINNER,55.63335961468767,0.07122369490665333
46053,5,USC00258090,SPRINGVIEW 2NW,59.644398829147676,0.061966325377835065
46055,1,USC00395544,MILESVILLE 5 NE,26.207462366564993,0.3162969371158811
46055,2,USW00024024,PHILIP AP,26.791626513546788,0.30265424343494685
46055,3,USC00395506,MIDLAND,39.31246895936128,0.14056729523771141
46055,4,USC00394596,KIRLEY 7 N,40.81671784359566,0.1303973512005978
46055,5,USC00391972,COTTONWOOD 2 E,44.42321866150375,0.11008417301086285
46057,1,USW00014946,WATERTOWN RGNL AP,24.989753638524036,0.48233388351004697
46057,2,USC00391777,CLEAR LAKE,40.07234456952866,0.18757813560900935
46057,3,USC00392302,DE SMET,44.30323805129321,0.15346197481034027
46057,4,USC00391076,BROOKINGS 2 NE,51.19453825744299,0.11492763253975778
46057,5,USC00398116,SUMMIT 1 W,69.87132882282233,0.06169837353084557
46059,1,USC00395561,MILLER,3.7027847263109748,0.9779156505021954
46059,2,USC00393832,HIGHMORE,34.88122768591083,0.011019827588853717
46059,3,USC00392927,FAULKTON,54.812789826630215,0.004462667290837733
46059,4,USC00399070,WESSINGTON SPRINGS,62.741567121228954,0.0034060231840229893
46059,5,USC00394766,LAKE SHARPE PRJ,64.77198846490742,0.0031958314340899694
46061,1,USC00390128,ALEXANDRIA,3.249794412050596,0.9727340368706033
46061,2,USC00391032,BRIDGEWATER,27.70302274154944,0.013386023114896905
46061,3,USC00394037,HOWARD,41.817256249467995,0.005874823446330244
46061,4,USC00393029,FORESTBURG 4 NNE,48.84243977881687,0.00430636848219106
46061,5,USC00395481,MENNO,52.70181438923632,0.0036987480859784643
46063,1,USC00391294,CAMP CROOK,39.42395277349197,0.46439694821826916
46063,2,USC00320995,BOWMAN,66.85412316981983,0.16149284837733335
46063,3,USC00240088,ALBION 1 N,75.30299595900475,0.12728733056465513
46063,4,USC00390565,BELLE FOURCHE 22 NNW,76.39131804490157,0.12368632396815915
46063,5,USC00247034,RIDGEWAY 1 S,76.56166255757704,0.1231365488715832
46065,1,USC00393608,HARROLD 12 SSW,13.911265353975862,0.5945376557524056
46065,2,USW00024025,PIERRE RGNL AP,24.693774469025044,0.18868513250353153
46065,3,USC00396170,OAHE DAM,35.64566475129704,0.090552240307767
46065,4,USC00396292,ONIDA 4 NW,40.920926004423876,0.06871028187670118
46065,5,USC00393832,HIGHMORE,44.72670736008051,0.05751468955959477
46067,1,USC00395481,MENNO,18.260603394510238,0.51741543855806
46067,2,USC00391032,BRIDGEWATER,31.234325211150153,0.1768501267377226
46067,3,USC00390128,ALEXANDRIA,35.21190783657405,0.13915234137161223
46067,4,USC00398472,TYNDALL,39.59701410691101,0.11003852352389076
46067,5,USW00094911,YANKTON CHAN GURNEY MUNI AP,55.23866877012955,0.05654356980871432
46069,1,USC00393832,HIGHMORE,3.543654928699015,0.9723877985140615
46069,2,USC00393608,HARROLD 12 SSW,32.62604480854063,0.01147132261425567
46069,3,USC00395561,MILLER,39.00887200480956,0.008024455369170517
46069,4,USC00394766,LAKE SHARPE PRJ,52.60117601157303,0.004413177982180254
46069,5,USC00396292,ONIDA 4 NW,57.42221251729824,0.0037032455203320517
46071,1,USC00394184,INTERIOR 3 NE,26.51895248228848,0.4100599751413391
46071,2,USC00391972,COTTONWOOD 2 E,36.710982228342964,0.21397749660438725
46071,3,USW00024024,PHILIP AP,41.58978039171541,0.16671967575847893
46071,4,USC00394630,KYLE 2 E,49.291961876593135,0.11868829837845313
46071,5,USC00395285,MARTIN 8 E,56.43193049232195,0.09055455411734158
46073,1,USC00399070,WESSINGTON SPRINGS,4.413293005682328,0.9653059812780285
46073,2,USC00399232,WHITE LAKE,42.013108466115476,0.010651748174268555
46073,3,USC00393029,FORESTBURG 4 NNE,43.137938125387606,0.010103497879930859
46073,4,USW00014936,HURON RGNL AP,47.44372481563221,0.008352816959913098
46073,5,USC00395561,MILLER,58.01583090824518,0.0055859557078590995
46075,1,USC00395891,MURDO,7.339920099595545,0.9210800540431309
46075,2,USC00395506,MIDLAND,39.53633568747946,0.031745868389034974
46075,3,USC00399442,WOOD,52.999519233268714,0.017665916863398197
46075,4,USW00024025,PIERRE RGNL AP,57.46081041637242,0.015029223697752331
46075,5,USC00396170,OAHE DAM,58.54255624941097,0.014478937006683623
46077,1,USC00392302,DE SMET,4.534894489456889,0.9682522733372105
46077,2,USC00394037,HOWARD,40.08369427021874,0.012393312979793781
46077,3,USC00395090,MADISON 2SE,52.6163365600152,0.007192530062825588
46077,4,USC00393029,FORESTBURG 4 NNE,56.917922129629844,0.006146456680681079
46077,5,USW00014936,HURON RGNL AP,57.534483873477086,0.006015426939488974
46079,1,USC00395090,MADISON 2SE,4.885584046937585,0.9453928774369293
46079,2,USC00394037,HOWARD,32.53853326282668,0.021313234288258553
46079,3,USC00392984,FLANDREAU,41.67816412765263,0.01299056806074082
46079,4,USC00391076,BROOKINGS 2 NE,43.44104551579124,0.011957620487750644
46079,5,USC00392302,DE SMET,51.998554916223284,0.00834569972632066
46081,1,USC00394834,LEAD,5.0803503574553845,0.8550552466451068
46081,2,USC00397882,SPEARFISH,17.360066874369966,0.07322826017076318
46081,3,USC00393069,FT MEADE,27.078304867115143,0.030098063662067326
46081,4,USS0003E03S,Blind Park,29.913180665706655,0.024663591327102947
46081,5,USC00390559,BELLE FOURCHE,36.07812234685356,0.016954838194959864
46083,1,USC00391392,CANTON,11.439940843839196,0.708002885990315
46083,2,USC00391579,CENTERVILLE 6 SE,30.13010256702812,0.10206606352648523
46083,3,USW00014944,SIOUX FALLS,34.29510253626362,0.0787804349246555
46083,4,USC00133718,HAWARDEN,36.25877806021683,0.07047843588729533
46083,5,USC00137147,ROCK RAPIDS,47.73012470038007,0.04067217967124871
46085,1,USC00394516,KENNEBEC,1.5525475953255736,0.9954177836112187
46085,2,USC00394766,LAKE SHARPE PRJ,35.85681320287919,0.0018661728365428703
46085,3,USC00391621,CHAMBERLAIN 5 S,46.03305207738705,0.0011322848601957463
46085,4,USC00393608,HARROLD 12 SSW,52.129123024843814,0.0008829465289046894
46085,5,USC00399367,WINNER,58.51225089471507,0.0007008121631380025
46087,1,USC00391032,BRIDGEWATER,18.331501652391225,0.5481431485234317
46087,2,USC00390128,ALEXANDRIA,35.54271345987797,0.14581053852107606
46087,3,USC00394037,HOWARD,38.39956364331506,0.1249215879448883
46087,4,USC00395090,MADISON 2SE,40.549932095643534,0.11202367402962228
46087,5,USW00014944,SIOUX FALLS,51.63006965329459,0.06910105098098182
46089,1,USC00320382,ASHLEY,31.162832771494067,0.2925505858742922
46089,2,USC00392797,EUREKA,31.92579964427568,0.27873484435026613
46089,3,USC00397277,ROSCOE,38.38455518741139,0.1928243188989666
46089,4,USC00394206,IPSWICH,39.81561910223234,0.17921232920094884
46089,5,USC00391873,COLUMBIA 8 N,70.79954340437725,0.05667792167552615
46091,1,USC00391049,BRITTON,14.239549298428818,0.656307436603846
46091,2,USC00323117,FORMAN 5 SSE,32.960314747229084,0.12249464735542434
46091,3,USC00398980,WAUBAY NATL WILD LIFE,39.96137956013035,0.08333335500723438
46091,4,USC00397742,SISSETON,42.793452165615896,0.07266832787352638
46091,5,USC00399004,WEBSTER,45.17921222534832,0.0651962331599689
46093,1,USC00397073,RED OWL,15.928137732949983,0.5983354618814231
46093,2,USC00395325,MAURINE 12SW,31.22849806151817,0.15565839693068517
46093,3,USC00392647,ELM SPRINGS 3 ESE,37.37534911908937,0.1086686400290542
46093,4,USC00396636,PLAINVIEW 6 SSW,40.72716644351828,0.09151796553633505
46093,5,USC00396054,NEWELL,57.55883993050885,0.04581953562250252
46095,1,USC00399442,WOOD,23.898038300192976,0.519668655733758
46095,2,USC00395891,MURDO,34.29237426969562,0.2523805708809475
46095,3,USC00395638,MISSION 14 S,53.451024628031725,0.10388167861780413
46095,4,USC00395506,MIDLAND,63.03959747588967,0.07468341450932482
46095,5,USC00399367,WINNER,77.52200454202139,0.049385680258165504
46097,1,USC00394037,HOWARD,6.681818873038811,0.903386150590248
46097,2,USC00393029,FORESTBURG 4 NNE,38.333433087649766,0.02744779076492912
46097,3,USC00392302,DE SMET,40.40884416519494,0.0247007402925647
46097,4,USC00395090,MADISON 2SE,41.40591361541279,0.023525457751195397
46097,5,USC00390128,ALEXANDRIA,43.887871622858235,0.020939860601062812
46099,1,USW00014944,SIOUX FALLS,10.343234849271358,0.8298675298409995
46099,2,USC00391392,CANTON,43.030673703827944,0.047947421027874755
46099,3,USC00395090,MADISON 2SE,43.087923359574205,0.047820093018018164
46099,4,USC00392984,FLANDREAU,45.007643300769246,0.043827732056087886
46099,5,USC00216565,PIPESTONE,53.919517105217786,0.030537224057019585
46101,1,USC00392984,FLANDREAU,7.055971921789904,0.855020723699554
46101,2,USC00216565,PIPESTONE,28.049967868847975,0.0541035288853801
46101,3,USC00395090,MADISON 2SE,33.37374277775658,0.03821910390177301
46101,4,USC00391076,BROOKINGS 2 NE,35.5314709750571,0.033718166769594396
46101,5,USW00014944,SIOUX FALLS,47.410293293682464,0.018938476743698696
46102,1,USC00394630,KYLE 2 E,35.83825568601828,0.40658073114868026
46102,2,USC00253355,GORDON 6N,56.60907421906464,0.16295527167929416
46102,3,USC00396212,OELRICHS,57.06185224173386,0.1603794759241786
46102,4,USC00396304,ORAL,57.633632480855674,0.15721302860090025
46102,5,USC00394184,INTERIOR 3 NE,68.01866842830272,0.11287149264694664
46103,1,USW00024090,RAPID CITY RGNL AP,19.06769040674475,0.5178220146945373
46103,2,USC00398911,WASTA,30.78612808320699,0.19863992842659675
46103,3,USC00396947,RAPID CITY 4NW,39.066935751785046,0.12335535209356947
46103,4,USC00392647,ELM SPRINGS 3 ESE,45.17525302967408,0.09225193967531925
46103,5,USC00395870,MT RUSHMORE NMEM,52.644753178330944,0.0679307651099772
46105,1,USC00390701,BISON,4.818449453130409,0.9764637630844013
46105,2,USC00393316,GLAD VALLEY 2 W,52.126957112527876,0.00834345634981203
46105,3,USC00394864,LEMMON,56.17566153364046,0.007184132856538639
46105,4,USC00395325,MAURINE 12SW,69.12125352959372,0.004745123661011333
46105,5,USC00392429,DUPREE,83.3473822892463,0.0032635240482367833
46107,1,USC00393294,GETTYSBURG,4.047664253670134,0.9757313446737206
46107,2,USC00396292,ONIDA 4 NW,38.43552800034269,0.01082115247388752
46107,3,USC00397545,SELBY,51.17298814707818,0.006104606354466517
46107,4,USC00397277,ROSCOE,65.97550898397368,0.003672600767610176
46107,5,USC00392927,FAULKTON,65.99622286516413,0.0036702957303150893
46109,1,USC00397742,SISSETON,8.544173114877244,0.5168135916944533
46109,2,USC00211063,BROWNS VALLEY,9.770423195267828,0.39522759039857497
46109,3,USC00398652,VICTOR 4 N,34.233435286186555,0.032193859195141526
46109,4,USC00398116,SUMMIT 1 W,36.67238386747295,0.028054059964321074
46109,5,USC00398980,WAUBAY NATL WILD LIFE,36.89875362244809,0.02771089874750906
46111,1,USC00393029,FORESTBURG 4 NNE,5.52936032963362,0.9372479788564366
46111,2,USC00399070,WESSINGTON SPRINGS,38.78947300566953,0.01904480536733401
46111,3,USW00014936,HURON RGNL AP,41.399520010602984,0.016719130415865962
46111,4,USC00394037,HOWARD,45.06734835839887,0.014108481890953001
46111,5,USC00390128,ALEXANDRIA,47.16837367860646,0.012879603469410215
46115,1,USW00014929,ABERDEEN,59.43995185584389,0.23939038561316583
46115,2,USW00014936,HURON RGNL AP,61.254612745148385,0.22541665718667925
46115,3,USC00392927,FAULKTON,62.75447748179132,0.21477027174295765
46115,4,USC00395561,MILLER,67.88902721681521,0.18351198414818218
46115,5,USC00399004,WEBSTER,78.59829109554666,0.13691070130901498
46117,1,USC00396170,OAHE DAM,26.436812175295728,0.4423222161452482
46117,2,USW00024025,PIERRE RGNL AP,36.832434396510706,0.22787468217739404
46117,3,USC00395506,MIDLAND,49.95542166882472,0.12387728134182463
46117,4,USC00394596,KIRLEY 7 N,51.64756224163216,0.11589301691662834
46117,5,USC00395891,MURDO,58.59736340177694,0.09003280341890488
46119,1,USC00396292,ONIDA 4 NW,1.5198197433256553,0.9942536190195609
46119,2,USC00393294,GETTYSBURG,36.334266548146424,0.0017395965939030924
46119,3,USC00396170,OAHE DAM,38.531031583762825,0.001546892277872403
46119,4,USW00024025,PIERRE RGNL AP,39.79621104247666,0.0014500998037059528
46119,5,USC00393608,HARROLD 12 SSW,47.68970585319165,0.0010097923049576794
46121,1,USC00395638,MISSION 14 S,13.29319579848995,0.7660954633391925
46121,2,USC00399442,WOOD,37.0846392973542,0.09843591336117216
46121,3,USW00024032,VALENTINE MILLER FLD AP,40.95873104302975,0.0806953867707948
46121,4,USC00395285,MARTIN 8 E,69.96658520217358,0.027654151477108785
46121,5,USC00394651,LACREEK NWR,70.65344301564504,0.027119085051731707
46123,1,USC00399367,WINNER,3.5827027553622477,0.9794087089466218
46123,2,USC00393452,GREGORY,37.95871252027255,0.008724942421915245
46123,3,USC00399442,WOOD,51.61166401969628,0.004719432663799816
46123,4,USC00258090,SPRINGVIEW 2NW,57.35759250216605,0.0038212344861116277
46123,5,USC00394516,KENNEBEC,61.48262938344645,0.003325681481551515
46125,1,USC00395481,MENNO,35.05159398274689,0.25414128432294125
46125,2,USC00391579,CENTERVILLE 6 SE,35.70415165582759,0.24493639871082454
46125,3,USC00391032,BRIDGEWATER,39.253050141006135,0.20264875833958196
46125,4,USC00391392,CANTON,45.50411922222063,0.15079583278232295
46125,5,USW00014944,SIOUX FALLS,46.013171304077495,0.1474777258443293
46127,1,USC00398622,VERMILLION 2 SE,23.202953482659307,0.3235703132205699
46127,2,USC00133718,HAWARDEN,23.411835358314345,0.3178222408620284
46127,3,USC00391579,CENTERVILLE 6 SE,31.249166532851714,0.1783932144472232
46127,4,USC00134735,LE MARS,41.034090977821535,0.10345835624523164
46127,5,USC00137700,SIOUX CTR 2 SE,47.640004070717055,0.07675587522494683
46129,1,USC00397545,SELBY,9.181786063631254,0.8560139288766732
46129,2,USC00395691,MOBRIDGE 2NNW,36.22716699902689,0.05498781010322716
46129,3,USC00393294,GETTYSBURG,45.87239205691604,0.0342951254313337
46129,4,USC00392797,EUREKA,49.07773306576213,0.029961681432391796
46129,5,USC00397277,ROSCOE,54.007611949507535,0.02474145415637423
46135,1,USW00094911,YANKTON CHAN GURNEY MUNI AP,9.998763147847134,0.5663911136050663
46135,2,USC00399502,YANKTON 2 E,14.375279874748525,0.27401628561553826
46135,3,USC00395481,MENNO,29.499289976133717,0.06507075812523917
46135,4,USC00252037,CROFTON,31.32012289912306,0.057724752234629584
46135,5,USC00398472,TYNDALL,39.2281435911319,0.03679709041952676
46137,1,USC00392429,DUPREE,7.848491046472326,0.8178770188009836
46137,2,USC00392446,DUPREE 15 SSE,20.502022086967525,0.1198579776245733
46137,3,USC00393316,GLAD VALLEY 2 W,47.181952936276886,0.02263124850673575
46137,4,USC00394596,KIRLEY 7 N,48.45024767429208,0.021461908386343376
46137,5,USC00395544,MILESVILLE 5 NE,52.653911341897874,0.018171846681363863
47003,1,USC00408246,SHELBYVILLE WATER DEPT,4.238155593207516,0.9477761662111535
47003,2,USC00409155,TULLAHOMA,29.322900856087927,0.019799112014701633
47003,3,USC00405187,LEWISBURG EXP STN,33.60926811361959,0.01507097905212988
47003,4,USC00403074,FAYETTEVILLE WTP,42.87036337179922,0.009262863141134165
47003,5,USC00406371,MURFREESBORO 5 N,45.870335814322324,0.008090879580881028
47005,1,USC00404417,HUNTINGDON WTP,32.63942653225131,0.41675130384164494
47005,2,USC00402589,DOVER 1 W,50.495939779206886,0.1741201722377625
47005,3,USC00405210,LEXINGTON,54.90497481034266,0.14727824939564588
47005,4,USC00405278,LINDEN WTP,55.85076450397738,0.14233239659801544
47005,5,USC00402489,DICKSON,60.948716803561005,0.11951787792693118
47007,1,USC00407184,PIKEVILLE,1.2070140747574811,0.9950303462024851
47007,2,USC00402360,DAYTON 2SE,23.314874632886802,0.002666826890327931
47007,3,USW00003847,CROSSVILLE MEM AP,41.28085870791215,0.0008506747638398917
47007,4,USC00408522,SPARTA WWTP,42.45086518588767,0.0008044293408380166
47007,5,USC00402202,CROSSVILLE ED & RSCH STN,47.30814335879156,0.0006477228025091092
47009,1,USW00013891,KNOXVILLE AP,15.518586605850864,0.49700623174165304
47009,2,USC00404946,KNOXVILLE EXP STN,23.563257863433652,0.2155735585361357
47009,3,USC00405158,LENOIR CITY,32.548198215163275,0.11298278048693348
47009,4,USC00403420,GATLINBURG 2 SW,34.840384342982006,0.09860530667212872
47009,5,USC00408179,SEVIERVILLE,39.72889402119245,0.07583212256314917
47011,1,USC00401808,CLEVELAND FLTR PLT,9.516701460526285,0.8051237424569179
47011,2,USW00013882,CHATTANOOGA AP,33.77656093760231,0.06391527593936998
47011,3,USC00402360,DAYTON 2SE,37.4929367957158,0.051872431483238675
47011,4,USC00400284,ATHENS,39.818467827398635,0.04599032043993792
47011,5,USC00405431,LOOKOUT MTN-POINT PARK,46.937005609036135,0.033098229680535496
47013,1,USC00406619,NORRIS,22.757614741630366,0.4649599770659346
47013,2,USC00406829,ONEIDA,35.08531353545218,0.19562228594677591
47013,3,USC00157677,STEARNS 2S,41.61615997512292,0.1390416922117246
47013,4,USW00003841,OAK RIDGE ATDD,45.18760114572838,0.1179316785132525
47013,5,USC00408868,TAZEWELL,54.04481501541473,0.08244436626231229
47015,1,USC00409866,WOODBURY 1 WNW,5.411061941131696,0.8992731392869594
47015,2,USC00408405,SMITHVILLE 2 SE,28.745799225050533,0.03186455490133829
47015,3,USC00405882,MC MINNVILLE,29.562348468690864,0.03012858728831252
47015,4,USC00406371,MURFREESBORO 5 N,30.613699510846935,0.028094739019603045
47015,5,USC00401480,CARTHAGE,49.74830978477611,0.010638979503786842
47017,1,USC00404417,HUNTINGDON WTP,4.856736106597927,0.9273883032508391
47017,2,USC00406012,MILAN EXP STN,25.003294492076904,0.0349909839305293
47017,3,USC00405210,LEXINGTON,35.52012896391179,0.017338102223327403
47017,4,USC00402600,DRESDEN,42.25459063117433,0.012251882691349417
47017,5,USC00404561,JACKSON EXP STN,52.19126914138547,0.008030727903954735
47019,1,USC00402806,ELIZABETHTON,13.364838394382708,0.5289759252567913
47019,2,USC00310645,BEECH MTN,25.086716040988048,0.15013284076048172
47019,3,USC00310506,BANNER ELK,26.453429311853423,0.13502039370290622
47019,4,USC00402934,ERWIN 1 W,31.196616713925923,0.09708415075603982
47019,5,USW00013877,BRISTOL AP,32.6217859309489,0.08878668952378092
47021,1,USC00401663,CHEATHAM L&D,13.082516954593837,0.4960409176580892
47021,2,USC00404876,KINGSTON SPRINGS,16.937081174369006,0.2959531568260068
47021,3,USC00402489,DICKSON,33.03302807859703,0.07780425377385478
47021,4,USC00408562,SPRINGFIELD EXP STN,33.4072035549301,0.07607113010566124
47021,5,USC00401790,CLARKSVILLE WWTP,39.603071605674025,0.05413054163638786
47023,1,USC00408160,SELMER,28.471996891723016,0.2572196682461153
47023,2,USC00404561,JACKSON EXP STN,30.81708837209088,0.21956181964680732
47023,3,USC00405210,LEXINGTON,32.47189094597438,0.1977538144841323
47023,4,USW00003811,JACKSON MCKELLAR- SIPES AP,33.69252030902745,0.18368472029529767
47023,5,USC00400876,BOLIVAR WTR WKS,38.34975229825393,0.14177997732764733
47025,1,USC00408868,TAZEWELL,9.854229008751707,0.8420820503871855
47025,2,USC00406272,MORRISTOWN WFO,43.66884998818194,0.04288014072338503
47025,3,USC00406271,MORRISTOWN RADIO WCRK,44.03294832535678,0.04217394047677491
47025,4,USC00150381,BARBOURVILLE,46.72395872947821,0.037455918263944996
47025,5,USC00406619,NORRIS,48.05620409629285,0.03540795014870956
47027,1,USC00401561,CELINA,7.703992776486813,0.86405845848244
47027,2,USC00405332,LIVINGSTON RADIO WLIV,26.465198742884173,0.07321912597574677
47027,3,USC00402009,COOKEVILLE,48.878991871565006,0.021464974642623872
47027,4,USC00401480,CARTHAGE,48.8986588463804,0.02144771174702054
47027,5,USC00406170,MONTEREY,50.88012399779007,0.019809729152168647
47029,1,USC00406534,NEWPORT 1 NW,10.468721516488388,0.704546095657972
47029,2,USC00314260,HOT SPRINGS,26.02708254571672,0.1139844814384072
47029,3,USC00403679,GREENEVILLE EXP STN,32.52927904877234,0.07297058543984139
47029,4,USC00406271,MORRISTOWN RADIO WCRK,37.5628613713143,0.05472419374012831
47029,5,USC00406272,MORRISTOWN WFO,37.89305170874434,0.05377464372365114
47031,1,USC00409155,TULLAHOMA,19.884738359403634,0.42110798740100297
47031,2,USC00409866,WOODBURY 1 WNW,32.455228248851334,0.15807526023592566
47031,3,USC00405882,MC MINNVILLE,33.73343647433194,0.14632282242031516
47031,4,USC00408246,SHELBYVILLE WATER DEPT,34.67345576210411,0.13849655941130481
47031,5,USC00408184,SEWANEE,34.990597996873916,0.13599737053145133
47033,1,USC00401145,BROWNSVILLE,27.832443405266062,0.25294928685191026
47033,2,USW00003811,JACKSON MCKELLAR- SIPES AP,31.743445753858087,0.19445897545089727
47033,3,USC00402680,DYERSBURG,31.92864227811171,0.19220966700116604
47033,4,USW00003809,DYERSBURG MUNI AP,32.082134120957754,0.19037487380352414
47033,5,USC00404561,JACKSON EXP STN,33.949580397777865,0.17000719689250246
47035,1,USW00003847,CROSSVILLE MEM AP,7.800726390529559,0.7005924204772392
47035,2,USC00402202,CROSSVILLE ED & RSCH STN,14.111879146820538,0.21407493859037507
47035,3,USC00406170,MONTEREY,32.61354375786264,0.04008109173114732
47035,4,USC00407184,PIKEVILLE,43.27872719395573,0.022760749831547456
47035,5,USC00408522,SPARTA WWTP,43.53768339615275,0.02249079936969088
47037,1,USW00013897,NASHVILLE INTL AP,10.8509905799933,0.5262686702137808
47037,2,USC00406803,OLD HICKORY DAM,18.20475499463216,0.18697201671756988
47037,3,USC00406806,OLD HICKORY WFO,21.688763829914286,0.13172757287344736
47037,4,USC00403280,FRANKLIN SEWAGE PLT,26.427060976765837,0.08872552049659872
47037,5,USC00404876,KINGSTON SPRINGS,30.570040248451235,0.06630621969860322
47039,1,USC00405278,LINDEN WTP,24.364913953502228,0.3839070851973777
47039,2,USC00405210,LEXINGTON,25.84548087039679,0.341182429571931
47039,3,USC00409502,WAYNESBORO,46.00230626827827,0.10769528284029095
47039,4,USC00404223,HOHENWALD,51.706337979185946,0.0852448851552051
47039,5,USC00404417,HUNTINGDON WTP,52.72901246210768,0.08197031723519532
47041,1,USC00408405,SMITHVILLE 2 SE,6.005454678624339,0.870460709219047
47041,2,USC00409866,WOODBURY 1 WNW,28.238398250747824,0.03936958552799035
47041,3,USC00401480,CARTHAGE,30.94917367157341,0.032775010862593816
47041,4,USC00402009,COOKEVILLE,32.8011517582163,0.029178487324354997
47041,5,USC00408522,SPARTA WWTP,33.355784804989135,0.028216207066013847
47043,1,USC00402489,DICKSON,8.294379162535556,0.7573633539453983
47043,2,USC00404876,KINGSTON SPRINGS,22.83927211725265,0.09988667080557104
47043,3,USC00401663,CHEATHAM L&D,23.331670420833884,0.09571508519450651
47043,4,USC00401790,CLARKSVILLE WWTP,44.61527014922012,0.02617610368516231
47043,5,USC00403280,FRANKLIN SEWAGE PLT,49.97945430899586,0.020858786369361875
47045,1,USW00003809,DYERSBURG MUNI AP,6.0754347372909425,0.494026659261946
47045,2,USC00402680,DYERSBURG,6.254972452364664,0.46607338438472873
47045,3,USC00231364,CARUTHERSVILLE,27.788856560819198,0.023613684228182948
47045,4,USC00408065,SAMBURG WR,45.05687530588464,0.008982205053121086
47045,5,USC00409219,UNION CITY,49.965492951502185,0.007304067072021304
47047,1,USC00400137,AMES PLANTATION,20.47595829259473,0.49279069073719944
47047,2,USC00405956,MEMPHIS WFO,36.24195530965615,0.15729963922801946
47047,3,USC00400876,BOLIVAR WTR WKS,39.32680584100356,0.1335898983687428
47047,4,USC00224173,HOLLY SPRINGS 4 N,41.751837939659204,0.11852221830254993
47047,5,USC00401145,BROWNSVILLE,45.96333035784543,0.09779755336348843
47049,1,USC00400081,ALLARDT,5.796498448217366,0.9182789834003379
47049,2,USC00405332,LIVINGSTON RADIO WLIV,35.70003612243609,0.02420855021757124
47049,3,USC00406170,MONTEREY,38.37087257989358,0.02095572746530957
47049,4,USC00406829,ONEIDA,39.29151917584576,0.01998519780330152
47049,5,USC00402202,CROSSVILLE ED & RSCH STN,43.14908562571566,0.016571541113479853
47051,1,USC00409800,WINCHESTER 5SE,6.193855417764493,0.770879865544213
47051,2,USC00408184,SEWANEE,17.34315759619567,0.09832240397330883
47051,3,USC00409155,TULLAHOMA,23.306271481463796,0.05444565507858316
47051,4,USC00406162,MONTEAGLE,24.626804279680115,0.048763257721164834
47051,5,USC00011099,BRIDGEPORT 5 NW,32.74069319281727,0.027588817682730353
47053,1,USC00406012,MILAN EXP STN,19.701481136442037,0.5182079299193156
47053,2,USC00402600,DRESDEN,38.54257315350973,0.1354005405548698
47053,3,USC00405681,MARTIN U OF T BRANCH EXP STN,40.61909630596234,0.12191055121570044
47053,4,USC00404561,JACKSON EXP STN,41.92942556787518,0.11440999948865407
47053,5,USC00402680,DYERSBURG,42.74787100394646,0.11007097882146018
47055,1,USC00407459,PULASKI WWTP,2.152482790543529,0.9851283529087652
47055,2,USC00405089,LAWRENCEBURG FILT PLT,29.015387641752763,0.005421449794141717
47055,3,USC00405187,LEWISBURG EXP STN,31.219076871192584,0.004683085428486921
47055,4,USC00406340,MT PLEASANT 1N,42.2102251349517,0.002561750663348191
47055,5,USC00403074,FAYETTEVILLE WTP,45.493173357092964,0.0022053612052579663
47057,1,USC00406272,MORRISTOWN WFO,15.464619764154856,0.3890908933556017
47057,2,USC00406271,MORRISTOWN RADIO WCRK,17.722782763284812,0.2962550284419995
47057,3,USC00408868,TAZEWELL,21.33753780325737,0.204381203289423
47057,4,USC00408179,SEVIERVILLE,39.48801699802663,0.05967589057050491
47057,5,USC00406534,NEWPORT 1 NW,42.884708551343614,0.05059698434247089
47059,1,USC00403679,GREENEVILLE EXP STN,8.223408122408856,0.8063268984391324
47059,2,USC00407884,ROGERSVILLE 1 NE,29.01027992398002,0.06479045026166713
47059,3,USC00314260,HOT SPRINGS,31.633389095701112,0.05449082588837659
47059,4,USC00402934,ERWIN 1 W,38.05962281555245,0.037643142949865635
47059,5,USC00406534,NEWPORT 1 NW,38.520022479125345,0.03674868246095837
47061,1,USC00406162,MONTEAGLE,22.25150307594593,0.37347706623255406
47061,2,USC00408184,SEWANEE,28.306539358639874,0.23078580276168173
47061,3,USC00405882,MC MINNVILLE,31.66007612235579,0.18448401189619298
47061,4,USC00409800,WINCHESTER 5SE,38.91576840765444,0.12210443082503622
47061,5,USC00409155,TULLAHOMA,45.54428025714001,0.08914868828453508
47063,1,USC00406271,MORRISTOWN RADIO WCRK,6.099987015196926,0.7600838305915458
47063,2,USC00406272,MORRISTOWN WFO,13.475044668805948,0.15576105778958588
47063,3,USC00406534,NEWPORT 1 NW,26.791253615471614,0.039403358839783034
47063,4,USC00407884,ROGERSVILLE 1 NE,33.50245234000853,0.025198002738978428
47063,5,USC00408868,TAZEWELL,38.031602728706865,0.019553750040106583
47065,1,USW00013882,CHATTANOOGA AP,14.441789760359558,0.5271965486860851
47065,2,USC00405431,LOOKOUT MTN-POINT PARK,21.450932638123454,0.23895836443248172
47065,3,USC00094941,CHICKAMAUGA 2 SW,35.996926299922194,0.08485623477767247
47065,4,USC00401808,CLEVELAND FLTR PLT,37.78213249954589,0.07702676555999437
47065,5,USC00402360,DAYTON 2SE,39.089077747382,0.07196208654376625
47067,1,USC00407884,ROGERSVILLE 1 NE,24.72736112522815,0.3288866496655511
47067,2,USC00408868,TAZEWELL,30.403233912359962,0.21755157207831574
47067,3,USC00446626,PENNINGTON GAP,32.71744565862921,0.18786375906386293
47067,4,USC00406271,MORRISTOWN RADIO WCRK,36.22918037811343,0.15320917346148044
47067,5,USC00406272,MORRISTOWN WFO,42.281088906949876,0.11248884573078982
47069,1,USC00400876,BOLIVAR WTR WKS,5.138906603222294,0.9127320962848857
47069,2,USC00400137,AMES PLANTATION,23.421938964713785,0.04393787837619597
47069,3,USC00408160,SELMER,35.93402571091839,0.0186669353672799
47069,4,USW00003811,JACKSON MCKELLAR- SIPES AP,42.14947326968384,0.013567519945692606
47069,5,USC00404561,JACKSON EXP STN,46.60876298705271,0.011095570025945986
47071,1,USC00408108,SAVANNAH 6 SW,13.526341327687549,0.7246079810946365
47071,2,USC00408160,SELMER,37.78316557815552,0.0928682185780154
47071,3,USC00409502,WAYNESBORO,40.36334434524133,0.08137472088844482
47071,4,USC00221962,CORINTH 5 WSW,49.41256072707563,0.05429865545459299
47071,5,USC00405210,LEXINGTON,53.19552950594845,0.04685042398431031
47073,1,USC00407884,ROGERSVILLE 1 NE,6.164569069958397,0.9069890324852157
47073,2,USC00446626,PENNINGTON GAP,34.806419078407544,0.02845042717332711
47073,3,USC00404858,KINGSPORT,36.88412170551508,0.025335448022913133
47073,4,USC00403679,GREENEVILLE EXP STN,39.32498717229387,0.022287959099347058
47073,5,USC00406271,MORRISTOWN RADIO WCRK,45.111138616515966,0.01693713321919692
47075,1,USC00401145,BROWNSVILLE,2.128896037267413,0.9887970985640585
47075,2,USW00003811,JACKSON MCKELLAR- SIPES AP,33.084456864843744,0.0040941907406765845
47075,3,USC00404561,JACKSON EXP STN,39.704704453490564,0.0028427073686007076
47075,4,USC00400876,BOLIVAR WTR WKS,44.587485552609984,0.002254187967670019
47075,5,USC00402680,DYERSBURG,47.196955581852656,0.0020118153589943166
47077,1,USC00405210,LEXINGTON,0.47435790821064594,0.9995068146711418
47077,2,USC00404417,HUNTINGDON WTP,38.95976166372971,0.00014817176945099457
47077,3,USC00404561,JACKSON EXP STN,41.541170603084616,0.00013032885777256625
47077,4,USC00406012,MILAN EXP STN,43.5998484420234,0.00011831180791000817
47077,5,USW00003811,JACKSON MCKELLAR- SIPES AP,48.30828004952022,9.637289372452095e-05
47079,1,USC00155694,MURRAY,31.902463058203224,0.29302925364293614
47079,2,USC00402600,DRESDEN,36.65791381517793,0.22193403856870234
47079,3,USC00404417,HUNTINGDON WTP,37.51892742299537,0.21186468854273555
47079,4,USC00402589,DOVER 1 W,44.291148288227504,0.15202868114535756
47079,5,USC00405681,MARTIN U OF T BRANCH EXP STN,49.61693530856543,0.12114333810026841
47081,1,USC00404223,HOHENWALD,28.124527661833216,0.29126999629787187
47081,2,USC00402489,DICKSON,31.010879853333996,0.23957309767177173
47081,3,USC00406340,MT PLEASANT 1N,36.28739867578032,0.17496635835046975
47081,4,USC00401957,COLUMBIA 3 WNW,38.919783133072265,0.1520986648699622
47081,5,USC00405278,LINDEN WTP,40.26692613707043,0.14209188280992446
47083,1,USC00402589,DOVER 1 W,25.883667408114643,0.4116205176267987
47083,2,USC00402489,DICKSON,36.57264045463563,0.2061749998813718
47083,3,USC00401790,CLARKSVILLE WWTP,42.73098308250169,0.15102987641308618
47083,4,USC00401663,CHEATHAM L&D,43.54009662335574,0.14546880089460296
47083,5,USC00404876,KINGSTON SPRINGS,56.72430692904897,0.08570580518414038
47085,1,USC00402489,DICKSON,35.91718263311335,0.3529140670199604
47085,2,USC00405278,LINDEN WTP,48.70653712850219,0.1919106109085565
47085,3,USC00402589,DOVER 1 W,50.007519336617015,0.1820551095781532
47085,4,USC00404417,HUNTINGDON WTP,57.16707466552051,0.1393097641865198
47085,5,USC00404223,HOHENWALD,58.32996755870481,0.13381044830681013
47087,1,USC00401480,CARTHAGE,27.11451807744436,0.2592910987508775
47087,2,USC00401561,CELINA,28.25145519904526,0.2388414737700688
47087,3,USC00405332,LIVINGSTON RADIO WLIV,30.350253229714568,0.20695062855641497
47087,4,USC00402009,COOKEVILLE,31.42579953797707,0.19302729116115908
47087,5,USC00406170,MONTEREY,43.25446670166679,0.10188950776147956
47089,1,USC00406272,MORRISTOWN WFO,13.766094567043686,0.40791208084708597
47089,2,USC00408179,SEVIERVILLE,19.3417625202267,0.20663123510112857
47089,3,USC00406271,MORRISTOWN RADIO WCRK,20.12385970151628,0.19088223140550659
47089,4,USC00406534,NEWPORT 1 NW,22.80445434779552,0.1486444487281898
47089,5,USC00403420,GATLINBURG 2 SW,41.02473564789012,0.04593000391808906
47091,1,USC00406292,MTN CITY 2,5.670075949701082,0.872711347902306
47091,2,USC00440021,ABINGDON 3S,25.671530589813674,0.04257403860785147
47091,3,USC00310645,BEECH MTN,29.567607805451416,0.032093419854998986
47091,4,USC00310506,BANNER ELK,32.434428737625154,0.026670789349209335
47091,5,USC00310982,BOONE 1 SE,32.88153805287116,0.02595040428563412
47093,1,USC00404946,KNOXVILLE EXP STN,10.640693574798066,0.5764767980034118
47093,2,USW00013891,KNOXVILLE AP,19.89451563438396,0.16491302808241962
47093,3,USW00003841,OAK RIDGE ATDD,25.32996612862804,0.10173080661511516
47093,4,USC00406619,NORRIS,26.86534202833564,0.09043508643933953
47093,5,USC00408179,SEVIERVILLE,31.34238567408174,0.06644428085971382
47095,1,USC00408065,SAMBURG WR,21.094617408501364,0.36257596578276097
47095,2,USC00231364,CARUTHERSVILLE,22.576734324007553,0.31653378706898017
47095,3,USW00003809,DYERSBURG MUNI AP,37.719534680988566,0.11339911506943352
47095,4,USC00402680,DYERSBURG,37.91358450478704,0.1122412838994549
47095,5,USC00409219,UNION CITY,41.15655482028044,0.09524984817937046
47097,1,USC00402680,DYERSBURG,32.79171548863613,0.26295695366090954
47097,2,USW00003809,DYERSBURG MUNI AP,32.91589522827878,0.26097661376103065
47097,3,USC00401145,BROWNSVILLE,38.36021922616241,0.19215459462794204
47097,4,USC00033821,KEISER,42.36917317087447,0.15751174996315825
47097,5,USC00231364,CARUTHERSVILLE,47.296911163090016,0.12640008798695956
47099,1,USC00405089,LAWRENCEBURG FILT PLT,4.886209424649082,0.9326533252576812
47099,2,USC00407459,PULASKI WWTP,32.4474724731772,0.02114962404365029
47099,3,USC00409502,WAYNESBORO,34.217088758897546,0.01901858861218395
47099,4,USC00404223,HOHENWALD,39.62535614416575,0.014181365159154517
47099,5,USC00406340,MT PLEASANT 1N,41.39129551315343,0.012997096927330023
47101,1,USC00404223,HOHENWALD,5.476379921317668,0.8912804000157406
47101,2,USC00406340,MT PLEASANT 1N,26.964803609424262,0.036762663748859746
47101,3,USC00405278,LINDEN WTP,32.39150723996199,0.02547646581662932
47101,4,USC00405089,LAWRENCEBURG FILT PLT,33.801267738700105,0.023395671616591
47101,5,USC00409502,WAYNESBORO,34.02810001988904,0.023084798802179382
47103,1,USC00403074,FAYETTEVILLE WTP,4.7795048677724346,0.9437642094689803
47103,2,USC00405187,LEWISBURG EXP STN,35.92237460460042,0.016707029717699464
47103,3,USC00408246,SHELBYVILLE WATER DEPT,38.914381458423044,0.014236690917869216
47103,4,USC00407459,PULASKI WWTP,41.05614400681434,0.012790072432983638
47103,5,USC00409155,TULLAHOMA,41.526464431583875,0.012501997462467399
47105,1,USC00405158,LENOIR CITY,7.475703471604738,0.8392606973222078
47105,2,USW00003841,OAK RIDGE ATDD,30.47013521905426,0.050518710371229195
47105,3,USW00013891,KNOXVILLE AP,31.020713631564846,0.048741338290366754
47105,4,USC00404946,KNOXVILLE EXP STN,36.96785950805003,0.034320405341618204
47105,5,USC00400284,ATHENS,41.557061558722474,0.0271588486745781
47107,1,USC00400284,ATHENS,3.430012286608053,0.9631312592981666
47107,2,USC00401808,CLEVELAND FLTR PLT,27.63686007468663,0.014835405808853246
47107,3,USC00402360,DAYTON 2SE,34.45710810723785,0.009543752738670221
47107,4,USC00408886,TELLICO PLAINS,37.05056029782019,0.008254433441001194
47107,5,USC00405158,LENOIR CITY,51.72542677159997,0.004235148713308644
47109,1,USC00408160,SELMER,3.4209788675967854,0.9533588793912461
47109,2,USC00408108,SAVANNAH 6 SW,22.148621190477808,0.02274384085632073
47109,3,USC00221962,CORINTH 5 WSW,29.063109729079542,0.013209094144026523
47109,4,USC00400876,BOLIVAR WTR WKS,39.88647213009001,0.007013034049134838
47109,5,USC00405210,LEXINGTON,55.09865183066735,0.0036751515592717827
47111,1,USC00157215,SCOTTSVILLE,30.64494676141694,0.302225876300309
47111,2,USC00401480,CARTHAGE,32.8702631015172,0.262689689575654
47111,3,USC00150422,BARREN RVR LAKE,41.526397887802176,0.16458902257971395
47111,4,USC00405108,LEBANON,44.53275205294113,0.14311670161207868
47111,5,USC00407359,PORTLAND SEWAGE PLT,47.20372492439634,0.12737870993224448
47113,1,USC00404561,JACKSON EXP STN,2.030399080744924,0.9275397557570083
47113,2,USW00003811,JACKSON MCKELLAR- SIPES AP,7.679445857695757,0.06483889184773955
47113,3,USC00406012,MILAN EXP STN,37.60723506567589,0.002703662890370895
47113,4,USC00401145,BROWNSVILLE,38.57879691453901,0.002569200450489432
47113,5,USC00405210,LEXINGTON,40.3509166040696,0.0023484890543917034
47115,1,USC00406162,MONTEAGLE,22.642184271088702,0.2856032389468042
47115,2,USC00011099,BRIDGEPORT 5 NW,24.334278856520907,0.2472650919170746
47115,3,USC00408184,SEWANEE,28.234746949826032,0.18366735419540736
47115,4,USC00405431,LOOKOUT MTN-POINT PARK,28.494711655064616,0.18033135095012057
47115,5,USC00409800,WINCHESTER 5SE,37.679153297691116,0.10313296399059331
47117,1,USC00405187,LEWISBURG EXP STN,7.184387698458185,0.8520778323761432
47117,2,USC00408246,SHELBYVILLE WATER DEPT,27.63789047169295,0.05757699636917297
47117,3,USC00401957,COLUMBIA 3 WNW,34.60051227724192,0.03673615767717378
47117,4,USC00407459,PULASKI WWTP,40.331346979121264,0.027037923474371773
47117,5,USC00406340,MT PLEASANT 1N,40.68409951559094,0.02657109010313826
47119,1,USC00401957,COLUMBIA 3 WNW,2.6106548727752603,0.9482459394876577
47119,2,USC00406340,MT PLEASANT 1N,12.973776074903547,0.038396100546162035
47119,3,USC00405187,LEWISBURG EXP STN,33.120717856725896,0.005891426090532429
47119,4,USC00403280,FRANKLIN SEWAGE PLT,40.824616857723385,0.0038777131624278746
47119,5,USC00404223,HOHENWALD,42.435964413219956,0.0035888207132197497
47121,1,USC00402360,DAYTON 2SE,16.865962782660574,0.4689920932744169
47121,2,USC00400284,ATHENS,22.881869080916445,0.2548031563212634
47121,3,USC00401808,CLEVELAND FLTR PLT,32.65549734155371,0.12510515101157887
47121,4,USC00407184,PIKEVILLE,35.49233397416058,0.10590553961131015
47121,5,USW00003847,CROSSVILLE MEM AP,54.33169077734247,0.04519405978143065
47123,1,USC00408886,TELLICO PLAINS,13.625965909854212,0.6703056123374868
47123,2,USC00400284,ATHENS,30.271238173542898,0.1358147947308473
47123,3,USC00405158,LENOIR CITY,37.78779815316417,0.08715740236262802
47123,4,USW00013891,KNOXVILLE AP,47.58253609596796,0.05496829677995149
47123,5,USC00316001,MURPHY 4ESE,49.037939194598856,0.05175389378908641
47125,1,USC00401790,CLARKSVILLE WWTP,5.6487913240531205,0.9050746636540546
47125,2,USC00401663,CHEATHAM L&D,24.499341452500772,0.048115682372634375
47125,3,USC00153994,HOPKINSVILLE,40.71565978513628,0.017420977381681076
47125,4,USC00402589,DOVER 1 W,41.83170817574924,0.01650381216797914
47125,5,USC00402489,DICKSON,47.34322173945878,0.012884864423650803
47127,1,USC00409155,TULLAHOMA,14.943166721315606,0.4631408611943439
47127,2,USC00408246,SHELBYVILLE WATER DEPT,22.73192638359733,0.20013631580247376
47127,3,USC00403074,FAYETTEVILLE WTP,23.935661128467252,0.18051260240803543
47127,4,USC00409800,WINCHESTER 5SE,32.93549557266714,0.09533886504461846
47127,5,USC00408184,SEWANEE,41.218549505506836,0.06087135555052853
47129,1,USC00400081,ALLARDT,34.17611065431766,0.2859940799595675
47129,2,USW00003841,OAK RIDGE ATDD,40.86412239262795,0.20004051548400895
47129,3,USC00406829,ONEIDA,41.636200827334505,0.19269042225215666
47129,4,USW00003847,CROSSVILLE MEM AP,44.90771744240386,0.1656381437486813
47129,5,USC00402202,CROSSVILLE ED & RSCH STN,46.328150060640034,0.1556368385555856
47131,1,USC00409219,UNION CITY,10.960699659962405,0.5813449532043091
47131,2,USC00408065,SAMBURG WR,16.92698567197747,0.2437536954436789
47131,3,USC00405681,MARTIN U OF T BRANCH EXP STN,26.424675455722223,0.1000209874149048
47131,4,USC00402600,DRESDEN,40.46809854265412,0.042646644314033914
47131,5,USW00003809,DYERSBURG MUNI AP,46.54789209419746,0.032233719623073226
47133,1,USC00405332,LIVINGSTON RADIO WLIV,5.998347855928813,0.844676975709854
47133,2,USC00406170,MONTEREY,21.968871404586288,0.06297069090824796
47133,3,USC00401561,CELINA,26.91389162803925,0.04195666431206181
47133,4,USC00402009,COOKEVILLE,32.966123616994196,0.027965216516788058
47133,5,USC00400081,ALLARDT,36.80933384781063,0.022430452553048097
47135,1,USC00405278,LINDEN WTP,7.0542325532164245,0.897931225004111
47135,2,USC00404223,HOHENWALD,31.945485479046905,0.04378482664044767
47135,3,USC00409502,WAYNESBORO,41.20501264784038,0.026317371800307104
47135,4,USC00405210,LEXINGTON,47.092774405743285,0.020148098505556055
47135,5,USC00406340,MT PLEASANT 1N,61.48802353352596,0.011818478049578125
47137,1,USC00400081,ALLARDT,26.818966823724914,0.3372820753160391
47137,2,USC00405332,LIVINGSTON RADIO WLIV,30.85815728024169,0.25476359638986723
47137,3,USC00401561,CELINA,34.35992744560881,0.20548156809873416
47137,4,USC00406170,MONTEREY,48.81084246994973,0.1018227308128069
47137,5,USC00406829,ONEIDA,49.094373324626915,0.10065002938255264
47139,1,USC00401808,CLEVELAND FLTR PLT,25.84273861143457,0.40982504742033665
47139,2,USC00400284,ATHENS,36.09338496549775,0.2100972366583211
47139,3,USC00408886,TELLICO PLAINS,37.20018307640555,0.1977813847129312
47139,4,USC00316001,MURPHY 4ESE,52.28844475887953,0.10010692433993765
47139,5,USC00402360,DAYTON 2SE,57.70718115053139,0.08218940686847355
47141,1,USC00402009,COOKEVILLE,3.7729487478717716,0.9243528851792095
47141,2,USC00406170,MONTEREY,20.745573008708,0.030573752308441962
47141,3,USC00408522,SPARTA WWTP,26.1158528951636,0.019292618891728334
47141,4,USC00405332,LIVINGSTON RADIO WLIV,29.952522466209516,0.014666713462274286
47141,5,USC00408405,SMITHVILLE 2 SE,34.408363757757655,0.011114030158345847
47143,1,USC00402360,DAYTON 2SE,14.877101899663524,0.540513035247023
47143,2,USC00407184,PIKEVILLE,22.09413398701691,0.2450692832596895
47143,3,USC00400284,ATHENS,38.07072934942772,0.08253923767110144
47143,4,USW00003847,CROSSVILLE MEM AP,40.717722915468805,0.072156570247152
47143,5,USC00401808,CLEVELAND FLTR PLT,44.75635519251339,0.059721873575034154
47145,1,USC00405158,LENOIR CITY,24.516565664375428,0.4271161439708993
47145,2,USW00003841,OAK RIDGE ATDD,32.160568212312874,0.2482091725917257
47145,3,USC00400284,ATHENS,46.462264873034854,0.11892262878371118
47145,4,USW00013891,KNOXVILLE AP,48.619933046413216,0.1086016792210792
47145,5,USC00404946,KNOXVILLE EXP STN,51.40559437808221,0.0971503754325846
47147,1,USC00408562,SPRINGFIELD EXP STN,6.548341840629097,0.8736232685544616
47147,2,USC00407359,PORTLAND SEWAGE PLT,31.768094030156465,0.037119708665088826
47147,3,USC00406803,OLD HICKORY DAM,32.08965883480238,0.036379496019700926
47147,4,USC00157049,RUSSELLVILLE,36.78937466009521,0.027678469152487787
47147,5,USC00401663,CHEATHAM L&D,38.55682722233419,0.025199057608260876
47149,1,USC00406371,MURFREESBORO 5 N,9.443894602181814,0.8135187823327755
47149,2,USC00409866,WOODBURY 1 WNW,36.83175465092081,0.05348414153191779
47149,3,USW00013897,NASHVILLE INTL AP,38.433551644151365,0.04911891990792608
47149,4,USC00408246,SHELBYVILLE WATER DEPT,41.08320691313237,0.04298739951679573
47149,5,USC00403280,FRANKLIN SEWAGE PLT,42.123296391414115,0.040890756710584786
47151,1,USC00406829,ONEIDA,8.376869344449277,0.8239502525917702
47151,2,USC00157677,STEARNS 2S,27.112574785848686,0.07865438664782712
47151,3,USC00400081,ALLARDT,33.60326466572028,0.051203721830408035
47151,4,USC00406619,NORRIS,46.53661282118756,0.026697766779445294
47151,5,USW00003841,OAK RIDGE ATDD,54.46069516612754,0.019493872150549405
47153,1,USC00407184,PIKEVILLE,31.850296444494543,0.29375955420579014
47153,2,USC00402360,DAYTON 2SE,39.147245236218666,0.19445384956928788
47153,3,USC00405431,LOOKOUT MTN-POINT PARK,40.76529572452224,0.17932373001372628
47153,4,USW00013882,CHATTANOOGA AP,42.213862996300655,0.16722791135173784
47153,5,USC00406162,MONTEAGLE,42.46767802387228,0.1652349548594578
47155,1,USC00403420,GATLINBURG 2 SW,11.177207858402593,0.4830115900143952
47155,2,USC00406328,MT LECONTE,16.59389982850562,0.21914283644833293
47155,3,USC00408179,SEVIERVILLE,17.106748243581347,0.20620029332116155
47155,4,USC00316341,OCONALUFTEE,36.178372060139566,0.046102679267060256
47155,5,USC00406534,NEWPORT 1 NW,36.400151276372846,0.045542600949050153
47157,1,USC00405956,MEMPHIS WFO,10.257177398906625,0.6162743203455103
47157,2,USW00013893,MEMPHIS INTL AP,16.515276807722607,0.23771582303751157
47157,3,USC00037712,W MEMPHIS,26.843444948032996,0.08998151573556473
47157,4,USC00223975,HERNANDO,43.58644868146969,0.03412925706288489
47157,5,USC00224377,INDEPENDENCE 1W,54.412907111966284,0.021899083818528526
47159,1,USC00401480,CARTHAGE,1.2589181108929983,0.9960900888635088
47159,2,USC00405108,LEBANON,33.87424728650048,0.0013757967348663291
47159,3,USC00408405,SMITHVILLE 2 SE,37.591487695548444,0.001117157884178701
47159,4,USC00402009,COOKEVILLE,42.71654029073845,0.000865169976062812
47159,5,USC00401561,CELINA,53.488601011427626,0.0005517865413835107
47161,1,USC00402589,DOVER 1 W,4.651293768124865,0.9636745860896775
47161,2,USC00401790,CLARKSVILLE WWTP,41.99960457170393,0.011819185322729103
47161,3,USC00155694,MURRAY,46.932031479654846,0.00946540582294673
47161,4,USC00153994,HOPKINSVILLE,50.587616546959055,0.008146846048167958
47161,5,USC00401663,CHEATHAM L&D,54.992576362930976,0.00689397671647861
47163,1,USW00013877,BRISTOL AP,9.336782006286276,0.623618213419622
47163,2,USC00402806,ELIZABETHTON,17.953067516709428,0.16866924486388105
47163,3,USC00404858,KINGSPORT,20.24069474603036,0.13269739535334674
47163,4,USC00440021,ABINGDON 3S,34.86534593405727,0.04472241750419222
47163,5,USC00402934,ERWIN 1 W,42.36306905046814,0.030292728858957858
47165,1,USC00407359,PORTLAND SEWAGE PLT,14.172271275219924,0.5089833386682681
47165,2,USC00406803,OLD HICKORY DAM,26.437432732850322,0.14626618031436595
47165,3,USC00406806,OLD HICKORY WFO,26.772155860114296,0.1426316118656508
47165,4,USC00405108,LEBANON,29.82156739986134,0.11495332765192073
47165,5,USC00408562,SPRINGFIELD EXP STN,34.24670742344034,0.08716554149979458
47167,1,USC00033821,KEISER,36.19937549758418,0.3069377212945939
47167,2,USC00405956,MEMPHIS WFO,41.35976822970718,0.23512360305975855
47167,3,USC00401145,BROWNSVILLE,45.273408060141485,0.19623028952414256
47167,4,USW00013893,MEMPHIS INTL AP,53.76985571828515,0.13911523023964073
47167,5,USC00037712,W MEMPHIS,57.27869279302278,0.12259315588186429
47169,1,USC00405108,LEBANON,23.260022309672173,0.3458951275488484
47169,2,USC00401480,CARTHAGE,25.069004883348615,0.2977765599065286
47169,3,USC00407359,PORTLAND SEWAGE PLT,39.46936183981484,0.12012806708260607
47169,4,USC00157215,SCOTTSVILLE,39.7417372303571,0.11848708174974512
47169,5,USC00406806,OLD HICKORY WFO,39.872166395022774,0.11771316371227171
47175,1,USC00408522,SPARTA WWTP,23.117636712138637,0.3338588354231381
47175,2,USC00407184,PIKEVILLE,26.404380037994294,0.2559162088834778
47175,3,USC00405882,MC MINNVILLE,29.298680866762165,0.2078517133565033
47175,4,USC00408405,SMITHVILLE 2 SE,40.219697466460396,0.11029914459794614
47175,5,USW00003847,CROSSVILLE MEM AP,44.02061805420852,0.09207409773893475
47177,1,USC00405882,MC MINNVILLE,0.7534789385701607,0.9977511114878603
47177,2,USC00409866,WOODBURY 1 WNW,24.246651393641805,0.0009635204086186362
47177,3,USC00408405,SMITHVILLE 2 SE,29.3360332434348,0.0006582057572491637
47177,4,USC00408522,SPARTA WWTP,37.26824159443585,0.0004078370253683448
47177,5,USC00406162,MONTEAGLE,50.820372116099335,0.00021932532090346415
47179,1,USC00402934,ERWIN 1 W,18.150553636198108,0.3281731113007208
47179,2,USW00013877,BRISTOL AP,22.1995988823862,0.21937770706486837
47179,3,USC00402806,ELIZABETHTON,23.007508038817143,0.2042413078661177
47179,4,USC00404858,KINGSPORT,25.047247550650248,0.17233073152566042
47179,5,USC00403679,GREENEVILLE EXP STN,37.74729984921517,0.07587714224263266
47181,1,USC00409502,WAYNESBORO,8.76633102367208,0.8573434699558939
47181,2,USC00405278,LINDEN WTP,40.28100262133078,0.040605983370268904
47181,3,USC00405089,LAWRENCEBURG FILT PLT,42.595707769108444,0.03631272983154417
47181,4,USC00404223,HOHENWALD,43.068120223484364,0.03552047320366655
47181,5,USC00408108,SAVANNAH 6 SW,46.69465235094335,0.03021734363862647
47183,1,USC00402600,DRESDEN,2.400449227580843,0.9546800102798861
47183,2,USC00405681,MARTIN U OF T BRANCH EXP STN,12.959864509632531,0.0327523115026923
47183,3,USC00409219,UNION CITY,29.51371964234905,0.006315314501427879
47183,4,USC00406012,MILAN EXP STN,41.200807605653196,0.003240644714845166
47183,5,USC00404417,HUNTINGDON WTP,42.73800195813455,0.003011719001148571
47185,1,USC00408522,SPARTA WWTP,2.848514004325761,0.9561326339949956
47185,2,USC00402009,COOKEVILLE,20.515262187758598,0.01843319918460083
47185,3,USC00406170,MONTEREY,29.931251977293467,0.008659744790330152
47185,4,USC00408405,SMITHVILLE 2 SE,30.063816330132745,0.00858354405148452
47185,5,USC00402202,CROSSVILLE ED & RSCH STN,30.776002003964344,0.008190877978588645
47187,1,USC00403280,FRANKLIN SEWAGE PLT,5.797613971204876,0.8939756353444983
47187,2,USC00404876,KINGSTON SPRINGS,30.328180669193138,0.032668677616673775
47187,3,USW00013897,NASHVILLE INTL AP,30.5237078908873,0.03225148341072636
47187,4,USC00401957,COLUMBIA 3 WNW,33.231209280050095,0.027210215501640756
47187,5,USC00406340,MT PLEASANT 1N,46.504895676959634,0.013893988126460671
47189,1,USC00405108,LEBANON,9.192997619089065,0.723264219286638
47189,2,USC00406371,MURFREESBORO 5 N,26.514163315031613,0.08694716417525342
47189,3,USC00406806,OLD HICKORY WFO,26.69858919386417,0.08575010290036385
47189,4,USC00401480,CARTHAGE,32.85281154324063,0.05663255964431141
47189,5,USW00013897,NASHVILLE INTL AP,35.90783265888384,0.04740595399343343
48001,1,USW00093914,PALESTINE 2 NE,8.466504033945615,0.8750561629559775
48001,2,USC00414525,JACKSONVILLE,39.02894848781867,0.04117849459764024
48001,3,USC00410404,ATHENS,39.1671878028673,0.04088833125005047
48001,4,USC00417841,RUSK,49.15655291924775,0.02595860356177
48001,5,USC00419207,TYLER,60.88949066157302,0.016918407634561636
48003,1,USC00418201,SEMINOLE,44.609062426541485,0.3001388077545999
48003,2,USC00416502,ODESSA,54.90112040028542,0.19815540788102648
48003,3,USC00294346,JAL,56.125560981893116,0.1896037638781403
48003,4,USW00023023,MIDLAND ODESSA,59.04937324305889,0.17129226791123484
48003,5,USC00294026,HOBBS,65.12800939330984,0.1408097525749986
48005,1,USW00093987,LUFKIN ANGELINA CO AP,13.76539104401844,0.7761632006286288
48005,2,USC00416177,NACOGDOCHES,40.64430393185649,0.0890288521532255
48005,3,USC00417936,SAM RAYBURN DAM,52.93137283844957,0.05249329551073537
48005,4,USC00417951,SAN AUGUSTINE,55.40179119631838,0.04791621913148916
48005,5,USC00419101,TOWN BLUFF DAM,65.38765319027789,0.03439843257592111
48009,1,USW00013966,WICHITA FALLS MUNI AP,44.10383506917725,0.3408574937595141
48009,2,USC00414982,LAKE KEMP,44.97229357834332,0.32782002799976606
48009,3,USC00414517,JACKSBORO,66.27535404918792,0.1509459427805297
48009,4,USC00410984,BOWIE,78.15567842189981,0.10854366526957981
48009,5,USC00411063,BRIDGEPORT,96.07295939643141,0.07183287019061049
48011,1,USW00023047,AMARILLO,43.86660300253909,0.302029008081699
48011,2,USC00411430,CANYON,51.94680359375062,0.21537684247861807
48011,3,USC00418323,SILVERTON,54.80953442024797,0.19346590485694926
48011,4,USC00419175,TULIA,56.235601735881716,0.18377819076948768
48011,5,USC00416776,PAMPA #2,74.2747077316137,0.10535005381324583
48013,1,USC00417111,PLEASANTON,9.546564145633425,0.6803259785538457
48013,2,USC00417215,POTEET,15.531651091481647,0.25702537022696315
48013,3,USC00416879,PEARSALL,53.967222429665966,0.021288796574921352
48013,4,USC00411720,CHOKE CANYON DAM,54.62697986736613,0.02077767093735635
48013,5,USW00012909,SAN ANTONIO KELLY AFB,54.88578719734224,0.020582183706913445
48015,1,USC00411048,BRENHAM,32.139939482503095,0.36000854434713353
48015,2,USC00411911,COLUMBUS,36.26341855329549,0.2827909015101131
48015,3,USC00419491,WASHINGTON SP,49.171099150181455,0.15380947323840036
48015,4,USC00418446,SOMERVILLE DAM,55.86889746172017,0.11914140460328505
48015,5,USC00418728,SUGAR LAND,66.43812055930394,0.08424967630106817
48017,1,USC00416137,MULESHOE NWR,13.302435792832652,0.5795660729475619
48017,2,USC00416135,MULESHOE #1,19.106162751085005,0.28094308792081635
48017,3,USC00416074,MORTON,39.35931722053871,0.06620185905908231
48017,4,USC00297008,PORTALES,49.4545464100812,0.04193270235231244
48017,5,USC00415265,LITTLEFIELD,57.19003962853708,0.031356277720227206
48019,1,USC00415742,MEDINA 1NE,5.96283510698524,0.9322717399465137
48019,2,USC00414782,KERRVILLE 3 NNE,37.75794970008699,0.023250447277056198
48019,3,USW00012962,HONDO MUNI AP,44.655131442289495,0.016622845755134175
48019,4,USC00414254,HONDO,47.89080220962843,0.014452530526656647
48019,5,USC00410902,BOERNE,49.731571217914556,0.013402436494639363
48021,1,USC00418415,SMITHVILLE,17.371701970887255,0.5438553950881849
48021,2,USC00412820,ELGIN 1 N,29.841844395277672,0.18429640264131572
48021,3,USW00013904,AUSTIN BERGSTROM INTL AP,36.67837302056762,0.12199669211441662
48021,4,USC00415193,LEXINGTON,44.39118826953537,0.08328650544557334
48021,5,USW00013958,AUSTIN-CAMP MABRY,49.65478514140802,0.06656500471050934
48023,1,USC00414982,LAKE KEMP,16.177837014298724,0.8369118253112132
48023,2,USC00419163,TRUSCOTT 3 W,62.40150208056805,0.05625103636001333
48023,3,USC00413992,HASKELL,70.57340616582438,0.04397830210044293
48023,4,USW00013966,WICHITA FALLS MUNI AP,77.25180513483126,0.036703150386855954
48023,5,USC00348879,TIPTON 4S MESONET,91.51183243037678,0.02615568584147447
48025,1,USC00410639,BEEVILLE 5 NE,5.8260509464209616,0.9496104628103178
48025,2,USC00415661,MATHIS 4 SSW,44.00987180465337,0.01664155252441833
48025,3,USC00419559,WELDER WILDLIFE FOUNDATION,46.29274862142061,0.01504070217396265
48025,4,USC00411720,CHOKE CANYON DAM,50.183043607748054,0.012799118250679064
48025,5,USW00012924,CORPUS CHRISTI,73.861945677389,0.005908164240622106
48027,1,USC00414792,KILLEEN,20.227495796036763,0.4005083949548963
48027,2,USW00003933,FT HOOD,24.576121853793346,0.2713120978482193
48027,3,USW00003902,ROBERT GRAY AAF,33.639399375380485,0.1448102812111028
48027,4,USC00413686,GRANGER DAM,39.12015982828248,0.10707661215560815
48027,5,USC00413485,GATESVILLE,46.34540527184998,0.07629261383017352
48029,1,USW00012909,SAN ANTONIO KELLY AFB,9.500231639411147,0.5166545114442395
48029,2,USW00012921,SAN ANTONIO INTL AP,11.18663076468029,0.37262330023855483
48029,3,USW00012911,RANDOLPH AFB,26.649556189864764,0.06565815176915361
48029,4,USC00410902,BOERNE,44.119383933223126,0.02395574801858316
48029,5,USC00417215,POTEET,47.00107559489635,0.021108288529468864
48031,1,USC00414605,JOHNSON CITY 2N,3.8804093218152547,0.9404840174672883
48031,2,USC00410832,BLANCO,19.09047386614882,0.03885734118938427
48031,3,USC00412585,DRIPPING SPRINGS 6 E,39.87330677154066,0.008907216119153055
48031,4,USC00413329,FREDERICKSBURG,49.03673409167337,0.005889296533797149
48031,5,USC00411429,CANYON DAM,49.15023231178727,0.005862128690377002
48033,1,USC00413411,GAIL,4.212519851842015,0.9722305895070015
48033,2,USC00415013,LAMESA 1 SSE,47.40099675312116,0.0076785329810167245
48033,3,USC00418433,SNYDER,49.50381120100143,0.007040053036457835
48033,4,USC00414967,LAKE ALAN HENRY,51.367583510269526,0.006538451867071771
48033,5,USC00417206,POST,51.470333313974095,0.00651237260845234
48035,1,USC00419715,WHITNEY DAM,25.188997480504888,0.5062501220923086
48035,2,USW00013959,WACO RGNL AP,49.86036731758586,0.1292040001800968
48035,3,USC00411800,CLEBURNE,50.84680162725527,0.12423948050504309
48035,4,USC00414182,HILLSBORO,51.45711899407752,0.12130982403362445
48035,5,USC00419417,WACO DAM,51.954865632493686,0.11899657318892708
48037,1,USC00419916,WRIGHT PATMAN DM & LK,29.176562851820027,0.3088209955980523
48037,2,USC00418942,TEXARKANA,32.04619801893221,0.25598944087882025
48037,3,USC00030286,ASHDOWN 4 SSE,35.60558265795284,0.20736663559561258
48037,4,USW00013977,TEXARKANA WEBB FLD,40.335311094891765,0.16158619481924458
48037,5,USC00416108,MT PLEASANT,62.99964260159907,0.06623673310827022
48039,1,USC00413340,FREEPORT 2 NW,21.055669780562113,0.5662309094176806
48039,2,USC00418996,THOMPSONS 3 WSW,39.823087306278104,0.15829304843061187
48039,3,USC00414333,HOUSTON NWSO,47.980106474441584,0.10904588460021757
48039,4,USC00418728,SUGAR LAND,54.689110161323725,0.08393246548203218
48039,5,USW00012918,HOUSTON WILLIAM P HOBBY AP,55.16262795406412,0.08249769206945769
48041,1,USW00003904,COLLEGE STN EASTERWOOD FLD,9.32580806482618,0.8549615498663681
48041,2,USC00419491,WASHINGTON SP,39.493366134750445,0.047672862151739666
48041,3,USC00418446,SOMERVILLE DAM,42.258533382481936,0.04163807937372033
48041,4,USC00415477,MADISONVILLE,48.151437001230164,0.03207015246831218
48041,5,USC00411048,BRENHAM,56.063042238669006,0.023657356139859878
48045,1,USC00418323,SILVERTON,10.543176504229159,0.8190985964858851
48045,2,USC00419191,TURKEY,31.773542281726115,0.0901878151721569
48045,3,USC00419175,TULIA,47.58841617581296,0.04020468225065884
48045,4,USC00417079,PLAINVIEW,58.917087771765104,0.026229897432902643
48045,5,USC00413214,FLOYDADA,61.23843635755476,0.02427900865839643
48047,1,USC00413063,FALFURRIAS,14.588034698003323,0.8182292900787136
48047,2,USC00415721,MCCOOK,53.04711623249357,0.061879249522239485
48047,3,USC00410690,BENAVIDES #2,65.55553082892362,0.04051817914735033
48047,4,USC00414810,KINGSVILLE,65.94189968125683,0.0400447593815471
48047,5,USW00012928,KINGSVILLE NAAS,66.53964606908262,0.03932852187014952
48049,1,USC00411138,BROWNWOOD 2NE,4.8315570140925175,0.9622112648960595
48049,2,USC00411875,COLEMAN,40.26436580490859,0.013854885099544943
48049,3,USC00417300,PROCTOR RSVR,52.51867282387378,0.00814361378971489
48049,4,USC00413614,GOLDTHWAITE 1 WSW,52.805418158986534,0.008055410602657666
48049,5,USC00414278,HORDS CREEK DAM,53.88862021940867,0.007734825612023137
48051,1,USC00418446,SOMERVILLE DAM,19.116906539232204,0.47683731140714825
48051,2,USW00003904,COLLEGE STN EASTERWOOD FLD,27.073789620344733,0.23774279532749842
48051,3,USC00415193,LEXINGTON,38.73062050052444,0.11617068622876932
48051,4,USC00411048,BRENHAM,42.983599611802134,0.09431915474830033
48051,5,USC00419491,WASHINGTON SP,48.22527517254827,0.07493005228828364
48053,1,USC00411250,BURNET,4.655401791647123,0.9638891128574169
48053,2,USC00415272,LLANO,43.599511156791635,0.010989506085740326
48053,3,USW00003902,ROBERT GRAY AAF,46.69614697652322,0.009580304639491926
48053,4,USC00413507,GEORGETOWN LAKE,47.60960673972329,0.009216207100674756
48053,5,USC00414792,KILLEEN,57.470493778392196,0.006324869316676251
48055,1,USC00415429,LULING,17.668776036539963,0.5515418689998083
48055,2,USC00417983,SAN MARCOS,31.49345646696556,0.17360041629368675
48055,3,USW00013904,AUSTIN BERGSTROM INTL AP,39.31458256995757,0.111399715173431
48055,4,USC00413622,GONZALES 2S,43.44341991183763,0.09123120391578553
48055,5,USC00418415,SMITHVILLE,48.82548154657294,0.07222679561728845
48057,1,USC00417140,PT COMFORT,24.110609661732795,0.4076413733459095
48057,2,USC00410436,AUSTWELL,26.032813774922563,0.34966520409859647
48057,3,USW00012935,PALACIOS MUNI AP,44.757066368462574,0.11829636910030476
48057,4,USW00012912,VICTORIA RGNL AP,57.9518132474055,0.07056032655641159
48057,5,USC00417704,ROCKPORT,66.34496907381804,0.05383672689877768
48059,1,USC00417327,PUTNAM,18.750318126983753,0.5660164417990449
48059,2,USW00013962,ABILENE RGNL AP,31.884410187113343,0.1957444930786569
48059,3,USC00410120,ALBANY,46.246159697977824,0.09304541535245398
48059,4,USC00411875,COLEMAN,51.88905550112643,0.07390856953378203
48059,5,USC00414278,HORDS CREEK DAM,52.83525923629125,0.07128508023606234
48061,1,USC00417179,PORT ISABEL,17.20376648334508,0.32039520228703455
48061,2,USW00012919,BROWNSVILLE,21.623388922439222,0.20280822439829038
48061,3,USC00413943,HARLINGEN,22.30844343355868,0.1905436784706746
48061,4,USW00012904,HARLINGEN RIO GRANDE VLY INTL,22.613743609021117,0.1854334824086308
48061,5,USC00418487,S PADRE IS,30.668635932818407,0.10081941243536972
48063,1,USC00416108,MT PLEASANT,21.15558640459818,0.4157372305078477
48063,2,USC00412225,DAINGERFIELD 9 S,24.691385142175527,0.30519551482140317
48063,3,USC00416119,MT VERNON,33.57546857233124,0.16505355765619772
48063,4,USC00414976,LAKE FK RSVR,53.93797006545836,0.06395578863534528
48063,5,USC00415341,LONGVIEW,60.967470620460034,0.050057908379206074
48065,1,USW00023047,AMARILLO,37.380061334079095,0.288759083601544
48065,2,USC00418040,SANFORD DAM,37.60841021221461,0.28526318289998664
48065,3,USC00416776,PAMPA #2,38.32806260871539,0.2746514774732189
48065,4,USC00411430,CANYON,70.17715520370815,0.08192645365558028
48065,5,USC00412617,DUMAS,76.24804629496946,0.06939980236967006
48069,1,USC00412464,DIMMITT,4.120541192185243,0.9368484212156758
48069,2,USC00413972,HART,22.36192651701179,0.03180968857813733
48069,3,USC00414098,HEREFORD,34.084674524090396,0.013691768479157648
48069,4,USC00416644,OLTON,40.993898200483066,0.009465409614297444
48069,5,USC00413368,FRIONA,44.08463207301241,0.00818471211273164
48071,1,USC00410586,BAYTOWN,39.34525879941533,0.2721755928205479
48071,2,USC00415196,LIBERTY,42.12141815268075,0.23748053615623915
48071,3,USC00414333,HOUSTON NWSO,47.17695833419156,0.18931024442338254
48071,4,USW00012923,GALVESTON SCHOLES FLD,50.989944843681585,0.16205592188001047
48071,5,USC00410613,BEAUMONT RSCH CTR,55.06104221792897,0.13897770471981985
48073,1,USC00417841,RUSK,4.06307229914357,0.9283473906603401
48073,2,USC00414525,JACKSONVILLE,17.19337563623501,0.05184385871935349
48073,3,USW00093914,PALESTINE 2 NE,42.82626227195559,0.008356016272296936
48073,4,USC00414081,HENDERSON,50.69562254175903,0.005963190734246793
48073,5,USC00419207,TYLER,52.8374306632565,0.005489543613762752
48075,1,USW00023007,CHILDRESS MUNI AP,12.838493075391279,0.8091264101699044
48075,2,USC00415821,MEMPHIS,37.551767109298794,0.09457660532272684
48075,3,USC00416740,PADUCAH 7E,55.81038663440431,0.04281682077121066
48075,4,USC00419191,TURKEY,64.72364944228576,0.031835999216344724
48075,5,USC00415658,MATADOR,78.49677718916836,0.02164416451981334
48077,1,USW00013966,WICHITA FALLS MUNI AP,33.57966661800127,0.4470758087082145
48077,2,USC00410984,BOWIE,42.74492515246568,0.27590832782127217
48077,3,USC00414517,JACKSBORO,64.56704087405289,0.12092390543538299
48077,4,USC00411063,BRIDGEPORT,76.11095272707051,0.087024114807558
48077,5,USC00412334,DECATUR,85.43366121641624,0.06906784322757224
48079,1,USC00416074,MORTON,13.937704424402916,0.7263544043914547
48079,2,USC00416137,MULESHOE NWR,38.963051539891715,0.09294481104635907
48079,3,USC00415183,LEVELLAND,42.616501706957514,0.07769185333058326
48079,4,USC00417074,PLAINS,46.873616617550454,0.06422056877641796
48079,5,USC00415265,LITTLEFIELD,60.31353936176982,0.03878836245518492
48081,1,USC00419499,WATER VALLEY,24.393350595493704,0.584268392015233
48081,2,USC00419847,WINGATE,53.12068903489344,0.12320487954859669
48081,3,USW00023034,SAN ANGELO,57.833489020408585,0.10394330480258464
48081,4,USC00417944,SAN ANGELO WFO,57.85664553147227,0.103860117034454
48081,5,USC00410493,BALLINGER 2 NW,64.05841745438074,0.08472330659913173
48083,1,USC00411875,COLEMAN,11.698167997635096,0.6786809876866727
48083,2,USC00414278,HORDS CREEK DAM,21.59640490437991,0.1991308137558209
48083,3,USC00411138,BROWNWOOD 2NE,37.94060598148664,0.06451977808722811
48083,4,USC00417327,PUTNAM,52.33384468797186,0.03391064955738606
48083,5,USC00410493,BALLINGER 2 NW,62.52415779221907,0.02375777091289224
48085,1,USC00415766,MCKINNEY MUNI AP,1.6305380087584556,0.9926708895440076
48085,2,USC00417588,RICHARDSON,26.77321857679879,0.003681848996585027
48085,3,USC00413734,GREENVILLE KGVL RADIO,44.873920606627095,0.0013106269970794358
48085,4,USW00013960,DALLAS FAA AP,46.261182882315396,0.0012332004466787166
48085,5,USC00412404,DENTON 2 SE,48.905802095211214,0.0011034340156492498
48087,1,USC00415821,MEMPHIS,35.85442619187162,0.5316420409903027
48087,2,USW00023007,CHILDRESS MUNI AP,59.59439810927035,0.19243939990161216
48087,3,USC00342849,ELK CITY 4 W,84.38297089793384,0.09598320474537753
48087,4,USC00419191,TURKEY,85.08910709961685,0.0943967271419248
48087,5,USC00340184,ALTUS DAM,89.386369158191,0.08553862722078291
48089,1,USC00411911,COLUMBUS,12.98521160814783,0.7970210731100552
48089,2,USC00413873,HALLETTSVILLE 2 N,43.95652509326106,0.06955384792453848
48089,3,USC00412786,EL CAMPO,49.988931432881984,0.05377992103224703
48089,4,USC00413183,FLATONIA 4SE,53.85872210071007,0.04632930415859652
48089,5,USC00411048,BRENHAM,63.5123905932399,0.033315853774562657
48091,1,USC00411429,CANYON DAM,8.070671796099885,0.8082224730449995
48091,2,USC00417983,SAN MARCOS,30.80201505975918,0.05548710129746529
48091,3,USW00012911,RANDOLPH AFB,31.123387792853418,0.05434712406909383
48091,4,USC00410832,BLANCO,34.838160864922024,0.04337503665272821
48091,5,USW00012921,SAN ANTONIO INTL AP,36.9453764996678,0.038568264935713234
48093,1,USC00417300,PROCTOR RSVR,5.386401439054866,0.9623524185073848
48093,2,USW00003969,STEPHENVILLE CLARK FLD,45.70076610492921,0.013368559588585113
48093,3,USC00411138,BROWNWOOD 2NE,50.7305862169915,0.01084905261443677
48093,4,USC00413614,GOLDTHWAITE 1 WSW,56.95581427289858,0.008607072213824157
48093,5,USC00417327,PUTNAM,76.08723314656655,0.004822897075769111
48095,1,USC00412741,EDEN,10.946743005745095,0.7241086355664653
48095,2,USC00416747,PAINT ROCK,21.794678820135847,0.1826722696604923
48095,3,USC00410493,BALLINGER 2 NW,48.18176399567528,0.03737732178937683
48095,4,USC00411017,BRADY,52.62122083696052,0.03133658976260732
48095,5,USC00413257,FT MCKAVETT,59.505595916029094,0.02450518322105835
48097,1,USC00413420,GAINESVILLE 5 ENE,14.012470492912641,0.6745643780280761
48097,2,USC00345563,MARIETTA 5SW,26.68567649102019,0.1859929111715783
48097,3,USC00412404,DENTON 2 SE,49.89262745947344,0.05320838468695964
48097,4,USC00418274,SHERMAN,53.08440172899753,0.047002284984282626
48097,5,USC00412334,DECATUR,58.10399060537636,0.03923204112910332
48099,1,USC00413485,GATESVILLE,9.481146627120298,0.7940343219859888
48099,2,USW00003933,FT HOOD,29.698152845001356,0.08092861818401657
48099,3,USW00003902,ROBERT GRAY AAF,36.23578471276171,0.054360777516685346
48099,4,USC00414792,KILLEEN,37.56099982203181,0.050592566719499694
48099,5,USW00013959,WACO RGNL AP,59.615400959989394,0.02008371559380967
48101,1,USC00416740,PADUCAH 7E,11.434343812659469,0.8060605431408093
48101,2,USW00023007,CHILDRESS MUNI AP,37.322644198932664,0.07565634332008761
48101,3,USC00415658,MATADOR,49.86667424028269,0.04238081914273481
48101,4,USC00413828,GUTHRIE,52.02890275175299,0.03893147175366776
48101,5,USC00419163,TRUSCOTT 3 W,53.39068845034551,0.03697082264270024
48105,1,USC00410040,ACTON RCH,44.81821396162735,0.39066456087270357
48105,2,USC00410779,BIG LAKE 2,53.93513810571417,0.26975500852189666
48105,3,USC00418449,SONORA,74.32754750050537,0.14204092796597725
48105,4,USC00410482,BAKERSFIELD,87.70034749637405,0.10202591041239312
48105,5,USC00415707,MCCAMEY,90.64084886093084,0.09551359222702943
48107,1,USC00412121,CROSBYTON,6.061323681313508,0.9300851281998783
48107,2,USC00418566,SPUR,41.746269520896305,0.0196075037941714
48107,3,USC00413214,FLOYDADA,41.886330113522504,0.01947659487366612
48107,4,USC00417206,POST,46.22514366200043,0.01599193860888956
48107,5,USW00023042,LUBBOCK,47.987589004532744,0.014838834523394634
48109,1,USW00023055,PINE SPGS GUADALUPE MOUNTAINS,50.628204793956655,0.3080184742116412
48109,2,USC00419295,VAN HORN,53.75964789764648,0.27318005639958126
48109,3,USC00414770,KENT 8SE,62.071592149841734,0.20491608552364649
48109,4,USC00291480,CARLSBAD CAVERNS,81.82090025049526,0.11793244822319533
48109,5,USC00410498,BALMORHEA,90.70929208348207,0.09595293564193548
48111,1,USC00412238,DALHART,25.943706415181595,0.43722508450599085
48111,2,USW00093042,DALHART FAA AP,29.31093331425711,0.34253883616870623
48111,3,USW00023051,CLAYTON MUNI AIR PK,53.2405783552732,0.10382061171159648
48111,4,USC00290377,AMISTAD 5 SSW,69.93976589281857,0.06016179203158118
48111,5,USC00412617,DUMAS,72.3284409923693,0.05625367558212528
48113,1,USW00013960,DALLAS FAA AP,9.572700521755886,0.6427662317423609
48113,2,USC00414597,JOE POOL LAKE,23.12531359499334,0.11014042193777926
48113,3,USC00417588,RICHARDSON,25.725550485712592,0.08900054046784764
48113,4,USW00003927,DAL-FTW WSCMO AP,26.98350772563563,0.0808956533784181
48113,5,USC00410337,ARLINGTON SIX FLAGS,27.622333102427554,0.07719715247359397
48115,1,USC00415013,LAMESA 1 SSE,2.213615058896974,0.9931942852279093
48115,2,USC00413411,GAIL,46.411043986812714,0.0022594135957660784
48115,3,USC00418818,TAHOKA,49.26457681393914,0.002005251731934742
48115,4,USC00411128,BROWNFIELD,58.069336543375734,0.0014432603641482084
48115,5,USC00418201,SEMINOLE,66.58244719355362,0.0010977890802417207
48117,1,USC00414098,HEREFORD,23.371896313138507,0.5247736642147978
48117,2,USC00413368,FRIONA,35.091976749868095,0.2327792517359869
48117,3,USC00412464,DIMMITT,52.19659369297629,0.10521450329317919
48117,4,USC00411430,CANYON,62.231701625807716,0.07401786964802458
48117,5,USC00291963,CLOVIS 13 N,67.33965516108742,0.06321471110801152
48119,1,USC00418743,SULPHUR SPRINGS,26.79611218586864,0.3938857310181688
48119,2,USC00416794,PARIS,33.793572625930096,0.24765414896122118
48119,3,USC00413734,GREENVILLE KGVL RADIO,46.356232219828414,0.1316126287121511
48119,4,USC00416119,MT VERNON,46.81490645834853,0.12904628397151183
48119,5,USC00410923,BONHAM 3NNE,53.775542883143075,0.09780120733694697
48121,1,USC00412404,DENTON 2 SE,1.6401714557464067,0.9917789694390925
48121,2,USC00413691,GRAPEVINE DAM,28.959859466097978,0.0031812697351410956
48121,3,USW00003927,DAL-FTW WSCMO AP,35.43552646193054,0.0021247880494626625
48121,4,USC00417588,RICHARDSON,42.198362308563176,0.0014983118030137581
48121,5,USC00412334,DECATUR,43.39740208629071,0.0014166609732900388
48123,1,USC00412173,CUERO,1.9395170813626483,0.9903506531847325
48123,2,USC00419952,YOAKUM,29.2211214355614,0.004362972260431177
48123,3,USC00413622,GONZALES 2S,44.393366395373114,0.0018903405535998987
48123,4,USC00416368,NIXON,45.267767138745015,0.001818017517685258
48123,5,USW00012912,VICTORIA RGNL AP,48.58837081452421,0.0015780164835511585
48125,1,USC00418566,SPUR,17.218559266842536,0.6240595868934792
48125,2,USC00413828,GUTHRIE,41.75270187517822,0.10613301697504429
48125,3,USC00414570,JAYTON,44.822130766326886,0.09209470949419722
48125,4,USC00415658,MATADOR,45.603855533132,0.08896446193291184
48125,5,USC00412121,CROSBYTON,45.65937918938388,0.0887482247043675
48127,1,USC00411486,CARRIZO SPRINGS 3S,12.800475977230882,0.8773378906684249
48127,2,USW00012947,COTULLA LA SALLE CO AP,53.24098907161091,0.05071388648637607
48127,3,USC00412906,ENCINAL,62.09402605484073,0.03728374121160668
48127,4,USC00416879,PEARSALL,83.84526233962796,0.020448528830828625
48127,5,USC00415060,LAREDO 2,100.55914578678137,0.014215952802763668
48129,1,USC00415821,MEMPHIS,35.967146561173315,0.47655492450969844
48129,2,USC00419191,TURKEY,62.589086714128385,0.1573720861701075
48129,3,USC00416776,PAMPA #2,68.16817345652103,0.13266660521241017
48129,4,USC00418323,SILVERTON,69.60968174430828,0.12722885964226546
48129,5,USW00023007,CHILDRESS MUNI AP,76.19845535656428,0.10617752446551844
48131,1,USC00410690,BENAVIDES #2,12.322026677268108,0.7190488414292145
48131,2,USC00413341,FREER,24.31157303722217,0.1847126165084773
48131,3,USW00012932,ALICE INTL AP,46.98339811337385,0.04945769041193759
48131,4,USC00414810,KINGSVILLE,65.96503628902148,0.025089676917679406
48131,5,USW00012928,KINGSVILLE NAAS,70.94467503309855,0.021691174732691023
48133,1,USC00417327,PUTNAM,33.758359629787066,0.3959143386132899
48133,2,USC00411042,BRECKENRIDGE,47.68986683184419,0.19838630199726545
48133,3,USC00417300,PROCTOR RSVR,51.51104173504677,0.17004475300297112
48133,4,USC00410120,ALBANY,60.68929969433034,0.1225010043280447
48133,5,USW00003969,STEPHENVILLE CLARK FLD,63.146278252486404,0.11315360205842877
48137,1,USC00417706,ROCKSPRINGS,10.11873948965858,0.8817403363293548
48137,2,USC00411013,BRACKETTVILLE 22 N,44.065937255677696,0.04649299409206087
48137,3,USC00417232,PRADE RCH,50.36354151799449,0.03559270664808164
48137,4,USC00414670,JUNCTION 4SSW,70.3145035917788,0.018260123414040798
48137,5,USC00418449,SONORA,70.99085874754672,0.01791383951646201
48139,1,USC00410518,BARDWELL DAM,17.692312809806154,0.469141760567592
48139,2,USC00413133,FERRIS,24.4067526865377,0.24652065390083097
48139,3,USC00414597,JOE POOL LAKE,36.66938495880131,0.10921091868855955
48139,4,USC00412019,CORSICANA,38.392210226219895,0.09962930068286618
48139,5,USC00416210,NAVARRO MILLS DAM,44.103266393628175,0.07549736616015124
48141,1,USW00023044,EL PASO INTL AP,13.822049074112252,0.8485117213689626
48141,2,USC00419088,TORNILLO 2 SSE,44.14810294931122,0.0831722813407516
48141,3,USC00298535,STATE UNIV,75.33364488761627,0.028564376326544814
48141,4,USC00413266,FT HANCOCK 8SSE,80.22895177688655,0.025184913940313355
48141,5,USC00294426,JORNADA EXP RANGE,105.49227563870863,0.014566707023427534
48143,1,USW00003969,STEPHENVILLE CLARK FLD,4.694759812649751,0.9731052840091544
48143,2,USC00417300,PROCTOR RSVR,39.85535408723843,0.013502470705346097
48143,3,USW00093985,MINERAL WELLS AP,62.43969640227569,0.00550129611394394
48143,4,USC00419532,WEATHERFORD,70.80545520173938,0.004278121841303143
48143,5,USC00411800,CLEBURNE,77.04947625625752,0.003612827330252529
48145,1,USC00419417,WACO DAM,47.121467507954726,0.3169762154344644
48145,2,USW00013959,WACO RGNL AP,49.363524041196875,0.2888364362232485
48145,3,USC00413686,GRANGER DAM,69.81218829421725,0.1444115028449522
48145,4,USC00414792,KILLEEN,75.01612521153689,0.12507054276278057
48145,5,USC00413485,GATESVILLE,75.12589945037578,0.12470530273455412
48147,1,USC00410923,BONHAM 3NNE,7.896817959685227,0.9168302293282344
48147,2,USC00413734,GREENVILLE KGVL RADIO,47.07969108434787,0.025794431961098006
48147,3,USC00418274,SHERMAN,51.24000432073903,0.021775837253158015
48147,4,USC00416794,PARIS,51.42510091299209,0.021619361937362132
48147,5,USC00415766,MCKINNEY MUNI AP,63.95004227475237,0.01398013952014746
48149,1,USC00418415,SMITHVILLE,27.60728725694083,0.34372501658264826
48149,2,USC00413183,FLATONIA 4SE,30.44743363295209,0.28259028335831665
48149,3,USC00411911,COLUMBUS,39.048101209736785,0.1718140872454433
48149,4,USC00413873,HALLETTSVILLE 2 N,45.32327383618733,0.12753108790793355
48149,5,USC00411048,BRENHAM,59.36348849423247,0.07433952490565826
48151,1,USC00417782,ROTAN,13.901381390146712,0.7075499831641822
48151,2,USC00417743,ROSCOE,34.50084544277062,0.11487183717275298
48151,3,USC00418433,SNYDER,47.639731771204765,0.06024686138902779
48151,4,USC00410268,ANSON,48.07316743756421,0.05916536750378123
48151,5,USC00410394,ASPERMONT,48.48440890930793,0.05816595077025584
48153,1,USC00413214,FLOYDADA,10.294124883467132,0.8164700269467718
48153,2,USC00417079,PLAINVIEW,38.898046612861904,0.05718255107434061
48153,3,USC00418323,SILVERTON,44.430266437491255,0.04382897116141142
48153,4,USC00415658,MATADOR,45.612230697856596,0.04158689414265078
48153,5,USC00412121,CROSBYTON,45.975919620406835,0.04093155667482519
48155,1,USC00419163,TRUSCOTT 3 W,23.32557743372404,0.5412117665145687
48155,2,USC00416740,PADUCAH 7E,34.5152353094695,0.24717831097967047
48155,3,USC00413828,GUTHRIE,60.91373146518935,0.07935999441536981
48155,4,USC00414982,LAKE KEMP,66.31843207538503,0.06695199733739497
48155,5,USW00023007,CHILDRESS MUNI AP,67.15313762483076,0.06529793075299617
48157,1,USC00418996,THOMPSONS 3 WSW,14.38506371254981,0.4756017299446299
48157,2,USC00418728,SUGAR LAND,15.089052931778449,0.4322580013791939
48157,3,USW00012918,HOUSTON WILLIAM P HOBBY AP,49.089887859465414,0.040839735918220724
48157,4,USC00412786,EL CAMPO,60.111304560221846,0.027236713248512803
48157,5,USC00410569,BAY CITY WTR WKS,63.95157162361613,0.02406381950944263
48159,1,USC00416119,MT VERNON,2.3241204693528426,0.9784897420108473
48159,2,USC00416108,MT PLEASANT,19.538496387674,0.0138449461410826
48159,3,USC00418743,SULPHUR SPRINGS,38.088092262731195,0.0036433014572963053
48159,4,USC00414976,LAKE FK RSVR,48.683154669726804,0.002230057817669689
48159,5,USC00412225,DAINGERFIELD 9 S,54.309214151910055,0.0017919525731042833
48161,1,USC00411596,CENTERVILLE,51.91521352536566,0.22845801260334161
48161,2,USW00093914,PALESTINE 2 NE,51.95719275895113,0.22808899274646938
48161,3,USC00412019,CORSICANA,56.82744333817849,0.19066871884142636
48161,4,USC00416210,NAVARRO MILLS DAM,58.86020838293333,0.17772646100816364
48161,5,USC00410404,ATHENS,59.30715488650612,0.17505781480059895
48163,1,USC00416879,PEARSALL,2.8710404046252482,0.9879568847849097
48163,2,USW00012947,COTULLA LA SALLE CO AP,47.00698266699134,0.0036854612617546545
48163,3,USC00414254,HONDO,52.009462583820145,0.00301059175906955
48163,4,USW00012962,HONDO MUNI AP,54.92051868281779,0.0026998978969254264
48163,5,USC00417215,POTEET,55.4648511808464,0.0026471642973405992
48165,1,USC00418201,SEMINOLE,4.323150057682414,0.9605811783779792
48165,2,USC00412408,DENVER CITY,30.979177224211657,0.01870660323757387
48165,3,USC00294026,HOBBS,46.79298856124888,0.008199231081038273
48165,4,USC00417074,PLAINS,52.55677133591744,0.006499460934275887
48165,5,USC00294028,HOBBS FAA,54.638999311995036,0.006013526369132734
48167,1,USW00012923,GALVESTON SCHOLES FLD,4.66667363870188,0.9637634396165948
48167,2,USC00414333,HOUSTON NWSO,32.50520791087485,0.019864581066051573
48167,3,USC00413340,FREEPORT 2 NW,55.31807397481537,0.006858848425071208
48167,4,USW00012918,HOUSTON WILLIAM P HOBBY AP,59.60855577646648,0.005907015460765547
48167,5,USC00410586,BAYTOWN,76.29091809400224,0.0036061154315168787
48169,1,USC00417206,POST,7.033086369374085,0.8846344012865667
48169,2,USC00414967,LAKE ALAN HENRY,26.99220529899308,0.06005912334044489
48169,3,USC00418818,TAHOKA,47.38416790636846,0.019488984420812736
48169,4,USC00413411,GAIL,47.70045263424467,0.01923139222100581
48169,5,USC00418566,SPUR,51.363633642732054,0.01658609873116969
48171,1,USC00413329,FREDERICKSBURG,10.061292023150575,0.8300064562271086
48171,2,USC00414782,KERRVILLE 3 NNE,32.24035166499873,0.080833137986296
48171,3,USC00414605,JOHNSON CITY 2N,51.18748482632258,0.03206722643636235
48171,4,USC00415272,LLANO,53.97408624514614,0.02884153574672786
48171,5,USC00415650,MASON,54.534662547464876,0.028251643603505162
48173,1,USW00023041,BIG SPRING,42.31737585921915,0.2926235190174145
48173,2,USC00411974,COPE RCH,43.46396156696842,0.2773882562239835
48173,3,USC00415891,MIDLAND 4 ENE,50.44508582507974,0.20592494368963746
48173,4,USW00023023,MIDLAND ODESSA,63.58199575727967,0.12962189757665074
48173,5,USC00410779,BIG LAKE 2,74.48900496532686,0.09444138349231368
48175,1,USC00410639,BEEVILLE 5 NE,35.149260386331164,0.38756250376470264
48175,2,USC00412173,CUERO,48.39618146662024,0.2044334425139502
48175,3,USW00012912,VICTORIA RGNL AP,53.69245818749817,0.166091558275386
48175,4,USC00419559,WELDER WILDLIFE FOUNDATION,60.8472595044839,0.12932785936725372
48175,5,USC00410436,AUSTWELL,65.21500070027732,0.1125846360787073
48177,1,USC00413622,GONZALES 2S,4.463679155192114,0.9382340842753347
48177,2,USC00415429,LULING,28.669798385080984,0.0227430061639299
48177,3,USC00416368,NIXON,33.313060979909366,0.01684488565173489
48177,4,USC00419952,YOAKUM,38.72000918584544,0.012468845493592501
48177,5,USC00412173,CUERO,43.87906173853471,0.009709178415408175
48179,1,USC00416776,PAMPA #2,22.321768435711004,0.7779027047615226
48179,2,USC00418040,SANFORD DAM,74.64558616103804,0.0695623448519007
48179,3,USC00415821,MEMPHIS,79.29117648034973,0.06164995373813891
48179,4,USW00023047,AMARILLO,83.51674922674488,0.05556934978383117
48179,5,USC00415247,LIPSCOMB,104.76293489125223,0.03531564686460656
48181,1,USC00418274,SHERMAN,9.3011669535553,0.8522565015180709
48181,2,USC00413420,GAINESVILLE 5 ENE,35.57757121413168,0.058249554683456
48181,3,USC00410923,BONHAM 3NNE,47.144092402272136,0.03317345032186478
48181,4,USC00415766,MCKINNEY MUNI AP,49.76130151451161,0.029775683608297666
48181,5,USC00345468,MADILL,52.702691127859836,0.026544809868310718
48185,1,USC00419491,WASHINGTON SP,29.43138881522716,0.35764939546512026
48185,2,USW00003904,COLLEGE STN EASTERWOOD FLD,36.29756414674474,0.2351386631744628
48185,3,USC00415477,MADISONVILLE,44.50372828174634,0.15641781572183053
48185,4,USC00414382,HUNTSVILLE,46.36208917850523,0.14412954367601727
48185,5,USC00411956,CONROE,53.8926309932645,0.10666458196256931
48187,1,USC00415429,LULING,29.98248454730334,0.2516201748160682
48187,2,USW00012911,RANDOLPH AFB,30.80383257981873,0.2383807534728672
48187,3,USC00417983,SAN MARCOS,33.42844247494529,0.20241766590330926
48187,4,USC00416368,NIXON,37.6930515703886,0.15920551187995596
48187,5,USC00411429,CANYON DAM,39.044392878845265,0.1483758939277996
48189,1,USC00417079,PLAINVIEW,17.427662605843548,0.4786849397276432
48189,2,USC00410012,ABERNATHY,25.409364187341833,0.22518551709178783
48189,3,USC00416644,OLTON,31.267390429466428,0.14871157658017364
48189,4,USC00413972,HART,43.080937980441725,0.07833534316324142
48189,5,USC00415265,LITTLEFIELD,45.87537366554726,0.06908262343715392
48191,1,USW00023007,CHILDRESS MUNI AP,26.969931934005224,0.3273679890000943
48191,2,USC00419191,TURKEY,30.06146889427877,0.2634969034946118
48191,3,USC00415821,MEMPHIS,30.517600177633017,0.25567905567459875
48191,4,USC00415658,MATADOR,52.29737914185078,0.08706348785197228
48191,5,USC00416740,PADUCAH 7E,59.8877828851676,0.06639256397872297
48193,1,USC00417300,PROCTOR RSVR,45.99249309862233,0.27695641672865307
48193,2,USC00413485,GATESVILLE,50.685531156009745,0.22804330751204857
48193,3,USC00413614,GOLDTHWAITE 1 WSW,54.17508451289205,0.19961176758308216
48193,4,USW00003969,STEPHENVILLE CLARK FLD,56.82185044316264,0.18144900453888685
48193,5,USC00419715,WHITNEY DAM,71.70600153766352,0.11393950363732935
48195,1,USC00413787,GRUVER,4.443763338882489,0.9726478343345871
48195,2,USC00343628,GOODWELL RSCH STN,42.4335228059731,0.010666926221550618
48195,3,USC00416950,PERRYTON,49.484659814703406,0.007843615381142177
48195,4,USC00418040,SANFORD DAM,65.50061628003219,0.004476789716133482
48195,5,USC00344298,HOOKER,66.33532339440622,0.004364834346586446
48197,1,USC00416740,PADUCAH 7E,50.08145013407137,0.2644325716414143
48197,2,USW00023007,CHILDRESS MUNI AP,51.71847298327764,0.24795755914735296
48197,3,USC00348879,TIPTON 4S MESONET,58.25642836141811,0.19542540912715714
48197,4,USC00419163,TRUSCOTT 3 W,60.22709156858444,0.18284578677133162
48197,5,USC00340184,ALTUS DAM,77.8838604440557,0.1093386733127439
48199,1,USC00410613,BEAUMONT RSCH CTR,30.58819693324784,0.378033403899201
48199,2,USC00410611,BEAUMONT CITY,38.27596468289112,0.24142689093269182
48199,3,USC00415196,LIBERTY,48.94621067850843,0.14763855353229438
48199,4,USW00012917,PORT ARTHUR SE TX RGNL AP,54.86602708991449,0.11749811647857453
48199,5,USC00419101,TOWN BLUFF DAM,55.36181891337521,0.11540303515723836
48201,1,USW00012960,HOUSTON INTERCONTINENTAL AP,14.473263429919454,0.5892720102632012
48201,2,USW00012918,HOUSTON WILLIAM P HOBBY AP,25.834690166295925,0.1849448455195749
48201,3,USC00418728,SUGAR LAND,36.740121986723715,0.0914465991399649
48201,4,USC00410586,BAYTOWN,39.29220346076836,0.07995322355574203
48201,5,USC00418996,THOMPSONS 3 WSW,47.642167190700896,0.05438332152151687
48205,1,USW00093042,DALHART FAA AP,21.30103213453922,0.4349740404986703
48205,2,USC00412238,DALHART,25.777432253829545,0.2970197481944529
48205,3,USC00411033,BRAVO,43.415660637511834,0.10470605718964578
48205,4,USC00411000,BOYS RCH,46.98873980827446,0.0893875508726311
48205,5,USC00290377,AMISTAD 5 SSW,51.67411740594674,0.0739126032445999
48207,1,USC00413992,HASKELL,1.4918009142875468,0.994492357016034
48207,2,USC00418583,STAMFORD 1,27.069283783626798,0.0030204361369335925
48207,3,USC00410394,ASPERMONT,46.8301689582359,0.001009187211362779
48207,4,USC00410268,ANSON,47.87078780179101,0.0009657885192437276
48207,5,USC00419163,TRUSCOTT 3 W,65.73226771795996,0.0005122311164257162
48209,1,USC00412585,DRIPPING SPRINGS 6 E,18.034607460920203,0.3794078630865737
48209,2,USC00417983,SAN MARCOS,21.22746522187149,0.27385674321904185
48209,3,USC00411429,CANYON DAM,27.46005964912245,0.16365028372203683
48209,4,USW00013904,AUSTIN BERGSTROM INTL AP,36.222663206388475,0.09405003454376391
48209,5,USC00410832,BLANCO,37.22882180025672,0.08903507542858388
48211,1,USC00415247,LIPSCOMB,46.7240025619541,0.37275262359365346
48211,2,USC00416776,PAMPA #2,69.13009713624061,0.17028110226517965
48211,3,USC00413225,FOLLETT,69.77067781026967,0.1671686760154691
48211,4,USW00013975,GAGE AP,70.45873357265965,0.16391968893415945
48211,5,USC00416950,PERRYTON,80.40362569801525,0.1258779091915385
48213,1,USC00410404,ATHENS,5.808662553594536,0.9511234151305997
48213,2,USW00013972,TYLER POUNDS FLD,45.30647297280906,0.015633947867852948
48213,3,USC00419207,TYLER,52.0251312157335,0.011856671837392673
48213,4,USW00093914,PALESTINE 2 NE,53.14356436261615,0.01136286402308824
48213,5,USC00419800,WILLS PT,56.58398472020254,0.010023101141066408
48215,1,USC00414911,LA JOYA,16.34256986995952,0.3499256558526594
48215,2,USC00415721,MCCOOK,19.600015583080708,0.24327845707866702
48215,3,USC00415701,MCALLEN,23.732315254769727,0.1659343385574332
48215,4,USW00012959,MCALLEN MILLER INTL AP,24.963460274800774,0.14997087227021627
48215,5,USC00419588,WESLACO,32.06627964750539,0.09089067624102426
48217,1,USC00414182,HILLSBORO,4.222687196990675,0.9478833172721626
48217,2,USC00419715,WHITNEY DAM,26.730533417604587,0.0236547004107574
48217,3,USW00013959,WACO RGNL AP,41.57624752346525,0.009777821933718218
48217,4,USC00416210,NAVARRO MILLS DAM,41.815236257705095,0.00966637396828226
48217,5,USC00419417,WACO DAM,43.2928701605885,0.009017786415079443
48219,1,USC00415183,LEVELLAND,6.905849274012458,0.8906972048917399
48219,2,USC00415265,LITTLEFIELD,30.28099101930837,0.04632592622176093
48219,3,USC00416074,MORTON,40.41745467821874,0.026003173876632344
48219,4,USC00411128,BROWNFIELD,46.686824231752624,0.019488374378271205
48219,5,USW00023042,LUBBOCK,49.28847030240729,0.017485320631595577
48221,1,USC00419532,WEATHERFORD,35.78618908830362,0.26111157296333953
48221,2,USW00003969,STEPHENVILLE CLARK FLD,40.33214171297782,0.20556750117273453
48221,3,USC00411800,CLEBURNE,42.005953356955715,0.18951139744980727
48221,4,USC00410691,BENBROOK DAM,43.651472275196966,0.17549277177664152
48221,5,USW00093985,MINERAL WELLS AP,44.57227854301422,0.1683167566374773
48223,1,USC00418743,SULPHUR SPRINGS,5.723210526203665,0.9208476203304544
48223,2,USC00416119,MT VERNON,32.249706601460296,0.029001180575584738
48223,3,USC00414976,LAKE FK RSVR,36.43758115851565,0.0227178974309106
48223,4,USC00414980,LAKE TAWAKONI,44.55153387251947,0.01519644110237377
48223,5,USC00413734,GREENVILLE KGVL RADIO,49.64763906896849,0.012236860560676537
48225,1,USC00412114,CROCKETT,3.285601215936142,0.9869972004627223
48225,2,USC00411596,CENTERVILLE,53.02149957778186,0.0037900209359752746
48225,3,USW00093914,PALESTINE 2 NE,53.9944527619949,0.003654662980615108
48225,4,USC00417841,RUSK,60.16700328169302,0.00294326156677813
48225,5,USC00415477,MADISONVILLE,63.8335626792489,0.00261485405390929
48227,1,USW00023041,BIG SPRING,6.732994110290163,0.9541904195309343
48227,2,USC00413411,GAIL,52.38880072583726,0.015760667515546233
48227,3,USC00415891,MIDLAND 4 ENE,63.69542201552408,0.010661911716030769
48227,4,USC00415013,LAMESA 1 SSE,66.58429592830407,0.009756811110906542
48227,5,USC00418433,SNYDER,67.02060281235262,0.009630190126582082
48229,1,USC00413266,FT HANCOCK 8SSE,45.482033051456405,0.3892212661250958
48229,2,USC00419088,TORNILLO 2 SSE,64.68888366501913,0.1924052804361552
48229,3,USW00023055,PINE SPGS GUADALUPE MOUNTAINS,68.56661415938787,0.17125800917950484
48229,4,USC00419295,VAN HORN,68.6201030245814,0.17099112452233123
48229,5,USW00023044,EL PASO INTL AP,102.84340276139771,0.07612431973691276
48231,1,USC00413734,GREENVILLE KGVL RADIO,5.117770313099255,0.9446066420714935
48231,2,USC00414980,LAKE TAWAKONI,35.3443504323208,0.019804896061227994
48231,3,USC00418743,SULPHUR SPRINGS,42.67211386615076,0.013587021482313512
48231,4,USC00419800,WILLS PT,47.30196640423551,0.011057429673757838
48231,5,USC00415766,MCKINNEY MUNI AP,47.54644311781559,0.010944010711207252
48233,1,USC00418040,SANFORD DAM,22.350399707829006,0.587738760711665
48233,2,USC00416776,PAMPA #2,47.145525896854046,0.13209122033238976
48233,3,USC00413787,GRUVER,47.526982878242954,0.129979371072869
48233,4,USC00412617,DUMAS,55.099179544625166,0.09670850229073653
48233,5,USW00023047,AMARILLO,74.0922954435936,0.05348214559233981
48235,1,USC00411974,COPE RCH,38.4641287242942,0.2730236549378269
48235,2,USC00417944,SAN ANGELO WFO,46.8461499304286,0.18406205520164384
48235,3,USW00023034,SAN ANGELO,47.03481569184167,0.18258839954860095
48235,4,USC00410779,BIG LAKE 2,47.16600813062363,0.18157407147621418
48235,5,USC00419499,WATER VALLEY,47.53689407350108,0.17875181883571423
48237,1,USC00414517,JACKSBORO,2.872202226606188,0.9844124734311147
48237,2,USC00411063,BRIDGEPORT,36.862859213341274,0.0059762547497367886
48237,3,USC00410984,BOWIE,46.501707334137635,0.0037555136083406646
48237,4,USW00093985,MINERAL WELLS AP,51.144802091762536,0.003104589127614677
48237,5,USC00412334,DECATUR,54.330653312680646,0.0027511690831932382
48239,1,USC00417140,PT COMFORT,33.77519254006899,0.23646355698612323
48239,2,USC00412266,DANEVANG 1 W,34.268349306269116,0.2297066217597984
48239,3,USW00012912,VICTORIA RGNL AP,34.90330895465353,0.22142501460095734
48239,4,USC00412786,EL CAMPO,41.271761541218055,0.15836305595921032
48239,5,USW00012935,PALACIOS MUNI AP,41.84665221822871,0.15404175069391077
48245,1,USW00012917,PORT ARTHUR SE TX RGNL AP,16.112166891285582,0.5480165329712825
48245,2,USC00410611,BEAUMONT CITY,27.429051297361283,0.18909497618155546
48245,3,USC00410613,BEAUMONT RSCH CTR,27.57604429952073,0.18708442266114142
48245,4,USC00416680,ORANGE 9 N,57.25639240319776,0.043396389942223
48245,5,USC00415196,LIBERTY,66.25624558585973,0.03240767824379772
48249,1,USW00012932,ALICE INTL AP,6.536303498948676,0.8844550273034659
48249,2,USC00414810,KINGSVILLE,32.7228132670016,0.035288963760343794
48249,3,USC00410690,BENAVIDES #2,35.45431024538334,0.03006090786018877
48249,4,USW00012928,KINGSVILLE NAAS,37.698582488243986,0.026588273213270962
48249,5,USC00415661,MATHIS 4 SSW,40.008407988282016,0.023606827862730564
48251,1,USC00411800,CLEBURNE,8.272445834779962,0.6773157363220715
48251,2,USC00411246,BURLESON,14.257325858350685,0.22802521759336847
48251,3,USC00410691,BENBROOK DAM,30.69034913663046,0.049210227434837404
48251,4,USW00013911,FT WORTH NAS,43.76996693495924,0.024193939662681338
48251,5,USC00414597,JOE POOL LAKE,46.69820601737375,0.02125487898704129
48253,1,USC00410268,ANSON,2.942034677861532,0.9724146937026188
48253,2,USC00418583,STAMFORD 1,22.8394911805734,0.016135195753990545
48253,3,USW00013962,ABILENE RGNL AP,41.19960831602738,0.004958620974855168
48253,4,USC00413992,HASKELL,48.45777089150689,0.0035844309866894623
48253,5,USC00410120,ALBANY,53.80797547132388,0.002907058581845922
48255,1,USC00416368,NIXON,42.372086324450215,0.3099531184441201
48255,2,USC00410639,BEEVILLE 5 NE,52.18793224906003,0.20432218636016422
48255,3,USC00412173,CUERO,53.395434824305624,0.19518545522194525
48255,4,USC00417111,PLEASANTON,61.09111616275792,0.1491075337561448
48255,5,USC00411720,CHOKE CANYON DAM,62.72699217050381,0.14143170621762563
48257,1,USC00419800,WILLS PT,28.038217683149583,0.393188448952179
48257,2,USC00413133,FERRIS,35.64184747370077,0.24332186827353067
48257,3,USC00414980,LAKE TAWAKONI,46.97872977875782,0.14005512871225836
48257,4,USC00410518,BARDWELL DAM,49.64383703948321,0.12542117768602437
48257,5,USC00412019,CORSICANA,56.15754366990434,0.0980133763760076
48259,1,USC00410902,BOERNE,16.30922325397607,0.5899776238441449
48259,2,USC00410832,BLANCO,33.02667063052638,0.14387074922930176
48259,3,USC00413329,FREDERICKSBURG,38.076410160568514,0.10824057809295301
48259,4,USC00414782,KERRVILLE 3 NNE,41.165398365650354,0.09260564284778691
48259,5,USC00414605,JOHNSON CITY 2N,49.02035828087521,0.06530540598581337
48263,1,USC00414570,JAYTON,19.85239360541856,0.46803823009472884
48263,2,USC00414967,LAKE ALAN HENRY,29.252121097043226,0.21557200323607534
48263,3,USC00418566,SPUR,34.19724908679279,0.15773379026711312
48263,4,USC00417782,ROTAN,46.55889375801836,0.08509455607020378
48263,5,USC00410394,ASPERMONT,50.075868276025794,0.07356142033187897
48265,1,USC00414782,KERRVILLE 3 NNE,23.526056345962214,0.43377685285413364
48265,2,USC00415742,MEDINA 1NE,29.533256878547505,0.2752592697936674
48265,3,USC00417232,PRADE RCH,45.0420378832893,0.1183391855983912
48265,4,USC00413329,FREDERICKSBURG,47.15324787562366,0.10797952565798226
48265,5,USC00414670,JUNCTION 4SSW,60.94166167189747,0.06464516609582543
48267,1,USW00013973,JUNCTION KIMBLE CO AP,3.956513951178695,0.7359033642508896
48267,2,USC00414670,JUNCTION 4SSW,6.741822146959905,0.2534495989972883
48267,3,USC00413257,FT MCKAVETT,52.026563035998535,0.00425594412914845
48267,4,USC00415650,MASON,57.67687365045947,0.003462922466890692
48267,5,USC00417232,PRADE RCH,62.72272825804387,0.00292817015578313
48269,1,USC00413828,GUTHRIE,8.589467727928495,0.8762970364983472
48269,2,USC00419163,TRUSCOTT 3 W,38.861682736002386,0.042809548136177523
48269,3,USC00416740,PADUCAH 7E,45.80963274029047,0.030808476845728513
48269,4,USC00414570,JAYTON,50.27932519805194,0.02557437134177538
48269,5,USC00410394,ASPERMONT,51.35884439648752,0.02451056717797121
48271,1,USC00411007,BRACKETTVILLE,3.3938792250565952,0.9705921496396634
48271,2,USC00411013,BRACKETTVILLE 22 N,29.421548967783842,0.012915120846460596
48271,3,USW00022001,DEL RIO LAUGHLIN AFB,35.49938709460503,0.008871311547401938
48271,4,USW00022010,DEL RIO INTL AP,49.468483197489775,0.004568486571304263
48271,5,USC00410225,AMISTAD DAM,60.514053942177895,0.003052931395169631
48273,1,USW00012928,KINGSVILLE NAAS,16.171368961277494,0.48754996760443103
48273,2,USC00414810,KINGSVILLE,21.292491146343288,0.2812287737404133
48273,3,USW00012946,CORPUS CHRISTI CABANISS FLD,36.688389055589354,0.09472299432087679
48273,4,USW00012924,CORPUS CHRISTI,41.100388365342546,0.07547808147351773
48273,5,USW00012926,CORPUS CHRISTI NAS,45.7108818289835,0.06102018286076114
48275,1,USC00419163,TRUSCOTT 3 W,20.20232663741873,0.6544541443563624
48275,2,USC00413992,HASKELL,49.76494030808486,0.10785369405604395
48275,3,USC00413828,GUTHRIE,56.1875380293596,0.08460616179057111
48275,4,USC00414982,LAKE KEMP,56.49669319764508,0.08368274962277225
48275,5,USC00416740,PADUCAH 7E,62.0370438945578,0.06940325017425024
48277,1,USC00416794,PARIS,1.346004044345101,0.9979169041116406
48277,2,USC00410923,BONHAM 3NNE,55.29932096497577,0.000591217814878478
48277,3,USC00418743,SULPHUR SPRINGS,57.96645961393829,0.000538063530575383
48277,4,USC00416119,MT VERNON,61.45460189210413,0.00047871638219180014
48277,5,USC00340256,ANTLERS,61.68816900677492,0.00047509816071382866
48279,1,USC00416644,OLTON,23.142210474043793,0.3386926304937388
48279,2,USC00415265,LITTLEFIELD,23.72409999014444,0.32228191360592606
48279,3,USC00416135,MULESHOE #1,39.15834994512848,0.11829507360809194
48279,4,USC00413972,HART,39.601216850964136,0.11566404152750286
48279,5,USC00416137,MULESHOE NWR,41.55046698170972,0.1050663407647402
48281,1,USW00003902,ROBERT GRAY AAF,41.40140680977525,0.25554227204216745
48281,2,USC00413614,GOLDTHWAITE 1 WSW,42.86025480366322,0.23844238206211948
48281,3,USC00411250,BURNET,48.7225004811484,0.18451590678825822
48281,4,USW00003933,FT HOOD,50.371380304796,0.17263356750174097
48281,5,USC00414792,KILLEEN,54.24364964404609,0.1488658716057139
48283,1,USW00012947,COTULLA LA SALLE CO AP,17.17059027995066,0.7651897656569557
48283,2,USC00412906,ENCINAL,50.223582635109246,0.0894384418894656
48283,3,USC00416879,PEARSALL,59.8048400466044,0.06307640558871433
48283,4,USC00413341,FREER,71.02959630513624,0.04471579028249625
48283,5,USC00411486,CARRIZO SPRINGS 3S,77.48073731906855,0.03757959658236796
48285,1,USC00413873,HALLETTSVILLE 2 N,9.910523854532777,0.7518441423963869
48285,2,USC00419952,YOAKUM,25.52886210260289,0.11330736187753485
48285,3,USC00413183,FLATONIA 4SE,31.089027621711917,0.07640235853945683
48285,4,USC00411911,COLUMBUS,48.85787670228467,0.03093512423826939
48285,5,USC00413622,GONZALES 2S,51.809241100636505,0.027511012948351957
48287,1,USC00415193,LEXINGTON,10.068472896632413,0.8147865117400357
48287,2,USC00412820,ELGIN 1 N,38.02811227469979,0.057116489464241374
48287,3,USC00418415,SMITHVILLE,39.12903011151453,0.05394769272148304
48287,4,USC00418446,SOMERVILLE DAM,41.93009835113008,0.04698067793641552
48287,5,USC00413686,GRANGER DAM,55.13808340705194,0.027168628137824443
48289,1,USC00411596,CENTERVILLE,5.127193556073833,0.9652626850968834
48289,2,USC00415477,MADISONVILLE,40.80877528995962,0.015236942210661669
48289,3,USC00412114,CROCKETT,51.76755489989603,0.009468684319593378
48289,4,USW00093914,PALESTINE 2 NE,65.25189119434042,0.00595962229897326
48289,5,USC00414382,HUNTSVILLE,78.939625811034,0.004072066073888342
48291,1,USC00415196,LIBERTY,12.008717259476626,0.7758611539337648
48291,2,USC00410586,BAYTOWN,30.618762713211737,0.11934438012165142
48291,3,USW00012960,HOUSTON INTERCONTINENTAL AP,53.36067701842382,0.03929475498285546
48291,4,USC00410613,BEAUMONT RSCH CTR,53.958448137338955,0.03842893473908992
48291,5,USC00411956,CONROE,64.28923666885741,0.02707077622263844
48293,1,USC00416210,NAVARRO MILLS DAM,46.84501715630766,0.3093234270774557
48293,2,USC00419417,WACO DAM,59.3362783856066,0.19279644016651223
48293,3,USW00013959,WACO RGNL AP,60.62955930197874,0.18465913416492796
48293,4,USC00412019,CORSICANA,64.7252913907334,0.16202856634195378
48293,5,USC00411596,CENTERVILLE,67.00462518089576,0.15119243224915047
48295,1,USC00415247,LIPSCOMB,4.906601938414125,0.9243691057553434
48295,2,USC00413225,FOLLETT,20.87523210283202,0.05106748245740581
48295,3,USW00013975,GAGE AP,45.217341200759115,0.010884212948201757
48295,4,USC00416950,PERRYTON,50.854274937169286,0.008605025088477714
48295,5,USC00343489,GATE,66.22483271759073,0.0050741737505714405
48297,1,USC00411720,CHOKE CANYON DAM,17.8052596406964,0.6785188550415803
48297,2,USC00410639,BEEVILLE 5 NE,42.816827936689336,0.1173355364770969
48297,3,USC00415661,MATHIS 4 SSW,42.93663665901203,0.11668163302296461
48297,4,USW00012932,ALICE INTL AP,68.57782493225488,0.045739470162167443
48297,5,USC00413341,FREER,71.80152580441339,0.04172450529619073
48299,1,USC00415272,LLANO,4.8546434212336615,0.9642572241976548
48299,2,USC00411250,BURNET,43.45759170019693,0.012033065004024759
48299,3,USC00415650,MASON,52.37134339560499,0.008285527150037553
48299,4,USC00414605,JOHNSON CITY 2N,52.43670946342993,0.00826488303378323
48299,5,USC00413329,FREDERICKSBURG,56.34021336774682,0.007159300614499724
48303,1,USW00023042,LUBBOCK,4.7811367539578615,0.9412978894546277
48303,2,USC00410012,ABERNATHY,25.69276133587014,0.032596265866257
48303,3,USC00418818,TAHOKA,49.09779349468841,0.008926176436181734
48303,4,USC00415265,LITTLEFIELD,49.621582248535894,0.008738727568865666
48303,5,USC00412121,CROSBYTON,50.489292430752975,0.00844094067406794
48305,1,USC00418818,TAHOKA,1.2246384327195563,0.9971855891686355
48305,2,USC00417206,POST,41.356878989021936,0.0008743720143036894
48305,3,USC00411128,BROWNFIELD,41.863199498696936,0.0008533494807097986
48305,4,USC00415013,LAMESA 1 SSE,52.03145909074593,0.0005524077382353002
48305,5,USW00023042,LUBBOCK,52.90671214431943,0.0005342815981156696
48307,1,USC00411017,BRADY,6.866701141774785,0.9423073496528057
48307,2,USC00412741,EDEN,46.672940380822126,0.020396636037420524
48307,3,USC00415650,MASON,52.36199988451527,0.016205275542436785
48307,4,USC00416747,PAINT ROCK,63.684348449614916,0.010955279214013899
48307,5,USC00411138,BROWNWOOD 2NE,66.20986660195385,0.010135459553322897
48309,1,USC00419417,WACO DAM,5.823459275457239,0.6348748051942448
48309,2,USW00013959,WACO RGNL AP,8.02885117700006,0.333997612377236
48309,3,USC00419715,WHITNEY DAM,38.32915899360146,0.014655194869115538
48309,4,USC00413485,GATESVILLE,49.77501157433095,0.008690153317557636
48309,5,USC00414182,HILLSBORO,52.5984491910253,0.007782234241846132
48311,1,USC00411720,CHOKE CANYON DAM,33.208187192272945,0.4785539056731903
48311,2,USC00413341,FREER,57.13790556806977,0.1616488309236442
48311,3,USW00012947,COTULLA LA SALLE CO AP,63.50369960106997,0.13086489095318327
48311,4,USC00417111,PLEASANTON,64.77612561690337,0.1257741135202466
48311,5,USC00417215,POTEET,71.52512066680707,0.10315825892973558
48317,1,USC00415891,MIDLAND 4 ENE,32.93826016401112,0.35915091143266514
48317,2,USC00415013,LAMESA 1 SSE,45.94539622040213,0.1845840971749427
48317,3,USW00023023,MIDLAND ODESSA,46.037796941542986,0.18384389721347147
48317,4,USW00023041,BIG SPRING,48.334658725406186,0.16678652907816893
48317,5,USC00416502,ODESSA,60.73459190029197,0.10563456510075177
48319,1,USC00415650,MASON,4.921549138467622,0.9689824967105988
48319,2,USC00411017,BRADY,50.12911347322551,0.009339842118752044
48319,3,USW00013973,JUNCTION KIMBLE CO AP,55.00989034471827,0.0077560040101598594
48319,4,USC00415272,LLANO,55.90248858392692,0.0075103002583740905
48319,5,USC00413329,FREDERICKSBURG,60.5041013629057,0.006411356902115258
48321,1,USC00410569,BAY CITY WTR WKS,22.934252432918825,0.40081892081246634
48321,2,USW00012935,PALACIOS MUNI AP,25.19612161946083,0.3320855657508921
48321,3,USC00412266,DANEVANG 1 W,40.9145940918156,0.12593919044208082
48321,4,USC00412786,EL CAMPO,53.796115084236156,0.07284765282104652
48321,5,USC00417140,PT COMFORT,55.55469661883047,0.06830867017351419
48323,1,USC00411486,CARRIZO SPRINGS 3S,50.87034429612363,0.39634871865458327
48323,2,USC00411007,BRACKETTVILLE,65.9497954006599,0.23581960489951445
48323,3,USW00022001,DEL RIO LAUGHLIN AFB,84.1017749600569,0.14500951140066018
48323,4,USW00022010,DEL RIO INTL AP,93.371518458086,0.117646217712237
48323,5,USC00411013,BRACKETTVILLE 22 N,98.75183855180353,0.10517594733300512
48325,1,USC00414254,HONDO,3.28579286887612,0.7711059546628947
48325,2,USW00012962,HONDO MUNI AP,6.15730967679281,0.21958993445687086
48325,3,USW00012909,SAN ANTONIO KELLY AFB,51.25080957235482,0.0031695161008257963
48325,4,USC00416879,PEARSALL,51.72079840921997,0.003112174797646189
48325,5,USC00415742,MEDINA 1NE,52.483139375904436,0.0030224199817625213
48327,1,USC00413257,FT MCKAVETT,24.854713681385146,0.4479681688123779
48327,2,USC00412741,EDEN,37.35171837137187,0.19835516419762925
48327,3,USW00013973,JUNCTION KIMBLE CO AP,42.58882247861958,0.1525715012077402
48327,4,USC00414670,JUNCTION 4SSW,49.19772314892065,0.11433381005246016
48327,5,USC00411017,BRADY,56.47342801706135,0.08677135572979237
48329,1,USW00023023,MIDLAND ODESSA,22.73280705541245,0.37130634999213724
48329,2,USC00415891,MIDLAND 4 ENE,22.82717083758044,0.3682428559333704
48329,3,USC00416502,ODESSA,34.47317081579039,0.16146412581681316
48329,4,USC00412082,CRANE,56.40168712053426,0.0603190257206473
48329,5,USW00023041,BIG SPRING,70.44422678755348,0.038667642537031914
48331,1,USC00413686,GRANGER DAM,33.16469445276889,0.4119276180841949
48331,2,USC00415193,LEXINGTON,42.88181233738007,0.2463920255358631
48331,3,USC00412820,ELGIN 1 N,60.14568943447776,0.12524600924388685
48331,4,USW00003904,COLLEGE STN EASTERWOOD FLD,63.43967995668282,0.11257733015344967
48331,5,USC00418446,SOMERVILLE DAM,66.04934779982432,0.10385701698260566
48333,1,USC00413614,GOLDTHWAITE 1 WSW,6.050457790057859,0.9613086193491047
48333,2,USC00411138,BROWNWOOD 2NE,47.12735269887868,0.015845035553346584
48333,3,USC00417300,PROCTOR RSVR,52.943885245385644,0.012554739050483859
48333,4,USC00411017,BRADY,81.5880693620468,0.005286716164859095
48333,5,USC00415272,LLANO,83.85373089603401,0.0050048898822056655
48335,1,USC00417743,ROSCOE,40.660052421713395,0.32272790100349946
48335,2,USC00418433,SNYDER,45.149338719181344,0.2617396963443081
48335,3,USW00023041,BIG SPRING,50.197860309455066,0.21173954254057747
48335,4,USC00413411,GAIL,72.09899803506623,0.10263935711020204
48335,5,USC00419499,WATER VALLEY,72.62660235292293,0.10115350300141296
48337,1,USC00410984,BOWIE,18.11758855449119,0.7004109035381297
48337,2,USC00412334,DECATUR,52.34128358210181,0.08391989777678126
48337,3,USC00411063,BRIDGEPORT,52.692741335099626,0.08280414880392661
48337,4,USC00345563,MARIETTA 5SW,56.30450814668549,0.0725215947583242
48337,5,USC00413420,GAINESVILLE 5 ENE,61.72509332751101,0.060343455122838126
48341,1,USC00412617,DUMAS,8.4811143866248,0.884255658030467
48341,2,USC00418040,SANFORD DAM,34.06270912559339,0.05481826889387911
48341,3,USC00411000,BOYS RCH,47.383074654930226,0.028329389268033696
48341,4,USC00412238,DALHART,62.030334341262915,0.016530098624165927
48341,5,USW00093042,DALHART FAA AP,62.91874535403971,0.016066585183454198
48343,1,USC00412225,DAINGERFIELD 9 S,21.827967226308456,0.44996098333899065
48343,2,USC00416108,MT PLEASANT,26.43800209550155,0.30672147070216454
48343,3,USC00416119,MT VERNON,46.68543044549607,0.098364572420231
48343,4,USC00414577,JEFFERSON,51.92790723474468,0.07950598138987099
48343,5,USC00419916,WRIGHT PATMAN DM & LK,57.2342341289936,0.06544699214874279
48345,1,USC00415658,MATADOR,4.037715999327439,0.9741054599275889
48345,2,USC00419191,TURKEY,38.79249977798209,0.010553146872123081
48345,3,USC00413214,FLOYDADA,50.49645750384215,0.0062281016351347735
48345,4,USC00416740,PADUCAH 7E,56.24250546880112,0.005020514163527013
48345,5,USW00023007,CHILDRESS MUNI AP,62.291629971319075,0.0040927774016262086
48347,1,USC00416177,NACOGDOCHES,2.2125364190445804,0.9926786155294377
48347,2,USW00093987,LUFKIN ANGELINA CO AP,44.644739120267026,0.0024380855660991823
48347,3,USC00417951,SAN AUGUSTINE,48.843581290097994,0.0020369225832663194
48347,4,USC00417841,RUSK,53.6948701586677,0.0016854812645670121
48347,5,USC00414081,HENDERSON,64.69910608488074,0.0011608950566298726
48349,1,USC00412019,CORSICANA,8.28571130168212,0.789482003857243
48349,2,USC00416210,NAVARRO MILLS DAM,22.15631503802079,0.11040958199094043
48349,3,USC00410518,BARDWELL DAM,28.222901749825084,0.06804535767835361
48349,4,USC00413133,FERRIS,56.67979533957391,0.016871173133354535
48349,5,USC00414182,HILLSBORO,59.730356405360276,0.015191883340108545
48353,1,USC00417743,ROSCOE,18.201744461898464,0.6996462451492315
48353,2,USC00419847,WINGATE,41.71984911707533,0.13317388684635914
48353,3,USC00417782,ROTAN,60.542124282818456,0.06323961583056403
48353,4,USC00418433,SNYDER,63.97020440292261,0.05664336646637265
48353,5,USW00013962,ABILENE RGNL AP,70.0061177482957,0.04729688570747267
48355,1,USW00012924,CORPUS CHRISTI,4.900843510958351,0.7379358952854637
48355,2,USW00012946,CORPUS CHRISTI CABANISS FLD,9.296478002684452,0.20508005001106297
48355,3,USW00012926,CORPUS CHRISTI NAS,22.85126705988978,0.03394218020766769
48355,4,USW00012928,KINGSVILLE NAAS,38.281915376740784,0.012094084227910498
48355,5,USC00414810,KINGSVILLE,40.2361963609577,0.01094779026789521
48357,1,USC00416950,PERRYTON,12.358725273449892,0.8444560718258364
48357,2,USC00415247,LIPSCOMB,49.102062232895044,0.053496448896028524
48357,3,USC00413787,GRUVER,52.84373556689262,0.04618887642882199
48357,4,USC00413225,FOLLETT,63.168799477199634,0.03232355899179717
48357,5,USC00344298,HOOKER,74.02948082341398,0.023535043857515967
48359,1,USC00411000,BOYS RCH,34.039958631605685,0.43488695402923133
48359,2,USC00411033,BRAVO,44.29878939811687,0.25678562676569683
48359,3,USC00414098,HEREFORD,67.44996328562232,0.11076205166895572
48359,4,USW00093042,DALHART FAA AP,69.45600150782573,0.1044563559569148
48359,5,USC00412238,DALHART,73.56671356340561,0.09310901157920126
48363,1,USW00093985,MINERAL WELLS AP,24.314460542261912,0.5563764362698039
48363,2,USC00419532,WEATHERFORD,51.21970157526876,0.12537874481658032
48363,3,USC00414517,JACKSBORO,52.38339500780265,0.1198700596355281
48363,4,USC00411042,BRECKENRIDGE,54.59009046159179,0.11037491378384034
48363,5,USW00003969,STEPHENVILLE CLARK FLD,61.13755236875551,0.08799984549424714
48367,1,USC00419532,WEATHERFORD,4.657885747538674,0.9204307824788818
48367,2,USW00093985,MINERAL WELLS AP,23.788483702289973,0.03528866886639513
48367,3,USW00013911,FT WORTH NAS,33.29584876820124,0.01801310652042411
48367,4,USC00410691,BENBROOK DAM,36.80694514568638,0.014740399357507379
48367,5,USW00013961,FT WORTH MEACHAM FLD,41.62223974906254,0.011527042776791578
48369,1,USC00413368,FRIONA,13.238295900448549,0.7050861970647608
48369,2,USC00416135,MULESHOE #1,35.12625931530158,0.10014806786056084
48369,3,USC00291963,CLOVIS 13 N,40.17900304834227,0.07654345619553901
48369,4,USC00412464,DIMMITT,44.257083445401655,0.06308713432079406
48369,5,USC00414098,HEREFORD,47.34116398659439,0.0551351445583453
48371,1,USC00413280,FT STOCKTON,23.999096561816923,0.6041576331584625
48371,2,USC00410482,BAKERSFIELD,41.83404771728786,0.19882925182371305
48371,3,USC00415707,MCCAMEY,61.98263948321774,0.09057324348856849
48371,4,USC00412082,CRANE,78.39498404127785,0.056619170326416446
48371,5,USC00415579,MARATHON,83.57282998766173,0.049820701202839615
48375,1,USW00023047,AMARILLO,24.87363458044546,0.4400211228727259
48375,2,USC00411000,BOYS RCH,35.95262071071891,0.21061578561584238
48375,3,USC00418040,SANFORD DAM,46.15008814185075,0.12782239626063122
48375,4,USC00411430,CANYON,46.58209327435684,0.12546252486414122
48375,5,USC00412617,DUMAS,53.23088052548888,0.09607817038665938
48379,1,USC00414980,LAKE TAWAKONI,8.719327330491986,0.7585525009369116
48379,2,USC00414976,LAKE FK RSVR,25.573525663056717,0.08818006137010641
48379,3,USC00419800,WILLS PT,27.782890510021247,0.07471309942290685
48379,4,USC00418743,SULPHUR SPRINGS,34.64967744199684,0.04803449352636782
48379,5,USC00413734,GREENVILLE KGVL RADIO,43.469499917665246,0.030519844743707454
48381,1,USC00411430,CANYON,3.455541297738089,0.9768892425720281
48381,2,USW00023047,AMARILLO,34.55318311448401,0.009770153322209933
48381,3,USC00419175,TULIA,47.60470699924472,0.005147279005435338
48381,4,USC00414098,HEREFORD,48.791238553008526,0.004899974468444516
48381,5,USC00412464,DIMMITT,59.51408566177871,0.0032933506318822098
48383,1,USC00410779,BIG LAKE 2,20.094811152038087,0.5832711890573432
48383,2,USC00411974,COPE RCH,28.033333965682566,0.29970147562695554
48383,3,USC00415707,MCCAMEY,72.4232978409165,0.0449036650203847
48383,4,USC00412082,CRANE,80.1343971974121,0.03667755984074811
48383,5,USC00419499,WATER VALLEY,81.51450549803646,0.03544611045456837
48387,1,USC00344451,IDABEL,40.431513049540065,0.28268605898643223
48387,2,USC00416794,PARIS,47.615634408528,0.20381926411013296
48387,3,USC00416119,MT VERNON,49.79021466714063,0.186404495462979
48387,4,USC00416108,MT PLEASANT,50.89044276803874,0.17843166188505794
48387,5,USC00341162,BROKEN BOW 1 N,55.75416139408755,0.14865851955539794
48389,1,USC00410498,BALMORHEA,36.177899362553156,0.4533844321945549
48389,2,USC00414770,KENT 8SE,49.93108421030933,0.2380188230785131
48389,3,USW00023040,WINK FAA AP,71.38114130581381,0.11646255705768913
48389,4,USC00416104,MT LOCKE,76.78968468953578,0.10063464705399158
48389,5,USC00413262,FT DAVIS,80.53176014696413,0.09149954061525133
48391,1,USC00410436,AUSTWELL,32.521820525296036,0.29188250593362697
48391,2,USC00419559,WELDER WILDLIFE FOUNDATION,34.10921793725268,0.2653470354547808
48391,3,USC00417704,ROCKPORT,35.33802388657319,0.24721410369143224
48391,4,USC00410639,BEEVILLE 5 NE,55.26835172643595,0.10106592105246984
48391,5,USC00417170,PORT ARANSAS,57.15904450480239,0.09449043386769033
48393,1,USC00416776,PAMPA #2,33.93383267331302,0.48485028290187204
48393,2,USC00416950,PERRYTON,61.29072428006558,0.14862229879010838
48393,3,USC00418040,SANFORD DAM,65.98369311617316,0.12823312988724275
48393,4,USC00415247,LIPSCOMB,67.39884099698476,0.12290473779155649
48393,5,USC00413787,GRUVER,69.55902720167272,0.11538955062922038
48395,1,USW00003904,COLLEGE STN EASTERWOOD FLD,50.43085452889957,0.300072764048553
48395,2,USC00415477,MADISONVILLE,57.493362978213135,0.23087866766312587
48395,3,USC00411596,CENTERVILLE,57.58026614532196,0.23018228510389974
48395,4,USC00418446,SOMERVILLE DAM,76.62733554059406,0.12997259308539885
48395,5,USC00415193,LEXINGTON,83.71595945265585,0.10889369009902257
48397,1,USC00417588,RICHARDSON,32.67516145496786,0.2708535205303058
48397,2,USC00415766,MCKINNEY MUNI AP,35.56366766467473,0.2286424593531204
48397,3,USW00013960,DALLAS FAA AP,40.163804545109535,0.17926697056629504
48397,4,USC00413734,GREENVILLE KGVL RADIO,41.74823257255337,0.1659181057808417
48397,5,USC00419800,WILLS PT,43.149202207584096,0.15531894376943706
48399,1,USC00410493,BALLINGER 2 NW,11.54845937696028,0.6970228181479375
48399,2,USC00419847,WINGATE,25.106180809007338,0.14748022560289534
48399,3,USC00416747,PAINT ROCK,37.98656464646068,0.06442212686287851
48399,4,USC00414278,HORDS CREEK DAM,39.87187005590754,0.05847387663268118
48399,5,USC00411875,COLEMAN,53.39891129253781,0.03260095275360734
48401,1,USC00414081,HENDERSON,8.99890523128793,0.8109130273255964
48401,2,USW00003951,LONGVIEW WSMO,28.561196164836925,0.08050092111606263
48401,3,USC00411500,CARTHAGE,39.65779135734696,0.04175385576974715
48401,4,USC00415341,LONGVIEW,40.53996692074097,0.0399564461608888
48401,5,USC00417841,RUSK,49.43067302387327,0.026875749627705014
48409,1,USC00419559,WELDER WILDLIFE FOUNDATION,14.939701942887549,0.546400456594663
48409,2,USW00012924,CORPUS CHRISTI,25.34697128592258,0.1898203518618154
48409,3,USC00415661,MATHIS 4 SSW,34.99359498621081,0.09959047362304242
48409,4,USW00012946,CORPUS CHRISTI CABANISS FLD,35.63658275504598,0.09602909043556097
48409,5,USW00012926,CORPUS CHRISTI NAS,42.29936578079664,0.06815962748491833
48411,1,USC00413614,GOLDTHWAITE 1 WSW,38.482859293728986,0.33712845881140624
48411,2,USC00415272,LLANO,48.50915044030235,0.21216939764731396
48411,3,USC00411017,BRADY,50.441524001975,0.19622470361174643
48411,4,USC00415650,MASON,59.91620460339958,0.13907257328948572
48411,5,USC00411138,BROWNWOOD 2NE,65.7738068585534,0.11540486664004745
48413,1,USC00418449,SONORA,40.21695100638725,0.29097628829840544
48413,2,USC00413257,FT MCKAVETT,40.528424098768724,0.28652099441344075
48413,3,USC00417944,SAN ANGELO WFO,52.8617966959976,0.1684193720089548
48413,4,USW00023034,SAN ANGELO,52.939375916408636,0.16792611836613913
48413,5,USC00412741,EDEN,73.90810818255721,0.0861572269130598
48415,1,USC00418433,SNYDER,3.8256527787782733,0.9712330429882139
48415,2,USC00414967,LAKE ALAN HENRY,37.749713495368326,0.009974869679368508
48415,3,USC00417782,ROTAN,44.042773683398714,0.0073279960511118646
48415,4,USC00417743,ROSCOE,48.98126355431498,0.005924812098337937
48415,5,USC00413411,GAIL,50.65713779545261,0.005539279182967702
48417,1,USC00410120,ALBANY,6.1124905496656,0.9323072246924686
48417,2,USC00411042,BRECKENRIDGE,41.65168207585335,0.02007845823028406
48417,3,USC00417327,PUTNAM,44.3952096318124,0.01767352705149773
48417,4,USC00418583,STAMFORD 1,47.92562136392473,0.015165612201322174
48417,5,USW00013962,ABILENE RGNL AP,48.554710303603514,0.01477517782442732
48421,1,USC00343628,GOODWELL RSCH STN,42.92426736655734,0.2658795746070042
48421,2,USC00413787,GRUVER,44.34360350955875,0.2491315861518159
48421,3,USC00412617,DUMAS,45.56661019541204,0.23593768545813432
48421,4,USC00412238,DALHART,60.85464147183216,0.1322827886624824
48421,5,USW00093042,DALHART FAA AP,64.77132467222222,0.11676836512056323
48423,1,USC00419207,TYLER,9.13049935213241,0.6203940559539711
48423,2,USW00013972,TYLER POUNDS FLD,12.807634880545647,0.3152962544939217
48423,3,USC00414525,JACKSONVILLE,45.91503716612841,0.024532782455458257
48423,4,USC00414081,HENDERSON,49.27676858552713,0.021299639219304844
48423,5,USC00415341,LONGVIEW,52.906552936188746,0.018477267877344033
48425,1,USC00411800,CLEBURNE,35.76591762995316,0.31388972863526765
48425,2,USW00003969,STEPHENVILLE CLARK FLD,38.41048805013235,0.27215492495751487
48425,3,USC00411246,BURLESON,51.2061903462598,0.15313374938959598
48425,4,USC00419715,WHITNEY DAM,54.37163040918198,0.13582231747866222
48425,5,USC00410691,BENBROOK DAM,56.67664960734206,0.12499927953895931
48427,1,USC00417622,RIO GRANDE CITY,18.54344393305566,0.643857190990936
48427,2,USC00413060,FALCON DAM,39.60315346857862,0.14115972514836514
48427,3,USC00414911,LA JOYA,47.50258172258447,0.0981151142711359
48427,4,USC00415721,MCCOOK,61.45406156258756,0.05862315115795325
48427,5,USC00415701,MCALLEN,61.653327779129256,0.058244818431609564
48429,1,USC00411042,BRECKENRIDGE,5.981293516591177,0.9579397199163542
48429,2,USC00410120,ALBANY,43.355823596804896,0.018231967148358886
48429,3,USC00417327,PUTNAM,52.94738114874474,0.012224734688846033
48429,4,USW00093985,MINERAL WELLS AP,73.00888067501069,0.006429497480563209
48429,5,USC00414517,JACKSBORO,81.38560637167893,0.005174080765877529
48431,1,USC00419499,WATER VALLEY,35.822615566271885,0.37917756876766673
48431,2,USC00411974,COPE RCH,40.02387814272137,0.30375181889039815
48431,3,USW00023041,BIG SPRING,58.946772475571265,0.1400351820423456
48431,4,USC00417944,SAN ANGELO WFO,74.10068668867632,0.08861612539751892
48431,5,USW00023034,SAN ANGELO,74.1831145399649,0.08841930490207053
48433,1,USC00410394,ASPERMONT,3.5751891395530624,0.9691574350786916
48433,2,USC00414570,JAYTON,30.839693609935512,0.01302483610678485
48433,3,USC00417782,ROTAN,40.882067201130624,0.007411851016471036
48433,4,USC00413992,HASKELL,47.953967569912464,0.005386954237188744
48433,5,USC00418583,STAMFORD 1,49.68106506048715,0.005018923560863822
48435,1,USC00418449,SONORA,13.644640380254277,0.8372845546431552
48435,2,USC00413257,FT MCKAVETT,51.34365004111552,0.05913216612566446
48435,3,USC00417706,ROCKSPRINGS,62.51381377190437,0.039888277105852035
48435,4,USC00414670,JUNCTION 4SSW,68.46204158301673,0.033258110786781696
48435,5,USW00013973,JUNCTION KIMBLE CO AP,71.5646393266824,0.030436891338546657
48437,1,USC00419175,TULIA,3.9987418497900307,0.9636175084699422
48437,2,USC00417079,PLAINVIEW,37.68052620867478,0.010852192778741885
48437,3,USC00413972,HART,38.43287883807031,0.010431471710274124
48437,4,USC00418323,SILVERTON,40.90075706800503,0.009210617018331653
48437,5,USC00412464,DIMMITT,51.154525783537764,0.005888210022710229
48439,1,USC00413285,FT WORTH WSFO,6.932942172936841,0.35556393629657
48439,2,USW00093904,FT WORTH MEACHAM FLD NAAF,7.399803318270429,0.31211346690839303
48439,3,USW00013961,FT WORTH MEACHAM FLD,8.98385978957876,0.211751712084945
48439,4,USW00013911,FT WORTH NAS,14.857601951170555,0.07742040217375346
48439,5,USC00410691,BENBROOK DAM,19.90139878513424,0.04315048253633844
48441,1,USW00013962,ABILENE RGNL AP,23.30000035369583,0.5140908341826562
48441,2,USC00419847,WINGATE,34.76061916239295,0.23098124022440664
48441,3,USC00410268,ANSON,52.21426204500846,0.10237017064739085
48441,4,USC00414278,HORDS CREEK DAM,59.047706367000906,0.08004710886725662
48441,5,USC00417743,ROSCOE,62.04045448775153,0.07251064607828975
48445,1,USC00411128,BROWNFIELD,6.972959132775136,0.9176903680875594
48445,2,USC00415183,LEVELLAND,42.25372956487181,0.024991959963369576
48445,3,USC00417074,PLAINS,45.52556081090558,0.02152879906853628
48445,4,USC00418818,TAHOKA,49.26333071720941,0.018385814350025925
48445,5,USC00412408,DENVER CITY,50.63518676715995,0.017403058530508872
48447,1,USC00413992,HASKELL,49.625359993136506,0.2532206491745282
48447,2,USC00410120,ALBANY,52.57402302953871,0.22561295627365183
48447,3,USC00411042,BRECKENRIDGE,54.710341476853806,0.20833757627802035
48447,4,USC00418583,STAMFORD 1,61.321408006609644,0.16583730137704197
48447,5,USC00414982,LAKE KEMP,65.13390154139239,0.14699151689675768
48449,1,USC00416108,MT PLEASANT,6.9815051112492705,0.878203301479232
48449,2,USC00416119,MT VERNON,23.97930088303708,0.07444236326423312
48449,3,USC00412225,DAINGERFIELD 9 S,39.863093410727735,0.026937121889642892
48449,4,USC00418743,SULPHUR SPRINGS,61.87627036553082,0.011180080464025815
48449,5,USC00414976,LAKE FK RSVR,68.07348690672306,0.009237132902866025
48451,1,USW00023034,SAN ANGELO,4.042273473947104,0.5151237554788459
48451,2,USC00417944,SAN ANGELO WFO,4.213914224756222,0.4740144481414349
48451,3,USC00419499,WATER VALLEY,39.468902710339584,0.005403222559536537
48451,4,USC00416747,PAINT ROCK,52.00066711054234,0.003112756375819599
48451,5,USC00410493,BALLINGER 2 NW,59.901041714733516,0.0023458174443630043
48453,1,USW00013904,AUSTIN BERGSTROM INTL AP,6.3656349098127905,0.7012021174816212
48453,2,USW00013958,AUSTIN-CAMP MABRY,11.2087551558119,0.22615797527262438
48453,3,USC00412585,DRIPPING SPRINGS 6 E,28.576525273030185,0.03479427824316597
48453,4,USC00412820,ELGIN 1 N,33.81591093898134,0.024847602477512724
48453,5,USC00417983,SAN MARCOS,46.75463024640412,0.012998026525075835
48455,1,USC00412114,CROCKETT,36.84185344446009,0.36924422335348905
48455,2,USW00093987,LUFKIN ANGELINA CO AP,40.816953759682576,0.3008260713581112
48455,3,USC00414382,HUNTSVILLE,57.19703673207664,0.1531967641347962
48455,4,USC00415477,MADISONVILLE,75.3085754057667,0.08837059649724353
48455,5,USC00416177,NACOGDOCHES,75.31209172188599,0.08836234465636009
48459,1,USC00412225,DAINGERFIELD 9 S,28.990730701092037,0.38135688876415064
48459,2,USC00415341,LONGVIEW,35.9784672706979,0.24760796079289457
48459,3,USC00416108,MT PLEASANT,47.991478397636996,0.139162320453831
48459,4,USW00003951,LONGVIEW WSMO,50.80362475372245,0.12418253473066496
48459,5,USC00414577,JEFFERSON,54.55526576796163,0.10769029525845872
48461,1,USC00415707,MCCAMEY,29.927683718205138,0.3696752678024129
48461,2,USC00412082,CRANE,30.60326652172329,0.35353387875692444
48461,3,USC00410482,BAKERSFIELD,57.39517423989453,0.10051152211671215
48461,4,USC00410779,BIG LAKE 2,57.62609349169813,0.099707596657247
48461,5,USC00416502,ODESSA,65.75807038231929,0.07657173466670351
48463,1,USW00012962,HONDO MUNI AP,57.600867925284135,0.23723681518499323
48463,2,USC00414254,HONDO,61.06768196454008,0.21106550909330188
48463,3,USC00411007,BRACKETTVILLE,62.73055905275466,0.2000238692495645
48463,4,USC00417232,PRADE RCH,63.017027390167605,0.19820943061924615
48463,5,USC00415742,MEDINA 1NE,71.61702581955547,0.15346437585289413
48467,1,USC00419800,WILLS PT,23.051639952476155,0.4301991237597977
48467,2,USC00414980,LAKE TAWAKONI,32.95305633321085,0.2105143837979811
48467,3,USC00414976,LAKE FK RSVR,41.213714706846154,0.1345828298307887
48467,4,USC00410404,ATHENS,43.98093144865487,0.11818009401332315
48467,5,USW00013972,TYLER POUNDS FLD,46.32481939448256,0.10652356859810919
48469,1,USW00012912,VICTORIA RGNL AP,8.377193258622526,0.8922026954175203
48469,2,USC00417140,PT COMFORT,43.3941769804875,0.03325046232744104
48469,3,USC00410436,AUSTWELL,47.11381109173284,0.028207469522652153
48469,4,USC00412173,CUERO,48.69554458204989,0.026404755225824948
48469,5,USC00419952,YOAKUM,56.043641522669006,0.019934617506561673
48471,1,USC00414382,HUNTSVILLE,4.866544987365684,0.9647557204024346
48471,2,USC00415477,MADISONVILLE,39.934312105710724,0.014327368515711338
48471,3,USC00411956,CONROE,46.65357801821605,0.010497573728253908
48471,4,USC00412114,CROCKETT,63.735262442070066,0.005624699048792049
48471,5,USC00411596,CENTERVILLE,69.03216567447623,0.004794638304807952
48473,1,USC00419491,WASHINGTON SP,38.4530834140787,0.31891713438758906
48473,2,USC00411048,BRENHAM,43.09105961552545,0.2539603085341665
48473,3,USC00418728,SUGAR LAND,53.84498169043312,0.16264837398849025
48473,4,USC00411956,CONROE,59.51193770460219,0.13314719174350934
48473,5,USW00012960,HOUSTON INTERCONTINENTAL AP,59.9229380907443,0.13132699134624498
48477,1,USC00411048,BRENHAM,6.338783067892352,0.827816806013543
48477,2,USC00418446,SOMERVILLE DAM,18.40683862650048,0.0981719929816304
48477,3,USC00419491,WASHINGTON SP,26.94574273466409,0.04581057039909617
48477,4,USW00003904,COLLEGE STN EASTERWOOD FLD,42.05610198341378,0.01880563415457294
48477,5,USC00411911,COLUMBUS,59.5010594276049,0.00939499645115755
48479,1,USC00415060,LAREDO 2,23.25691811532713,0.3602870356019608
48479,2,USC00412906,ENCINAL,24.480240456000953,0.3251783356220994
48479,3,USW00012907,LAREDO INTL AP,28.174937458936252,0.24548617616318608
48479,4,USC00413341,FREER,72.19937585684337,0.03738402651570872
48479,5,USW00012947,COTULLA LA SALLE CO AP,78.44958865474324,0.03166442609704495
48481,1,USC00412786,EL CAMPO,9.386261359914645,0.7954526108202981
48481,2,USC00412266,DANEVANG 1 W,23.778564869678373,0.12394480202981466
48481,3,USC00410569,BAY CITY WTR WKS,41.42060306994833,0.04084762043710378
48481,4,USC00411911,COLUMBUS,57.361382259578875,0.02129905726554353
48481,5,USW00012935,PALACIOS MUNI AP,61.62147270668601,0.01845590944724002
48483,1,USC00416776,PAMPA #2,67.67966314310765,0.2653612488335721
48483,2,USC00342849,ELK CITY 4 W,67.68618188445899,0.26531013831146616
48483,3,USC00415821,MEMPHIS,78.54157182560913,0.19704013776191356
48483,4,USC00415247,LIPSCOMB,93.80726558513489,0.1381277462507753
48483,5,USW00003932,CLINTON-SHERMAN AP,95.18406215323023,0.13416072884227292
48485,1,USW00013966,WICHITA FALLS MUNI AP,19.853305836620212,0.7393051112103901
48485,2,USC00414982,LAKE KEMP,47.94612245865469,0.1267600476847665
48485,3,USC00348879,TIPTON 4S MESONET,63.87479809835025,0.07142171817151874
48485,4,USC00410984,BOWIE,93.23833403275218,0.03351971862868639
48485,5,USC00414517,JACKSBORO,100.25246997530087,0.02899340430463823
48487,1,USC00414982,LAKE KEMP,37.87513055114937,0.3754574866204766
48487,2,USC00348879,TIPTON 4S MESONET,40.611398403167456,0.3265676471491107
48487,3,USC00419163,TRUSCOTT 3 W,67.80382133076552,0.11715496643183729
48487,4,USW00013966,WICHITA FALLS MUNI AP,70.0655292454996,0.10971354093517231
48487,5,USC00416740,PADUCAH 7E,87.03226830434254,0.0711063588634031
48489,1,USC00417184,PORT MANSFIELD,18.41098830327381,0.34054272381964956
48489,2,USC00417458,RAYMONDVILLE,19.008062702617256,0.31948472422431656
48489,3,USW00012904,HARLINGEN RIO GRANDE VLY INTL,28.622217199481426,0.1409026832254818
48489,4,USC00413943,HARLINGEN,31.99048040620197,0.11279355518494587
48489,5,USC00418059,SANTA ROSA 3 WNW,36.57776073463197,0.08627631354560612
48491,1,USC00413507,GEORGETOWN LAKE,11.479039822585221,0.7159741814093902
48491,2,USC00413686,GRANGER DAM,28.24269545520786,0.11827588344651022
48491,3,USC00412820,ELGIN 1 N,38.86639743654053,0.0624539501083597
48491,4,USW00013958,AUSTIN-CAMP MABRY,39.417763731321365,0.06071898772001506
48491,5,USC00414792,KILLEEN,47.07244191765761,0.042576997315724875
48493,1,USC00416368,NIXON,33.26100982551137,0.3357545740289018
48493,2,USW00012911,RANDOLPH AFB,43.35122883458161,0.19764688492777802
48493,3,USC00417111,PLEASANTON,44.750397123339454,0.18548082185296816
48493,4,USC00417215,POTEET,49.54410542652995,0.15132434982415086
48493,5,USW00012909,SAN ANTONIO KELLY AFB,53.49585661364077,0.12979336936620123
48495,1,USW00023040,WINK FAA AP,15.063952426872094,0.7552147709283068
48495,2,USC00294346,JAL,33.328917267363416,0.1542786876533658
48495,3,USC00416502,ODESSA,65.9145130346625,0.03944448141247183
48495,4,USC00412082,CRANE,81.2242902295758,0.025976252461504173
48495,5,USW00023023,MIDLAND ODESSA,82.65328713417031,0.025085807544351482
48497,1,USC00412334,DECATUR,6.221424297448591,0.7407151075989744
48497,2,USC00411063,BRIDGEPORT,11.446664948182963,0.21881289028854348
48497,3,USC00410984,BOWIE,41.04466387242923,0.017018349472519834
48497,4,USC00414517,JACKSBORO,47.922377453854914,0.01248401073883655
48497,5,USC00412404,DENTON 2 SE,51.12333735802645,0.010969641901125676
48499,1,USC00414976,LAKE FK RSVR,14.292744966624115,0.7335708075119705
48499,2,USC00418743,SULPHUR SPRINGS,46.520072171034144,0.06924566166382108
48499,3,USW00013972,TYLER POUNDS FLD,47.30037492749691,0.06697984877778591
48499,4,USC00414980,LAKE TAWAKONI,47.7332190988309,0.06577061173507925
48499,5,USC00416119,MT VERNON,48.226112098291495,0.06443307031134332
48501,1,USC00417074,PLAINS,2.758118798451393,0.9761243626458287
48501,2,USC00412408,DENVER CITY,21.460741495561077,0.016122843641445023
48501,3,USC00418201,SEMINOLE,52.48406828444419,0.0026957282206289913
48501,4,USC00411128,BROWNFIELD,52.59917395543459,0.0026839427089550842
48501,5,USC00294026,HOBBS,55.93780749668244,0.002373122783142275
48503,1,USC00414517,JACKSBORO,47.70911452961426,0.32191603001130525
48503,2,USC00411042,BRECKENRIDGE,50.00193335482367,0.2930702412375149
48503,3,USW00093985,MINERAL WELLS AP,71.29299666409665,0.14416225799348584
48503,4,USC00410120,ALBANY,76.98577895370255,0.12363012229982992
48503,5,USC00414982,LAKE KEMP,79.06227398239507,0.11722134845786417
48505,1,USC00413060,FALCON DAM,49.009033784169645,0.37060811675399685
48505,2,USW00012907,LAREDO INTL AP,65.91617810111738,0.20487226578794612
48505,3,USC00415060,LAREDO 2,68.18063576508467,0.19148956579946133
48505,4,USC00417622,RIO GRANDE CITY,78.17874917764452,0.14564305237445632
48505,5,USC00410690,BENAVIDES #2,100.92765678076297,0.08738699928413933
48507,1,USC00411486,CARRIZO SPRINGS 3S,43.16949092274599,0.41405386145546075
48507,2,USC00416879,PEARSALL,65.30547586432019,0.18093038067546174
48507,3,USW00012947,COTULLA LA SALLE CO AP,69.1673946647848,0.16129015489515286
48507,4,USW00012962,HONDO MUNI AP,79.18667875259439,0.12305703234543507
48507,5,USC00414254,HONDO,79.96653214867644,0.12066857062848951
49001,1,USC00420730,BLACK ROCK,46.14189651626296,0.3691218899805634
49001,2,USC00426686,PARAGONAH,66.76853803332601,0.17628564481767287
49001,3,USC00420527,BEAVER CANYON PWR HOUSE,66.80882972796431,0.17607307694084667
49001,4,USW00093129,CEDAR CITY AP,73.43112584667226,0.145747229766366
49001,5,USS0012L07S,Big Flat,76.93550936101133,0.132772158494551
49003,1,USC00427408,ROSETTE,36.68901097538339,0.535485902566783
49003,2,USC00428978,UTAH TEST RANGE,64.53584912202558,0.17306848579936676
49003,3,USC00420928,BRIGHAM CITY WASTE PLT,85.2754808423806,0.09912237454416008
49003,4,USC00421918,CUTLER DAM,86.41873490103139,0.09651709514803211
49003,5,USW00024151,MALAD CITY,86.73878805371017,0.09580614194165794
49005,1,USC00425186,LOGAN UTAH ST UNIV,4.971258210969415,0.6594983758799531
49005,2,USC00425182,LOGAN RADIO KVNU,9.211549171082902,0.19207950311726035
49005,3,USC00425194,LOGAN 5 SW EXP FARM,14.28773781076278,0.07983979789696101
49005,4,USC00427271,RICHMOND,19.890909024459624,0.04119429842936401
49005,5,USC00428828,TRENTON,24.394551126010178,0.027388024676461575
49007,1,USC00429368,WELLINGTON 3 E,20.119116100063298,0.6927937604173132
49007,2,USC00427729,SCOFIELD-SKYLINE MINE,52.80076160553768,0.10058689156964568
49007,3,USC00422253,DUCHESNE,57.60825510900232,0.08449914584788715
49007,4,USC00421214,CASTLE DALE,63.29871020238848,0.06998936280768588
49007,5,USC00425969,MYTON,73.34381933218171,0.0521308393574681
49011,1,USW00024126,OGDEN HINKLEY AP,23.31673612114428,0.32333017098832
49011,2,USC00429346,WEBER BASIN PUMP PLT 3,25.53721536476414,0.2695471034843045
49011,3,USC00420819,BOUNTIFUL BENCH,33.7192479946388,0.15460587270255485
49011,4,USW00024127,SALT LAKE CITY INTL AP,35.74491822829938,0.13757931147675254
49011,5,USC00426869,PINEVIEW DAM,39.10748814439093,0.1149375413480683
49013,1,USC00422253,DUCHESNE,13.514631185706724,0.41864830500046324
49013,2,USC00420074,ALTAMONT,14.055712958922923,0.3870365454510065
49013,3,USC00425969,MYTON,33.0428465713202,0.07003301541332206
49013,4,USS0010J30S,Brown Duck,35.050348222083876,0.062240498131365674
49013,5,USC00426123,NEOLA,35.10647674168007,0.062041636003842396
49015,1,USC00421214,CASTLE DALE,33.49601865934217,0.3717439019499047
49015,2,USC00422798,FERRON,37.954645278949464,0.2895345257823216
49015,3,USC00429368,WELLINGTON 3 E,58.13059840054542,0.12342997626433135
49015,4,USC00427559,SALINA 24 E,61.061897735019556,0.11186381789285578
49015,5,USS0011K31S,Buck Flat,63.503332828895594,0.10342777811058662
49017,1,USC00420849,BOULDER,8.594161197454032,0.7103620610091124
49017,2,USC00422592,ESCALANTE,14.688140117211502,0.24319415659408194
49017,3,USC00421171,CAPITOL REEF NP,53.723754168302,0.01817833250284949
49017,4,USC00424755,KODACHROME BASIN PARK,59.017833378358816,0.015063303461619215
49017,5,USW00023159,BRYCE CANYON AP,63.04071088920969,0.013202146432336942
49021,1,USW00093129,CEDAR CITY AP,29.10971987380971,0.3860872845006999
49021,2,USC00421260,CEDAR CITY 5E,39.463269497928884,0.21007550896650623
49021,3,USC00426686,PARAGONAH,47.090793942816916,0.14753311963488996
49021,4,USC00426181,NEW HARMONY,49.58270129818166,0.13307644285649178
49021,5,USC00422558,ENTERPRISE,51.52603246812872,0.12322764404141198
49023,1,USC00425138,LITTLE SAHARA REC AREA,41.38246858245192,0.26357329992593376
49023,2,USW00023162,DELTA,45.40858818059318,0.21890627124636788
49023,3,USC00422101,DESERET,48.91562739372763,0.1886422403850312
49023,4,USC00429133,VERNON,50.262754602429496,0.17866588295712735
49023,5,USC00426357,OAK CITY,54.81688401650214,0.15021230548553977
49027,1,USC00420730,BLACK ROCK,31.765050721685643,0.5062955530777666
49027,2,USC00422101,DESERET,55.49153369195826,0.16590128996154674
49027,3,USW00023162,DELTA,63.40274795701111,0.12708288246165542
49027,4,USC00422828,FILLMORE,69.96793582190084,0.10435303771324818
49027,5,USC00422607,ESKDALE,72.80930850701832,0.09636723678578318
49029,1,USC00425826,MORGAN,9.877581920069808,0.6154132929191665
49029,2,USC00422385,ECHO DAM,18.466217035841492,0.1760809132478416
49029,3,USC00429346,WEBER BASIN PUMP PLT 3,28.110861186062436,0.07598359755728128
49029,4,USC00426869,PINEVIEW DAM,28.585589131053275,0.07348079710839137
49029,5,USC00420819,BOUNTIFUL BENCH,31.890090825476673,0.05904139916731933
49031,1,USC00425477,MARYSVALE,15.054481158235308,0.36876305813808713
49031,2,USC00420168,ANGLE,17.6247708239019,0.2690494048807015
49031,3,USS0012L07S,Big Flat,20.51185069599472,0.19864118599027908
49031,4,USC00420527,BEAVER CANYON PWR HOUSE,31.649149040182202,0.0834362771084237
49031,5,USC00423012,FREMONT INDIAN SP,32.2995097298839,0.08011007388250864
49033,1,USC00427165,RANDOLPH,5.767614848694287,0.7225392390438947
49033,2,USC00429595,WOODRUFF,14.24097924533913,0.1185152488775654
49033,3,USS0011H37S,Bug Lake,16.03224868401636,0.09351150749034923
49033,4,USC00424856,LAKETOWN,22.973058127788835,0.0455424423175738
49033,5,USS0011H55S,Dry Bread Pond,34.76102092309385,0.019891562270616888
49035,1,USC00427606,SALT LAKE TRIAD CTR,11.681889652634627,0.2818763470780609
49035,2,USW00024127,SALT LAKE CITY INTL AP,11.926989728347193,0.2704102460775111
49035,3,USC00421759,COTTONWOOD WEIR,13.056448207169279,0.22564968584962172
49035,4,USC00421446,CITY CREEK WTP,18.103411159212463,0.11737186452052852
49035,5,USC00425892,MTN DELL DAM,19.168404539342998,0.10469185647427783
49037,1,USC00426053,NATURAL BRIDGES NM,16.369366756432946,0.6006228556111831
49037,2,USC00420738,BLANDING,27.058268676662603,0.21981918999945657
49037,3,USC00420788,BLUFF,41.160699879236766,0.09499486096161246
49037,4,USC00423980,HITE RS,60.55340502482296,0.04389231367785193
49037,5,USC00421168,CANYONLANDS-THE NEEDLES,62.905925604462595,0.04067077974989592
49039,1,USC00422578,EPHRAIM,2.509638163665417,0.9355875094497619
49039,2,USC00425402,MANTI,13.614364589706128,0.031791563113185796
49039,3,USC00425837,MORONI,17.066074571346515,0.020232025194150995
49039,4,USS0011K31S,Buck Flat,29.524310848632737,0.0067600062387955726
49039,5,USC00425065,LEVAN,32.355022417195755,0.005628896004105806
49041,1,USC00427260,RICHFIELD RADIO KSVC,23.11391299493177,0.47123743576253396
49041,2,USC00427559,SALINA 24 E,38.916189936895194,0.16623639175208027
49041,3,USC00425148,LOA,40.65837272775328,0.15229538627056718
49041,4,USC00425477,MARYSVALE,48.75426505138922,0.10591598377548996
49041,5,USC00423012,FREMONT INDIAN SP,49.12701720160796,0.10431480243932877
49043,1,USS0010J52S,Trial Lake,21.41275108989941,0.41484834005499877
49043,2,USS0011J46S,Beaver Divide,31.17511554317136,0.19571231334694308
49043,3,USC00424467,KAMAS,36.63105947551916,0.141754003760395
49043,4,USC00429165,WANSHIP DAM,38.04968321126107,0.13138089112334003
49043,5,USC00422385,ECHO DAM,40.44072919332772,0.11630445171432316
49045,1,USC00423348,GRANTSVILLE 2W,54.19145774298281,0.2963304019364762
49045,2,USC00428978,UTAH TEST RANGE,66.60430049613994,0.19617033525265312
49045,3,USC00428771,TOOELE,68.24809091319356,0.18683440892205444
49045,4,USC00429133,VERNON,68.28868873893202,0.18661232774750025
49045,5,USC00421144,CALLAO,80.57149786380057,0.13405252614131613
49047,1,USC00426568,OURAY 4NE,10.741436454971733,0.7166729422605165
49047,2,USC00424342,JENSEN,30.271540813984835,0.09023534461019701
49047,3,USC00422996,FT DUCHESNE,34.060529235457004,0.07127593969008918
49047,4,USC00429111,VERNAL,34.96058349353309,0.06765320729845173
49047,5,USC00422173,DINOSAUR NM-QUARRY AREA,39.07268457726721,0.0541625661407455
49049,1,USC00428119,SPANISH FK PWR HOUSE,7.050090953768969,0.5513522479612865
49049,2,USC00427061,PROVO AP,11.460781487926058,0.20863642130633672
49049,3,USC00427064,PROVO BYU,14.0232670786583,0.13935423725078042
49049,4,USC00427686,SANTAQUIN CHLORINATOR,20.396126037204464,0.06587539242773029
49049,5,USC00426919,PLEASANT GROVE,28.069448877852544,0.03478170105386626
49053,1,USC00427516,ST GEORGE,19.13119927242528,0.3663393349463133
49053,2,USC00424968,LA VERKIN,20.584595680252978,0.3164340875549574
49053,3,USC00426181,NEW HARMONY,28.397081744817243,0.1662725357925012
49053,4,USC00422558,ENTERPRISE,39.62676837578547,0.08538677888969343
49053,5,USC00429717,ZION NP,45.22102944907294,0.06556726281653451
49057,1,USC00426869,PINEVIEW DAM,3.5511636111269476,0.8452608887929376
49057,2,USS0011H08S,Ben Lomond Peak,13.285486411812602,0.0603916949500631
49057,3,USW00024126,OGDEN HINKLEY AP,14.448013584330257,0.05106412036906922
49057,4,USC00429346,WEBER BASIN PUMP PLT 3,18.162479504381945,0.032313340970228616
49057,5,USC00425826,MORGAN,31.171926782060073,0.010969954917701506
51001,1,USC00446475,PAINTER 2 W,20.95533240697276,0.5499052082941265
51001,2,USW00093739,WALLOPS IS NASA TEST FACILITY,31.91539017632023,0.23707001391606933
51001,3,USC00187330,PRINCESS ANNE,50.06181540779122,0.09635266972984316
51001,4,USC00188380,SNOW HILL 4 N,61.65096150478228,0.06353268842315533
51001,5,USW00093720,SALISBURY-WICOMICO RGNL AP,67.41089098095055,0.05313941963680561
51003,1,USC00441593,CHARLOTTESVILLE 2W,2.8798112365643034,0.9488174767134551
51003,2,USW00093736,CHARLOTTESVILLE ALBEMARLE AP,15.267623426502514,0.033757310641736704
51003,3,USC00446491,SCOTTSVILLE 6SE,34.017142412106196,0.006800096300143051
51003,4,USC00447904,SOMERSET,34.58090848080455,0.0065801822506995865
51003,5,USC00446712,PIEDMONT RSCH STN,44.10619922182794,0.004044934093965817
51005,1,USC00442044,COVINGTON FLTR PLT,3.139263045545672,0.9396769565899061
51005,2,USC00443310,GATHRIGHT DAM,18.1965410571088,0.02796767143673784
51005,3,USC00469522,WHITE SULPHUR SPRINGS,26.330212926944167,0.013357502063571546
51005,4,USC00444128,HOT SPRINGS,28.157502483213584,0.011680077652902764
51005,5,USC00465224,LEWISBURG 3 N,35.573529605719166,0.007317792256881557
51007,1,USC00440187,AMELIA COURTHOUSE,1.4547451432196945,0.9944118720525604
51007,2,USC00441322,FT PICKETT,32.85646319631329,0.0019493889848104025
51007,3,USC00442941,FARMVILLE,38.18039690904452,0.001443641156557903
51007,4,USC00442142,CROZIER,38.235102625337746,0.0014395130690044967
51007,5,USC00446656,PETERSBURG,52.77502867906901,0.0007555847370668103
51009,1,USC00445690,MONTEBELLO FISH CULTURAL STN,24.01337453130146,0.3885338396228303
51009,2,USC00444876,LEXINGTON,29.87628039382704,0.251004891858179
51009,3,USW00013733,LYNCHBURG RGNL AP,34.54038480818863,0.1877936468054247
51009,4,USC00440243,APPOMATTOX,44.386597879204125,0.1137186044858607
51009,5,USC00448062,STAUNTON WTP,61.64946824161879,0.05894901722770522
51011,1,USC00440243,APPOMATTOX,5.173487996782248,0.9341708839961914
51011,2,USW00013733,LYNCHBURG RGNL AP,35.385649490278055,0.01996819808011761
51011,3,USC00441082,BROOKNEAL,35.91576349588146,0.019383090014562104
51011,4,USC00442941,FARMVILLE,37.08016776506924,0.018184854811980337
51011,5,USC00446491,SCOTTSVILLE 6SE,54.908740396978736,0.008292973097148564
51015,1,USC00448062,STAUNTON WTP,4.536580188439137,0.9541699011632775
51015,2,USC00442208,DALE ENTERPRISE,36.13902108878922,0.015035924196804086
51015,3,USC00445690,MONTEBELLO FISH CULTURAL STN,36.50504566753625,0.01473591488568435
51015,4,USC00445880,MUSTOE 1 SW,47.90070380445215,0.008558528622888726
51015,5,USC00444876,LEXINGTON,51.170375184287,0.007499731131345346
51017,1,USC00444128,HOT SPRINGS,11.70707509491557,0.6189494759774545
51017,2,USC00443310,GATHRIGHT DAM,23.821637904004607,0.14948883934146262
51017,3,USC00445880,MUSTOE 1 SW,28.077761694644828,0.10760365922960725
51017,4,USC00442044,COVINGTON FLTR PLT,36.42357146846916,0.06394210839091322
51017,5,USC00461215,BUCKEYE,37.596098660734455,0.060015917060562446
51019,1,USW00013733,LYNCHBURG RGNL AP,28.389478568644382,0.41634677264067577
51019,2,USW00013741,ROANOKE-BLACKSBURG RGNL AP,39.47926939346694,0.215293947269148
51019,3,USC00447338,ROCKY MT,49.5936086923571,0.13643274348006287
51019,4,USC00444876,LEXINGTON,52.231411402954365,0.12300039643688447
51019,5,USC00441614,CHATHAM,55.50331975734487,0.10892614017322877
51021,1,USC00441209,BURKES GARDEN,19.187852274957468,0.30708323093154727
51021,2,USW00003859,BLUEFIELD MERCER CO AP,19.824352795058175,0.2876807472438067
51021,3,USC00449301,WYTHEVILLE,22.32680040569767,0.22680668650769076
51021,4,USC00446955,PULASKI 2 E,31.424053742204958,0.11449444495539404
51021,5,USC00448022,PEARISBURG 4 SSE,42.05188368631739,0.06393489036156111
51023,1,USW00013741,ROANOKE-BLACKSBURG RGNL AP,31.68237129270828,0.28078869360398195
51023,2,USC00442044,COVINGTON FLTR PLT,32.05710809903579,0.2742624121993756
51023,3,USC00444876,LEXINGTON,39.36603437552969,0.18187442781232496
51023,4,USC00443310,GATHRIGHT DAM,44.47543266226294,0.1424867929093608
51023,5,USC00444128,HOT SPRINGS,48.345497002743535,0.12058767347495677
51025,1,USC00442790,EMPORIA 1 WNW,27.874550685551593,0.31625250835279867
51025,2,USC00441322,FT PICKETT,31.306731526235158,0.2507115097937191
51025,3,USC00317319,ROANOKE RAPIDS,35.9750527373907,0.18986584723959057
51025,4,USC00444414,JOHN H KERR DAM,43.2317390448646,0.1314753447768999
51025,5,USC00448129,STONY CREEK 2 N,46.903840831425114,0.11169478983699184
51029,1,USC00446491,SCOTTSVILLE 6SE,21.888509452406886,0.4781173272433732
51029,2,USC00442941,FARMVILLE,33.82233848454334,0.20024403902464116
51029,3,USC00440243,APPOMATTOX,38.11760337661242,0.15765788134472147
51029,4,USC00441593,CHARLOTTESVILLE 2W,51.0276023256151,0.08797444488424377
51029,5,USC00440187,AMELIA COURTHOUSE,54.89826416361137,0.07600630750302059
51031,1,USW00013733,LYNCHBURG RGNL AP,15.794270060998887,0.4740394696935059
51031,2,USC00441082,BROOKNEAL,20.319108321329,0.2864206537569039
51031,3,USC00440243,APPOMATTOX,26.987765835455093,0.16236026679246146
51031,4,USC00441614,CHATHAM,51.43271772132612,0.04470279485553123
51031,5,USC00447925,S BOSTON,60.342054999169235,0.03247681490159759
51033,1,USC00442009,CORBIN,19.453135876992583,0.46729294628275286
51033,2,USC00443204,FREDERICKSBURG SEWAGE,30.073703524556482,0.19552155295001117
51033,3,USC00440327,ASHLAND,32.44037063122568,0.16803387831334068
51033,4,USC00448829,WALKERTON 2 NW,41.95812249333025,0.10044686182208104
51033,5,USC00448894,WARSAW 2 NW,50.73303192819592,0.06870476063181422
51035,1,USC00443272,GALAX WTP,18.9595930629666,0.3919324559419582
51035,2,USC00445453,MEADOWS OF DAN 5 SW,25.9735440936868,0.20883670186403241
51035,3,USC00315890,MT AIRY 2 W,27.08153787697301,0.19209789519159468
51035,4,USC00446955,PULASKI 2 E,36.356267094740836,0.10658858124993469
51035,5,USC00449301,WYTHEVILLE,37.43309674614143,0.10054436575248003
51036,1,USC00444101,HOPEWELL,20.909740369433386,0.3588666614358237
51036,2,USW00013740,RICHMOND INTL AP,29.072851566433794,0.18563297855359076
51036,3,USC00449151,WILLIAMSBURG 2 N,31.66478481783998,0.15648665702795544
51036,4,USC00449025,W PT 2 NW,31.94609433083309,0.15374282456345564
51036,5,USC00446656,PETERSBURG,32.864415770002736,0.14527087841917438
51037,1,USC00441082,BROOKNEAL,26.82599006426275,0.3116107506324664
51037,2,USC00441606,CHASE CITY,30.45684976808906,0.2417430455034927
51037,3,USC00442941,FARMVILLE,38.11807534252489,0.15433414596760928
51037,4,USC00440243,APPOMATTOX,38.301355084549094,0.1528606396383947
51037,5,USC00447925,S BOSTON,40.100566496266275,0.139451418258037
51041,1,USC00446656,PETERSBURG,23.089868553520084,0.32162766345719107
51041,2,USW00013740,RICHMOND INTL AP,27.510206118624975,0.2265732468120393
51041,3,USC00444101,HOPEWELL,28.648402553869907,0.20892744619307155
51041,4,USC00440187,AMELIA COURTHOUSE,34.86605786927834,0.1410556944910205
51041,5,USC00442142,CROZIER,41.038384060731666,0.10181594904667755
51043,1,USC00449186,WINCHESTER 7 SE,13.977365894944295,0.3984966999055107
51043,2,USC00449181,WINCHESTER,16.066603884598187,0.30159714393569403
51043,3,USC00444909,PURCELLVILLE,24.451829711556027,0.13021249853339165
51043,4,USC00443229,FRONT ROYAL,28.744296183146606,0.09422627854117764
51043,5,USW00013734,MARTINSBURG E W VIRGINIA RGNL,32.11870783856244,0.07546737908422597
51045,1,USW00013741,ROANOKE-BLACKSBURG RGNL AP,28.630593962202237,0.3058970247922621
51045,2,USC00440766,BLACKSBURG NWSO,34.08984718032185,0.2157674157260989
51045,3,USC00469522,WHITE SULPHUR SPRINGS,35.64780615374763,0.1973196577969413
51045,4,USC00441692,CHRISTIANSBURG,41.3599615020959,0.14658033740089915
51045,5,USC00442044,COVINGTON FLTR PLT,43.18778166477011,0.1344355642837985
51047,1,USC00447985,SPERRYVILLE,30.143316448643937,0.2951282564570531
51047,2,USC00446712,PIEDMONT RSCH STN,32.25624894849804,0.2577300946978774
51047,3,USC00447904,SOMERSET,38.592673032633776,0.18004585925687025
51047,4,USC00445096,LURAY 5 E,41.3660668380028,0.15671277434816802
51047,5,USC00443204,FREDERICKSBURG SEWAGE,49.28846605507185,0.11038301524003116
51049,1,USC00446491,SCOTTSVILLE 6SE,27.99783829314065,0.28121094348460945
51049,2,USC00442941,FARMVILLE,29.307053950496584,0.25664741338995634
51049,3,USC00440187,AMELIA COURTHOUSE,31.11164576036146,0.22773786698805526
51049,4,USC00442142,CROZIER,36.897307754526686,0.16191678127572506
51049,5,USC00440243,APPOMATTOX,55.1455613501347,0.07248699486165379
51053,1,USC00448129,STONY CREEK 2 N,23.3136775386019,0.3316729541188256
51053,2,USC00441322,FT PICKETT,27.8522720933963,0.23238621960629238
51053,3,USC00446656,PETERSBURG,28.319353248125648,0.2247837788389158
51053,4,USC00444101,HOPEWELL,40.44220822174922,0.1102203809463615
51053,5,USC00442790,EMPORIA 1 WNW,42.26115243994725,0.10093666648960475
51057,1,USC00448894,WARSAW 2 NW,14.904267242602765,0.5878954563476099
51057,2,USC00448829,WALKERTON 2 NW,23.410270073543668,0.2382914796353325
51057,3,USC00449025,W PT 2 NW,42.873919165589264,0.07104524108514723
51057,4,USC00442009,CORBIN,48.61721086233453,0.055251144909771344
51057,5,USC00440327,ASHLAND,52.42490421066763,0.047516678022139006
51061,1,USC00443229,FRONT ROYAL,35.946260021331575,0.23176799541604728
51061,2,USC00447985,SPERRYVILLE,36.56503921435345,0.22399008805818613
51061,3,USW00093738,WASHINGTON DULLES INTL AP,38.731595061009344,0.1996319836749664
51061,4,USC00448084,WFO STERLING,38.81466747681714,0.19877838035849746
51061,5,USC00444909,PURCELLVILLE,45.31632618339203,0.14583155249230276
51063,1,USC00441692,CHRISTIANSBURG,22.3367687392441,0.3583907044765081
51063,2,USC00445453,MEADOWS OF DAN 5 SW,30.698790987736434,0.18973824910340692
51063,3,USC00440766,BLACKSBURG NWSO,30.82668287490776,0.18816716562225028
51063,4,USC00448170,STUART,33.89885536823772,0.15560636746763734
51063,5,USC00447338,ROCKY MT,40.6715631789044,0.10809751333019735
51065,1,USC00446491,SCOTTSVILLE 6SE,14.234985901980599,0.6007492828205295
51065,2,USC00441593,CHARLOTTESVILLE 2W,30.74070952158644,0.12881889498020868
51065,3,USC00445050,LOUISA,33.67582401609794,0.10734229618099729
51065,4,USW00093736,CHARLOTTESVILLE ALBEMARLE AP,37.29100331801514,0.08753852150163002
51065,5,USC00442142,CROZIER,40.14057139889646,0.07555100451663437
51067,1,USC00447338,ROCKY MT,1.9841618960891592,0.9898556370563673
51067,2,USC00445300,MARTINSVILLE FLTR PLT,31.893457437634446,0.0038310945229623455
51067,3,USW00013741,ROANOKE-BLACKSBURG RGNL AP,37.135133567033506,0.0028258954513104236
51067,4,USC00441614,CHATHAM,46.028887068380925,0.0018393531590694867
51067,5,USC00441692,CHRISTIANSBURG,48.627486454580634,0.001648019810290553
51069,1,USC00449181,WINCHESTER,9.816391153981161,0.5802598585225442
51069,2,USC00449186,WINCHESTER 7 SE,14.303150675500959,0.2733145871615627
51069,3,USW00013734,MARTINSBURG E W VIRGINIA RGNL,33.36701422814,0.050221715735919416
51069,4,USC00443229,FRONT ROYAL,34.06890726530314,0.04817368076601707
51069,5,USC00461324,CACAPON ST PK #2,34.11977137865857,0.04803015781395651
51071,1,USC00448022,PEARISBURG 4 SSE,4.46749559289493,0.9304173046757629
51071,2,USC00440766,BLACKSBURG NWSO,28.151654042980244,0.02343139854881353
51071,3,USC00446955,PULASKI 2 E,30.139254996036552,0.02044283008236182
51071,4,USC00441692,CHRISTIANSBURG,33.61535438046923,0.01643352222860668
51071,5,USW00003859,BLUEFIELD MERCER CO AP,44.74529373542453,0.00927494446445517
51073,1,USC00449151,WILLIAMSBURG 2 N,19.55729924592754,0.5731732543381147
51073,2,USC00449025,W PT 2 NW,30.330118691072936,0.23831723921981418
51073,3,USW00013750,NORFOLK NAS,55.825167105673415,0.07034668154602493
51073,4,USC00448829,WALKERTON 2 NW,59.15421994376335,0.06265160703988523
51073,5,USW00013737,NORFOLK INTL AP,62.84365875782476,0.05551121785616099
51075,1,USC00442142,CROZIER,6.8416782877059035,0.893309821131779
51075,2,USC00445050,LOUISA,36.548649562738966,0.03130291172715125
51075,3,USC00440327,ASHLAND,38.25910046245292,0.02856655677888521
51075,4,USC00440187,AMELIA COURTHOUSE,41.9068782022214,0.023809856968630853
51075,5,USC00446491,SCOTTSVILLE 6SE,42.6282339285551,0.023010853393553656
51077,1,USC00443272,GALAX WTP,26.595981992589856,0.2951368539107379
51077,2,USC00318694,TRANSOU,29.144095499508264,0.24578441507786464
51077,3,USC00314496,JEFFERSON 2 E,32.37427284153298,0.1991844629192294
51077,4,USC00449301,WYTHEVILLE,34.421630182488755,0.17619461672427672
51077,5,USC00441209,BURKES GARDEN,49.94199967088932,0.08369965136789127
51079,1,USW00093736,CHARLOTTESVILLE ALBEMARLE AP,17.89377273785691,0.3598707254186031
51079,2,USC00447904,SOMERSET,18.679755787199056,0.33022349196418327
51079,3,USC00441593,CHARLOTTESVILLE 2W,29.839669567959064,0.12940836033325742
51079,4,USC00446712,PIEDMONT RSCH STN,31.715472983172535,0.1145533960125402
51079,5,USC00445096,LURAY 5 E,41.80107464155437,0.06594402627141592
51081,1,USC00442790,EMPORIA 1 WNW,1.9981681196154106,0.9853038759833024
51081,2,USC00317319,ROANOKE RAPIDS,24.498070328772343,0.006554966677583908
51081,3,USC00314456,JACKSON,33.84162014410866,0.0034350411939729035
51081,4,USC00448129,STONY CREEK 2 N,35.5065041622564,0.0031204585036798734
51081,5,USC00315996,MURFREESBORO,49.80952599069715,0.001585657641461001
51083,1,USC00447925,S BOSTON,9.491223941205968,0.8017284678845453
51083,2,USC00441082,BROOKNEAL,33.5245903737059,0.06426060141028161
51083,3,USC00441746,CLARKSVILLE,38.211381837989585,0.049463661237540285
51083,4,USW00013728,DANVILLE RGNL AP,41.31897400492606,0.04230314811631631
51083,5,USC00441606,CHASE CITY,41.34783096681056,0.04224412135131664
51085,1,USC00440327,ASHLAND,0.779157391666531,0.9982773136086786
51085,2,USW00013740,RICHMOND INTL AP,31.34492642847423,0.0006168322644493431
51085,3,USC00442142,CROZIER,35.48544985931528,0.0004812834870904098
51085,4,USC00448829,WALKERTON 2 NW,39.72366447909201,0.0003840634525806772
51085,5,USC00442009,CORBIN,50.19804069540442,0.00024050718720101887
51087,1,USW00013740,RICHMOND INTL AP,8.493793828935802,0.6576523113448306
51087,2,USC00444101,HOPEWELL,15.512277449536832,0.197173548887439
51087,3,USC00446656,PETERSBURG,23.540709625367732,0.08561713289532669
51087,4,USC00440327,ASHLAND,38.90115664446535,0.03135268594861827
51087,5,USC00448829,WALKERTON 2 NW,41.014938686390686,0.028204320923785282
51089,1,USC00445300,MARTINSVILLE FLTR PLT,13.903510271821036,0.5448463037981808
51089,2,USC00448170,STUART,24.49034254424522,0.1756035187001424
51089,3,USC00312238,DANBURY,27.622545688648383,0.13803700632996332
51089,4,USC00317202,REIDSVILLE 2 NW,37.04484231883606,0.07674806453278828
51089,5,USC00447338,ROCKY MT,40.32653654377489,0.06476510663892525
51091,1,USC00445880,MUSTOE 1 SW,10.052612145377072,0.7595551228784164
51091,2,USC00460509,BARTOW 1S,25.729011758421485,0.1159500498727485
51091,3,USC00468308,SNOWSHOE,37.75483222303412,0.05384830796378932
51091,4,USC00448062,STAUNTON WTP,46.21466952271759,0.035938293165130766
51091,5,USC00444128,HOT SPRINGS,47.02646850645127,0.03470822611991498
51093,1,USC00448192,SUFFOLK LAKE KILBY,21.305163872237017,0.4272885219107006
51093,2,USC00448800,WAKEFIELD 1 NW,28.214168006083487,0.2436444306430518
51093,3,USW00013750,NORFOLK NAS,37.407998367793866,0.13859962129243492
51093,4,USC00449151,WILLIAMSBURG 2 N,44.510516974334145,0.09789617146529671
51093,5,USW00013737,NORFOLK INTL AP,45.77279341522628,0.09257125468851606
51095,1,USC00449151,WILLIAMSBURG 2 N,7.030885295300553,0.8780999828303732
51095,2,USC00449025,W PT 2 NW,26.842698544782944,0.06024370121722303
51095,3,USC00448800,WAKEFIELD 1 NW,43.03912237745838,0.02343350113963357
51095,4,USC00444101,HOPEWELL,44.27673781452639,0.022141791789413428
51095,5,USC00448829,WALKERTON 2 NW,51.9547381348406,0.016081023023356785
51097,1,USC00448829,WALKERTON 2 NW,12.157345457387233,0.5957031605053277
51097,2,USC00449025,W PT 2 NW,19.30630467202801,0.2362158897974752
51097,3,USC00448894,WARSAW 2 NW,32.11219256321858,0.0853822313958422
51097,4,USW00013740,RICHMOND INTL AP,43.3450045583,0.046862916521984835
51097,5,USC00449151,WILLIAMSBURG 2 N,49.56728675384628,0.03583580177937009
51099,1,USC00442009,CORBIN,20.31083236511841,0.38939220730560364
51099,2,USC00443204,FREDERICKSBURG SEWAGE,25.17837186085652,0.25338879878029635
51099,3,USW00013773,QUANTICO MCAS,28.06809344095928,0.20389983396264572
51099,4,USC00185865,MECHANICSVILLE 5 NE,44.99487088680942,0.07934447293266973
51099,5,USC00448894,WARSAW 2 NW,46.59934170020586,0.07397468701878458
51101,1,USC00448829,WALKERTON 2 NW,5.944960181724579,0.8868645223755771
51101,2,USW00013740,RICHMOND INTL AP,29.93702915580124,0.03497339408765042
51101,3,USC00449025,W PT 2 NW,30.140776817400248,0.03450216119591549
51101,4,USC00440327,ASHLAND,35.03712658990364,0.025532786731187012
51101,5,USC00448894,WARSAW 2 NW,41.582730087734916,0.0181271356096698
51103,1,USC00449025,W PT 2 NW,37.45741038844913,0.3158453368705963
51103,2,USC00448894,WARSAW 2 NW,44.88759849575117,0.21993645747815352
51103,3,USC00449151,WILLIAMSBURG 2 N,51.66734558717815,0.16600366153028223
51103,4,USC00446475,PAINTER 2 W,53.7276093091894,0.15351645564737473
51103,5,USC00448829,WALKERTON 2 NW,55.34056476564512,0.14469808847359317
51105,1,USC00446626,PENNINGTON GAP,12.387050175922193,0.7250216560029135
51105,2,USC00440735,BIG STONE GAP,34.101555477357216,0.0956617661079872
51105,3,USC00407884,ROGERSVILLE 1 NE,34.33968289235138,0.09433963936375107
51105,4,USC00408868,TAZEWELL,46.56437366794246,0.051307309474613975
51105,5,USC00404858,KINGSPORT,57.48098748440211,0.03366962905073445
51107,1,USC00444909,PURCELLVILLE,9.11086099878275,0.6516003573223706
51107,2,USC00448084,WFO STERLING,17.555102508233603,0.1755065850354292
51107,3,USW00093738,WASHINGTON DULLES INTL AP,23.23188076142676,0.10021469647183052
51107,4,USC00448737,VIENNA,36.83209174724229,0.039870105779389126
51107,5,USC00182336,DAMASCUS 3 SSW,40.603036096545026,0.032808255390980576
51109,1,USC00445050,LOUISA,8.51201034317536,0.8252011406815744
51109,2,USC00446712,PIEDMONT RSCH STN,31.348580797926655,0.06083987823905351
51109,3,USC00442142,CROZIER,34.82906218627621,0.04928792597608343
51109,4,USC00447904,SOMERSET,40.22736956289277,0.03694714069224237
51109,5,USC00446491,SCOTTSVILLE 6SE,46.439205149714205,0.027723914411046345
51111,1,USC00441606,CHASE CITY,28.045778135820616,0.29588796685562324
51111,2,USC00441322,FT PICKETT,28.076940632734754,0.2952315213393811
51111,3,USC00444414,JOHN H KERR DAM,38.76783539281349,0.15485284412259828
51111,4,USC00442941,FARMVILLE,40.58761386810315,0.14127823213540258
51111,5,USC00441746,CLARKSVILLE,45.43326602888131,0.11274943554699479
51113,1,USC00447904,SOMERSET,19.110724724491956,0.3562845961986614
51113,2,USC00446712,PIEDMONT RSCH STN,24.927886015351422,0.20940182368483115
51113,3,USC00447985,SPERRYVILLE,27.391295340668417,0.1734307965192235
51113,4,USC00445096,LURAY 5 E,29.45225013315675,0.15000799264582843
51113,5,USW00093736,CHARLOTTESVILLE ALBEMARLE AP,34.25778449053721,0.11087479095145565
51115,1,USC00449151,WILLIAMSBURG 2 N,40.836578777169,0.27539214621023395
51115,2,USC00446475,PAINTER 2 W,43.22367459837651,0.24581415144031601
51115,3,USC00449025,W PT 2 NW,49.38966935628451,0.18826865241757557
51115,4,USW00013750,NORFOLK NAS,54.27629582873242,0.15589416125809016
51115,5,USW00013737,NORFOLK INTL AP,58.4053686511594,0.13463088867378425
51117,1,USC00444414,JOHN H KERR DAM,11.408117379635131,0.44552245461015255
51117,2,USC00441606,CHASE CITY,13.82060964339846,0.30355903134188217
51117,3,USC00441746,CLARKSVILLE,17.822057580985394,0.18255001574712656
51117,4,USC00313969,HENDERSON 2 NNW,37.818657901896366,0.04054014842637836
51117,5,USC00447925,S BOSTON,45.646244522320416,0.027828349874460284
51119,1,USC00449025,W PT 2 NW,24.397700591001605,0.47485400308324105
51119,2,USC00449151,WILLIAMSBURG 2 N,37.32453977317464,0.20289389308832553
51119,3,USC00448829,WALKERTON 2 NW,47.53535460581743,0.12509052698752554
51119,4,USC00448894,WARSAW 2 NW,47.685884803137824,0.1243020260891963
51119,5,USC00446475,PAINTER 2 W,62.285320647195945,0.07285955075171155
51121,1,USC00440766,BLACKSBURG NWSO,3.9370641618333386,0.6432246645007029
51121,2,USC00441692,CHRISTIANSBURG,5.483227987588338,0.331615686912851
51121,3,USC00448022,PEARISBURG 4 SSE,29.018173206880117,0.01184043169561611
51121,4,USC00446955,PULASKI 2 E,37.58605613483803,0.007057553158654837
51121,5,USW00013741,ROANOKE-BLACKSBURG RGNL AP,39.903314074175015,0.0062616637321751736
51125,1,USC00445690,MONTEBELLO FISH CULTURAL STN,22.54012765097001,0.49695266973746366
51125,2,USC00441593,CHARLOTTESVILLE 2W,41.678559008428955,0.14534576430430524
51125,3,USC00446491,SCOTTSVILLE 6SE,42.68343882802031,0.1385826837901811
51125,4,USC00448062,STAUNTON WTP,47.241192372864006,0.11313215740972665
51125,5,USC00444876,LEXINGTON,48.80767829810946,0.10598672475832321
51127,1,USC00449025,W PT 2 NW,18.625211102683547,0.39734619229543516
51127,2,USC00448829,WALKERTON 2 NW,26.170226858453862,0.20125954594491982
51127,3,USW00013740,RICHMOND INTL AP,28.57584502494019,0.1688003331674053
51127,4,USC00444101,HOPEWELL,33.97012604308719,0.11944752260765347
51127,5,USC00449151,WILLIAMSBURG 2 N,34.90320836540704,0.11314640598458628
51131,1,USC00446475,PAINTER 2 W,32.592033171892304,0.4188119906022252
51131,2,USW00013737,NORFOLK INTL AP,50.38166348341062,0.17526573112312982
51131,3,USW00013750,NORFOLK NAS,51.942927139760556,0.1648880472914024
51131,4,USW00013769,OCEANA NAS,54.9120576246323,0.14753891293067117
51131,5,USC00449151,WILLIAMSBURG 2 N,68.98045831293655,0.09349531805257155
51133,1,USC00448894,WARSAW 2 NW,37.769423137290104,0.3190536809691679
51133,2,USC00449025,W PT 2 NW,49.16041425135396,0.18832735001681128
51133,3,USW00013721,PATUXENT RIVER NAS,49.368656094327235,0.18674193426407362
51133,4,USC00188405,SOLOMONS,51.88221885790101,0.1690858948763916
51133,5,USC00446475,PAINTER 2 W,57.68239009604036,0.13679113987355557
51135,1,USC00441322,FT PICKETT,14.974923022641134,0.5810895648752129
51135,2,USC00440187,AMELIA COURTHOUSE,23.636660205323686,0.23323839803141108
51135,3,USC00442941,FARMVILLE,35.04608981599198,0.10609456450734038
51135,4,USC00441606,CHASE CITY,55.13025509656542,0.04287382882295418
51135,5,USC00446656,PETERSBURG,59.58425949001719,0.03670364376308133
51137,1,USC00446712,PIEDMONT RSCH STN,9.78745884995582,0.6836681239164418
51137,2,USC00447904,SOMERSET,22.562766024264498,0.12864726273950647
51137,3,USC00445050,LOUISA,23.280082649010254,0.12084152406576784
51137,4,USW00093736,CHARLOTTESVILLE ALBEMARLE AP,40.73769504245115,0.039463202323676706
51137,5,USC00447985,SPERRYVILLE,48.9076493110348,0.027379886954607156
51139,1,USC00445096,LURAY 5 E,11.387848994306273,0.6577216476603842
51139,2,USC00447985,SPERRYVILLE,23.263004894571342,0.15761368076581905
51139,3,USC00449263,WOODSTOCK 2 NE,31.14184659064821,0.08795019636750231
51139,4,USC00443229,FRONT ROYAL,41.170841880782575,0.05032062654567397
51139,5,USC00442208,DALE ENTERPRISE,42.877807182848564,0.04639384866062057
51141,1,USC00448170,STUART,4.45398982222842,0.8708048415665239
51141,2,USC00445453,MEADOWS OF DAN 5 SW,14.421224937947022,0.0830644079233139
51141,3,USC00312238,DANBURY,28.06307959249123,0.02193555461788303
51141,4,USC00445300,MARTINSVILLE FLTR PLT,37.782064521194364,0.012101742419324702
51141,5,USC00315890,MT AIRY 2 W,37.79501036262748,0.012093453472954246
51143,1,USC00441614,CHATHAM,1.0503510479932525,0.9962463433999257
51143,2,USW00013728,DANVILLE RGNL AP,28.25185189799949,0.0013770250626016845
51143,3,USC00442245,DANVILLE 2 SE,28.961281913289305,0.0013103886546696614
51143,4,USC00445300,MARTINSVILLE FLTR PLT,43.57068503305216,0.0005789578013491435
51143,5,USC00447338,ROCKY MT,47.492637153726896,0.0004872850814538152
51145,1,USC00442142,CROZIER,13.389359290518508,0.6402925691634167
51145,2,USC00440187,AMELIA COURTHOUSE,23.44713583895853,0.20879421128534434
51145,3,USC00440327,ASHLAND,44.078902272276665,0.05907945930579457
51145,4,USC00446491,SCOTTSVILLE 6SE,48.089470831197296,0.04963614636183557
51145,5,USW00013740,RICHMOND INTL AP,52.15609641331926,0.04219761388360891
51147,1,USC00442941,FARMVILLE,7.2339599535412,0.8989405224793071
51147,2,USC00440243,APPOMATTOX,36.67918332777378,0.03496583015107934
51147,3,USC00440187,AMELIA COURTHOUSE,42.400006478063126,0.026166842030212484
51147,4,USC00441322,FT PICKETT,47.92628955854749,0.02048026368027002
51147,5,USC00441082,BROOKNEAL,49.18360863697627,0.019446541659131088
51149,1,USC00444101,HOPEWELL,13.40788946097294,0.4471032160207434
51149,2,USC00446656,PETERSBURG,16.23442303536551,0.30496845406703194
51149,3,USC00448129,STONY CREEK 2 N,28.7358659174869,0.09733747100100576
51149,4,USC00448800,WAKEFIELD 1 NW,29.483641331033724,0.09246266287201205
51149,5,USW00013740,RICHMOND INTL AP,37.185266224136825,0.05812819603920693
51153,1,USW00093738,WASHINGTON DULLES INTL AP,26.124070116482777,0.24806073221616573
51153,2,USW00013773,QUANTICO MCAS,26.69316240945029,0.2375962845735149
51153,3,USC00448737,VIENNA,26.874461570216127,0.23440137715032372
51153,4,USC00448084,WFO STERLING,30.616417335576664,0.1806054969295185
51153,5,USC00182325,DALECARLIA RSVR,41.282527489570015,0.09933610913047707
51155,1,USC00446955,PULASKI 2 E,6.334898989848647,0.835964062444858
51155,2,USC00448022,PEARISBURG 4 SSE,24.029424937898895,0.05810054972320516
51155,3,USC00441692,CHRISTIANSBURG,28.4246540045339,0.041521843066424056
51155,4,USC00440766,BLACKSBURG NWSO,30.771497747358467,0.03542988365074294
51155,5,USC00449301,WYTHEVILLE,34.02176784563979,0.02898366111476975
51157,1,USC00447985,SPERRYVILLE,6.020196098520291,0.8205344268185083
51157,2,USC00445096,LURAY 5 E,17.82521428391786,0.09359411981758947
51157,3,USC00443229,FRONT ROYAL,24.421249595927396,0.04986344942065541
51157,4,USC00449263,WOODSTOCK 2 NE,36.2529479506339,0.02262723191823798
51157,5,USC00449186,WINCHESTER 7 SE,47.14313459846139,0.013380772025008718
51159,1,USC00448894,WARSAW 2 NW,6.462929946754735,0.9150116154461534
51159,2,USC00448829,WALKERTON 2 NW,35.083779514888185,0.031050797446808238
51159,3,USC00449025,W PT 2 NW,42.39501236078596,0.021264538991058422
51159,4,USW00013721,PATUXENT RIVER NAS,48.27594552179124,0.01639924775711558
51159,5,USC00188405,SOLOMONS,48.46165707892264,0.016273800358864273
51161,1,USW00013741,ROANOKE-BLACKSBURG RGNL AP,19.3036701569284,0.4130831818160644
51161,2,USC00440766,BLACKSBURG NWSO,24.270652928877272,0.2613090012959287
51161,3,USC00441692,CHRISTIANSBURG,29.359593283593945,0.1785735859378575
51161,4,USC00448022,PEARISBURG 4 SSE,44.397728254229975,0.07809006647032432
51161,5,USC00447338,ROCKY MT,47.25087861699531,0.06894416447982492
51163,1,USC00444876,LEXINGTON,4.281292236349572,0.9510222743726916
51163,2,USC00445690,MONTEBELLO FISH CULTURAL STN,28.078067110370817,0.022110879617166537
51163,3,USC00444128,HOT SPRINGS,39.50024903582775,0.011172253158902095
51163,4,USC00443310,GATHRIGHT DAM,46.78435300327565,0.007964145391827259
51163,5,USC00442044,COVINGTON FLTR PLT,47.486252925768476,0.007730447459412401
51165,1,USC00442208,DALE ENTERPRISE,7.314840375088686,0.9173212712748564
51165,2,USC00448062,STAUNTON WTP,40.436061930693974,0.030018809508839377
51165,3,USC00445096,LURAY 5 E,47.9070707045048,0.021386116969329634
51165,4,USW00093736,CHARLOTTESVILLE ALBEMARLE AP,55.701428837217655,0.015819709329949385
51165,5,USC00449263,WOODSTOCK 2 NE,56.35647565171942,0.01545409291702535
51167,1,USC00444777,LEBANON,6.151777453199345,0.8744426006942972
51167,2,USC00447506,SALTVILLE 1N,29.292053252208053,0.038568514262231
51167,3,USC00440021,ABINGDON 3S,31.680166713936543,0.03297293622318747
51167,4,USC00447174,RICHLANDS,32.14798542448725,0.03202027177989052
51167,5,USC00443640,GRUNDY,38.78801924861897,0.021995677040393763
51169,1,USC00404858,KINGSPORT,22.83502726719884,0.28573447808232677
51169,2,USC00440735,BIG STONE GAP,23.03721664206362,0.2807409103035047
51169,3,USC00449215,WISE 1SE,29.304117437155334,0.17350357367284527
51169,4,USW00013877,BRISTOL AP,32.235695762345536,0.1433810049724335
51169,5,USC00446626,PENNINGTON GAP,35.74036977448742,0.1166400329688897
51171,1,USC00449263,WOODSTOCK 2 NE,9.721751116306045,0.7586568635393053
51171,2,USC00445096,LURAY 5 E,27.406830268984375,0.095458975285118
51171,3,USC00443229,FRONT ROYAL,34.32563677488102,0.06085512843368205
51171,4,USC00447985,SPERRYVILLE,37.460575783488316,0.0510958339466879
51171,5,USC00449186,WINCHESTER 7 SE,45.96791372564967,0.03393319879520666
51173,1,USC00447506,SALTVILLE 1N,21.233357651104107,0.44438384504969136
51173,2,USC00441209,BURKES GARDEN,33.0139044552459,0.1838238392202672
51173,3,USC00447174,RICHLANDS,35.81017327073869,0.15623659578399834
51173,4,USC00440021,ABINGDON 3S,42.49868512912535,0.1109288792577065
51173,5,USC00449301,WYTHEVILLE,43.75989289966575,0.10462684068833668
51175,1,USC00315996,MURFREESBORO,29.85945495871449,0.2835559190681999
51175,2,USC00448800,WAKEFIELD 1 NW,30.55532588273467,0.27078751046004
51175,3,USC00448129,STONY CREEK 2 N,38.89691461594825,0.16709835032336973
51175,4,USC00442790,EMPORIA 1 WNW,40.7109926723761,0.15253836438174959
51175,5,USC00448192,SUFFOLK LAKE KILBY,44.79007045749342,0.12601985576664085
51177,1,USC00443204,FREDERICKSBURG SEWAGE,21.48392237126666,0.38034075068709655
51177,2,USC00442009,CORBIN,24.788310054162924,0.28569732155040856
51177,3,USC00445050,LOUISA,34.387128711588595,0.14845956367292815
51177,4,USC00446712,PIEDMONT RSCH STN,40.621069636744494,0.10638913994729726
51177,5,USW00013773,QUANTICO MCAS,47.10591696151095,0.07911322414226954
51179,1,USC00443204,FREDERICKSBURG SEWAGE,15.08949393606693,0.420434408836587
51179,2,USW00013773,QUANTICO MCAS,16.05365694916786,0.37144938626891855
51179,3,USC00442009,CORBIN,25.61508371434289,0.1459002521929237
51179,4,USC00448737,VIENNA,54.15240982376373,0.03264465070487678
51179,5,USW00093738,WASHINGTON DULLES INTL AP,56.8968964463854,0.02957130199669391
51181,1,USC00448800,WAKEFIELD 1 NW,18.881342964375534,0.48301077654291086
51181,2,USC00449151,WILLIAMSBURG 2 N,25.553060243578315,0.2637161608022511
51181,3,USC00444101,HOPEWELL,40.450311471208146,0.10523951602430395
51181,4,USC00446656,PETERSBURG,47.283052064293294,0.07702143014275947
51181,5,USC00448129,STONY CREEK 2 N,49.24306343302946,0.07101211648777475
51183,1,USC00448129,STONY CREEK 2 N,13.884121336222083,0.5703117733375105
51183,2,USC00448800,WAKEFIELD 1 NW,23.273472787255635,0.20296761748976236
51183,3,USC00446656,PETERSBURG,36.66426839343662,0.08178301009505283
51183,4,USC00442790,EMPORIA 1 WNW,36.84823560128141,0.0809684346222597
51183,5,USC00444101,HOPEWELL,41.45617509069339,0.06396916445541467
51185,1,USC00441209,BURKES GARDEN,20.4526598396279,0.35055974770327913
51185,2,USC00447174,RICHLANDS,20.78006289621769,0.33960018879167453
51185,3,USC00447506,SALTVILLE 1N,32.09846252685786,0.14232892753132753
51185,4,USW00003859,BLUEFIELD MERCER CO AP,37.149014170302365,0.10625932477432888
51185,5,USC00444777,LEBANON,48.92956464813418,0.06125181119938992
51187,1,USC00443229,FRONT ROYAL,2.249242597541529,0.9701754584378587
51187,2,USC00449186,WINCHESTER 7 SE,22.751359486097087,0.009482179644119045
51187,3,USC00449263,WOODSTOCK 2 NE,23.508899025179197,0.00888092705648655
51187,4,USC00447985,SPERRYVILLE,28.17483282538601,0.006183013411389099
51187,5,USC00445096,LURAY 5 E,30.493649952948942,0.005278421450146699
51191,1,USC00440021,ABINGDON 3S,8.900959431068362,0.6673418504565907
51191,2,USC00444777,LEBANON,18.92932067580822,0.14755432624135567
51191,3,USC00447506,SALTVILLE 1N,22.413790067583133,0.10524256023670445
51191,4,USC00406292,MTN CITY 2,33.16450864103867,0.048070082772980645
51191,5,USC00447174,RICHLANDS,40.780981710326884,0.03179118029236864
51193,1,USC00448894,WARSAW 2 NW,13.684337679084516,0.6976620414537458
51193,2,USC00188405,SOLOMONS,38.599522440152796,0.08768570462302462
51193,3,USW00013721,PATUXENT RIVER NAS,39.93035673567051,0.08193817353241482
51193,4,USC00185865,MECHANICSVILLE 5 NE,43.18365308864753,0.0700573817731695
51193,5,USC00448829,WALKERTON 2 NW,45.66280389745916,0.06265669861764536
51197,1,USC00449301,WYTHEVILLE,4.471002698630619,0.9335551237646655
51197,2,USC00441209,BURKES GARDEN,30.9377834488309,0.01949716380327638
51197,3,USC00443272,GALAX WTP,31.033678427122368,0.01937685634950037
51197,4,USC00446955,PULASKI 2 E,31.70460238674501,0.01856543839578426
51197,5,USW00003859,BLUEFIELD MERCER CO AP,45.5221730055836,0.009005417686773449
51550,1,USW00013737,NORFOLK INTL AP,26.75483502921745,0.24252949981571728
51550,2,USC00448192,SUFFOLK LAKE KILBY,27.28970292685077,0.23311569269080873
51550,3,USW00013769,OCEANA NAS,28.379724764924244,0.21555235275862653
51550,4,USW00013750,NORFOLK NAS,28.723949338689128,0.2104169987620067
51550,5,USC00312719,ELIZABETH CITY,42.00675285522485,0.09838545597284075
51800,1,USC00448192,SUFFOLK LAKE KILBY,4.684873447141276,0.9582278042356492
51800,2,USW00013750,NORFOLK NAS,40.74991745901133,0.012665170160488888
51800,3,USW00013737,NORFOLK INTL AP,45.55842158310809,0.01013274603270784
51800,4,USC00448800,WAKEFIELD 1 NW,46.02731655901424,0.009927346583150705
51800,5,USC00315996,MURFREESBORO,48.21493228900413,0.009046932988003442
51810,1,USW00013769,OCEANA NAS,4.150217652257159,0.9297597481287875
51810,2,USW00013737,NORFOLK INTL AP,20.06106244022755,0.03979281177497551
51810,3,USW00013750,NORFOLK NAS,29.04981134710372,0.0189769255693542
51810,4,USC00448192,SUFFOLK LAKE KILBY,51.28253625778579,0.00608938587459694
51810,5,USC00312719,ELIZABETH CITY,54.55311523260529,0.005381128652285968
53001,1,USC00454679,LIND 3 NE,4.138003556686703,0.9089944729817706
53001,2,USC00457059,RITZVILLE 1 SSE,15.950494431650558,0.06117791365017866
53001,3,USC00453546,HATTON 9 SE,33.81572495945617,0.013611486501070386
53001,4,USC00456039,ODESSA,38.37618760018665,0.010568644868087616
53001,5,USC00454338,LACROSSE,52.49815650564048,0.005647481998892793
53003,1,USW00024149,LEWISTON AP,26.926269177976693,0.4792752174985105
53003,2,USC00456610,POMEROY,42.10766609260037,0.1959814643254358
53003,3,USS0017C05S,Touchet,48.421410423936635,0.14820486773773947
53003,4,USC00452030,DAYTON 1 WSW,61.36917998506082,0.09226493890440454
53003,5,USC00106152,MOSCOW U OF I,64.21302422003228,0.08427351153390966
53005,1,USC00456768,PROSSER,18.813159416329054,0.37709526026046947
53005,2,USC00457015,RICHLAND,21.587632935326898,0.2863943823674885
53005,3,USW00024163,PASCO TRI CITIES AP,30.988704130764173,0.13898493037860385
53005,4,USC00454154,KENNEWICK,32.027131490570085,0.13011832357213604
53005,5,USC00350858,BOARDMAN,44.49737992604073,0.06740710342130216
53007,1,USC00456534,PLAIN,11.798476766603777,0.49336918530656554
53007,2,USS0020B24S,Pope Ridge,14.805065136656065,0.3133309239761863
53007,3,USC00452563,ENTIAT FISH HATCHERY,28.586221631323806,0.084044711609403
53007,4,USC00454572,LEAVENWORTH 3 S,33.88214460517494,0.05982491924047655
53007,5,USS0021B01S,Stevens Pass,37.27481574281507,0.04943025986736865
53011,1,USC00450482,BATTLE GROUND,3.3077271240571706,0.9130932969463185
53011,2,USC00458773,VANCOUVER 4 NNE,16.574940848627023,0.036363906244588524
53011,3,USW00024229,PORTLAND INTL AP,21.779732257793462,0.02106053651487588
53011,4,USC00358634,TROUTDALE,25.439315190570046,0.015437027269781207
53011,5,USC00457696,SKAMANIA FISH HATCHERY,26.66998536669378,0.01404523302443602
53013,1,USC00452030,DAYTON 1 WSW,7.391310972545559,0.7953633472705673
53013,2,USS0017C05S,Touchet,19.796609720333432,0.11087327606572553
53013,3,USC00456610,POMEROY,31.480741651282557,0.04384485237351151
53013,4,USW00024160,WALLA WALLA RGNL AP,36.281995364011784,0.03300853089944562
53013,5,USC00459200,WHITMAN MISSION,50.69119651652575,0.01690999339075
53015,1,USC00454769,LONGVIEW,24.007333449235794,0.3633640120214074
53015,2,USS0022C10S,Sheep Canyon,32.98803914804265,0.19244948745278925
53015,3,USC00455110,MAYFIELD PWR PLT,34.90328704867862,0.17190840205452473
53015,4,USS0022C12S,Spirit Lake,38.98196691740149,0.13781683252067978
53015,5,USC00451760,COUGAR 6 E,39.46537944743246,0.13446126595059885
53017,1,USC00451350,CHELAN,25.043433367391643,0.3291751808615338
53017,2,USC00451400,CHIEF JOSEPH DAM,28.557502064216322,0.2531479337310194
53017,3,USC00459012,WATERVILLE,30.605118866050848,0.22040765778665128
53017,4,USC00453529,HARTLINE,44.39318325348946,0.10475680525423957
53017,5,USC00452563,ENTIAT FISH HATCHERY,47.23972751937624,0.09251242236655582
53019,1,USC00456974,REPUBLIC,24.356808468666987,0.5251312353681781
53019,2,USS0019A13S,Moses Mtn,42.24631322425629,0.174554473756315
53019,3,USC00451630,COLVILLE,45.279166730778726,0.1519538686775683
53019,4,USC00451395,CHEWELAH,62.616440302077656,0.07945694518778298
53019,5,USC00451767,COULEE DAM 1 SW,67.24093407423192,0.06890347701015576
53021,1,USC00453546,HATTON 9 SE,28.136032798903663,0.28491990449597315
53021,2,USC00453883,ICE HARBOR DAM,32.6158246820804,0.21202730109486034
53021,3,USW00024163,PASCO TRI CITIES AP,34.03686276212558,0.19469260951644438
53021,4,USC00457015,RICHLAND,37.258187395574694,0.16248192952351645
53021,5,USC00454154,KENNEWICK,39.32140037998892,0.14587825536920568
53023,1,USC00456610,POMEROY,5.77658249846542,0.9270699545634148
53023,2,USC00452030,DAYTON 1 WSW,37.89684583427232,0.021540130813404924
53023,3,USW00024149,LEWISTON AP,40.44470341951626,0.018911725532555587
53023,4,USS0017C05S,Touchet,41.98562724893299,0.01754903236596787
53023,5,USC00456789,PULLMAN 2 NW,45.52076946775386,0.014929156724656492
53025,1,USW00024141,EPHRATA AP,11.07509952189435,0.47670471115976426
53025,2,USW00024110,MOSES LAKE GRANT CO AP,11.788342574137536,0.42076462748390103
53025,3,USC00456880,QUINCY,29.076055572072946,0.06916298657035234
53025,4,USW00094239,WENATCHEE PANGBORN MEM AP,58.950314632296354,0.016825673772949155
53025,5,USC00453529,HARTLINE,59.45362478806442,0.01654200101303323
53029,1,USC00451783,COUPEVILLE 1 S,5.623719737261493,0.8738530007732153
53029,2,USW00024255,WHIDBEY ISLAND NAS,21.289831548677427,0.06097352031449642
53029,3,USC00457544,SEQUIM 2 E,30.314413925285418,0.030073734925934875
53029,4,USW00024222,EVERETT SNOHOMISH CO AP,38.91576156468872,0.018248814329507253
53029,5,USC00450257,ARLINGTON,40.497753000862645,0.01685092965684607
53033,1,USC00451233,CEDAR LAKE,10.29514789129111,0.4963250378333605
53033,2,USC00454486,LANDSBURG,15.878603493149953,0.2086444110297256
53033,3,USC00456295,PALMER 3 ESE,20.26423909664659,0.12810638074749725
53033,4,USS0021B21S,Mount Gardner,24.59885372923664,0.08693639425955436
53033,5,USC00458508,TOLT S FK RSVR,25.645068926941406,0.07998777612986235
53037,1,USW00024220,ELLENSBURG BOWERS FLD,14.913999678509807,0.3391368264883546
53037,2,USC00451504,CLE ELUM,19.25755646013,0.20340463782513954
53037,3,USC00452505,ELLENSBURG,20.13129764786401,0.18613141139532327
53037,4,USS0020B11S,Grouse Camp,22.31948552712069,0.15142404775135904
53037,5,USS0020B02S,Blewett Pass,25.08224710050958,0.11990307653982352
53039,1,USC00453222,GOLDENDALE,8.500256408153636,0.6251691353708377
53039,2,USC00457342,SATUS PASS 2 SSW,12.25522527422094,0.3007592434517187
53039,3,USW00024219,DALLESPORT AP,41.01008540329399,0.02685840596634334
53039,4,USC00355734,MORO,43.354182518762286,0.024032534701026315
53039,5,USC00358407,THE DALLES,44.143595136549116,0.02318068051007406
53041,1,USC00455110,MAYFIELD PWR PLT,18.822731347109602,0.5748979172447308
53041,2,USS0022C12S,Spirit Lake,38.674659395491034,0.13617676956280905
53041,3,USS0022C10S,Sheep Canyon,44.46181251492584,0.10303426956056341
53041,4,USC00451276,CENTRALIA,46.591644456175864,0.0938296171497039
53041,5,USS0021C26S,Lone Pine,47.03695088445808,0.09206142648219269
53043,1,USC00453515,HARRINGTON,16.686128708377712,0.44525547740851756
53043,2,USC00452007,DAVENPORT,21.208087333762084,0.2756242612963343
53043,3,USC00459238,WILBUR,30.828630690418866,0.13044035700380086
53043,4,USC00456039,ODESSA,34.76611902424096,0.10256708757713298
53043,5,USC00457059,RITZVILLE 1 SSE,51.85007620482638,0.04611281671421412
53047,1,USS0019A02S,Salmon Meadows,14.33597905594998,0.7218686604479957
53047,2,USC00459376,WINTHROP 1 WSW,33.90155090262004,0.1290844029481929
53047,3,USC00455133,MAZAMA,50.75066696767124,0.05760091667535643
53047,4,USS0019A13S,Moses Mtn,53.1431087590799,0.05253140190690362
53047,5,USC00451400,CHIEF JOSEPH DAM,61.7447541442151,0.03891461802155128
53057,1,USC00451679,CONCRETE PPL FISH STN,7.482861579256906,0.7310467940985779
53057,2,USC00458715,UPPER BAKER DAM,19.8709999782201,0.10366714883677126
53057,3,USS0021A32S,Elbow Lake,22.94458581193798,0.07775353720574066
53057,4,USC00451992,DARRINGTON RS,30.28025415058141,0.04464384257465487
53057,5,USC00457507,SEDRO-WOOLLEY,30.89363233887775,0.04288867728425527
53061,1,USC00458034,STARTUP 1 E,21.170741550192425,0.31988760360084345
53061,2,USC00451992,DARRINGTON RS,25.844139315375482,0.2146571723980436
53061,3,USC00455525,MONROE,28.977026036352477,0.1707504784250966
53061,4,USS0021B48S,Alpine Meadows,30.9507833331756,0.1496670715385045
53061,5,USC00450257,ARLINGTON,31.440856065839046,0.14503767403751178
53063,1,USW00024157,SPOKANE INTL AP,9.349455041508119,0.8391314488359628
53063,2,USS0017B04S,Quartz Peak,37.17953431157285,0.05306335452230435
53063,3,USC00457180,ROSALIA,43.02261226454104,0.03962862829382392
53063,4,USC00101956,COEUR D'ALENE,45.95990943865948,0.03472516071607173
53063,5,USW00024136,COEUR D ALENE AP,46.82675873190785,0.03345140763183719
53065,1,USC00451395,CHEWELAH,15.328351918183973,0.574895999747731
53065,2,USC00451630,COLVILLE,20.790858396027105,0.3124894582140007
53065,3,USC00455946,NORTHPORT,56.81516590917424,0.04184577866576356
53065,4,USS0017A01S,Bunchgrass Mdw,59.89860876146169,0.0376484188384914
53065,5,USC00455844,NEWPORT,63.862024651914126,0.033120344534013337
53071,1,USW00024160,WALLA WALLA RGNL AP,23.276374358631067,0.2953545581626631
53071,2,USC00459200,WHITMAN MISSION,23.501803150000065,0.2897156634048344
53071,3,USC00453883,ICE HARBOR DAM,30.64096363312484,0.1704392073283892
53071,4,USC00355593,MILTON FREEWATER,35.10644316076252,0.12983766093387156
53071,5,USC00452030,DAYTON 1 WSW,37.35894736301931,0.11465291017024173
53073,1,USS0021A31S,Wells Creek,4.55920249912748,0.8815607022496139
53073,2,USS0021A32S,Elbow Lake,17.81004926324912,0.0577696511174833
53073,3,USC00458715,UPPER BAKER DAM,23.611646148503304,0.032868316023016174
53073,4,USC00451679,CONCRETE PPL FISH STN,34.38959699334455,0.015494437460158458
53073,5,USC00451484,CLEARBROOK,38.58697894799138,0.01230689314972819
53075,1,USC00457267,ST JOHN,21.208777072103768,0.39675588345815127
53075,2,USC00454338,LACROSSE,28.237946557215277,0.2238145963123372
53075,3,USC00456789,PULLMAN 2 NW,31.11729544952174,0.18431086750550757
53075,4,USC00457180,ROSALIA,38.770802518517925,0.11872578474867738
53075,5,USC00106152,MOSCOW U OF I,48.3337963177422,0.0763928679753267
53077,1,USW00024243,YAKIMA AP,19.72127072736799,0.4776304393836765
53077,2,USS0021C39S,Lost Horse,28.182208623955784,0.23389004396731716
53077,3,USS0021C10S,Green Lake,34.50144227599899,0.1560584487859428
53077,4,USS0021C33S,Pigtail Peak,52.923942874115085,0.06632196767166001
53077,5,USS0021C28S,White Pass E.S.,53.01309007969356,0.06609910019140351
54001,1,USC00461220,BUCKHANNON,26.17540665468255,0.25164661096702323
54001,2,USW00003802,CLARKSBURG BENEDUM AP,26.61996909671216,0.24331162934499706
54001,3,USW00013729,ELKINS- RANDOLPH CO AP,30.334796349638502,0.18736816070102205
54001,4,USC00466867,PARSONS 3 SE,32.17658261246576,0.1665321645613512
54001,5,USC00461677,CLARKSBURG 1,33.77514410469571,0.15114143442560654
54003,1,USW00013734,MARTINSBURG E W VIRGINIA RGNL,7.2822772817278025,0.8130881741700541
54003,2,USC00461324,CACAPON ST PK #2,23.31726966480163,0.0793079412661805
54003,3,USC00449181,WINCHESTER,30.510143007790575,0.046321603034537515
54003,4,USC00181790,HAGERSTOWN 1E,36.15556161423983,0.03298540669755201
54003,5,USC00449186,WINCHESTER 7 SE,39.03613368448873,0.028296874831676092
54007,1,USC00463361,GASSAWAY,4.908025849679922,0.5217138274995371
54007,2,USC00468662,SUTTON LAKE,5.310657626721283,0.44560435097975987
54007,3,USC00463544,GLENVILLE,27.48534389170561,0.016635799594455863
54007,4,USC00463648,GRANTSVILLE 1ESE,38.551285095968545,0.008456064964424668
54007,5,USC00467649,ROCK CAVE 2 NE,40.69146805442877,0.007589956961822546
54011,1,USW00003860,HUNTINGTON TRI-STATE AP,27.79382800397993,0.23603540747451546
54011,2,USC00464200,HOGSETT RC BYRD DAM,29.87602313680968,0.20428115897037671
54011,3,USC00337857,S PT,30.468682051838382,0.19641133593099894
54011,4,USC00469683,WINFIELD LOCKS,30.993595061730606,0.1898147591219752
54011,5,USC00150254,ASHLAND,32.422059949208396,0.1734573385021337
54021,1,USC00463544,GLENVILLE,2.523617029711771,0.9680167508902984
54021,2,USC00463648,GRANTSVILLE 1ESE,20.39363690948526,0.014823146668323989
54021,3,USC00463361,GASSAWAY,28.790794868448177,0.00743742263094839
54021,4,USC00468662,SUTTON LAKE,31.360017248014227,0.0062686956590727975
54021,5,USC00469458,W UNION 2,42.24786001315951,0.003453984151356528
54023,1,USC00466952,PETERSBURG,13.219690589126628,0.5253255203039665
54023,2,USC00461397,CANAAN VALLEY #2,22.14418382682566,0.1872197772658377
54023,3,USC00460527,BAYARD,23.81084108168841,0.16192787154530722
54023,4,USC00466867,PARSONS 3 SE,38.04450594928338,0.06342890045604065
54023,5,USC00186620,OAKLAND 1 SE,38.45005602263073,0.062097930428847814
54025,1,USC00465224,LEWISBURG 3 N,8.55987294861252,0.6989776514825786
54025,2,USC00469522,WHITE SULPHUR SPRINGS,19.625057559376895,0.13297685247402016
54025,3,USC00465875,QUINWOOD,26.38408029248106,0.07357224485772729
54025,4,USC00460102,ALDERSON,28.525870130983016,0.06293904169977257
54025,5,USC00461215,BUCKEYE,40.30027313224083,0.03153420948590144
54027,1,USC00467730,ROMNEY 1 SW,14.005805231423162,0.6672836065321043
54027,2,USC00461324,CACAPON ST PK #2,34.80069145954522,0.10808137835113768
54027,3,USC00182282,CUMBERLAND 2,38.69770936466544,0.08740899031382773
54027,4,USC00449181,WINCHESTER,41.96594930730001,0.07432458917720035
54027,5,USC00449186,WINCHESTER 7 SE,45.61766289612541,0.06290143562572988
54029,1,USC00466442,NEW CUMBERLAND L/D,4.951854875913988,0.8415286506727416
54029,2,USC00338025,STEUBENVILLE,16.385284509183826,0.0768593575028565
54029,3,USC00365902,MONTGOMERY L&D,21.267868418481285,0.04562015891066829
54029,4,USW00094823,PITTSBURGH ASOS,30.293726083190077,0.022485333575038683
54029,5,USW00014894,WHEELING OHIO CO AP,39.08687597564073,0.013506499338694822
54031,1,USC00466952,PETERSBURG,25.323407463394567,0.4003583180297429
54031,2,USC00449263,WOODSTOCK 2 NE,33.57874844742857,0.22770057747859615
54031,3,USC00467730,ROMNEY 1 SW,36.92603453986342,0.18829023561710923
54031,4,USC00461397,CANAAN VALLEY #2,51.89214253106551,0.09534324685966516
54031,5,USC00460527,BAYARD,53.91970109369301,0.08830762201488647
54033,1,USC00461677,CLARKSBURG 1,3.1991979491749456,0.9261855719615969
54033,2,USW00003802,CLARKSBURG BENEDUM AP,14.225100527620263,0.046845680098544444
54033,3,USC00462920,FAIRMONT,29.376357230790575,0.01098460273944689
54033,4,USC00469458,W UNION 2,32.910340834995026,0.008752164597169381
54033,5,USC00461220,BUCKHANNON,36.204411466714205,0.007231980603242584
54035,1,USC00467552,RIPLEY,3.5005496386161936,0.965789912697519
54035,2,USC00468384,SPENCER,27.92195856706912,0.015179707014948397
54035,3,USC00469683,WINFIELD LOCKS,39.8287825494529,0.007460382298187868
54035,4,USC00333029,GALLIPOLIS,43.68299781397595,0.006201978783213147
54035,5,USC00464200,HOGSETT RC BYRD DAM,46.95377802029032,0.0053680192061315
54037,1,USW00013734,MARTINSBURG E W VIRGINIA RGNL,14.4051972677834,0.5038029875601185
54037,2,USC00444909,PURCELLVILLE,22.649241426372974,0.20379420774498125
54037,3,USC00449181,WINCHESTER,28.161362897510703,0.13182319101476586
54037,4,USC00449186,WINCHESTER 7 SE,33.33686995669604,0.09406964750739098
54037,5,USC00181790,HAGERSTOWN 1E,39.6466243382956,0.06650996617274331
54041,1,USC00467649,ROCK CAVE 2 NE,21.964145931073563,0.32022606381561
54041,2,USC00461220,BUCKHANNON,23.8295270261001,0.2720535975325464
54041,3,USC00463544,GLENVILLE,29.70624419427803,0.1750611691605186
54041,4,USC00461677,CLARKSBURG 1,33.41745982677481,0.1383370304557171
54041,5,USC00468662,SUTTON LAKE,40.470245462468476,0.09432213903560796
54043,1,USC00465563,MADISON 3NNW,21.639678618336475,0.45681497493288314
54043,2,USC00465353,LOGAN,34.92378803150374,0.17538775054120098
54043,3,USC00462522,DUNLOW 1 SW,37.8337906668425,0.1494452899967928
54043,4,USC00469683,WINFIELD LOCKS,42.04321838090793,0.12101801861271184
54043,5,USW00003860,HUNTINGTON TRI-STATE AP,46.88012521614009,0.0973339659164111
54051,1,USC00466248,MOUNDSVILLE,9.098825500255407,0.705810404253283
54051,2,USC00469482,WHEELING,23.00173705993417,0.11044281281878959
54051,3,USC00333500,HANNIBAL LOCKS & DAM,26.70754963808808,0.0819201312897706
54051,4,USC00467018,PIKE ISLAND(LOCK & DAM),32.71902806461192,0.05458306760074698
54051,5,USW00014894,WHEELING OHIO CO AP,35.16883203533135,0.0472435840374098
54053,1,USC00333029,GALLIPOLIS,14.348507837201064,0.41707901896329813
54053,2,USC00464200,HOGSETT RC BYRD DAM,16.53808893994306,0.3139504974422083
54053,3,USC00467552,RIPLEY,27.97708669270349,0.10970510683267555
54053,4,USC00469683,WINFIELD LOCKS,28.780029052304563,0.1036691089856387
54053,5,USC00338810,WATERLOO,39.30004900703278,0.05559626777617933
54055,1,USW00003859,BLUEFIELD MERCER CO AP,14.551228814224634,0.5978242807945263
54055,2,USC00466325,MULLENS 3 E,27.519441725969543,0.16714510071724129
54055,3,USC00448022,PEARISBURG 4 SSE,39.43786475187868,0.0813853252265277
54055,4,USC00441209,BURKES GARDEN,40.28468359947479,0.07799970783118569
54055,5,USC00460580,BECKLEY VA HOSPITAL,40.9067193129132,0.07564558543051904
54057,1,USC00467730,ROMNEY 1 SW,17.554643559003654,0.3695036380007839
54057,2,USC00188065,SAVAGE RVR DAM,19.610275524524738,0.2960979215877067
54057,3,USC00183415,FROSTBURG 2,28.400647459388196,0.14117125260392693
54057,4,USC00182282,CUMBERLAND 2,31.483310961929828,0.1148793453835738
54057,5,USC00186620,OAKLAND 1 SE,38.12306893772614,0.07834784242400847
54061,1,USC00466212,MORGANTOWN L&D,7.796837661022965,0.5128027588608276
54061,2,USW00013736,MORGANTOWN MUNI AP,11.990560172548317,0.21682451864640584
54061,3,USC00367073,PT MARION LOCK 8,16.277779161674328,0.11765138180293291
54061,4,USC00465002,LAKE LYNN,19.864349064982736,0.07900210445807675
54061,5,USC00462920,FAIRMONT,20.563794481039185,0.07371923623175695
54063,1,USC00460102,ALDERSON,21.47144510948919,0.4058626139730122
54063,2,USC00448022,PEARISBURG 4 SSE,32.9842828477,0.17198378646780826
54063,3,USC00469522,WHITE SULPHUR SPRINGS,33.64775182088574,0.16526827499642063
54063,4,USC00465224,LEWISBURG 3 N,36.023702831929945,0.14418659817605026
54063,5,USC00440766,BLACKSBURG NWSO,40.746592414462675,0.11269872638670858
54065,1,USC00461324,CACAPON ST PK #2,6.38553993658715,0.9024689181547801
54065,2,USW00013734,MARTINSBURG E W VIRGINIA RGNL,29.578361245033854,0.04206097025425485
54065,3,USC00449181,WINCHESTER,42.03509751328043,0.02082588115445001
54065,4,USC00182282,CUMBERLAND 2,43.82348484189832,0.019160802076637944
54065,5,USC00181790,HAGERSTOWN 1E,48.75062496642752,0.015483428359877073
54069,1,USW00014894,WHEELING OHIO CO AP,8.018399908472558,0.38249243094018215
54069,2,USC00467018,PIKE ISLAND(LOCK & DAM),8.711416531653013,0.32405648027373923
54069,3,USC00469482,WHEELING,10.420700112091087,0.22646676395491502
54069,4,USC00466248,MOUNDSVILLE,24.520133470942927,0.040902759675468234
54069,5,USC00338025,STEUBENVILLE,30.706640901353992,0.02608156515569545
54071,1,USC00466952,PETERSBURG,40.06515138812631,0.22671643725062804
54071,2,USC00460509,BARTOW 1S,40.673259142054185,0.21998782042641563
54071,3,USC00461397,CANAAN VALLEY #2,42.46203756059316,0.20184357239003456
54071,4,USC00442208,DALE ENTERPRISE,42.882581507885604,0.19790407686421924
54071,5,USC00445880,MUSTOE 1 SW,48.68398036092268,0.1535480930687025
54073,1,USC00335939,NEWPORT,5.733845716726422,0.8471331222555939
54073,2,USC00334927,MARIETTA WWTP,23.772995951429856,0.04928058287197265
54073,3,USW00003804,PARKERSBURG AP,24.518277283164874,0.046330156167368346
54073,4,USC00465963,MIDDLEBOURNE 3 ESE,28.485991601792747,0.03432266368327963
54073,5,USC00469458,W UNION 2,34.848725614625295,0.02293347502178537
54075,1,USC00468308,SNOWSHOE,7.757907201733439,0.7457006693008636
54075,2,USC00461215,BUCKEYE,19.433213910641996,0.11884048930221777
54075,3,USC00460509,BARTOW 1S,30.34794443540864,0.04872985657657734
54075,4,USC00445880,MUSTOE 1 SW,30.70550833929161,0.04760155173981373
54075,5,USC00464971,KUMBRABOW,33.867736184472825,0.03912743308052765
54077,1,USC00188315,SINES DEEP CREEK,22.745975920750197,0.2820114744834943
54077,2,USC00186620,OAKLAND 1 SE,23.8864123287563,0.2557255254648874
54077,3,USW00013736,MORGANTOWN MUNI AP,29.484095481686577,0.16784187074213489
54077,4,USC00466212,MORGANTOWN L&D,30.79483623493424,0.15385801731178544
54077,5,USC00465002,LAKE LYNN,32.21827490579708,0.140563111997698
54079,1,USC00469683,WINFIELD LOCKS,2.0813912668978998,0.9857355750302481
54079,2,USC00464200,HOGSETT RC BYRD DAM,30.915568063242112,0.004468002676850522
54079,3,USW00013866,CHARLESTON - YEAGER AP,31.067196401844733,0.004424495528644116
54079,4,USC00467552,RIPLEY,38.05023431734642,0.0029495327003707513
54079,5,USC00333029,GALLIPOLIS,41.98668109193594,0.0024223940638865324
54083,1,USW00013729,ELKINS- RANDOLPH CO AP,12.155610373026446,0.6198028396923942
54083,2,USC00464971,KUMBRABOW,25.1848775597812,0.1443867750119669
54083,3,USC00460509,BARTOW 1S,28.998894564976293,0.10890409689728558
54083,4,USC00461220,BUCKHANNON,37.684676884543165,0.0644877926913295
54083,5,USC00466867,PARSONS 3 SE,38.3042446831464,0.062418495707023826
54089,1,USC00460102,ALDERSON,19.13857853112789,0.44785242408163006
54089,2,USW00003872,BECKLEY RALEIGH CO AP,27.39826651601294,0.2185285149444809
54089,3,USC00460580,BECKLEY VA HOSPITAL,32.08578303187877,0.1593415367945153
54089,4,USC00466325,MULLENS 3 E,42.364155344674835,0.09140231227479759
54089,5,USC00448022,PEARISBURG 4 SSE,44.4902470369733,0.0828752119045761
54093,1,USC00466867,PARSONS 3 SE,7.626742320148803,0.6396930377590826
54093,2,USC00461397,CANAAN VALLEY #2,12.45157647668081,0.23999439011001497
54093,3,USC00460527,BAYARD,24.409602348833843,0.0624494131895366
54093,4,USW00013729,ELKINS- RANDOLPH CO AP,35.460891073165286,0.02959037587160071
54093,5,USC00186620,OAKLAND 1 SE,36.27777182666388,0.028272783069765127
54095,1,USC00465963,MIDDLEBOURNE 3 ESE,1.8104955955907478,0.9818098072313022
54095,2,USC00469458,W UNION 2,21.586181532456877,0.006906701094547359
54095,3,USC00333500,HANNIBAL LOCKS & DAM,22.37569400562143,0.006427902529011015
54095,4,USC00335939,NEWPORT,30.469880660418397,0.00346641699049078
54095,5,USC00334927,MARIETTA WWTP,48.13191275998119,0.0013891721546486551
54097,1,USC00467649,ROCK CAVE 2 NE,8.35541708118277,0.47803232398755613
54097,2,USC00461220,BUCKHANNON,8.705689303175312,0.4403390531266343
54097,3,USW00013729,ELKINS- RANDOLPH CO AP,32.56981719279557,0.03146030215694969
54097,4,USC00464971,KUMBRABOW,32.69794907271082,0.03121422131110349
54097,5,USC00461677,CLARKSBURG 1,41.96093806426101,0.01895409941775638
54099,1,USC00462522,DUNLOW 1 SW,21.655945405440676,0.3539592498356658
54099,2,USW00003860,HUNTINGTON TRI-STATE AP,27.210336523611844,0.22420213087912236
54099,3,USC00154138,INEZ 2 E,31.31816416441645,0.16924465787143472
54099,4,USC00337857,S PT,34.53174405810107,0.13921003258306983
54099,5,USC00150254,ASHLAND,38.262912987815874,0.11338392883070733
54107,1,USW00013867,PARKERSBURG,8.494938626151985,0.6509006567814474
54107,2,USW00003804,PARKERSBURG AP,15.514666555709695,0.19514180092774788
54107,3,USC00334927,MARIETTA WWTP,23.051322940099052,0.08839821402338506
54107,4,USC00335939,NEWPORT,32.565752851633896,0.0442907419589048
54107,5,USC00467552,RIPLEY,46.99463582211901,0.02126858630851504
55001,1,USC00472973,FRIENDSHIP,5.08900202147348,0.9090122825102909
55001,2,USC00473405,HANCOCK EXP FARM,24.52606410228523,0.03913625635691401
55001,3,USC00475178,MAUSTON 1 SE,31.095887119079972,0.024346082872538137
55001,4,USC00479319,WISCONSIN DELLS WWTP,40.760498189103714,0.014169549126243255
55001,5,USC00475581,MONTELLO WWTP,42.01530183936276,0.013335829134013696
55003,1,USC00474953,MADELINE IS,26.792330121124504,0.4335375793349371
55003,2,USC00473800,HURLEY,38.15407406749674,0.21377941431490102
55003,3,USC00204104,IRONWOOD,38.549044568797605,0.20942112226559978
55003,4,USC00475352,MERCER RS,62.63100072704926,0.07933576574163294
55003,5,USC00471131,BRULE RS,69.77256560242304,0.06392611834292922
55005,1,USC00477132,RICE LAKE,6.6746614706252405,0.7847714785900395
55005,2,USC00471923,CUMBERLAND,17.00528504092056,0.120902106178479
55005,3,USC00477174,RIDGELAND 1NNE,24.945308960973033,0.05618545780263649
55005,4,USC00470175,AMERY,42.63268610699571,0.01923606807132719
55005,5,USC00478027,SPOONER AG RSCH STN,43.00448778171813,0.01890488935751783
55007,1,USC00471131,BRULE RS,33.44923737458584,0.3644091597982809
55007,2,USC00474953,MADELINE IS,35.25431959917108,0.3280477408887232
55007,3,USC00218419,TWO HARBORS,57.22254088393814,0.12451665625159453
55007,4,USC00473186,GORDON,64.68561428482663,0.09744202762067587
55007,5,USC00478349,SUPERIOR,69.02136098846759,0.08558441544072558
55009,1,USW00014898,GREEN BAY,9.520993678564828,0.8152207922103929
55009,2,USC00471064,BRILLION,35.40129022514767,0.05896599353224848
55009,3,USC00474195,KEWAUNEE,38.992454339207704,0.048604743649277415
55009,4,USC00470265,APPLETON,41.3847757284642,0.043147793282501984
55009,5,USC00476208,OCONTO 4 W,46.57933250769877,0.03406067732557911
55011,1,USC00470124,ALMA DAM 4,14.165526973244907,0.479434195845595
55011,2,USC00475563,MONDOVI,21.136929359600867,0.21533304704025003
55011,3,USC00215488,MINNESOTA CITY DAM 5,25.418329915341854,0.1489019733089656
55011,4,USC00219072,WINONA DAM 5 A,33.93422759824125,0.08354463022296939
55011,5,USC00218227,THEILMAN 1SSW,36.355728722401636,0.07278615358221995
55013,1,USW00014995,GRANTSBURG,26.406739648363043,0.37013564309750113
55013,2,USC00474894,LUCK,33.73645010283102,0.22677319101069304
55013,3,USC00478027,SPOONER AG RSCH STN,38.9987062390545,0.16970321742412647
55013,4,USC00471923,CUMBERLAND,46.13956945275833,0.12123929451115638
55013,5,USC00218986,WILD RVR SP,47.97314660504645,0.11214865395652292
55015,1,USC00471568,CHILTON,7.2728653235823,0.6945617678731039
55015,2,USC00471064,BRILLION,13.996473309943173,0.1875360326986008
55015,3,USC00476330,OSHKOSH,28.363839461302252,0.04566589016262924
55015,4,USC00470265,APPLETON,28.478062431402027,0.04530030117806277
55015,5,USC00472839,FOND DU LAC WWTP,36.931280466495636,0.026936008087603304
55017,1,USC00470904,BLOOMER,16.135805051354655,0.464714794579173
55017,2,USC00473698,HOLCOMBE,21.119019486878496,0.2712815595039375
55017,3,USW00014991,CHIPPEWA VALLEY RGNL AP,27.66842494496067,0.15805160153710915
55017,4,USC00474391,LADYSMITH 3W,45.79910132053635,0.0576838000374509
55017,5,USC00477174,RIDGELAND 1NNE,50.06718064529479,0.048268244342329486
55019,1,USC00475808,NEILLSVILLE 3ESE,23.182260114049548,0.3731112064761572
55019,2,USC00476357,OWEN 1E,23.44426565327966,0.3648182658633808
55019,3,USC00475120,MARSHFIELD EXP FARM,39.23136520124778,0.13028157486531405
55019,4,USC00475255,MEDFORD,48.30366532258035,0.0859388759672922
55019,5,USC00475164,MATHER 3 NW,66.1309691432355,0.04585007682785573
55021,1,USC00476718,PORTAGE WWTP,10.785001061331961,0.613042427393288
55021,2,USC00470308,ARLINGTON,18.683848352960425,0.20426701812914821
55021,3,USC00470516,BARABOO WWTP,32.029146517257914,0.06950886295206914
55021,4,USC00475581,MONTELLO WWTP,34.27780824023783,0.06068827967525713
55021,5,USW00014837,MADISON DANE CO RGNL AP,36.856412316449656,0.05249341185023761
55023,1,USC00473022,GAYS MILLS,10.61007535627283,0.5237169253587756
55023,2,USC00474937,LYNXVILLE DAM 9,13.683379899961587,0.31488123272409646
55023,3,USC00476827,PRAIRIE DU CHIEN,26.750396700041023,0.08238973247408063
55023,4,USC00478827,VIROQUA,35.529988817286394,0.046702852255699305
55023,5,USC00138755,WAUKON 3NNE,42.71725000638679,0.03230925718734818
55025,1,USC00470273,UW ARBORETUM - MADISON,3.059277588181363,0.8872669859207948
55025,2,USW00014837,MADISON DANE CO RGNL AP,10.040994515245185,0.0823642281346832
55025,3,USC00478229,STOUGHTON WWTP,24.076363523119312,0.014325517137381933
55025,4,USC00470308,ARLINGTON,26.972616062638714,0.011414212444126045
55025,5,USC00474482,LAKE MILLS WWTP,42.35452464382928,0.004629056363014
55027,1,USC00473756,HORICON WWTP,5.788281734568443,0.7362151875559256
55027,2,USC00470645,BEAVER DAM WWTP,11.667706903934855,0.18118951953901136
55027,3,USC00473453,HARTFORD WWTP,25.860577962516412,0.036883119169719474
55027,4,USC00478919,WATERTOWN WWTP,28.538869492142595,0.030285208257428888
55027,5,USC00476200,OCONOMOWOC WWTP,39.98635283548569,0.015426965477914518
55029,1,USC00478905,WASHINGTON IS,31.93467655674253,0.35691713072959
55029,2,USC00478267,STURGEON BAY EXP FARM,32.75701224013593,0.3392218909628317
55029,3,USC00475091,MARINETTE,45.13129873012457,0.17870502895996515
55029,4,USC00476208,OCONTO 4 W,74.70889379774621,0.06521504899306284
55029,5,USC00478978,WAUSAUKEE,77.9263953215201,0.05994090035455047
55031,1,USC00471131,BRULE RS,24.45547203607148,0.33441369601103804
55031,2,USC00473186,GORDON,25.18250926666408,0.31538290617966447
55031,3,USC00478349,SUPERIOR,32.36682279069687,0.19091322567375818
55031,4,USW00014913,DULUTH,48.091800001907885,0.08647570094297001
55031,5,USC00211074,BRUNO 7ENE,52.4094048412203,0.07281447119256937
55033,1,USC00475335,MENOMONIE,8.729373894691191,0.7907704439404569
55033,2,USC00477174,RIDGELAND 1NNE,29.637858761155613,0.068599819260754
55033,3,USW00014991,CHIPPEWA VALLEY RGNL AP,33.48872402268997,0.05373031895427382
55033,4,USC00470904,BLOOMER,36.0044541738613,0.046484071100126326
55033,5,USC00470486,BALDWIN,38.61314316207754,0.04041534674438896
55035,1,USW00014991,CHIPPEWA VALLEY RGNL AP,22.288895804106446,0.5037803589890182
55035,2,USC00475563,MONDOVI,35.39966060122405,0.1997193496271526
55035,3,USC00470904,BLOOMER,43.48576499494827,0.13235005023453553
55035,4,USC00475335,MENOMONIE,53.85441628534116,0.08629302499902279
55035,5,USC00473698,HOLCOMBE,56.69695489103969,0.07785721615027097
55037,1,USC00207812,STAMBAUGH 2SSE,26.60955065322104,0.3588280460821206
55037,2,USC00204090,IRON MTN-KINGSFORD WWTP,26.776922935792705,0.3543562723905581
55037,3,USC00200197,AMASA 1W,40.51505956757736,0.15478486700998206
55037,4,USC00471897,CRIVITZ HIGH FALLS,59.51657301378674,0.07172748925151454
55037,5,USC00478978,WAUSAUKEE,64.90977452618358,0.060303325265824805
55039,1,USC00472839,FOND DU LAC WWTP,5.537579282487639,0.9159407739352905
55039,2,USC00476330,OSHKOSH,30.01295880179895,0.03118097439227708
55039,3,USC00473756,HORICON WWTP,36.83699191810367,0.020698505502194545
55039,4,USC00471568,CHILTON,41.5508726725426,0.016268481125057327
55039,5,USC00476678,PLYMOUTH WWTP,42.014703040557905,0.01591126504518048
55041,1,USC00207812,STAMBAUGH 2SSE,44.674255823547384,0.2565880601279324
55041,2,USC00472314,EAGLE RVR,46.6440864521489,0.2353736888574608
55041,3,USC00477113,RHINELANDER,53.22023939395527,0.18079959343524246
55041,4,USC00204090,IRON MTN-KINGSFORD WWTP,55.10240605207286,0.16865917494346697
55041,5,USC00471897,CRIVITZ HIGH FALLS,56.82664942326769,0.15857948263589736
55043,1,USC00474546,LANCASTER 4 WSW,9.033979324652423,0.8239522057297819
55043,2,USC00133517,GUTTENBERG L&D 10,34.06110638625971,0.057961912070393654
55043,3,USC00132364,DUBUQUE L&D 11,36.90756322515287,0.049366172958319375
55043,4,USC00476827,PRAIRIE DU CHIEN,41.148700919838774,0.03971439467397052
55043,5,USC00472173,DODGEVILLE WWTP,48.14944801319652,0.029005314567534673
55045,1,USC00475573,MONROE WWTP,9.879290399070268,0.6936157777488899
55045,2,USC00471078,BRODHEAD WWTP,18.967527617904143,0.18816940710199528
55045,3,USC00472001,DARLINGTON WWTP,40.95955730230633,0.04035152555386961
55045,4,USC00478229,STOUGHTON WWTP,41.341462611341896,0.039609448168500046
55045,5,USC00113262,FREEPORT WWTP,42.06759718552275,0.03825384142674509
55047,1,USC00475581,MONTELLO WWTP,27.843663482428397,0.3639394705488491
55047,2,USC00470645,BEAVER DAM WWTP,38.85015732378832,0.18693746446264523
55047,3,USC00472839,FOND DU LAC WWTP,41.540970293608254,0.16350409672973912
55047,4,USC00476330,OSHKOSH,42.508759102512116,0.1561439122604658
55047,5,USC00476718,PORTAGE WWTP,46.6818331429177,0.12947505599830078
55049,1,USC00472173,DODGEVILLE WWTP,4.6957265182204235,0.9349099639946984
55049,2,USW00014921,LONE ROCK TRI CO AP,23.764653906765282,0.03650164117019629
55049,3,USC00472001,DARLINGTON WWTP,35.95538252073967,0.015945845514962344
55049,4,USC00474546,LANCASTER 4 WSW,56.72750494646514,0.006406015933273882
55049,5,USC00470273,UW ARBORETUM - MADISON,57.49314468737229,0.006236533386869027
55051,1,USC00473800,HURLEY,15.934469823465815,0.3824180193005722
55051,2,USC00204104,IRONWOOD,16.42050162557241,0.3601146120007946
55051,3,USC00475352,MERCER RS,22.82714798577386,0.18634179527270925
55051,4,USC00476398,PARK FALLS DNR HQ,46.064827523189045,0.0457588061434127
55051,5,USC00200718,BERGLAND DAM,61.869161424925196,0.02536676728251125
55053,1,USC00475808,NEILLSVILLE 3ESE,31.673113518769007,0.37025414511687477
55053,2,USC00475164,MATHER 3 NW,39.61532112393737,0.2366764696489028
55053,3,USC00477997,SPARTA,43.18580174388686,0.19915878612560198
55053,4,USW00014920,LA CROSSE MUNI AP,61.3556609948719,0.09866705498031404
55053,5,USC00478589,TREMPEALEAU DAM 6,62.448634729809946,0.09524354412830649
55055,1,USC00474482,LAKE MILLS WWTP,12.414101658434856,0.3185087807755457
55055,2,USC00472869,FT ATKINSON WWTP,13.932760923550985,0.2528585450211683
55055,3,USC00478919,WATERTOWN WWTP,18.09444159229322,0.14992071148032066
55055,4,USC00479190,WHITEWATER WWTP,18.56402175502099,0.14243209661972234
55055,5,USC00478316,SULLIVAN 3 SE - WFO MKX,18.97842435613803,0.136279866103243
55057,1,USC00475178,MAUSTON 1 SE,16.468129550701867,0.4967790505173358
55057,2,USC00472973,FRIENDSHIP,23.148356641239136,0.251426756649776
55057,3,USC00475164,MATHER 3 NW,32.770745788281836,0.12545245734174804
55057,4,USC00479319,WISCONSIN DELLS WWTP,45.86934381248328,0.06403343033720164
55057,5,USC00477052,REEDSBURG WWTP,46.49999886352974,0.0623083051539386
55059,1,USC00474174,KENOSHA WWTP,6.0527884601019,0.7410457568057344
55059,2,USC00476922,RACINE WWTP,14.955115815920239,0.12138819549945014
55059,3,USC00478723,UNION GROVE WWTP,17.006809864446534,0.09386643071875586
55059,4,USC00471205,BURLINGTON WWTP,31.433139206034358,0.027477708060291012
55059,5,USW00014839,MILWAUKEE MITCHELL AP,40.90976917661558,0.016221908915768777
55061,1,USC00474195,KEWAUNEE,16.516950148128007,0.6376091454187582
55061,2,USC00478267,STURGEON BAY EXP FARM,31.764575561397365,0.172396379240058
55061,3,USC00476208,OCONTO 4 W,51.145984501810325,0.06649533345629297
55061,4,USC00478672,TWO RIVERS,52.30998225515005,0.06356896027356906
55061,5,USW00014898,GREEN BAY,53.87463364615298,0.059930181611321826
55063,1,USW00014920,LA CROSSE MUNI AP,11.776530836127801,0.49554764146445945
55063,2,USC00214418,LA CRESCENT DAM 7,16.57243870132914,0.250234576099751
55063,3,USC00477997,SPARTA,23.862281743310277,0.12069692963402141
55063,4,USC00478589,TREMPEALEAU DAM 6,27.999406717970672,0.0876642461201061
55063,5,USC00473038,GENOA DAM 8,38.71320462501403,0.04585660668166198
55065,1,USC00472001,DARLINGTON WWTP,3.2087407778130745,0.9672122921908715
55065,2,USC00118293,STOCKTON 3NNE,30.677907773598886,0.01058131392700067
55065,3,USC00472173,DODGEVILLE WWTP,33.95887820318934,0.008635438659597997
55065,4,USC00113312,GALENA,38.19303293598211,0.006826888023595518
55065,5,USC00475573,MONROE WWTP,38.42683296928934,0.006744067198934277
55067,1,USC00475364,MERRILL,47.34215647372299,0.27501264591363866
55067,2,USC00477113,RHINELANDER,48.55563078482099,0.2614384961351495
55067,3,USW00014897,WAUSAU ASOS,56.96813204315987,0.1899261561118058
55067,4,USC00477708,SHAWANO 2SSW,65.07457379529413,0.14555464611596125
55067,5,USC00471897,CRIVITZ HIGH FALLS,69.37515406557023,0.12806805572344487
55069,1,USC00475364,MERRILL,18.05019494430522,0.591542286329738
55069,2,USC00477113,RHINELANDER,36.78261232779038,0.14245065455672146
55069,3,USC00479236,WILLOW RSVR,42.71631220688089,0.10562387221982013
55069,4,USW00014897,WAUSAU ASOS,45.879500064757636,0.09156136008364259
55069,5,USC00475255,MEDFORD,52.91900822251096,0.06882182681007781
55071,1,USC00478672,TWO RIVERS,1.637768448889971,0.9677341371259106
55071,2,USC00475017,MANITOWOC,9.745113610257787,0.02733299668460409
55071,3,USC00474195,KEWAUNEE,34.581919077677895,0.002170515449284054
55071,4,USC00471064,BRILLION,40.12566886541425,0.001612190999009494
55071,5,USC00471568,CHILTON,47.50632657383457,0.0011501597411918364
55073,1,USW00014897,WAUSAU ASOS,10.937893838255825,0.7689776792555685
55073,2,USC00475364,MERRILL,32.098521610409996,0.08929169790470196
55073,3,USC00475120,MARSHFIELD EXP FARM,41.168260228823655,0.05428203409025487
55073,4,USC00478171,STEVENS PT,45.10220981805873,0.04522572104392937
55073,5,USC00477349,ROSHOLT,46.67848021149082,0.04222286770554533
55075,1,USC00478978,WAUSAUKEE,4.588903572017812,0.8969436079745859
55075,2,USC00471897,CRIVITZ HIGH FALLS,15.755892239566545,0.07608464160303302
55075,3,USC00475091,MARINETTE,39.91264179386275,0.011856651475907205
55075,4,USC00204090,IRON MTN-KINGSFORD WWTP,49.3376284344355,0.007759370028952956
55075,5,USC00476208,OCONTO 4 W,50.67323650379978,0.007355728917520987
55077,1,USC00475581,MONTELLO WWTP,8.978321259001387,0.7947982653521847
55077,2,USC00476718,PORTAGE WWTP,32.92888237469727,0.05908717292527255
55077,3,USC00473405,HANCOCK EXP FARM,34.07333452653845,0.05518460249504153
55077,4,USC00479319,WISCONSIN DELLS WWTP,37.45075924269941,0.045679983627213906
55077,5,USC00472973,FRIENDSHIP,37.62828473782083,0.04524997560028734
55079,1,USW00014839,MILWAUKEE MITCHELL AP,5.824363636504175,0.7938383106424232
55079,2,USC00479046,W ALLIS,16.244048682628012,0.10205644892367648
55079,3,USC00476922,RACINE WWTP,24.15385405766889,0.04615897346075776
55079,4,USC00478723,UNION GROVE WWTP,28.370494059129634,0.033457633524769693
55079,5,USC00478937,WAUKESHA WWTP,33.16135237587104,0.02448863344837299
55081,1,USC00477997,SPARTA,15.757820257971979,0.6524356284057133
55081,2,USC00475164,MATHER 3 NW,33.50534325350896,0.14431178907754386
55081,3,USC00478827,VIROQUA,47.57422011246899,0.07157916018793319
55081,4,USC00475178,MAUSTON 1 SE,48.114314539018594,0.06998119397557145
55081,5,USW00014920,LA CROSSE MUNI AP,51.24479359424913,0.06169222835323811
55083,1,USC00476208,OCONTO 4 W,22.963438135969167,0.4744483256152214
55083,2,USC00471897,CRIVITZ HIGH FALLS,40.21540409376657,0.15469556699968665
55083,3,USC00477708,SHAWANO 2SSW,41.553080559677056,0.14489596466318969
55083,4,USC00478978,WAUSAUKEE,46.94522202048603,0.11352197753387805
55083,5,USC00475091,MARINETTE,47.170936254294254,0.11243816518802416
55085,1,USC00477113,RHINELANDER,14.603954677718214,0.5004623949956092
55085,2,USC00475516,MINOCQUA,24.352934168843717,0.17997401831403162
55085,3,USC00479236,WILLOW RSVR,24.37636500630801,0.17962819847717842
55085,4,USC00472314,EAGLE RVR,31.028487141044373,0.11086416760605283
55085,5,USC00475364,MERRILL,60.59329478147016,0.029071220607127912
55087,1,USC00470265,APPLETON,15.862745594549047,0.44458937006062194
55087,2,USC00475932,NEW LONDON,21.23764928211487,0.24802925209872684
55087,3,USW00014898,GREEN BAY,29.47440137768462,0.12877329433729123
55087,4,USC00471676,CLINTONVILLE,31.96826843056024,0.10946557595085714
55087,5,USC00477708,SHAWANO 2SSW,40.22400718224774,0.06914250755250309
55089,1,USC00476678,PLYMOUTH WWTP,27.262420548622636,0.4356574439964642
55089,2,USC00473058,GERMANTOWN WASTEWATER UTILITY,36.70782991176169,0.24030153420519335
55089,3,USC00473453,HARTFORD WWTP,49.335650868014746,0.1330308116546347
55089,4,USC00479046,W ALLIS,57.80802887221821,0.09689416906812374
55089,5,USC00472839,FOND DU LAC WWTP,58.65501594512403,0.09411604107558394
55091,1,USC00475563,MONDOVI,14.67012444753147,0.5917427805220815
55091,2,USC00475335,MENOMONIE,28.58583304197458,0.15584714774583655
55091,3,USC00470124,ALMA DAM 4,34.08410043987653,0.1096217904814222
55091,4,USW00014991,CHIPPEWA VALLEY RGNL AP,38.18204017189882,0.08735390088016305
55091,5,USC00218227,THEILMAN 1SSW,47.930359157246244,0.0554343803704967
55093,1,USC00472556,ELLSWORTH 1E,2.612317205425926,0.9529121126395066
55093,2,USC00216822,RED WING DAM 3,19.383833897987394,0.017307140118534174
55093,3,USC00477226,RIVER FALLS,20.523692030368224,0.015438094343365457
55093,4,USC00470486,BALDWIN,26.75524564756827,0.009084202016295066
55093,5,USC00213567,HASTINGS DAM 2,35.166036592419445,0.005258450882298866
55095,1,USC00474894,LUCK,12.725032189164068,0.40867293017649836
55095,2,USC00477464,ST CROIX FALLS,16.551693295773344,0.24155097258057429
55095,3,USC00470175,AMERY,19.059533523730956,0.18216675262466833
55095,4,USC00218986,WILD RVR SP,24.4873433216457,0.11035964897004394
55095,5,USC00471923,CUMBERLAND,33.99853740262978,0.057249695648215165
55097,1,USC00478171,STEVENS PT,7.946787856835976,0.8116183373701474
55097,2,USC00477349,ROSHOLT,22.65257040502977,0.09988496273880253
55097,3,USC00478951,WAUPACA,37.37072242588969,0.03670051029525402
55097,4,USC00473405,HANCOCK EXP FARM,39.88161995765877,0.03222474640737335
55097,5,USW00014897,WAUSAU ASOS,51.17479588330995,0.019571443188422667
55099,1,USC00476398,PARK FALLS DNR HQ,29.167009834866107,0.3974891018357564
55099,2,USC00479236,WILLOW RSVR,39.85135920289627,0.21292309250894498
55099,3,USC00470773,BIG FALLS HYDRO,48.586670097671416,0.14324344950275988
55099,4,USC00479304,WINTER,51.061561279311825,0.12969429190308784
55099,5,USC00475516,MINOCQUA,53.84086515681817,0.11665006424945089
55101,1,USC00476922,RACINE WWTP,8.705429043719386,0.671692435443993
55101,2,USW00014839,MILWAUKEE MITCHELL AP,22.2283394316843,0.10302361326847038
55101,3,USC00478723,UNION GROVE WWTP,23.612897903658297,0.0912961027355558
55101,4,USC00474174,KENOSHA WWTP,24.68109411830381,0.08356453503588392
55101,5,USC00479046,W ALLIS,31.773109387534003,0.05042331351609699
55103,1,USW00014921,LONE ROCK TRI CO AP,27.21230903519797,0.3526355740163716
55103,2,USC00473022,GAYS MILLS,34.08919245589061,0.22471056107982704
55103,3,USC00477052,REEDSBURG WWTP,38.74347696756975,0.1739641359646537
55103,4,USC00478827,VIROQUA,40.965267314849356,0.15560563650390172
55103,5,USC00472173,DODGEVILLE WWTP,52.9652127348122,0.09308409243524587
55105,1,USC00470045,AFTON - JANESVILLE WWTP,3.712840587480094,0.9179923494759623
55105,2,USC00470696,BELOIT,18.80726508071893,0.03577670798399019
55105,3,USC00471078,BRODHEAD WWTP,26.11409775725855,0.0185567371737365
55105,4,USC00478229,STOUGHTON WWTP,29.084514553197472,0.014959877212551454
55105,5,USC00472869,FT ATKINSON WWTP,31.548529826533425,0.01271432815375967
55107,1,USC00474391,LADYSMITH 3W,1.3168290937410534,0.9895009575145522
55107,2,USC00470773,BIG FALLS HYDRO,16.64115180753091,0.006195955362350506
55107,3,USC00473698,HOLCOMBE,27.71311821559852,0.0022341084773056835
55107,4,USC00479304,WINTER,37.944099971420826,0.001191753767121114
55107,5,USC00471847,COUDERAY 7 W,44.22644715305804,0.0008772248786703343
55109,1,USC00470486,BALDWIN,8.567958264860778,0.759838986471887
55109,2,USC00477226,RIVER FALLS,23.350173418765905,0.1023048061784233
55109,3,USC00470175,AMERY,30.972080312752475,0.05814809672010187
55109,4,USC00472556,ELLSWORTH 1E,33.22133228726397,0.05054080644435644
55109,5,USC00475335,MENOMONIE,43.7310578855547,0.02916730418523168
55111,1,USC00477052,REEDSBURG WWTP,11.500308739073608,0.5408825154288575
55111,2,USC00470516,BARABOO WWTP,17.794113016500347,0.22592758120926085
55111,3,USC00479319,WISCONSIN DELLS WWTP,24.652578375723795,0.11770563255280088
55111,4,USW00014921,LONE ROCK TRI CO AP,31.175469285153767,0.07360307227665437
55111,5,USC00475178,MAUSTON 1 SE,41.32866911837079,0.04188119853242645
55113,1,USC00479304,WINTER,13.88808520937927,0.5778965983864804
55113,2,USC00471847,COUDERAY 7 W,25.245307047028703,0.1748934595629125
55113,3,USC00473511,HAYWARD RS,31.675762045896903,0.11109147660657427
55113,4,USC00470773,BIG FALLS HYDRO,37.377267690348795,0.07978473027101964
55113,5,USC00474391,LADYSMITH 3W,44.48188342348557,0.056333735173013204
55115,1,USC00477708,SHAWANO 2SSW,11.248365761882152,0.6567915270583814
55115,2,USC00471676,CLINTONVILLE,18.56137152823434,0.24120498193950837
55115,3,USC00477349,ROSHOLT,47.088785976887074,0.037477569099779694
55115,4,USC00475932,NEW LONDON,48.01866916690727,0.03604011451435673
55115,5,USC00478951,WAUPACA,54.011835200037254,0.028485807387973752
55117,1,USC00476678,PLYMOUTH WWTP,19.29641315748758,0.5857497177296592
55117,2,USC00475017,MANITOWOC,39.23467597862962,0.14168540826061163
55117,3,USC00471568,CHILTON,46.66298045922585,0.10016599681585257
55117,4,USC00478672,TWO RIVERS,46.83774818127736,0.09941988395923558
55117,5,USC00471064,BRILLION,54.66806465078359,0.07297899323464112
55119,1,USC00475255,MEDFORD,15.492927206166762,0.6506431405025915
55119,2,USC00476357,OWEN 1E,29.756701575261403,0.17637630379670502
55119,3,USC00473698,HOLCOMBE,48.74134478589021,0.06573774487761533
55119,4,USC00470773,BIG FALLS HYDRO,52.154449673598556,0.05741522643195884
55119,5,USC00474391,LADYSMITH 3W,55.98478199772235,0.04982758439112923
55121,1,USC00478589,TREMPEALEAU DAM 6,34.346596641933594,0.2413212996056597
55121,2,USC00219072,WINONA DAM 5 A,34.509652521680025,0.23904623199202135
55121,3,USC00475563,MONDOVI,38.2651619201313,0.19442672662344856
55121,4,USC00215488,MINNESOTA CITY DAM 5,39.48813311265911,0.18257019155198162
55121,5,USC00470124,ALMA DAM 4,44.67531740531207,0.14263555022688879
55123,1,USC00478827,VIROQUA,6.225118840620609,0.893230593405524
55123,2,USC00473022,GAYS MILLS,31.75952175910834,0.03431713116277728
55123,3,USC00473038,GENOA DAM 8,32.97062006484269,0.03184231638796256
55123,4,USC00477997,SPARTA,37.47915222779085,0.02464219361584919
55123,5,USW00014920,LA CROSSE MUNI AP,46.55939939694734,0.01596776542788714
55125,1,USC00472314,EAGLE RVR,24.009620820822377,0.3765423791776718
55125,2,USC00475516,MINOCQUA,25.473624210359784,0.3345052894932146
55125,3,USC00475352,MERCER RS,45.94264752555417,0.10283771730337543
55125,4,USC00479236,WILLOW RSVR,46.49250263197042,0.10041962990909345
55125,5,USC00477113,RHINELANDER,50.328563095019554,0.08569498411664471
55127,1,USC00474457,LAKE GENEVA WWTP,12.127263711712043,0.5758879033697075
55127,2,USC00471205,BURLINGTON WWTP,23.574360392871547,0.15239957724475053
55127,3,USC00479190,WHITEWATER WWTP,25.215078922757804,0.13321187330504647
55127,4,USC00478316,SULLIVAN 3 SE - WFO MKX,33.296525005346055,0.07639514823650279
55127,5,USC00472869,FT ATKINSON WWTP,36.9289343860754,0.062105497843992684
55129,1,USC00478027,SPOONER AG RSCH STN,9.836147638750848,0.7208480952915964
55129,2,USC00473511,HAYWARD RS,25.35207726918721,0.108509242863272
55129,3,USC00471847,COUDERAY 7 W,28.045145225203754,0.0886703548259081
55129,4,USC00473186,GORDON,39.20263666970864,0.0453798731686253
55129,5,USC00471923,CUMBERLAND,43.656736572352,0.03659243385059809
55131,1,USC00473453,HARTFORD WWTP,15.893598341968866,0.4490454087180574
55131,2,USC00473058,GERMANTOWN WASTEWATER UTILITY,19.15372177740961,0.3091920921112048
55131,3,USC00473756,HORICON WWTP,32.620883040675075,0.10659658730777981
55131,4,USC00476200,OCONOMOWOC WWTP,39.07255254852301,0.07430040129144279
55131,5,USC00476678,PLYMOUTH WWTP,43.169968213556054,0.06086551057151514
55133,1,USC00478937,WAUKESHA WWTP,4.746684796097549,0.8415968845677452
55133,2,USC00476200,OCONOMOWOC WWTP,18.58326007008219,0.05490869171984648
55133,3,USC00478316,SULLIVAN 3 SE - WFO MKX,20.726129259786145,0.044141643719745154
55133,4,USC00479046,W ALLIS,22.881836855104766,0.03621622137576892
55133,5,USC00473058,GERMANTOWN WASTEWATER UTILITY,28.628136029744297,0.023136558616894176
55135,1,USC00478951,WAUPACA,15.551095529323423,0.44643699368469253
55135,2,USC00471676,CLINTONVILLE,23.655286505936953,0.192941534592729
55135,3,USC00475932,NEW LONDON,23.76040727017585,0.19123808774666062
55135,4,USC00477349,ROSHOLT,31.578141108147236,0.10827022298787528
55135,5,USC00477708,SHAWANO 2SSW,42.0313851922696,0.06111316098804257
55137,1,USC00473405,HANCOCK EXP FARM,23.6397446518722,0.4080319151957854
55137,2,USC00478951,WAUPACA,30.494393501661694,0.24521085733025613
55137,3,USC00475581,MONTELLO WWTP,37.52359359806508,0.1619462323816957
55137,4,USC00472973,FRIENDSHIP,49.66200672668292,0.09245516271598919
55137,5,USC00475932,NEW LONDON,49.68870573538535,0.09235583237627348
55139,1,USC00476330,OSHKOSH,11.409576273513423,0.6781321645061903
55139,2,USC00470265,APPLETON,28.095826366602445,0.11183294334671956
55139,3,USC00475932,NEW LONDON,30.612626645577237,0.09420027837584463
55139,4,USC00472839,FOND DU LAC WWTP,36.587938071466155,0.06594433684084994
55139,5,USC00471568,CHILTON,42.064790531564235,0.04989027693039552
55141,1,USC00475120,MARSHFIELD EXP FARM,21.336700751418654,0.48686446885341095
55141,2,USC00478171,STEVENS PT,36.40415738086103,0.16724788989595796
55141,3,USC00475808,NEILLSVILLE 3ESE,40.25798821775229,0.13675980621557096
55141,4,USC00475164,MATHER 3 NW,40.28128848937388,0.1366016375401694
55141,5,USC00473405,HANCOCK EXP FARM,55.28201349890044,0.07252619749489074
56001,1,USC00488808,SYBILLE RSCH UNIT,30.820470868755113,0.32544424945531625
56001,2,USC00485435,LARAMIE 2NW,37.40468772238946,0.22095461368207273
56001,3,USW00024022,LARAMIE AP,39.03437978463963,0.20288996838912757
56001,4,USC00486120,MEDICINE BOW,47.80151230711048,0.1352919223342476
56001,5,USS0006H23S,Sand Lake,51.7533484329629,0.11541924613923564
56003,1,USC00480540,BASIN,16.480724026772084,0.37990317824195136
56003,2,USC00488124,SHELL,17.266062194753598,0.34612972640567413
56003,3,USC00483031,EMBLEM,31.534147440782476,0.10376796820972299
56003,4,USS0007E21S,Bald Mtn.,32.927732510607406,0.09517039039943369
56003,5,USS0007E18S,Bone Springs Div,37.085055505349594,0.07502873674321771
56005,1,USC00483855,GILLETTE 3SE,9.922172126166016,0.8259343153324551
56005,2,USC00482580,DILLINGER,33.51620908022872,0.07238511051572187
56005,3,USW00024088,MOORCROFT 3S,46.936764834265226,0.036909037464209406
56005,4,USC00489800,WRIGHT,48.09530189374616,0.035152297366644276
56005,5,USC00489805,WRIGHT 12W,52.39532776285678,0.02961923932096947
56007,1,USW00024057,RAWLINS AP,24.56731704671821,0.5489346966055239
56007,2,USS0007H05S,Divide Peak,48.37422350960391,0.1415820282071387
56007,3,USS0006H19S,South Brush Creek,55.011361951446275,0.10947913285672571
56007,4,USC00485525,LEO 6 SW,55.05053030896096,0.10932339984932864
56007,5,USS0006H09S,Webber Springs,60.44502171191656,0.09068074248128308
56009,1,USS0006G02S,Reno Hill,65.22165605676021,0.22205839464578578
56009,2,USC00482725,DULL CTR 1SE,65.88221555039955,0.21762783833970636
56009,3,USS0005G04S,Laprele Creek,66.46544759993208,0.21382524188196372
56009,4,USS0006G01S,Casper Mtn.,70.73488155689354,0.18879199607109776
56009,5,USC00486195,MIDWEST,77.39525803509856,0.15769652906144643
56011,1,USC00482466,DEVILS TWR #2,11.69194781246223,0.7294484097216517
56011,2,USC00488705,SUNDANCE,25.818901134773345,0.1495866406641783
56011,3,USC00481905,COLONY,45.05072218454085,0.04913204077179251
56011,4,USW00024088,MOORCROFT 3S,50.40778234360055,0.03924398811153877
56011,5,USC00489205,UPTON,55.31579649019656,0.03258892073083868
56013,1,USC00487760,RIVERTON,19.249276870919207,0.3673305078490789
56013,2,USC00487115,PAVILLION,22.33295350092979,0.27289370286910863
56013,3,USW00024021,LANDER AP,28.29101235336774,0.17005478670273227
56013,4,USC00482595,DIVERSION DAM,33.66563352052439,0.12009149595096444
56013,5,USS0009G03S,Hobbs Park,44.212620844563475,0.06962950662811579
56015,1,USC00485612,LINGLE 2WSW,5.391834195003486,0.8838986583054208
56015,2,USC00486852,OLD FT LARAMIE,21.110711765958968,0.057659354975167484
56015,3,USC00489604,WHALEN DAM (USBR),28.780365299222503,0.031022938226630326
56015,4,USC00484126,GUERNSEY DAM #2,40.44075650392923,0.015712199682432842
56015,5,USC00488997,TORRINGTON 29N,46.85088092245072,0.011706848810348712
56017,1,USC00488875,THERMOPOLIS,20.258071218042165,0.5623145552192227
56017,2,USC00481000,BOYSEN DAM,41.299659384509695,0.13529525719386085
56017,3,USS0008F01S,Owl Creek,46.70812872565416,0.10577683677498598
56017,4,USW00024062,WORLAND MUNI AP,47.47877109410809,0.10237091224248562
56017,5,USC00489770,WORLAND,49.48396585607327,0.09424243856944477
56019,1,USC00481165,BUFFALO,34.691937930687075,0.2529636824322491
56019,2,USC00485055,KAYCEE,36.867191895022785,0.22399337690309548
56019,3,USS0006E03S,Hansen Sawmill,39.39541519584126,0.19616608839501168
56019,4,USS0007F01S,Bear Trap Meadow,41.437602069953286,0.17730707487916572
56019,5,USS0007E06S,Powder River Pass,45.11653359378096,0.14956977739047805
56021,1,USW00024018,CHEYENNE,19.85129958489808,0.6567033822920647
56021,2,USC00484442,HECLA 1E,45.22624080993363,0.12652203207340232
56021,3,USC00481730,CHUGWATER,53.559032605454796,0.0902156104178986
56021,4,USC00058690,VIRGINIA DALE 7 ENE,59.26361108474183,0.07368361402141776
56021,5,USC00253605,HARRISBURG 12WNW,69.95953215755937,0.05287536119521652
56023,1,USS0010G22S,Indian Creek,7.788235613950865,0.42531471076964833
56023,2,USS0010G24S,Hams Fork,8.898160355948635,0.3258277815287468
56023,3,USS0010G12S,Kelley R.S.,11.363357024515182,0.1997906977112183
56023,4,USS0010G13S,Snider Basin,31.525012758919146,0.02595840628304834
56023,5,USS0010G20S,Spring Creek Divide,33.41252607333223,0.023108403707338288
56025,1,USC00487375,POWDER RVR (SCHOOL),19.093616179188736,0.5047701966881548
56025,2,USW00024089,CASPER-NATRONA CO AP,25.574079087819154,0.2813650001348138
56025,3,USS0006G01S,Casper Mtn.,45.75175800118552,0.08791328497323224
56025,4,USC00480552,BATES CREEK #2,51.765724636880286,0.06867291545034826
56025,5,USC00487105,PATHFINDER DAM,56.68117346870794,0.05727860275345075
56027,1,USC00487555,REDBIRD,24.927321968184362,0.6026573054662528
56027,2,USC00482725,DULL CTR 1SE,55.729621534108716,0.12057283831127119
56027,3,USC00392557,EDGEMONT,59.43853127487859,0.10599503751894573
56027,4,USC00253615,HARRISON,63.38336796299598,0.09321183275304591
56027,5,USC00488997,TORRINGTON 29N,69.48380231549403,0.07756298595048423
56029,1,USS0009E13S,Blackwater,19.98338003966399,0.361935561293235
56029,2,USS0009E11S,Evening Star,22.916645488382656,0.2752118049869924
56029,3,USC00481175,BUFFALO BILL DAM,33.8354331302452,0.12624833840691846
56029,4,USS0009E08S,Wolverine,34.60604128177606,0.12068833851128333
56029,5,USS0009E09S,Marquette,35.31123958929992,0.11591595680157087
56031,1,USC00489615,WHEATLAND 4N,2.4329562532344657,0.9750535484544456
56031,2,USC00484126,GUERNSEY DAM #2,23.690978259707453,0.010283266207657897
56031,3,USC00489604,WHALEN DAM (USBR),29.87197968168573,0.006467985784221175
56031,4,USC00486852,OLD FT LARAMIE,33.80656831560391,0.0050500408488811845
56031,5,USC00481730,CHUGWATER,42.837809100125234,0.0031451587047940936
56033,1,USC00488160,SHERIDAN FLD STN,7.405166750009906,0.4947754442796008
56033,2,USW00024029,SHERIDAN AP,7.705386362951378,0.45697136023987805
56033,3,USS0007E34S,Dome Lake,40.60687327301701,0.01645427388912067
56033,4,USC00481816,CLEARMONT 5 SW,41.08999726233563,0.016069619651763685
56033,5,USS0007E12S,Sucker Creek,41.532128260755634,0.01572930193963688
56037,1,USW00024027,ROCK SPRINGS AP,16.43115570752315,0.6774261187333991
56037,2,USC00480761,BITTER CREEK 4 NE,31.441218003963442,0.18501180316304072
56037,3,USC00484065,GREEN RVR,51.96729600366025,0.06772327000748754
56037,4,USC00483170,FARSON 2NNE,70.37109009278277,0.036932576193149054
56037,5,USC00489459,WAMSUTTER,74.55212086274331,0.0329062319029236
56043,1,USW00024062,WORLAND MUNI AP,24.491889309831308,0.23718896696426925
56043,2,USC00480778,BLACK MTN,25.369118351725373,0.2210692360896235
56043,3,USC00488858,TENSLEEP 16SSE,25.846190243784136,0.21298351306078925
56043,4,USC00489770,WORLAND,28.129774375106322,0.1798069863251626
56043,5,USC00488852,TENSLEEP 4NE,30.906326223865868,0.14895129756015543
56045,1,USC00489205,UPTON,27.618475269396477,0.3143917812890912
56045,2,USC00486660,NEWCASTLE,30.589121795107822,0.25629289376475617
56045,3,USC00487810,ROCHELLE 7ENE,31.238038036813737,0.2457554078577227
56045,4,USW00024088,MOORCROFT 3S,50.23416888754578,0.09503249672488319
56045,5,USC00482580,DILLINGER,52.047082047079876,0.08852742036354677
