tree
version=v4
num_class=1
num_tree_per_iteration=1
label_index=0
max_feature_idx=15
objective=regression
feature_names=yield_lag_1 yield_lag_2 yield_lag_3 yield_roll_mean_3 yield_roll_mean_5 yield_trend_slope_5 tmax_avg tmin_avg prcp_total gdd heat_stress prcp_days year commodity climate_quality county_fips
feature_infos=[0:264.10000000000002] [0:246] [0:244.90000000000001] [0:244.96666666666667] [0:237.01999999999998] [-105.00000000000576:179.9999999999911] [10.084252920855295:40.124057466755886] [-3.7069808136217919:24.103466517540909] [0.14217218799718923:1768.5679203803213] [31.283878371176939:3036.7282711623689] [0:164.27654048944541] [0.32805068762812084:123.5435762004245] [1990:2018] -1:0:2:1 -1:0:2 -1:472:482:511:526:533:539:541:547:548:562:565:576:603:619:634:638:777:794:795:807:857:887:892:907:938:942:943:945:1011:1030:1035:1049:1050:1051:1052:1053:1056:1057:1062:1064:1065:1068:1076:1090:1091:1093:1096:1098:1291:1298:1350:1444:1460:1474:1493:1502:1642:1653:1654:1655:1678:1692:1698:1700:1703:1704:1714:1779:1783:1793:1794:1795:1796:1799:1808:1811:1815:1825:1839:1845:1851:1861:1862:1863:2090:2107:2165:2174:2175:2186:2188:2198:2222:2223:2238:2491:2505:2515:2565:2578:85:99:131:458:461:463:474:500:504:505:515:523:524:545:549:560:570:575:584:594:596:598:600:610:611:631:635:637:744:760:798:812:816:833:864:870:916:932:939:946:948:1006:1007:1015:1041:1044:1046:1074:1095:1210:1288:1327:1331:1339:1447:1456:1459:1475:1476:1481:1490:1511:1625:1639:1651:1657:1663:1664:1665:1675:1696:1702:1706:1720:1722:1789:1792:1809:1812:1822:1827:1830:1836:1838:1848:1850:1856:1857:1859:1864:2094:2108:2112:2157:2164:2534:2550:2657:2658:2664:2680:2695:2700:2703:2712:448:462:475:489:507:512:513:519:529:566:572:577:582:589:590:614:615:625:739:740:745:768:780:801:809:822:824:826:850:858:860:878:882:1029:1031:1036:1060:1088:1141:1154:1184:1258:1315:1360:1436:1467:1468:1491:1492:1500:1517:1631:1632:1637:1659:1661:1666:1683:1690:1697:1708:1718:1726:1771:1788:1797:1802:1814:1818:1821:1828:1831:1843:1847:1854:1900:1986:2008:2011:2038:2052:2055:2064:2072:2075:2080:2085:2140:2172:2197:2214:2310:2652:2655:2688:2710:2714:112:115:469:478:492:497:503:517:531:534:536:546:552:563:573:578:579:580:581:588:592:616:636:743:785:796:800:804:847:854:910:927:1010:1013:1020:1026:1092:1106:1136:1143:1152:1159:1162:1169:1172:1175:1224:1264:1270:1280:1296:1310:1316:1337:1341:1352:1457:1463:1482:1495:1504:1506:1647:1679:1691:1713:1723:1727:1733:1742:1781:1786:1791:1800:1805:1824:1826:1833:1841:1844:1855:1882:1973:2010:2022:2031:2054:2059:2063:2069:2089:2101:2102:2121:2142:2150:2200:2205:2208:2232:2369:2494:2516:2536:2555:2562:2568:2672:2675:2681:2708:95:104:264:449:453:455:456:457:467:484:486:495:501:506:521:537:555:557:558:564:626:628:633:793:799:840:874:891:905:1018:1023:1024:1034:1077:1110:1133:1140:1173:1174:1181:1197:1249:1251:1274:1314:1319:1336:1346:1427:1438:1477:1494:1633:1672:1673:1735:1761:1765:1773:1778:1852:1975:1987:2000:2006:2009:2041:2088:2095:2104:2116:2138:2145:2147:2231:2512:2545:2549:2573:2580:2581:2674:2686:2697:2702:82:117:468:490:516:527:528:542:554:620:622:755:767:781:803:810:811:828:846:890:1114:1120:1138:1158:1183:1190:1277:1279:1281:1311:1334:1338:1450:1641:1650:1716:1739:1744:1774:1776:1785:1835:1860:1913:1922:1978:1982:2026:2043:2084:2111:2128:2144:2153:2526:2527:2552:2667:2668:2713:90:100:111:119:325:367:450:471:494:496:540:543:586:587:748:753:758:782:808:838:868:1112:1125:1161:1170:1200:1236:1250:1268:1286:1289:1303:1309:1324:1329:1332:1355:1366:1458:1499:1527:1532:1538:1649:1687:1693:1694:1760:1763:1770:1846:1927:1991:1993:2003:2015:2020:2040:2042:2087:2137:2156:2183:2210:2211:2507:2528:2649:2659:87:339:377:445:459:473:481:483:485:508:530:571:742:762:787:913:924:1058:1108:1150:1275:1283:1297:1308:1312:1317:1326:1328:1347:1354:1439:1445:1455:1469:1471:1473:1487:1497:1628:1717:1756:1798:1840:1849:1915:2016:2019:2021:2025:2051:2082:2647:2669:363:470:477:591:606:617:751:772:815:817:825:926:1021:1033:1139:1145:1165:1211:1245:1265:1293:1330:1343:1441:1470:1489:1530:1645:1648:1676:1729:1758:1780:1801:1908:1994:2004:2071:2097:2105:2171:2514:2522:2542:2558:2570:80:108:222:368:454:498:544:556:747:769:774:819:829:883:949:1022:1226:1234:1254:1480:1643:1667:1688:1707:1710:1747:1787:1823:1890:1931:1997:2113:2187:2206:2504:2654:2677:2682:37:261:279:493:509:612:689:694:727:738:749:752:756:761:813:820:841:875:915:941:957:964:965:968:979:980:983:1047:1071:1079:1080:1160:1229:1230:1318:1342:1358:1434:1498:1992:2012:2053:2073:2100:2131:2148:2176:2207:2235:2496:2666:2689:2692:40:98:121:220:221:326:451:465:535:551:623:667:776:830:836:856:971:990:1000:1004:1008:1016:1272:1287:1333:1709:1738:1919:1981:2036:2056:2122:2126:2306:2309:2539:2574:2582:34:75:263:298:341:446:447:452:510:567:690:778:900:909:936:940:952:986:995:1103:1266:1273:1276:1278:1305:1359:1432:1508:1514:1577:1600:1670:1671:1677:1740:1891:2070:2109:2119:2184:2204:2350:2540:2673:76:122:291:309:374:499:514:518:605:730:766:818:832:914:1072:1242:1301:1348:1357:1466:1519:1531:1541:1599:1601:1602:1622:1626:1734:1746:2044:2093:2115:2125:2132:2133:2139:2327:2508:2532:2544:2571:1:84:331:502:607:613:630:746:791:823:839:843:865:923:944:947:1142:1613:1772:1775:1889:1936:2013:2060:2077:2196:2706:88:105:288:294:327:378:480:491:569:593:632:664:708:759:797:827:834:855:884:888:889:1116:1351:1362:1365:1440:1465:1515:1535:1590:1595:1790:2079:2127:2384:2661:2683:2699:21:35:280:380:561:601:682:692:696:757:790:806:814:886:893:1014:1027:1083:1118:1294:1299:1483:1597:1624:1752:1998:2001:2066:2152:2240:2272:2404:2685:18:476:574:629:681:686:706:711:765:984:1019:1134:1155:1157:1271:1282:1285:1300:1302:1306:1370:1428:1454:1539:1732:1916:1917:1990:2078:2160:2281:2297:2313:2711:2715:248:257:259:290:317:344:375:392:627:731:786:789:906:981:1017:1105:1167:1223:1267:1321:1453:1461:1496:1596:1614:1634:1658:1759:1977:2047:2096:2178:2203:2227:2622:255:343:356:372:401:550:585:662:687:705:718:741:783:788:871:1003:1005:1126:1149:1163:1209:1227:1323:1623:1749:1750:1764:1842:1937:1976:1979:2046:2189:2202:2397:2453:2523:2645:2696:2705:32:103:130:308:321:487:488:525:532:618:665:700:716:722:784:805:918:1009:1089:1097:1192:1269:1486:1533:1604:1872:1873:1920:2408:2510:2548:2656:8:23:47:91:379:522:538:583:599:642:644:654:663:666:669:674:695:701:703:720:728:729:735:764:779:792:821:908:937:1208:1345:1356:1437:1503:1510:1586:1748:1871:1929:1983:2124:2146:2179:2191:2273:2296:2435:2497:2519:2520:266:354:602:646:648:661:677:691:707:725:734:770:773:837:851:863:1147:1191:1193:1368:1888:1933:2017:2027:2218:2330:2370:2653:2671:31:102:320:621:639:640:653:658:660:717:726:802:960:1054:1107:1115:1171:1257:1618:1640:1909:2034:2239:2427:2651:2662:2676:2678:2691:285:464:597:608:671:699:721:771:1129:1446:1478:1636:1660:1884:1911:1988:2074:2393:2502:2535:2650:2693:56:273:609:650:697:715:724:754:763:775:844:1099:1124:1189:1516:1593:1638:1715:1782:1866:1876:2057:2333:2351:2611:2709:14:20:58:359:384:698:710:713:719:831:835:1081:1178:1186:1240:1304:1433:1443:1513:1705:1762:1901:2098:2254:2293:2551:43:302:332:346:388:390:641:652:668:672:675:683:849:919:959:1078:1082:1121:1151:1179:1241:1353:1435:1452:1754:1816:1921:2151:2287:2326:2401:2509:2559:268:324:376:398:643:656:657:676:685:688:702:704:723:733:750:848:1180:1325:1349:1451:1488:1507:1686:1701:1896:1924:2241:2360:2541:2556:2684:251:282:299:595:645:647:649:651:655:659:670:673:678:679:680:684:693:709:712:714:732:736:737:904:1048:1113:1119:1122:1123:1131:1144:1146:1148:1153:1156:1164:1168:1462:1684:1695:1721:1766:1804:1807:1878:2005:2083:2159:2169:2193:2343:2388:2458:2572:2704:163:171:194:249:296:1132:1176:1182:1442:1745:1813:1904:2228:2237:2255:2259:2390:2414:2448:2690:2698:27:198:218:250:896:1040:1102:1127:1412:1448:1501:1582:1868:1923:2117:2143:2329:2354:2442:2446:2529:169:216:219:393:395:930:1255:1479:2110:2168:2265:2357:2537:2594:6:157:166:179:207:217:336:1085:1212:1369:1426:1509:1905:2030:2032:2149:2201:2229:2283:2294:2298:2318:2412:106:193:199:256:920:985:1430:1449:1505:1534:1576:1725:2091:2120:2216:2315:2337:2441:2499:16:25:110:139:439:970:1177:1252:1422:1737:1870:1885:1918:1938:2018:2288:2459:2533:2609:22:24:86:107:153:196:204:415:438:842:1243:1376:1578:1598:1751:1757:1769:1777:1877:2215:2220:2249:2322:2381:2553:2679:120:136:147:402:1382:1518:1741:1753:2135:2154:2466:2626:2701:30:205:208:428:520:953:1313:1743:1803:1966:2103:2129:2130:2225:2260:2267:2377:2592:132:143:358:873:879:1380:1418:1484:1583:1605:1612:1829:1934:1962:2180:2246:2268:2557:3:15:138:165:168:276:442:895:1075:1196:1231:1730:2024:2086:2262:2418:45:50:200:425:479:861:974:975:982:1410:1414:1656:1755:1980:2726:92:175:292:394:417:421:433:460:867:991:1547:1621:1834:1895:1906:2092:2136:2247:2417:2583:48:118:142:176:209:304:329:424:921:958:976:1260:1395:1571:1886:1960:2209:2253:2339:2378:2723:0:13:146:422:935:1767:1768:1883:1985:60:173:177:444:466:877:1253:1935:1949:2163:2359:2513:152:187:347:366:869:885:972:1373:1562:1574:1853:1881:1989:2061:2141:2173:2299:2543:183:227:340:348:1205:1219:1263:1413:1592:1607:1806:1820:1910:2050:2106:2233:2258:2302:2376:2379:2468:2501:19:29:42:68:101:135:141:371:385:435:568:624:1195:1423:1880:1887:1894:1902:1970:1972:2332:2356:2488:2492:2585:2606:72:202:203:232:1606:1810:1897:1925:2067:2114:2134:2311:2477:2:33:55:231:880:1025:1028:1943:1959:2170:2185:2278:2285:2336:2469:2731:38:137:167:170:382:604:911:925:999:1104:1203:1580:1644:1974:2166:2325:2403:2455:2471:2490:2619:26:247:283:330:407:997:1609:1615:1728:1912:1941:1969:2068:2236:2291:2476:74:197:228:262:313:335:411:427:1100:1731:1736:1961:1964:2099:2118:2177:2456:182:233:258:364:389:400:440:934:1042:1087:1188:1244:1560:1608:1869:1907:1939:2048:2065:2450:5:46:49:224:297:319:357:1101:1199:1594:1617:1669:1914:1932:1954:2286:2308:2344:2347:2382:2383:2503:2636:2717:2730:240:243:246:928:1128:1284:1374:1384:1398:1416:1564:1652:1893:1965:2007:2219:2251:2261:2342:2373:2374:2461:2564:2598:2694:39:41:237:322:342:350:351:352:852:931:962:1073:1215:1379:1388:1397:1403:1421:1579:2212:2280:2358:2405:2420:2487:2600:44:52:185:391:396:406:416:426:430:432:1037:1063:1069:1378:1381:1386:1404:1407:1424:1581:1619:1874:1940:1956:1958:1967:2123:2245:2269:2277:2334:2338:2368:2422:2437:2438:2454:2464:2577:2579:2590:2593:2608:17:162:307:404:434:1117:1375:1377:1389:1390:1392:1420:1585:1603:1689:1892:1930:1968:2252:2282:2314:2340:2346:2439:2463:2481:2518:2604:28:64:114:150:195:412:423:437:553:899:1001:1372:1387:1396:1411:1575:1898:1928:2162:2270:2276:2279:2319:2402:2410:2423:2426:2538:2584:2588:2617:61:244:260:345:397:436:954:1137:1292:1394:1400:1405:1406:1485:1537:1549:1556:1573:1584:1587:1712:2037:2045:2248:2264:2295:2304:2472:2475:2633:65:133:161:284:429:441:881:961:1385:1419:1431:1536:1540:1555:1566:1570:1611:1858:1899:1946:1963:2028:2049:2289:2300:2323:2324:2396:2419:2546:81:399:419:559:901:950:1002:1045:1408:1544:1926:1942:1996:2274:2303:2312:2371:2394:2413:2424:2425:2482:2601:2628:2630:2718:67:124:149:158:164:211:315:418:973:1012:1032:1135:1221:1425:1429:1554:1588:1680:1817:2033:2035:2284:2331:2353:2436:2602:2605:159:188:190:413:862:1061:1399:1402:1589:2002:2029:2181:2230:2242:2362:2416:2433:2554:51:144:148:180:186:201:213:225:369:859:998:1059:2395:2445:2451:2473:2560:2561:2569:2644:2721:181:212:230:338:1235:1246:1784:1832:1837:2194:2386:2391:2483:2616:2722:2734:54:154:172:405:414:1185:1307:1415:1522:1610:1616:1635:1668:1879:1953:2014:2167:2257:2348:2365:2367:2387:2392:2431:2457:2484:2732:77:93:223:1038:1111:1591:1699:1947:1999:2307:2399:2406:2407:2430:2486:2603:2631:2646:210:215:269:270:386:866:2039:2195:2321:2328:2345:2372:2432:2567:2720:4:71:160:229:236:295:323:845:969:1109:1256:1290:1364:1393:1524:1865:1950:2161:2355:2615:2638:2729:96:134:253:278:360:408:1233:1627:1944:1951:1971:2243:2341:2447:2525:2607:2621:2635:2648:265:328:361:963:1344:1512:1529:1867:1875:2158:2352:2434:2462:2500:12:97:156:235:275:287:310:316:894:922:994:1198:1222:1340:1526:1548:1550:1552:1563:1567:1568:1646:2192:2364:2467:2493:2632:2728:951:967:1043:1216:1238:1546:1955:2023:2316:2411:2517:2524:2587:9:113:306:318:337:1220:1401:1528
tree_sizes=3017 3084 3073 3080 2901 2908 2910 2898 2895 2930 3112 2898 2891 2900 2897 3116 2899 2883 2900 2903 3140 2913 3362 3139 3129 2914 3139 3134 2905 3589 3393 2886 3568 3116 3337 3130 3146 3115 3141 3148 3145 3137 3594 3364 3377 3789 3352 3390 3861 3600 4063 3389 3380 3838 4577 3911 3348 3889 3411 4024 4344 4778 4867 3858 4329 4639 4362 4274 4623 4068 4566 5013 4824 4100 4077 4373 4555 4652 4087 4205 4992 5047 5872 5268 4362 5623 4294 4900 4825 5699 3909 4587 4356 4360 4319 6360

Tree=0
num_leaves=31
num_cat=2
split_feature=4 4 13 4 4 4 4 0 4 0 10 0 12 9 10 10 12 4 4 12 15 0 4 9 7 6 12 12 4 4
split_gain=2.1078e+08 2.11924e+07 1.91045e+07 8.0286e+06 4.28672e+06 2.55956e+06 1.60785e+06 1.34789e+06 1.17186e+06 990029 770663 753336 608787 587576 514346 425682 413899 353155 352935 321358 263028 234304 230451 223077 210237 272691 199894 262816 192462 190228
threshold=82.410000000000011 125.52000000000001 0 42.859820971867016 152.79000000000005 104.81000000000002 56.401896080988756 1.0000000180025095e-35 31.10643538084766 105.05000000000001 15.664855171786586 185.75000000000003 2012.5000000000002 2052.8311194271332 12.941175162484237 20.933330291124872 2011.5000000000002 138.41000000000005 36.296503107996948 2012.5000000000002 1 136.05000000000004 49.602395250108721 1038.1512177445502 17.133483242410787 26.661846307599763 2012.5000000000002 2011.5000000000002 112.71000000000002 66.682704836695109
decision_type=10 10 1 10 10 10 10 8 8 8 10 10 2 10 10 10 2 10 10 2 9 10 10 10 10 10 2 2 10 10
left_child=2 5 7 8 12 10 22 -1 -4 15 23 26 16 21 19 20 17 -3 -10 28 -9 -11 -5 -2 25 -18 27 -6 -7 -8
right_child=1 4 3 6 11 14 29 9 18 13 -12 -13 -14 -15 -16 -17 24 -19 -20 -21 -22 -23 -24 -25 -26 -27 -28 -29 -30 -31
leaf_value=69.797528152328525 71.85891853464453 73.103989029922502 69.907411398982703 70.486538251973329 74.041999742359366 72.535391633543895 70.935351774066916 70.923281531428216 70.111310120899134 72.145767278395653 71.733232377686576 74.760300901791481 73.721097738585215 71.377491863766068 72.387558609843666 71.17865562503718 72.937997126091432 73.496263058384315 70.290802051857696 73.274864580413521 71.693919476227975 73.117174080844876 70.68553767517605 72.298335183461134 74.003555731354226 71.459537725168872 74.341488866873533 73.226906950956206 72.864203239589884 71.229889410164759
leaf_weight=377 1231 4835 19558 14484 3113 2658 5578 439 22257 2656 4353 2023 2904 979 3782 3466 215 3606 17700 1158 4107 244 8204 6694 64 235 1746 402 4033 3054
leaf_count=377 1231 4835 19558 14484 3113 2658 5578 439 22257 2656 4353 2023 2904 979 3782 3466 215 3606 17700 1158 4107 244 8204 6694 64 235 1746 402 4033 3054
internal_value=71.1886 72.9516 70.4524 70.3023 73.6955 72.356 70.6911 71.5636 70.0977 71.6196 72.0539 74.2683 73.3436 72.013 72.675 71.4291 73.2212 73.2716 70.1908 72.8134 71.62 72.2275 70.5585 72.2301 72.3947 72.1659 74.0791 73.9488 72.7336 71.0396
internal_weight=146155 43052 103103 90835 19143 23909 31320 12268 59515 11891 12278 7284 11859 3879 11631 8012 8955 8441 39957 7849 4546 2900 22688 7925 514 450 5261 3515 6691 8632
internal_count=146155 43052 103103 90835 19143 23909 31320 12268 59515 11891 12278 7284 11859 3879 11631 8012 8955 8441 39957 7849 4546 2900 22688 7925 514 450 5261 3515 6691 8632
cat_boundaries=0 1 69
cat_threshold=1 0 0 0 0 0 134217728 64 34 0 0 0 0 0 0 0 0 0 0 0 0 0 0 0 0 0 0 0 0 0 0 0 0 0 0 0 0 0 0 0 0 0 0 0 0 0 0 0 0 0 0 0 0 0 2684354560 151168518 66388 0 0 0 0 0 0 0 0 0 1082392576 25559044 32
is_linear=0
shrinkage=1


Tree=1
num_leaves=31
num_cat=2
split_feature=4 4 13 4 4 4 4 0 4 0 10 4 0 9 12 10 10 4 12 12 12 15 4 0 4 7 12 0 4 12
split_gain=1.98323e+08 1.994e+07 1.79756e+07 7.55563e+06 4.03906e+06 2.4178e+06 1.54476e+06 1.26824e+06 1.07839e+06 931489 660372 646443 574348 552850 535652 439214 400554 333075 286468 268479 257110 246587 227483 220457 217725 216414 193228 187350 180286 171494
threshold=82.410000000000011 125.52000000000001 0 42.652464788732409 155.81000000000003 103.12916666666668 56.401896080988756 1.0000000180025095e-35 30.653085826895531 105.05000000000001 13.26980062418188 138.41000000000005 188.45000000000002 2052.8311194271332 2012.5000000000002 11.561061606061163 20.933330291124872 36.296503107996948 2012.5000000000002 2011.5000000000002 2012.5000000000002 1 48.700445135177979 136.05000000000004 112.71000000000002 8.8199505296905958 2011.5000000000002 67.002551020408177 64.943315159194256 2012.5000000000002
decision_type=10 10 1 10 10 10 10 8 8 8 10 10 10 10 2 10 10 10 2 2 2 9 10 10 10 10 2 10 10 2
left_child=2 5 7 8 11 10 22 -1 -4 16 25 20 29 23 15 24 21 27 19 -13 26 -9 -5 -11 -7 -2 -3 -10 -8 -6
right_child=1 4 3 6 12 14 28 9 17 13 -12 18 -14 -15 -16 -17 -18 -19 -20 -21 -22 -23 -24 -25 -26 -27 -28 -29 -30 -31
leaf_value=-1.3492972698325505 0.64083431844400573 1.8579698970442504 -1.2504974359877468 -0.69556320125934046 2.7474461196765967 1.2970765658278678 -0.26403773677385545 -0.26028691079215827 -1.0533879406023665 0.92849483450812964 0.53098095224071007 2.2768935356596267 3.5283142196450914 0.1832676954469829 1.9135477159509997 1.0867573925407712 -0.009603475266911703 -0.87380725180630103 2.6591253092216185 1.3743193623077905 2.2768617577664014 0.48963316944928015 -0.50557298324026845 1.870759426023139 1.6325069100266687 1.0809709163775545 0.99771459094486259 0.25444857322808467 0.012757572358835718 3.1308179913633358
leaf_weight=377 1231 4835 18487 13315 3020 3160 4905 434 23229 2656 4509 4226 1680 979 1690 3952 3466 17192 1818 319 1388 4112 9881 244 3880 5487 247 99 3727 1610
leaf_count=377 1231 4835 18487 13315 3020 3160 4905 434 23229 2656 4509 4226 1680 979 1690 3952 3466 17192 1818 319 1388 4112 9881 244 3880 5487 247 99 3727 1610
internal_value=4.98886e-07 1.71017 -0.714104 -0.859679 2.43172 1.13246 -0.487135 0.363767 -1.06063 0.418079 0.811824 2.12615 3.05317 0.799682 1.41631 1.33986 0.233327 -0.973999 2.34085 2.21354 1.91499 0.418544 -0.614631 1.00778 1.48194 1.00032 1.81616 -1.04784 -0.144527 2.88076
internal_weight=146155 43052 103103 90835 19143 23909 31828 12268 59007 11891 11227 12833 6310 3879 12682 10992 8012 40520 6363 4545 6470 4546 23196 2900 7040 6718 5082 23328 8632 4630
internal_count=146155 43052 103103 90835 19143 23909 31828 12268 59007 11891 11227 12833 6310 3879 12682 10992 8012 40520 6363 4545 6470 4546 23196 2900 7040 6718 5082 23328 8632 4630
cat_boundaries=0 1 69
cat_threshold=1 0 0 0 0 0 134217728 64 32 0 0 0 0 0 0 0 0 0 0 0 0 0 0 0 0 0 0 0 0 0 0 0 0 0 0 0 0 0 0 0 0 0 0 0 0 0 0 0 0 0 0 0 0 0 2684354560 151168518 99156 0 0 0 0 0 0 0 0 0 1082392576 25427972 32
is_linear=0
shrinkage=0.03


Tree=2
num_leaves=31
num_cat=2
split_feature=4 4 13 4 4 4 4 0 4 0 0 10 12 9 10 10 12 12 4 4 4 15 0 4 7 6 7 12 12 0
split_gain=1.86602e+08 1.87615e+07 1.69134e+07 7.10909e+06 3.80709e+06 2.27491e+06 1.45351e+06 1.1933e+06 1.01503e+06 876410 668455 623787 538745 520886 507331 376909 366607 330762 311765 296655 235743 232702 217246 216465 197644 256319 185973 176119 245675 175823
threshold=82.410000000000011 125.52000000000001 0 42.652464788732409 152.79000000000005 103.12916666666668 56.983079840513476 1.0000000180025095e-35 31.10643538084766 105.05000000000001 185.75000000000003 15.664855171786586 2012.5000000000002 2088.8425310325115 12.941175162484237 20.933330291124872 2011.5000000000002 2012.5000000000002 137.35000000000005 36.296503107996948 49.602395250108721 1 136.05000000000004 112.71000000000002 17.133483242410787 26.661846307599763 8.5212952887802569 2012.5000000000002 2011.5000000000002 62.901612903225818
decision_type=10 10 1 10 10 10 10 8 8 8 10 10 2 10 10 10 2 2 10 10 10 9 10 10 10 10 10 2 2 10
left_child=2 5 7 8 12 11 20 -1 -4 15 27 26 16 22 17 21 18 23 -3 29 -5 -9 -11 -7 25 -18 -2 28 -6 -10
right_child=1 4 3 6 10 14 -8 9 19 13 -12 -13 -14 -15 -16 -17 24 -19 -20 -21 -22 -23 -24 -25 -26 -27 -28 -29 -30 -31
leaf_value=-1.3088183720002755 0.59128292570571561 1.7863816936384986 -1.2055192522540183 -0.66373749354888756 2.6881694677654968 1.2490640459102145 -0.12784573155538279 -0.25260293844626858 -1.0206764361782752 0.8888363494483702 3.3620436787569927 0.48926979192364589 2.3822726898203208 0.1436688719072961 1.1013158132720975 -0.0093153607084556101 1.6608780150025388 1.9632725499778008 2.1515234243796768 -0.84759303024171273 -0.46710036196061888 0.47515086298709464 1.8078376912458141 1.5770235688868006 2.6940863263607024 0.22748800173084785 1.0191701413880507 2.9666570573410214 1.9001054725915527 -0.022595026088878513
leaf_weight=377 1075 4441 19558 14992 3113 3288 8181 435 22097 2725 2023 4041 2904 901 4141 3466 215 1220 4000 17192 8655 4111 253 4033 64 235 6111 1746 402 160
leaf_count=377 1075 4441 19558 14992 3113 3288 8181 435 22097 2725 2023 4041 2904 901 4141 3466 215 1220 4000 17192 8655 4111 253 4033 64 235 6111 1746 402 160
internal_value=9.46438e-07 1.65887 -0.69268 -0.833889 2.35876 1.09849 -0.472521 0.35286 -1.02881 0.405543 2.89859 0.787469 2.02719 0.775692 1.37382 0.226336 1.91205 1.50594 1.95941 -0.941198 -0.591767 0.406003 0.966911 1.42973 1.13418 0.91233 0.95516 2.72038 2.59804 -1.0135
internal_weight=146155 43052 103103 90835 19143 23909 31828 12268 59007 11891 7284 11227 11859 3879 12682 8012 8955 8541 8441 39449 23647 4546 2978 7321 514 450 7186 5261 3515 22257
internal_count=146155 43052 103103 90835 19143 23909 31828 12268 59007 11891 7284 11227 11859 3879 12682 8012 8955 8541 8441 39449 23647 4546 2978 7321 514 450 7186 5261 3515 22257
cat_boundaries=0 1 69
cat_threshold=1 0 0 0 0 0 134217728 64 32 0 0 0 0 0 0 0 0 0 0 0 0 0 0 0 0 0 0 0 0 0 0 0 0 0 0 0 0 0 0 0 0 0 0 0 0 0 0 0 0 0 0 0 0 0 2684354560 151168518 33620 0 0 0 0 0 0 0 0 0 1082392576 25559044 32
is_linear=0
shrinkage=0.03


Tree=3
num_leaves=31
num_cat=2
split_feature=4 4 13 4 4 4 4 0 4 0 10 4 0 7 12 10 4 10 10 12 15 12 4 0 4 7 12 12 12 0
split_gain=1.75604e+08 1.87326e+07 1.46539e+07 6.56752e+06 3.59058e+06 2.4461e+06 1.32593e+06 1.15172e+06 940522 838529 668722 577759 510517 509095 482306 393744 313088 295262 262405 222738 206866 205781 195089 193081 192655 189582 176524 222045 172132 171116
threshold=80.010000000000019 125.52000000000001 0 42.441836734693887 155.81000000000003 103.12916666666668 55.800371747211905 105.05000000000001 29.663333333333338 1.0000000180025095e-35 15.664855171786586 138.41000000000005 191.65000000000001 15.043098863681307 2012.5000000000002 11.561061606061163 35.703781512605055 20.933330291124872 7.192503963244449 2012.5000000000002 1 1997.5000000000002 48.400094268476629 138.05000000000004 112.71000000000002 8.8199505296905958 2012.5000000000002 2011.5000000000002 2011.5000000000002 62.901612903225818
decision_type=10 10 1 10 10 10 10 8 8 10 10 10 10 10 2 10 10 10 10 2 9 2 10 10 10 10 2 2 2 10
left_child=2 5 7 8 11 10 22 9 -4 -1 25 19 26 21 15 24 29 20 -13 28 -11 23 -5 -9 -7 -2 27 -6 -3 -10
right_child=1 4 3 6 12 14 -8 13 16 17 -12 18 -14 -15 -16 -17 -18 -19 -20 -21 -22 -23 -24 -25 -26 -27 -28 -29 -30 -31
leaf_value=-1.2758246349513045 0.58840196994737759 1.7477466437990439 -1.1936189941181561 -0.661266629686866 2.6898447965424168 1.2206923672839103 -0.15648055194293672 0.987769398564038 -1.0035841546143212 -0.25664095088995792 0.44824585850483373 2.3775060536577604 3.3899503189171369 0.23591145073619954 1.8044345434992932 1.0204191406189203 -0.8320323563867309 -0.026838984545566436 1.990339104961552 2.1370877133777917 0.43162977351973197 -0.059069007414209236 -0.48545913848945149 2.0274900023044879 1.5362210397766423 0.97645408033862646 2.9729156875825749 1.9062568603844745 0.93580826076901391 -0.022237827965746755
leaf_weight=369 1378 4835 16324 13309 2816 3160 8953 2270 23720 437 4516 3493 1355 1151 1690 3952 18292 3178 2870 1388 3656 157 9911 173 3880 6375 1771 368 247 161
leaf_count=369 1378 4835 16324 13309 2816 3160 8953 2270 23720 437 4516 3493 1355 1151 1690 3952 18292 3178 2870 1388 3656 157 9911 173 3880 6375 1771 368 247 161
internal_value=1.37804e-06 1.58206 -0.683504 -0.810918 2.288 1.04044 -0.466638 0.330683 -1.00027 0.119314 0.738446 1.9999 2.87393 0.761198 1.33261 1.26006 -0.925429 0.190117 2.20288 1.80027 0.358572 0.993738 -0.586227 1.0614 1.39459 0.907483 2.73282 2.59928 1.70828 -0.996968
internal_weight=146155 44094 102061 90670 19143 24951 32173 11391 58497 7640 12269 12833 6310 3751 12682 10992 42173 7271 6363 6470 4093 2600 23220 2443 7040 7753 4955 3184 5082 23881
internal_count=146155 44094 102061 90670 19143 24951 32173 11391 58497 7640 12269 12833 6310 3751 12682 10992 42173 7271 6363 6470 4093 2600 23220 2443 7040 7753 4955 3184 5082 23881
cat_boundaries=0 1 69
cat_threshold=1 0 0 0 0 0 134217728 64 34 0 0 0 0 0 0 0 0 0 0 0 0 0 0 0 0 0 0 0 0 0 0 0 0 0 0 0 0 0 0 0 0 0 0 0 0 0 0 0 0 0 0 0 0 0 2684354560 151168518 99156 0 0 0 0 0 0 0 0 0 1082392576 25427972 32
is_linear=0
shrinkage=0.03


Tree=4
num_leaves=31
num_cat=1
split_feature=4 4 13 4 4 4 4 0 4 0 10 3 12 9 10 10 12 4 4 9 4 12 12 7 7 10 0 0 12 4
split_gain=1.65232e+08 1.66038e+07 1.49624e+07 6.29614e+06 2.94554e+06 2.49708e+06 1.26503e+06 1.05812e+06 921885 774778 713423 485083 478606 466566 404085 333081 330929 301176 284353 250571 238334 218158 217750 213178 192272 207819 190304 186098 169098 165642
threshold=82.410000000000011 128.21000000000004 0 42.859820971867016 155.81000000000003 108.29000000000002 58.110020931449505 11.950000000000001 30.400351731355375 105.05000000000001 11.763804278935799 185.51666666666668 2012.5000000000002 2052.8311194271332 9.8909764615286555 20.933330291124872 2011.5000000000002 37.022500000000008 141.97000000000006 1156.9683063255322 50.562570348671471 2003.5000000000002 2012.5000000000002 8.6313584689427429 17.133483242410787 13.26980062418188 169.05000000000004 136.05000000000004 1990.5000000000002 95.490000000000009
decision_type=10 10 1 10 10 10 10 8 8 8 10 10 2 10 10 10 2 10 10 10 10 2 2 10 10 10 10 10 2 10
left_child=2 5 7 8 12 10 20 -1 -4 15 19 26 16 27 22 23 18 -10 -3 -2 -5 -21 -7 -9 25 -18 -6 -11 -15 -12
right_child=1 4 3 6 11 14 -8 9 17 13 29 -13 -14 28 -16 -17 24 -19 -20 21 -22 -23 -24 -25 -26 -27 -28 -29 -30 -31
leaf_value=-1.2162890196006211 0.70481341116994889 1.7630292281574806 -1.1453702709829405 -0.61261440817194857 2.4339079099535708 1.4752838159484634 -0.094879888742997229 -0.077884707308359558 -0.95074391950321835 0.84802355372933225 0.40493103042240641 3.3249869990505152 2.3115281632389197 -0.22406085041475046 1.1782950374577916 -0.0085755290840050288 1.6202730441940616 -0.78391021012111672 2.1288327699705789 0.96822879661911798 -0.41231310901515389 1.3569272937820096 1.9299209277524483 0.47389331001156676 2.6316633248329162 0.31032184306562682 2.808470018232391 1.7137525478567255 0.56460735750553082 0.72130627363536892
leaf_weight=385 2111 4693 17966 15970 2032 5708 7313 756 25966 2656 3080 1220 2897 498 4247 3462 197 15583 3228 4407 8037 1843 1137 3786 66 244 3058 244 481 2884
leaf_count=385 2111 4693 17966 15970 2032 5708 7313 756 25966 2656 3080 1220 2897 498 4247 3462 197 15583 3228 4407 8037 1843 1137 3786 66 244 3058 244 481 2884
internal_value=1.70297e-06 1.56099 -0.651811 -0.784626 2.26829 1.07025 -0.440328 0.33158 -0.965814 0.381729 0.808593 2.78772 1.97888 0.729698 1.40817 0.213092 1.86454 -0.888173 1.9121 0.987401 -0.545558 1.08285 1.5508 0.382052 1.1215 0.895493 2.65894 0.920864 0.163426 0.55792
internal_weight=146155 43052 103103 90835 17635 25417 31320 12268 59515 11883 14325 6310 11325 3879 11092 8004 8428 41549 7921 8361 24007 6250 6845 4542 507 441 5090 2900 979 5964
internal_count=146155 43052 103103 90835 17635 25417 31320 12268 59515 11883 14325 6310 11325 3879 11092 8004 8428 41549 7921 8361 24007 6250 6845 4542 507 441 5090 2900 979 5964
cat_boundaries=0 1
cat_threshold=1
is_linear=0
shrinkage=0.03


Tree=5
num_leaves=31
num_cat=1
split_feature=4 4 13 4 4 4 4 0 4 0 10 0 12 9 12 10 12 8 4 10 4 4 9 12 0 7 6 4 4 12
split_gain=1.55491e+08 1.66016e+07 1.29644e+07 5.82021e+06 3.18575e+06 2.17162e+06 1.25724e+06 1.02285e+06 782014 742281 596459 569685 457593 455209 437524 353497 316846 264355 257869 253916 236308 196201 188922 180035 177800 175957 229289 172269 170169 164154
threshold=80.010000000000019 125.52000000000001 0 41.822295109357945 152.79000000000005 103.12916666666668 54.845263082290948 105.05000000000001 29.663333333333338 1.0000000180025095e-35 13.26980062418188 183.55000000000004 2012.5000000000002 2030.1100486579701 2012.5000000000002 11.561061606061163 2011.5000000000002 339.65143301355619 137.35000000000005 20.933330291124872 35.703781512605055 64.054167248522091 1038.1512177445502 1997.5000000000002 138.05000000000004 17.133483242410787 26.661846307599763 112.71000000000002 47.807612231620048 1990.5000000000002
decision_type=10 8 1 10 10 8 10 8 8 10 10 10 2 10 2 10 2 10 10 10 10 10 10 2 10 10 10 10 10 2
left_child=2 5 7 8 12 10 28 9 -4 -1 22 -6 16 23 15 27 18 -11 -3 -19 -10 -8 -2 24 -9 26 -18 -7 -5 -15
right_child=1 4 3 6 11 14 21 13 20 17 -12 -13 -14 29 -16 -17 25 19 -20 -21 -22 -23 -24 -25 -26 -27 -28 -29 -30 -31
leaf_value=-1.2010612937517473 0.53107460208971391 1.6305174846242079 -1.123449320805822 -0.63732500575526962 2.4648521121667355 1.1480390755129355 -0.27478485033620653 0.90748055340778133 -0.93813532415909262 -0.32470197244275345 0.44316787495444671 3.0333401969852489 2.1772148553891615 -0.20384345851792376 1.7034958264996136 0.9579461207867106 1.5193539898894552 0.40854017122972497 1.9626012377157431 0.028498000494823122 -0.79106836403958758 -0.0016343345350034984 0.93808468776443921 -0.011982940113946293 1.8949151296507227 2.4925375293195247 0.16364543879666227 1.4464063280763575 -0.47514334278823556 0.58113597036217135
leaf_weight=369 1238 4441 16324 13771 4949 3160 5968 2431 23881 833 5026 2335 2904 524 1690 3952 215 3638 4000 2800 16716 3922 6005 178 176 64 235 3880 10088 442
leaf_count=369 1238 4441 16324 13771 4949 3160 5968 2431 23881 833 5026 2335 2904 524 1690 3952 215 3638 4000 2800 16716 3922 6005 178 176 64 235 3880 10088 442
internal_value=1.64425e-06 1.4887 -0.64317 -0.763014 2.15328 0.978823 -0.450863 0.310763 -0.948091 0.11157 0.694273 2.64709 1.84997 0.716477 1.25411 1.18501 1.74385 0.178186 1.78788 0.243253 -0.87758 -0.166464 0.868517 0.911116 0.974143 1.0207 0.811373 1.31248 -0.568752 0.155329
internal_weight=146155 44094 102061 90670 19143 24951 33749 11391 56921 7640 12269 7284 11859 3751 12682 10992 8955 7271 8441 6438 40597 9890 7243 2785 2607 514 450 7040 23859 966
internal_count=146155 44094 102061 90670 19143 24951 33749 11391 56921 7640 12269 7284 11859 3751 12682 10992 8955 7271 8441 6438 40597 9890 7243 2785 2607 514 450 7040 23859 966
cat_boundaries=0 1
cat_threshold=1
is_linear=0
shrinkage=0.03


Tree=6
num_leaves=31
num_cat=1
split_feature=4 4 13 4 4 0 4 0 4 10 0 12 7 3 4 10 10 10 9 12 7 12 5 4 4 12 11 0 12 12
split_gain=1.4634e+08 1.43456e+07 1.37597e+07 5.62918e+06 2.9171e+06 1.85588e+06 1.05438e+06 950112 919392 679334 667524 423879 415682 353020 339193 325713 320548 319153 248110 239629 208371 207632 179648 179184 176754 171031 179040 170783 161674 159981
threshold=83.607371645658063 134.12666666666669 0 43.720425531914906 110.97000000000001 169.05000000000004 58.110020931449505 11.950000000000001 33.922500000000007 11.763804278935799 105.05000000000001 2012.5000000000002 15.043098863681307 185.51666666666668 146.99000000000004 16.602137448012204 8.8305647794799267 14.305629739268673 1156.9683063255322 1999.5000000000002 8.6313584689427429 2011.5000000000002 -9.7999999999998675 97.251384882619234 50.562570348671471 1997.5000000000002 36.936265250226768 41.406655710764177 1990.5000000000002 1993.5000000000002
decision_type=10 10 1 10 10 10 10 8 10 10 8 2 10 10 10 10 10 10 10 2 10 2 10 10 10 2 10 8 2 2
left_child=2 4 7 8 9 14 24 -1 15 18 17 16 25 -7 -3 27 29 20 -2 22 -9 -18 -20 -11 -5 26 -12 -4 -14 -6
right_child=1 5 3 6 11 13 -8 10 -10 23 12 -13 28 -15 -16 -17 21 -19 19 -21 -22 -23 -24 -25 -26 -27 -28 -29 -30 -31
leaf_value=-1.1488341171847452 0.69271181284330718 1.8148141845393415 -0.95607544424521274 -0.56455481792515882 1.0824987298826834 2.5540136543824254 -0.085472172939189697 -0.036165362851157359 -0.76531786652098899 0.40700538748097409 1.7356791939832725 1.8073372523081874 -0.11507714352100201 3.1373173700734207 2.1785091464538344 -1.0899041966369993 1.2011210939044357 0.043701526839241576 1.4551763715527275 1.2346488719015702 0.52545256308772226 0.37524568895904387 0.798893738551265 0.72866979827498013 -0.38774011080332133 0.036451973281800748 0.88111368295892667 -0.72596155085619951 0.56163089989076642 1.5418589463299415
leaf_weight=386 2202 4959 13898 13869 783 4185 7399 739 26171 3204 245 2128 606 1202 4317 17878 4022 4603 429 3461 3042 294 3004 3035 8037 192 2220 3669 668 5308
leaf_count=386 2202 4959 13898 13869 783 4185 7399 739 26171 3204 245 2128 606 1202 4317 17878 4022 4603 429 3461 3042 294 3004 3035 8037 192 2220 3669 668 5308
internal_value=1.58931e-06 1.4817 -0.60818 -0.737388 1.08207 2.24128 -0.395103 0.316759 -0.900181 0.804576 0.362696 1.42154 0.685257 2.68417 1.98408 -0.999757 1.34266 0.211457 0.969945 1.0585 0.415684 1.14486 0.880905 0.563481 -0.499684 0.898876 0.96605 -0.908014 0.239743 1.48281
internal_weight=146155 42533 103622 90921 27870 14663 29305 12701 61616 15335 12315 12535 3931 5387 9276 35445 10407 8384 9096 6894 3781 4316 3433 6239 21906 2657 2465 17567 1274 6091
internal_count=146155 42533 103622 90921 27870 14663 29305 12701 61616 15335 12315 12535 3931 5387 9276 35445 10407 8384 9096 6894 3781 4316 3433 6239 21906 2657 2465 17567 1274 6091
cat_boundaries=0 1
cat_threshold=1
is_linear=0
shrinkage=0.03


Tree=7
num_leaves=31
num_cat=1
split_feature=4 4 13 4 4 4 4 0 4 0 10 3 12 9 10 12 4 8 12 10 4 10 12 12 7 6 12 0 7 12
split_gain=1.37696e+08 1.47362e+07 1.14647e+07 5.1708e+06 2.95744e+06 1.80472e+06 1.15529e+06 908399 675034 656718 531201 514412 444896 406253 372575 308634 245294 244784 242617 226456 221887 190502 183669 249110 168756 225939 160944 165565 155704 152577
threshold=80.010000000000019 124.61000000000001 0 41.443323442831051 152.79000000000005 103.12916666666668 53.525761465850678 105.05000000000001 29.408867386213768 1.0000000180025095e-35 15.664855171786586 179.01666666666668 2012.5000000000002 2030.1100486579701 12.941175162484237 2011.5000000000002 139.59000000000003 330.1391995818297 2012.5000000000002 20.933330291124872 64.054167248522091 15.393350139209682 2012.5000000000002 2011.5000000000002 17.133483242410787 26.661846307599763 1997.5000000000002 135.05000000000004 8.4110059127184833 1999.5000000000002
decision_type=10 10 1 10 10 10 10 8 8 10 10 10 2 10 10 2 10 10 2 10 10 10 2 2 10 10 2 10 10 2
left_child=2 5 7 8 12 10 -5 9 -4 -1 28 22 15 26 18 16 -3 -11 -7 -19 -8 -10 23 -6 25 -17 27 -9 -2 -30
right_child=1 4 3 6 11 14 20 13 21 17 -12 -13 -14 -15 -16 24 -18 19 -20 -21 -22 -23 -24 -25 -26 -27 -28 -29 29 -31
leaf_value=-1.1305644209113559 0.4750797691399522 1.5492182808766968 -1.0626686464166442 -0.55060797277259976 2.289440457748003 1.2173362675133008 -0.27833051623175109 0.84612845794633618 -0.7774578846082234 -0.34124011949782324 0.39398352786669699 2.8963428491219716 2.0497733949772639 0.14404113465825366 0.92968184648433017 1.4245429862434744 1.8759346905452376 0.38185753792545329 1.685529677101764 0.024919547166214598 0.00097885700278567086 -0.91077261972122969 2.5745085226374287 1.4332218157361973 2.3710157445073126 0.10290706702121874 -0.01475279859612497 1.7170888618191826 0.71649610493417393 1.0041603753950092
leaf_weight=369 1114 5549 15803 23474 3042 7051 7370 2393 23946 764 4516 2042 2977 966 3976 221 3297 3673 1160 2834 3922 16155 1860 340 64 246 178 214 3365 3274
leaf_count=369 1114 5549 15803 23474 3042 7051 7370 2393 23946 764 4516 2042 2977 966 3976 221 3297 3673 1160 2834 3922 16155 1860 340 64 246 178 214 3365 3274
internal_value=1.54694e-06 1.40093 -0.605248 -0.717948 2.01295 0.909477 -0.430663 0.291815 -0.896607 0.104097 0.652628 2.49241 1.73026 0.674156 1.16805 1.62882 1.67099 0.166755 1.28348 0.2264 -0.181319 -0.831165 2.33506 2.20336 0.926335 0.728349 0.858031 0.917623 0.803285 0.858357
internal_weight=146155 44094 102061 90670 19638 24456 34766 11391 55904 7640 12269 7284 12354 3751 12187 9377 8846 7271 8211 6507 11292 40101 5242 3382 531 467 2785 2607 7753 6639
internal_count=146155 44094 102061 90670 19638 24456 34766 11391 55904 7640 12269 7284 12354 3751 12187 9377 8846 7271 8211 6507 11292 40101 5242 3382 531 467 2785 2607 7753 6639
cat_boundaries=0 1
cat_threshold=1
is_linear=0
shrinkage=0.03


Tree=8
num_leaves=31
num_cat=1
split_feature=4 4 13 4 4 4 4 0 4 10 0 9 12 0 12 10 10 12 10 12 8 4 7 4 12 0 4 0 1 7
split_gain=1.29596e+08 1.27242e+07 1.2169e+07 4.99839e+06 2.60565e+06 1.67401e+06 938252 842469 825710 634780 592188 372301 348397 337499 337153 295823 286292 277368 265328 249701 226242 192436 189864 188088 185253 159299 158845 155298 152820 145770
threshold=83.607371645658063 134.12666666666669 0 43.720425531914906 112.71000000000002 159.47000000000003 59.560000000000002 11.950000000000001 33.922500000000007 11.763804278935799 105.05000000000001 2088.8425310325115 2012.5000000000002 195.35000000000005 2012.5000000000002 16.602137448012204 14.305629739268673 2011.5000000000002 8.3353121188545618 2003.5000000000002 485.22356908565843 97.251384882619234 8.6313584689427429 51.200453257177479 2011.5000000000002 136.05000000000004 146.99000000000004 41.406655710764177 100.05000000000001 17.133483242410787
decision_type=10 10 1 10 10 10 10 8 10 10 8 10 2 10 2 10 10 2 10 2 10 10 10 10 2 10 10 8 10 10
left_child=2 4 7 8 9 14 23 -1 15 19 16 25 18 -7 17 27 22 26 -6 28 -21 -11 -9 -5 -20 -12 -3 -4 -2 -19
right_child=1 5 3 6 12 13 -8 10 -10 21 11 -13 -14 -15 -16 -17 -18 29 24 20 -22 -23 -24 -25 -26 -27 -28 -29 -30 -31
leaf_value=-1.0825731695296696 0.66664674120421796 1.6847576866789882 -0.90000480454602716 -0.5249855459097198 1.4238946796350793 2.4186539404156138 -0.054751605110486642 -0.039579715285455265 -0.71943200733014334 0.38083198399612617 0.7394386678071263 0.11639819977886003 1.7245754681086569 3.029110085522511 2.157167478677771 -1.0275175094478717 0.039425248028671027 0.81553642336744814 1.1589223424860948 0.76545237008031575 1.3180549849282448 0.70451423891416931 0.49651830015737103 -0.3436242521943319 0.35771450095279239 1.5217914831452071 1.9936063951034386 -0.68057108464793203 0.95658148759826889 2.4055682582855225
leaf_weight=386 3019 3809 13898 14897 5492 4332 6545 739 26171 3204 2755 920 1990 1004 2603 17878 4603 384 3760 961 2178 3415 3042 7863 279 256 2471 3669 3572 60
leaf_count=386 3019 3809 13898 14897 5492 4332 6545 739 26171 3204 2755 920 1990 1004 2603 17878 4603 384 3760 961 2178 3415 3042 7863 279 256 2471 3669 3572 60
internal_value=1.49951e-06 1.39436 -0.572329 -0.693838 1.01798 2.10972 -0.371301 0.297502 -0.847239 0.774478 0.340759 0.644574 1.36353 2.53351 1.86727 -0.941606 0.19831 1.75505 1.28815 0.928658 1.14888 0.547832 0.391737 -0.46233 1.10358 0.805956 1.80628 -0.854174 0.823777 1.03041
internal_weight=146155 42533 103622 90921 27870 14663 29305 12701 61616 16349 12315 3931 11521 5336 9327 35445 8384 6724 9531 9730 3139 6619 3781 22760 4039 3011 6280 17567 6591 444
internal_count=146155 42533 103622 90921 27870 14663 29305 12701 61616 16349 12315 3931 11521 5336 9327 35445 8384 6724 9531 9730 3139 6619 3781 22760 4039 3011 6280 17567 6591 444
cat_boundaries=0 1
cat_threshold=1
is_linear=0
shrinkage=0.03


Tree=9
num_leaves=31
num_cat=1
split_feature=4 4 13 4 4 0 4 0 10 4 0 7 12 3 4 10 10 7 12 5 4 4 7 0 12 10 4 12 11 12
split_gain=1.21937e+08 1.19722e+07 1.14498e+07 4.71125e+06 2.45166e+06 1.58671e+06 1.11884e+06 793124 597265 595178 558681 352861 327807 298605 279809 271042 249647 240835 226378 193776 187476 181063 178043 177276 174305 171692 157080 153458 165201 150050
threshold=83.607371645658063 134.12666666666669 0 41.240335196138041 112.71000000000002 169.05000000000004 54.845263082290948 1.0000000180025095e-35 11.763804278935799 28.920000000000005 105.05000000000001 15.043098863681307 2012.5000000000002 185.51666666666668 146.99000000000004 14.305629739268673 8.3353121188545618 9.9390376347733334 2003.5000000000002 -8.5499999999994127 66.682704836695109 97.251384882619234 8.6313584689427429 39.765054195102373 2011.5000000000002 12.941175162484237 47.807612231620048 1997.5000000000002 39.39761501443585 1990.5000000000002
decision_type=10 10 1 10 10 10 10 8 10 8 8 10 2 10 10 10 10 10 2 10 10 10 10 10 2 10 10 2 10 2
left_child=2 4 7 9 8 14 26 -1 17 -4 15 27 16 -7 -3 22 -6 -2 19 -19 -8 -10 -9 25 -18 -11 -5 28 -12 -13
right_child=1 5 3 6 12 13 20 10 21 23 11 29 -14 -15 -16 -17 24 18 -20 -21 -22 -23 -24 -25 -26 -27 -28 -29 -30 -31
leaf_value=-1.0650063479419738 0.65840961438500989 1.6548780746477854 -1.0094498986045144 -0.57036371002162101 1.3811778557474486 2.3362416570118247 -0.22347371601603511 -0.036672361905804543 0.36940703375966105 -0.75940905147122817 1.5273095207443195 -0.12706191326187241 1.6728382422025478 2.8727091844903057 1.9852052602227037 0.037349070912338599 1.1241546674297447 1.3841579691470416 1.2445690771625313 0.80696587809636899 0.055516985817652215 0.68337881598843042 0.48162276007179944 -0.690515843335754 0.34698305451100875 -0.90692780226636627 -0.41790535785761918 0.0051350357243791223 0.79167654514751118 0.5248659586027532
leaf_weight=378 2675 4959 14726 15317 5492 4185 7001 742 3204 15363 315 606 1990 1202 4317 4608 3760 597 2207 4251 3140 3415 3042 12083 279 13203 10088 192 2150 668
leaf_count=378 2675 4959 14726 15317 5492 4185 7001 742 3204 15363 315 606 1990 1202 4317 4608 3760 597 2207 4251 3140 3415 3042 12083 279 13203 10088 192 2150 668
internal_value=1.45574e-06 1.35252 -0.555159 -0.673023 0.987445 2.04643 -0.403486 0.288577 0.751244 -0.846043 0.330098 0.625236 1.32263 2.45594 1.80861 0.191848 1.24951 0.900798 0.992703 0.878043 -0.137089 0.531397 0.379991 -0.786845 1.07047 -0.827591 -0.509824 0.822052 0.885682 0.214765
internal_weight=146155 42533 103622 90921 27870 14663 35546 12701 16349 55375 12323 3931 11521 5387 9276 8392 9531 9730 7055 4848 10141 6619 3784 40649 4039 28566 25405 2657 2465 1274
internal_count=146155 42533 103622 90921 27870 14663 35546 12701 16349 55375 12323 3931 11521 5387 9276 8392 9531 9730 7055 4848 10141 6619 3784 40649 4039 28566 25405 2657 2465 1274
cat_boundaries=0 1
cat_threshold=1
is_linear=0
shrinkage=0.03


Tree=10
num_leaves=31
num_cat=2
split_feature=4 4 13 4 4 4 4 0 4 0 0 10 12 7 12 12 10 15 10 4 4 0 7 10 0 12 10 11 12 12
split_gain=1.1476e+08 1.23353e+07 9.52844e+06 4.3226e+06 2.69474e+06 1.30943e+06 982084 761721 560106 545811 493399 444874 384811 344757 307953 269015 242585 226779 207915 196907 188997 165958 164143 210331 160617 157709 156080 153396 138056 133468
threshold=80.010000000000019 122.81 0 41.240335196138041 151.29000000000005 103.12916666666668 53.525761465850678 105.05000000000001 29.408867386213768 1.0000000180025095e-35 175.65000000000001 16.071543730157224 2012.5000000000002 15.043098863681307 2012.5000000000002 2011.5000000000002 13.491583414757764 1 25.977274120013146 137.35000000000005 64.054167248522091 195.35000000000005 17.133483242410787 13.26980062418188 41.00632911392406 1997.5000000000002 10.886248665080336 36.936265250226768 2002.5000000000002 1990.5000000000002
decision_type=10 10 1 10 10 10 10 8 8 10 10 10 2 10 2 2 10 9 10 10 10 10 10 10 10 2 10 10 2 2
left_child=2 5 7 8 12 11 -5 9 -4 -1 -6 28 15 25 16 19 -7 -11 -19 -3 -8 -12 23 -17 26 27 -10 -9 -2 -15
right_child=1 4 3 6 10 14 20 13 24 17 21 -13 -14 29 -16 22 -18 18 -20 -21 -22 -23 -24 -25 -26 -27 -28 -29 -30 -31
leaf_value=-1.0322200775921828 0.63557104877442305 1.3837268223485755 -0.97164318240091785 -0.50437524894976604 2.0340420680150189 1.0847602572476729 -0.25464722561659453 1.5780005502542671 -0.72646365499563936 -0.42783553893982834 2.3822010825750435 0.35382566213597855 1.8465147269969424 -0.12325005276663469 1.4476611257499579 1.3127909466395011 0.76354616613302184 0.32343393140005622 -0.024850059321768092 1.6652136005521319 0.0031310053604916414 2.8311272371531895 2.2014962183345448 0.030684700349215849 -0.65125434720102648 -0.11492810681747022 -0.86269111366427154 0.78660691974708319 0.89787014548496746 0.52376287449445202
leaf_weight=369 5019 5669 15803 24003 4191 6598 7370 245 15303 555 2531 4429 2977 606 1470 208 3115 4315 2401 3694 3922 1048 66 258 9291 157 14978 2198 2821 545
leaf_count=369 5019 5669 15803 24003 4191 6598 7370 245 15303 555 2531 4429 2977 606 1470 208 3115 4315 2401 3694 3922 1048 66 258 9291 157 14978 2198 2821 545
internal_value=1.41293e-06 1.27894 -0.552547 -0.65529 1.81378 0.80819 -0.395835 0.265264 -0.820662 0.0933686 2.25496 0.594174 1.54747 0.61538 1.04299 1.4575 0.981746 0.150492 0.198625 1.49478 -0.165114 2.51366 0.801271 0.602955 -0.760368 0.806742 -0.793846 0.865973 0.729952 0.183111
internal_weight=146155 44094 102061 90670 20642 23452 35295 11391 55375 7640 7770 12269 12872 3751 11183 9895 9713 7271 6716 9363 11292 3579 532 466 39572 2600 30281 2443 7840 1151
internal_count=146155 44094 102061 90670 20642 23452 35295 11391 55375 7640 7770 12269 12872 3751 11183 9895 9713 7271 6716 9363 11292 3579 532 466 39572 2600 30281 2443 7840 1151
cat_boundaries=0 1 76
cat_threshold=1 0 0 0 0 0 134217728 64 0 4194304 0 0 0 0 0 0 0 0 0 0 0 0 0 0 0 0 0 0 0 0 0 0 0 0 0 0 0 0 0 0 0 0 0 0 0 0 0 0 0 0 0 0 0 0 536870912 139269 768 0 0 0 268435456 0 0 0 0 0 1082392584 29622596 33 0 0 0 2214592512 33554432 1048584 2304
is_linear=0
shrinkage=0.03


Tree=11
num_leaves=31
num_cat=1
split_feature=4 13 4 4 4 4 4 4 4 10 0 10 12 0 10 10 12 0 7 12 12 4 12 7 9 10 8 8 0 8
split_gain=1.08013e+08 1.17844e+07 9.44372e+06 4.30456e+06 1.71737e+06 1.42939e+06 840185 739471 731618 429064 377602 377090 333259 315361 303131 279766 266201 252916 205669 200221 198093 149515 144926 141247 141236 144739 139604 131187 126463 124361
threshold=87.820000000000022 0 134.12666666666669 45.105612244897962 112.71000000000002 161.46750000000003 35.104210526315804 69.480031645569639 59.560000000000002 9.7412154961418658 123.05000000000001 14.305629739268673 2012.5000000000002 1.0000000180025095e-35 15.16085160490344 15.393350139209682 2011.5000000000002 195.35000000000005 9.9390376347733334 1997.5000000000002 2012.5000000000002 146.99000000000004 2012.5000000000002 8.6313584689427429 2180.6577031283641 14.980890402617666 473.03047479309674 838.00941081952567 42.999380421313511 475.14931444159629
decision_type=10 1 10 10 10 10 10 8 10 10 10 10 2 10 10 10 2 10 10 2 2 10 2 10 10 10 10 10 8 10
left_child=1 7 4 6 9 12 15 13 -5 18 11 23 16 -1 19 28 21 -7 -2 27 -20 -4 -11 -9 25 -18 -21 -6 -3 -15
right_child=2 3 5 8 14 17 -8 10 -10 22 -12 -13 -14 29 -16 -17 24 -19 20 26 -22 -23 -24 -25 -26 -27 -28 -29 -30 -31
leaf_value=-1.015368415464498 0.65397170139067129 -0.80565746177366127 1.5360548585816831 -0.40062466819265302 1.1771777694475607 2.237772927104019 -0.63151262458385682 0.15366709909761223 -0.038884395669163435 0.51693317914225734 1.0971662929355206 0.18363932826101742 1.995994947343861 -0.23492577554591063 0.99055787693499175 -0.93063901147925787 1.3305529054484442 2.7747147024650225 0.93492419795620907 1.1448585075564712 1.5300387463358831 1.8263003175075987 0.99251396643591694 0.6054774705691135 2.2818739209175107 0.20531407545500271 1.5022625747929121 0.42025051761222509 -0.60455538706196288 0.15337770473362572
leaf_weight=309 2246 15453 3809 19533 2143 3853 26263 723 6778 5592 668 5309 2783 1279 3083 19686 191 993 5231 1235 557 2751 643 4491 60 223 4832 228 3441 1769
leaf_count=309 2246 15453 3809 19533 2143 3853 26263 723 6778 5592 668 5309 2783 1279 3083 19686 191 993 5231 1235 557 2751 643 4491 60 223 4832 228 3441 1769
internal_value=4.91865e-07 -0.50453 1.31832 -0.631075 0.972693 1.92622 -0.762396 0.288373 -0.307436 0.752717 0.405518 0.361612 1.71811 -0.102143 1.24514 -0.851495 1.60816 2.3478 0.89764 1.33815 0.992194 1.65777 0.565979 0.542827 0.921589 0.724446 1.42951 1.10439 -0.769032 -0.00956198
internal_weight=146155 105702 40453 91154 25790 14663 64843 14548 26311 14269 11191 10523 9817 3357 11521 38580 7034 4846 8034 8438 5788 6560 6235 5214 474 414 6067 2371 18894 3048
internal_count=146155 105702 40453 91154 25790 14663 64843 14548 26311 14269 11191 10523 9817 3357 11521 38580 7034 4846 8034 8438 5788 6560 6235 5214 474 414 6067 2371 18894 3048
cat_boundaries=0 1
cat_threshold=1
is_linear=0
shrinkage=0.03


Tree=12
num_leaves=31
num_cat=1
split_feature=4 13 4 4 4 0 4 0 4 0 10 10 9 12 10 3 10 10 4 7 12 12 12 12 12 12 0 7 4 0
split_gain=1.0163e+08 1.1088e+07 8.88657e+06 4.05016e+06 1.71091e+06 1.27539e+06 790608 703687 688379 450740 404094 330113 309811 290013 259466 250113 223168 221131 205364 198318 180201 164168 150379 146816 140706 135266 133322 132691 129244 123061
threshold=87.820000000000022 0 135.15500000000003 45.105612244897962 112.71000000000002 169.05000000000004 34.701312103788887 15.011415525114158 59.560000000000002 111.00666666666667 9.1949248050577399 20.933330291124872 2088.8425310325115 2012.5000000000002 16.602137448012204 185.51666666666668 7.343208202172808 8.6568744871506755 67.604651162790717 10.506944489058251 2012.5000000000002 2011.5000000000002 1993.5000000000002 1992.5000000000002 2012.5000000000002 2002.5000000000002 136.05000000000004 17.241240499927638 161.46750000000003 41.997286295793764
decision_type=10 1 10 10 10 10 10 8 10 8 10 10 10 2 10 10 10 10 10 10 2 2 2 2 2 2 10 10 10 8
left_child=1 7 4 6 10 16 14 -1 -5 11 19 18 26 17 29 -7 25 22 -9 -2 -21 -19 23 -6 -12 -4 -11 -23 -18 -3
right_child=2 3 5 8 13 15 -8 9 -10 12 24 -13 -14 -15 -16 -17 28 21 -20 20 -22 27 -24 -25 -26 -27 -28 -29 -30 -31
leaf_value=-0.95012829011379385 0.67163999044262235 -0.78887523401441539 1.5043108635498927 -0.38860592421114204 1.3111268137201018 2.1389762661385081 -0.61669623103469373 0.14193864055037966 -0.03771786166138328 0.67858559149336362 0.50558358497872902 0.010444310786077184 0.1053236957939641 1.5366796860821146 -0.90854835471065454 2.6303244572748956 1.4278581989914367 1.0324595443485667 0.49857758998221563 0.92601813107129494 1.5181040739926319 0.011987953384306804 1.3262459402213638 0.45522859616412054 0.96840735388735999 1.8927838463780446 1.3806287084052813 1.8029698673161592 1.8721114703462998 -0.59740452501296037
leaf_weight=407 2801 15191 1040 19533 345 4157 27304 2434 6778 2658 5745 4279 896 2096 18577 1202 3469 3856 3606 4549 515 242 5049 378 659 3596 268 44 710 3771
leaf_count=407 2801 15191 1040 19533 345 4157 27304 2434 6778 2658 5745 4279 896 2096 18577 1202 3469 3856 3606 4549 515 242 5049 378 659 3596 268 44 710 3771
internal_value=4.80066e-07 -0.489394 1.27877 -0.612143 0.952213 1.88421 -0.739525 0.279722 -0.298213 0.315119 0.730135 0.21204 0.593422 1.21606 -0.828864 2.24918 1.66232 1.14828 0.354859 0.874195 0.986232 0.981023 1.2683 0.863645 0.55321 1.80564 0.742888 0.287524 1.50334 -0.750797
internal_weight=146155 105702 40453 91154 26279 14174 64843 14548 26311 14141 14269 10319 3822 12010 37539 5359 8815 9914 6040 7865 5064 4142 5772 723 6404 4636 2926 286 4179 18962
internal_count=146155 105702 40453 91154 26279 14174 64843 14548 26311 14141 14269 10319 3822 12010 37539 5359 8815 9914 6040 7865 5064 4142 5772 723 6404 4636 2926 286 4179 18962
cat_boundaries=0 1
cat_threshold=1
is_linear=0
shrinkage=0.03


Tree=13
num_leaves=31
num_cat=1
split_feature=4 4 13 4 4 4 4 0 4 0 0 10 7 12 12 10 12 8 12 4 4 7 10 0 9 10 12 12 9 0
split_gain=9.56647e+07 1.09452e+07 7.27862e+06 3.55343e+06 2.25993e+06 1.25256e+06 785981 692335 488876 420664 419909 373656 329510 322854 308479 250379 238470 194858 189473 157087 153813 145973 186453 144304 142058 138092 131843 207449 126785 122115
threshold=77.602776327844353 122.81 0 41.240335196138041 151.29000000000005 100.61000000000001 52.733830296545214 101.25000000000001 28.920000000000005 1.0000000180025095e-35 183.55000000000004 16.071543730157224 14.005979438297475 2012.5000000000002 2012.5000000000002 6.3414785076099323 2011.5000000000002 419.3299531581452 1997.5000000000002 137.35000000000005 60.993555486683249 17.133483242410787 13.26980062418188 39.765054195102373 1199.5895137104978 10.886248665080336 2012.5000000000002 2011.5000000000002 1038.1512177445502 70.008591065292109
decision_type=10 10 1 10 10 10 10 8 8 10 10 10 10 2 2 10 2 10 2 10 10 10 10 10 10 10 2 2 10 10
left_child=2 5 7 8 13 11 -5 9 -4 -1 26 28 18 16 15 24 19 -11 -9 -3 -8 22 -18 25 -7 -10 27 -6 -2 -25
right_child=1 4 3 6 10 14 20 12 23 17 -12 -13 -14 -15 -16 -17 21 -19 -20 -21 -22 -23 -24 29 -26 -27 -28 -29 -30 -31
leaf_value=-0.95358129623056465 0.34974542348229343 1.2666638063536297 -0.89777989701835026 -0.4664226109782193 1.8947928885456231 0.75994376085444437 -0.26176354317013589 0.86029635575388552 -0.66652322618776094 -0.1981169520653708 2.3950782649668159 0.28015363315902297 0.23106830837445114 1.6870786744629951 1.3148344987351506 0.72518980713781189 1.194216155043015 0.19641096616301909 -0.33318108478047714 1.5180824537070203 -0.045554261510311986 2.0333559339696712 -0.012923645709836205 -0.617100334758519 1.1012531345860619 -0.79844468961570947 2.1306330997317326 1.1877746803274651 0.68389526288494984 0.53073659979887977
leaf_weight=357 1226 5669 14726 23061 3250 1495 6783 2088 14216 1467 2359 4452 1642 2977 1607 5452 208 4857 127 3694 5256 66 258 11999 4128 14350 1739 422 6140 84
leaf_count=357 1226 5669 14726 23061 3250 1495 6783 2088 14216 1467 2359 4452 1642 2977 1607 5452 208 4857 127 3694 5256 66 258 11999 4128 14350 1739 422 6140 84
internal_value=4.61589e-07 1.14812 -0.513088 -0.599998 1.65704 0.719343 -0.36385 0.23309 -0.749683 0.0483314 2.06107 0.497136 0.553124 1.41316 0.926412 0.870052 1.33075 0.104891 0.791867 1.36586 -0.167371 0.712903 0.525886 -0.696031 1.01051 -0.732793 1.91545 1.81354 0.628279 -0.609121
internal_weight=146155 45142 101013 90475 20642 24500 35100 10538 55375 6681 7770 11818 3857 12872 12682 11075 9895 6324 2215 9363 12039 532 466 40649 5623 28566 5411 3672 7366 12083
internal_count=146155 45142 101013 90475 20642 24500 35100 10538 55375 6681 7770 11818 3857 12872 12682 11075 9895 6324 2215 9363 12039 532 466 40649 5623 28566 5411 3672 7366 12083
cat_boundaries=0 1
cat_threshold=1
is_linear=0
shrinkage=0.03


Tree=14
num_leaves=31
num_cat=1
split_feature=4 13 4 4 4 4 4 4 4 10 0 10 12 3 10 4 12 0 7 12 7 12 0 12 5 10 8 8 9 10
split_gain=9.00346e+07 9.7967e+06 7.87747e+06 3.60334e+06 1.43565e+06 1.21782e+06 744483 632532 573005 364106 333010 323589 285887 266689 265647 247778 232723 218328 191457 177445 161758 156525 155528 142342 141518 136902 131806 128824 127917 129240
threshold=87.820000000000022 0 134.12666666666669 45.580866510538648 112.71000000000002 161.46750000000003 35.104210526315804 69.480031645569639 60.993555486683249 8.4849475795529816 123.05000000000001 9.7412154961418658 2012.5000000000002 21.600573300573306 15.16085160490344 26.463333333333338 2011.5000000000002 195.35000000000005 10.506944489058251 1997.5000000000002 8.9920050573965344 2003.5000000000002 67.002551020408177 2012.5000000000002 -8.5499999999994127 15.393350139209682 303.24618549324322 473.03047479309674 2180.6577031283641 14.980890402617666
decision_type=10 1 10 10 10 10 10 8 10 10 10 10 2 10 10 8 2 10 10 2 10 2 10 2 10 10 10 10 10 10
left_child=1 7 4 6 9 12 15 13 -5 18 11 20 16 -1 19 -3 -4 -7 -2 -6 -9 24 25 -11 -20 -17 -15 -21 29 -18
right_child=2 3 5 8 14 17 -8 10 -10 23 -12 -13 -14 26 -16 22 28 -19 21 27 -22 -23 -24 -25 -26 -27 -28 -29 -30 -31
leaf_value=-1.1236011131233143 0.62985558520778795 -0.90811153268892941 1.511277737051484 -0.35070658412373867 1.0040528791550529 2.0457238276527123 -0.57295367288974919 0.15026377344464953 -0.013760862996223483 0.47796621574089165 1.0201849566932075 0.19241363460764857 1.8241040312817927 -0.53856290837427723 0.89872333699232243 -0.67605373260154933 1.2080622135648864 2.5446003968225863 1.3407672889306608 1.0366816335213087 0.62122622036305297 1.1920736526665603 0.45363860831116182 0.93097581462718138 0.75047346062008058 -0.80738646269518266 0.044992777118337157 1.380010284759233 2.1174971599578853 0.14477274566287418
leaf_weight=214 2764 9788 6560 19358 2371 3853 27281 811 5935 5981 668 6270 2783 399 3083 15272 191 993 419 1235 3442 1544 99 697 2864 13421 2744 4832 60 223
leaf_count=214 2764 9788 6560 19358 2371 3853 27281 811 5935 5981 668 6270 2783 399 3083 15272 191 993 419 1235 3442 1544 99 697 2864 13421 2744 4832 60 223
internal_value=4.4826e-07 -0.46063 1.20361 -0.576011 0.887945 1.75881 -0.6929 0.262315 -0.271642 0.686819 0.370659 0.329427 1.56672 -0.0988612 1.13704 -0.777717 1.46489 2.14795 0.828958 1.22412 0.531419 0.942966 -0.733388 0.525248 0.825811 -0.737484 -0.0290889 1.31012 0.822941 0.635324
internal_weight=146155 105702 40453 91154 25790 14663 65861 14548 25293 14269 11191 10523 9817 3357 11521 38580 7034 4846 7591 8438 4253 4827 28792 6678 3283 28693 3143 6067 474 414
internal_count=146155 105702 40453 91154 25790 14663 65861 14548 25293 14269 11191 10523 9817 3357 11521 38580 7034 4846 7591 8438 4253 4827 28792 6678 3283 28693 3143 6067 474 414
cat_boundaries=0 1
cat_threshold=1
is_linear=0
shrinkage=0.03


Tree=15
num_leaves=31
num_cat=2
split_feature=4 13 4 4 4 0 4 0 4 10 10 15 10 3 10 12 4 7 0 0 12 12 8 0 12 8 12 4 4 1
split_gain=8.47136e+07 9.21771e+06 7.41479e+06 3.39691e+06 1.43439e+06 1.09222e+06 724399 600821 510552 388432 365299 331829 233364 213877 201733 192653 185761 180750 289397 176882 163268 146999 146905 136826 135530 128049 125739 120328 118830 118207
threshold=87.820000000000022 0 135.15500000000003 42.859820971867016 114.56750000000001 169.05000000000004 56.983079840513476 15.011415525114158 29.663333333333338 25.657132825900135 9.380005655216431 1 15.393350139209682 185.51666666666668 7.343208202172808 2003.5000000000002 37.801209910154491 14.231518139865889 123.05000000000001 112.01351351351353 1997.5000000000002 1999.5000000000002 485.22356908565843 67.002551020408177 2012.5000000000002 838.00941081952567 1997.5000000000002 70.409245680722265 49.602395250108721 110.02137132680322
decision_type=10 1 10 10 10 10 10 8 8 10 10 9 10 10 10 2 10 10 8 8 2 2 10 10 2 10 2 10 10 10
left_child=1 7 4 8 10 14 28 -1 -3 11 15 -9 20 -7 26 29 23 18 -11 21 25 -13 -17 -10 -12 -6 -4 -8 -5 -2
right_child=2 3 5 6 12 13 27 9 16 17 24 19 -14 -15 -16 22 -18 -19 -20 -21 -22 -23 -24 -25 -26 -27 -28 -29 -30 -31
leaf_value=-0.88196362816584484 0.60713828209917409 -0.83518501969541104 1.0995923284374092 -0.44711215349564049 1.0673820377493464 1.9563792064098076 -0.13718833844238371 -0.32514376648260751 -0.68374002029660796 -0.06259514515497247 0.47115421669031554 0.2556746623440001 0.8991417096182317 2.4107420413927509 1.3640439936734483 0.68163311508209479 -0.5454835731092309 -0.0066447605162475946 1.3258348110938072 0.64593526014109293 1.2949861027099803 0.56674908734743479 1.1565101754640463 0.41691280638470368 0.91172912899590763 0.29629298936484139 1.695693041978253 0.12094397631250899 -0.30661129964162087 0.88962699561899983
leaf_weight=407 3592 16324 344 14484 1968 4157 6311 537 29687 294 6068 4321 2889 1202 4179 834 13402 4085 250 2654 5918 2000 1974 102 701 215 4292 2189 8655 2120
leaf_count=407 3592 16324 344 14484 1968 4157 6311 537 29687 294 6068 4321 2889 1202 4179 834 13402 4085 250 2654 5918 2000 1974 102 701 215 4292 2189 8655 2120
internal_value=4.34837e-07 -0.446811 1.1675 -0.558731 0.869212 1.72054 -0.307555 0.254446 -0.692259 0.287154 0.681298 0.396838 1.13063 2.05829 1.5152 0.812005 -0.63824 0.0617654 0.57547 0.439909 1.21319 0.3541 1.01547 -0.679971 0.51678 0.991439 1.65146 -0.0707117 -0.394559 0.711984
internal_weight=146155 105702 40453 91154 26279 14174 31639 14548 59515 14141 15289 9512 10990 5359 8815 8520 43191 4629 544 8975 8101 6321 2808 29789 6769 2183 4636 8500 23139 5712
internal_count=146155 105702 40453 91154 26279 14174 31639 14548 59515 14141 15289 9512 10990 5359 8815 8520 43191 4629 544 8975 8101 6321 2808 29789 6769 2183 4636 8500 23139 5712
cat_boundaries=0 1 80
cat_threshold=1 0 0 0 0 0 134217728 0 4128 0 0 0 0 0 0 0 0 0 0 0 0 0 0 0 0 0 0 0 0 0 0 0 0 262144 0 0 0 0 0 0 0 0 0 0 0 0 0 0 0 134217728 0 0 268435456 0 537919488 134390279 848 0 0 0 0 0 0 0 0 8192 1082392576 29622532 32 0 0 0 0 0 0 0 0 0 0 64
is_linear=0
shrinkage=0.03


Tree=16
num_leaves=31
num_cat=1
split_feature=4 4 13 4 4 4 4 0 0 4 0 10 7 12 10 12 10 12 8 2 10 9 8 4 10 7 9 3 10 0
split_gain=7.97411e+07 9.15608e+06 6.0494e+06 2.97936e+06 1.92024e+06 1.05753e+06 702472 595090 395526 383510 336241 321417 291925 269581 263292 250317 215040 166011 163064 150864 137801 135757 134372 127966 115811 112877 111749 108464 107748 106205
threshold=77.602776327844353 122.81 0 40.605144771476439 149.81000000000003 100.61000000000001 52.733830296545214 91.122916666666683 179.55000000000004 27.883769574149401 1.0000000180025095e-35 16.071543730157224 14.005979438297475 2012.5000000000002 8.961556863040828 1997.5000000000002 5.0227420978678712 1997.5000000000002 460.97889795116981 113.05000000000001 14.073080093947985 1199.5895137104978 832.6792997474962 64.054167248522091 8.4849475795529816 10.553654126036561 1038.1512177445502 198.68333333333337 25.657132825900135 114.03947368421053
decision_type=10 10 1 10 10 10 10 8 10 8 10 10 10 2 10 2 10 2 10 8 10 10 10 10 10 10 10 10 10 10
left_child=2 5 7 9 14 11 -5 10 24 -4 -1 26 17 16 15 22 21 28 -12 -19 -11 -7 -3 -8 -6 -17 -2 -10 -9 -14
right_child=1 4 3 6 8 13 23 12 27 20 18 -13 29 -15 -16 25 -18 19 -20 -21 -22 -23 -24 -25 -26 -27 -28 -29 -30 -31
leaf_value=-0.87962643525179696 0.3120067433876002 1.1266780870841271 -0.83463463590335796 -0.43093520222789544 1.8431693016037538 0.69143661213898799 -0.21681007082033771 0.68986553030736508 2.0716033618113876 -0.59687056795518856 -0.1728141262471663 0.25062883291165083 0.12804542085927684 1.2094236604157516 1.1061889310550928 1.2260813804814772 0.67160829450786552 0.54464934161731171 0.17861525406878057 -1.1737918000037852 -0.70738574533601295 1.0345605795029611 0.21440918341368259 -0.0052513908559256809 1.5607291246607184 1.5356803803453241 0.62571813826934519 2.6015571331204916 1.3524931263731372 0.73639227959513665
leaf_weight=357 1226 1119 12599 24627 2788 1451 8312 2018 2609 23076 1719 4452 1857 1607 4890 1356 5980 112 3849 78 18134 3644 167 3727 2459 4853 6140 401 248 300
leaf_count=357 1226 1119 12599 24627 2788 1451 8312 2018 2609 23076 1719 4452 1857 1607 4890 1356 5980 112 3849 78 18134 3644 167 3727 2459 4853 6140 401 248 300
internal_value=-2.46436e-07 1.04822 -0.468444 -0.547676 1.51369 0.656049 -0.339124 0.211815 1.86807 -0.689786 0.0128938 0.451872 0.467312 0.846316 1.27744 1.38916 0.793628 0.690966 0.070119 -0.160816 -0.645502 0.936843 1.00821 -0.151316 1.7108 1.46807 0.573504 2.14221 0.762386 0.212656
internal_weight=146155 45142 101013 90475 20642 24500 36666 10538 8257 53809 5925 11818 4613 12682 12385 7495 11075 2456 5568 190 41210 5095 1286 12039 5247 6209 7366 3010 2266 2157
internal_count=146155 45142 101013 90475 20642 24500 36666 10538 8257 53809 5925 11818 4613 12682 12385 7495 11075 2456 5568 190 41210 5095 1286 12039 5247 6209 7366 3010 2266 2157
cat_boundaries=0 1
cat_threshold=1
is_linear=0
shrinkage=0.03


Tree=17
num_leaves=31
num_cat=1
split_feature=4 13 4 4 4 4 4 4 4 10 6 12 10 12 10 3 12 12 0 12 0 12 0 8 9 5 7 0 10 0
split_gain=7.50473e+07 8.14432e+06 6.58382e+06 3.02129e+06 1.20048e+06 1.0443e+06 648725 544698 462408 311869 302974 226602 226508 223459 221054 205427 203882 201752 167148 149662 147328 132359 130403 124814 113847 111601 118734 109454 106455 101616
threshold=87.820000000000022 0 134.12666666666669 45.809437386569876 112.71000000000002 159.47000000000003 35.104210526315804 66.682704836695109 60.993555486683249 15.664855171786586 28.356433244574607 2012.5000000000002 9.8909764615286555 2013.5000000000002 20.933330291124872 21.600573300573306 2002.5000000000002 2011.5000000000002 21.012820512820515 1993.5000000000002 123.05000000000001 1992.5000000000002 113.05000000000001 455.1762446658434 2180.6577031283641 -10.500000000001315 9.3843254441440553 42.405882352941184 13.26980062418188 62.00303951367782
decision_type=10 1 10 10 10 10 10 8 10 10 10 2 10 2 10 10 2 2 8 2 10 2 8 10 10 10 10 8 10 10
left_child=1 7 4 6 9 11 14 15 -5 16 18 17 19 -7 27 -1 25 -4 -9 21 -12 -6 -20 -18 28 26 -2 -3 -19 -16
right_child=2 3 5 8 12 13 -8 10 -10 -11 20 -13 -14 -15 29 -17 23 24 22 -21 -22 -23 -24 -25 -26 -27 -28 -29 -30 -31
leaf_value=-1.0371093255029598 0.062827363937131814 -0.68125401541116137 1.3666430048898461 -0.31547497961817289 1.1582459695873892 1.7873451912826206 -0.52077377301900085 -0.84431737061204581 -0.011677799653472565 0.42234824572129492 0.12714240670519036 1.6526139386075818 0.86434767544836488 2.1861876324940002 -0.79960537587346747 -0.066987207979324892 0.57159813066854603 1.096493438073618 0.37176275906759931 1.1850324243008976 1.043535538425475 0.34246234557221805 0.64671527140268925 0.98884166731886558 1.9824907839514989 0.57352279094961756 1.2459943539848628 -0.50999867997936699 0.093852634482287062 0.59736410440282617
leaf_weight=213 93 18357 6280 18770 340 3278 27869 87 5935 4579 5040 2603 4258 2058 16065 2528 829 167 3966 6545 163 378 2551 2911 55 5431 426 4111 222 47
leaf_count=213 93 18357 6280 18770 340 3278 27869 87 5935 4579 5040 2603 4258 2058 16065 2528 829 167 3966 6545 163 378 2551 2911 55 5431 426 4111 222 47
internal_value=-2.39725e-07 -0.420548 1.09887 -0.52575 0.810292 1.60645 -0.631062 0.238615 -0.242492 0.626375 0.327062 1.41495 1.03808 1.94117 -0.71073 -0.142374 0.722788 1.32295 0.461951 1.13993 0.155851 0.728767 0.47939 0.896356 0.704925 0.613687 1.03398 -0.649919 0.524292 -0.79553
internal_weight=146155 105702 40453 91154 25790 14663 66449 14548 24705 14269 11807 9327 11521 5336 38580 2741 9690 6724 6604 7263 5203 718 6517 3740 444 5950 519 22468 389 16112
internal_count=146155 105702 40453 91154 25790 14663 66449 14548 24705 14269 11807 9327 11521 5336 38580 2741 9690 6724 6604 7263 5203 718 6517 3740 444 5950 519 22468 389 16112
cat_boundaries=0 1
cat_threshold=1
is_linear=0
shrinkage=0.03


Tree=18
num_leaves=31
num_cat=1
split_feature=4 4 13 4 4 4 4 0 4 12 0 0 7 10 3 10 10 12 7 12 8 2 12 10 0 10 8 3 4 0
split_gain=7.06286e+07 8.12468e+06 5.34712e+06 2.65003e+06 1.71172e+06 943180 626615 530343 347858 313252 312178 299674 264914 260083 243660 218341 199433 176516 156609 154105 151926 143640 124526 123387 120333 121338 113886 113502 110736 105297
threshold=77.602776327844353 122.81 0 40.605144771476439 155.81000000000003 95.490000000000009 52.733830296545214 91.122916666666683 28.40297516129375 2012.5000000000002 156.05000000000004 1.0000000180025095e-35 14.005979438297475 5.2240563690733541 182.01666666666668 15.664855171786586 10.723672442585189 1993.5000000000002 9.9390376347733334 1997.5000000000002 460.97889795116981 113.05000000000001 2012.5000000000002 9.0344162424177785 62.901612903225818 14.073080093947985 536.9721589873426 64.767209690893921 108.29000000000002 142.05000000000004
decision_type=10 10 1 10 10 10 10 8 8 2 10 10 10 10 10 10 10 2 10 2 10 8 2 10 10 10 10 10 10 10
left_child=2 5 7 8 10 15 -5 11 -4 13 16 -1 19 18 23 -2 17 -3 -7 29 -13 -21 -12 -6 25 -10 -11 -8 -15 -9
right_child=1 4 3 6 14 9 27 12 24 26 22 20 -14 28 -16 -17 -18 -19 -20 21 -22 -23 -24 -25 -26 -27 -28 -29 -30 -31
leaf_value=-0.83169013341934761 0.49146618913883539 0.67281543855141435 -0.7800821542539218 -0.40538176120917707 1.8636664757239088 0.61391703350409477 -0.2061343536579345 0.67534104234841053 -0.56225318129031943 0.77486047897153232 1.3418680685552939 -0.16956509909600492 0.19729760884160955 0.47057905884462603 2.1536362012633283 0.18638331492730348 0.99007686973237219 1.2994398569331183 0.94003162853687439 0.52064045614695975 0.16965002060041415 -1.1561529081601361 1.7004689266712323 1.5536623191249279 0.18925757666951731 -0.66764873198340047 1.2783988670659223 -0.010435554361738746 0.70232946057648371 1.6228282763506914
leaf_weight=357 5188 432 13671 24627 2622 1863 8050 2155 22519 590 2210 1719 2157 3741 1622 3560 3875 6376 4592 112 3849 78 1439 2066 171 17448 1284 3989 3682 111
leaf_count=357 5188 432 13671 24627 2622 1863 8050 2155 22519 590 2210 1719 2157 3741 1622 3560 3875 6376 4592 112 3849 78 1439 2066 171 17448 1284 3989 3682 111
internal_value=-2.30595e-07 0.986513 -0.440866 -0.515358 1.42498 0.617088 -0.31867 0.198689 -0.649383 0.755802 1.24372 0.0109008 0.439887 0.706641 1.8367 0.367313 1.16189 1.25968 0.845911 0.652942 0.0649247 -0.167727 1.48328 1.72705 -0.604867 -0.608265 1.11987 -0.141292 0.585533 0.721754
internal_weight=146155 45142 101013 90475 20642 24500 36666 10538 53809 15752 14332 5925 4613 13878 6310 8748 10683 6808 6455 2456 5568 190 3649 4688 40138 39967 1874 12039 7423 2266
internal_count=146155 45142 101013 90475 20642 24500 36666 10538 53809 15752 14332 5925 4613 13878 6310 8748 10683 6808 6455 2456 5568 190 3649 4688 40138 39967 1874 12039 7423 2266
cat_boundaries=0 1
cat_threshold=1
is_linear=0
shrinkage=0.03


Tree=19
num_leaves=31
num_cat=1
split_feature=4 13 4 4 4 4 4 4 4 10 0 10 10 10 0 3 7 12 12 12 2 7 12 12 0 10 12 7 4 8
split_gain=6.64638e+07 7.20534e+06 5.8654e+06 2.68856e+06 1.19197e+06 826148 521501 488200 455091 297013 281766 292752 245449 191004 189685 183574 169859 162445 153588 152867 128420 122497 113914 113600 111198 110219 97964.1 96784.4 96512.3 96487.6
threshold=87.820000000000022 0 136.21000000000001 43.720425531914906 114.56750000000001 163.71000000000001 58.110020931449505 66.682704836695109 32.661608752855734 9.380005655216431 123.05000000000001 14.305629739268673 7.192503963244449 15.393350139209682 38.701464435146455 21.600573300573306 10.506944489058251 2013.5000000000002 1993.5000000000002 2012.5000000000002 101.05000000000001 8.6313584689427429 2002.5000000000002 2012.5000000000002 67.002551020408177 20.642703074490949 2012.5000000000002 11.814525959675171 50.200764536248421 289.4427196782982
decision_type=10 1 10 10 10 10 10 8 10 10 10 10 10 10 8 10 10 2 2 2 10 10 2 2 10 10 2 10 10 10
left_child=1 7 4 8 9 12 28 15 14 16 11 21 22 18 25 -1 -2 -7 20 -18 -6 -9 -4 -11 -16 -3 -20 -28 -5 -17
right_child=2 3 5 6 13 17 -8 10 -10 23 -12 -13 -14 -15 24 29 19 -19 26 -21 -22 -23 -24 -25 -26 -27 27 -29 -30 -31
leaf_value=-0.98226233663693263 0.53796733534101948 -0.66642417374628271 1.226916315783964 -0.38407445955941621 1.1010248366557636 1.7314885111926894 -0.045843993943130067 0.078466113598085946 -0.52212195198259415 0.41225260348112036 0.90547482765847542 0.12142335352234558 1.2116842688526892 0.80243231631010214 -0.56765334750880714 -0.56743258053123369 0.76423754695341217 2.1057804133425946 1.0622418249776375 1.2755263330626772 0.29451080188459278 0.4867931562899242 1.5893155240694812 0.81561119628587886 0.44437664849288533 -0.79364573643017178 1.0155948770188616 1.487494798610427 -0.25492476725544649 0.003203581590473317
leaf_weight=213 2988 13126 963 13380 325 2621 7632 770 29379 6068 670 5686 4245 3028 7515 303 4943 1734 6027 589 392 4681 4122 701 99 11497 607 1100 8526 2225
leaf_count=213 2988 13126 963 13380 325 2621 7632 770 29379 6068 670 5686 4245 3028 7515 303 4943 1734 6027 589 392 4681 4122 701 99 11497 607 1100 8526 2225
internal_value=-2.25505e-07 -0.395768 1.03413 -0.494719 0.775835 1.53934 -0.259404 0.224234 -0.607527 0.602371 0.307968 0.272022 1.38009 1.00687 -0.68536 -0.136456 0.72023 1.88052 1.08012 0.818675 0.660086 0.429113 1.52068 0.454025 -0.554495 -0.725827 1.11906 1.31969 -0.333808 -0.0651915
internal_weight=146155 105702 40453 91154 26768 13685 29538 14548 61616 15289 11807 11137 9330 11479 32237 2741 8520 4355 8451 5532 717 5451 5085 6769 7614 24623 7734 1707 21906 2528
internal_count=146155 105702 40453 91154 26768 13685 29538 14548 61616 15289 11807 11137 9330 11479 32237 2741 8520 4355 8451 5532 717 5451 5085 6769 7614 24623 7734 1707 21906 2528
cat_boundaries=0 1
cat_threshold=1
is_linear=0
shrinkage=0.03


Tree=20
num_leaves=31
num_cat=2
split_feature=4 4 13 4 0 4 4 0 4 4 10 0 9 12 3 15 10 10 12 9 10 12 0 10 12 6 10 10 3 0
split_gain=6.25442e+07 7.21526e+06 4.7334e+06 2.35526e+06 1.42129e+06 972146 563485 481045 337160 305633 297132 287637 255783 195850 193008 164222 162872 135611 159016 135430 122322 121560 118405 117458 116913 112190 110504 107094 102490 102261
threshold=77.602776327844353 124.61000000000001 0 40.402531645569631 167.75000000000003 103.12916666666668 52.733830296545214 105.05000000000001 144.37000000000003 27.302857142857146 8.4849475795529816 1.0000000180025095e-35 2088.8425310325115 2012.5000000000002 182.01666666666668 1 5.0227420978678712 8.8305647794799267 1993.5000000000002 1024.2641244628257 27.909868244064047 2012.5000000000002 136.05000000000004 14.073080093947985 1997.5000000000002 21.805647578602091 4.970595074464339 9.8909764615286555 64.767209690893921 130.05000000000004
decision_type=10 10 1 10 10 8 8 8 10 8 10 10 10 2 10 9 10 10 2 10 10 2 10 10 2 10 10 10 10 8
left_child=2 5 7 9 8 10 -5 11 17 -4 19 -1 22 16 26 -13 25 18 -3 -2 -17 -12 24 -11 -9 -7 -6 -10 -8 -26
right_child=1 4 3 6 14 13 28 12 27 23 21 15 -14 -15 -16 20 -18 -19 -20 -21 -22 -23 -24 -25 29 -27 -28 -29 -30 -31
leaf_value=-0.79022906062983655 0.27168934562833419 0.56805613545919065 -0.75057245625793312 -0.38256513650454232 1.8031659074235862 0.55682950459864577 -0.19464480584587024 0.58438110012653766 1.5147275883865146 -0.5303227316399034 0.23986665106882535 -0.41375679052174363 -0.012750196247008827 1.0966190783494085 2.0299683249436318 0.22669845838936942 0.63266700882694937 0.93757448668044718 1.2219264151952745 0.62962420983988743 -0.060099692174788971 0.6637680212641407 1.229796653367855 -0.63143184024694643 0.5037384534495718 0.93489970533475408 1.4999012403577296 1.2305827381993202 -0.0086811265498336759 -1.1415340264404521
leaf_weight=357 1161 359 11405 25175 2066 856 8050 2492 2784 23201 6212 537 792 1617 1600 3959 5672 3518 4952 5269 2022 675 243 18655 68 4042 2269 2090 3989 68
leaf_count=357 1161 359 11405 25175 2066 856 8050 2492 2784 23201 6212 537 792 1617 1600 3959 5672 3518 4952 5269 2022 675 243 18655 68 4042 2269 2090 3989 68
internal_value=-2.18771e-07 0.928338 -0.414868 -0.484954 1.36057 0.595524 -0.301838 0.186866 1.1926 -0.6129 0.418339 0.038915 0.464551 0.789139 1.74837 0.0843284 0.7421 1.08204 1.17773 0.564996 0.129524 0.281414 0.59622 -0.575387 0.537636 0.868826 1.64443 1.39288 -0.133028 -0.318898
internal_weight=146155 45142 101013 90475 19638 25504 37214 10538 13703 53261 13317 6875 3663 12187 5935 6518 10570 8829 5311 6430 5981 6887 2871 41856 2628 4898 4335 4874 12039 136
internal_count=146155 45142 101013 90475 19638 25504 37214 10538 13703 53261 13317 6875 3663 12187 5935 6518 10570 8829 5311 6430 5981 6887 2871 41856 2628 4898 4335 4874 12039 136
cat_boundaries=0 1 81
cat_threshold=1 0 64 0 0 0 134217728 64 32 4194304 0 0 0 0 0 0 0 0 0 0 0 0 0 0 0 0 2097152 0 0 0 0 0 0 0 0 0 0 0 0 0 0 0 0 0 0 0 0 0 0 0 0 0 0 0 536870912 131077 576 0 0 0 268435456 0 0 0 0 0 1082392584 29622596 33 0 0 0 2147483648 33554432 1048576 2304 0 0 0 0 65536
is_linear=0
shrinkage=0.03


Tree=21
num_leaves=31
num_cat=1
split_feature=4 13 4 4 4 0 4 4 4 10 0 10 12 6 10 0 3 10 7 12 8 2 1 0 10 12 12 7 8 7
split_gain=5.88879e+07 6.36382e+06 5.19729e+06 2.39607e+06 1.05806e+06 746886 536601 436666 350941 268532 258124 273726 194130 192093 172706 160528 158878 154856 144035 138437 125852 120650 118356 112321 110284 96290.8 87716.3 90779.4 84659.6 82310.9
threshold=87.820000000000022 0 136.21000000000001 46.060062893081771 114.56750000000001 169.05000000000004 35.703781512605055 65.836339825039389 60.993555486683249 15.664855171786586 123.05000000000001 9.5641884538212825 2003.5000000000002 28.65243067686556 15.393350139209682 195.35000000000005 21.600573300573306 7.0563839649116575 8.9920050573965344 1993.5000000000002 485.22356908565843 101.05000000000001 110.02137132680322 40.402020202020203 50.544898985911026 2011.5000000000002 2012.5000000000002 11.814525959675171 289.4427196782982 17.810029729488857
decision_type=10 1 10 10 10 10 10 8 10 10 10 10 2 10 10 10 10 10 10 2 10 10 10 8 10 2 2 10 10 10
left_child=1 7 4 6 9 17 13 16 -5 12 11 18 22 23 19 -7 -1 -4 -9 21 -14 -6 -2 -3 25 -13 -21 -28 -18 -16
right_child=2 3 5 8 14 15 -8 10 -10 -11 -12 24 20 -15 29 -17 28 -19 -20 26 -22 -23 -24 -25 -26 -27 27 -29 -30 -31
leaf_value=-0.93004109704998172 0.46566942932208771 -0.61083389689756007 1.3968826355097186 -0.27480574074515157 1.0462056579915378 1.64326568066537 -0.45387251862095546 0.087634027658321095 -0.0092665879413353705 0.3827186881738735 0.8573408892040606 0.15940511380841219 0.54688085071496417 -0.70890183674023965 0.67919787344077087 2.0529045101406398 -0.55138634920577956 1.1382872428565542 0.51884444005919561 1.0007979278039278 0.94387983851550072 0.26447038218074914 0.72482626545793671 -0.46044828052379638 -0.10669771437202033 0.65686108690721201 0.94989839588330305 1.4069245189356532 -0.0062792912156555978 1.0826223709113816
leaf_weight=213 4381 18548 4305 18264 325 4261 26750 865 5935 4862 672 5104 999 15768 2470 1079 293 4040 3593 6027 2561 392 2486 5889 1378 376 607 1100 2054 558
leaf_count=213 4381 18548 4305 18264 325 4261 26750 865 5935 4862 672 5104 999 15768 2470 1079 293 4040 3593 6027 2561 392 2486 5889 1378 376 607 1100 2054 558
internal_value=-1.06101e-06 -0.372531 0.973404 -0.465525 0.730269 1.44898 -0.557992 0.210142 -0.20968 0.566839 0.286094 0.252171 0.652693 -0.627268 0.947942 1.72604 -0.145528 1.27169 0.435175 1.0176 0.832475 0.618813 0.55949 -0.574593 0.13321 0.193537 1.05457 1.24441 -0.0743306 0.753541
internal_weight=146155 105702 40453 91154 26768 13685 66955 14548 24199 15289 11988 11316 10427 40205 11479 5340 2560 8345 4458 8451 3560 717 6867 24437 6858 5480 7734 1707 2347 3028
internal_count=146155 105702 40453 91154 26768 13685 66955 14548 24199 15289 11988 11316 10427 40205 11479 5340 2560 8345 4458 8451 3560 717 6867 24437 6858 5480 7734 1707 2347 3028
cat_boundaries=0 1
cat_threshold=1
is_linear=0
shrinkage=0.03


Tree=22
num_leaves=31
num_cat=3
split_feature=4 13 4 4 4 4 4 0 3 15 10 8 12 12 10 7 0 12 12 15 6 9 12 12 0 12 0 10 11 12
split_gain=5.54077e+07 5.98772e+06 4.89815e+06 2.255e+06 936288 763596 479945 418566 354684 304699 268715 213649 213499 214608 197640 195974 185750 184522 178069 173632 170986 141084 132032 126563 116803 112694 107385 98516.9 96812.7 90551.5
threshold=87.820000000000022 0 131.12666666666669 45.580866510538648 159.47000000000003 108.29000000000002 33.922500000000007 15.011415525114158 61.338129978529871 1 25.657132825900135 536.9721589873426 2012.5000000000002 2010.5000000000002 7.8131059775759564 14.231518139865889 123.05000000000001 2012.5000000000002 1999.5000000000002 2 28.65243067686556 1236.4443084930681 2012.5000000000002 2011.5000000000002 39.982638888888893 1995.5000000000002 112.01351351351353 7.0563839649116575 60.37786812127576 2012.5000000000002
decision_type=10 1 10 10 10 10 10 8 10 9 10 10 2 2 10 10 8 2 2 9 10 10 2 2 8 2 8 10 10 2
left_child=1 7 5 6 12 11 20 -1 -5 -9 19 27 13 25 21 16 -12 23 -13 -11 24 -7 26 -6 -3 28 -21 -2 -4 -20
right_child=2 3 4 8 17 14 -8 9 -10 10 15 18 -14 -15 -16 -17 -18 -19 29 22 -22 -23 -24 -25 -26 -27 -28 -29 -30 -31
leaf_value=-0.74467772368277607 0.49815502555983293 -0.60604788265373988 1.0311933870154237 -0.27659504421072256 1.5889928436728067 0.70985741448394668 -0.4566033878281443 -0.45441877878117204 -0.019022266222965236 -0.17245646835795236 0.048149095126768432 0.43856859947220489 1.4067794476486464 0.69471857588257513 0.70121019925529626 -0.0042042921120412748 1.2139738918586476 1.8748281853818074 0.67867411263948529 0.2893517115281149 -0.69714467594958873 1.0180159332728027 0.96562861964668667 0.97673145219846569 -0.44425742980999994 1.2093855949536363 0.52362567093551293 0.22948458927248738 0.27173891493809993 1.0598593094021234
leaf_weight=407 2248 15255 545 18830 2663 1781 30416 553 6463 535 246 3009 2942 992 5438 3913 246 2330 3075 5777 14739 5365 338 343 5451 6119 2533 2708 209 686
leaf_count=407 2248 15255 545 18830 2663 1781 30416 553 6463 535 246 3009 2942 992 5438 3913 246 2330 3075 5777 14739 5365 338 343 5451 6119 2533 2708 209 686
internal_value=-1.02825e-06 -0.361355 0.944202 -0.451559 1.3493 0.675197 -0.544027 0.203838 -0.210779 0.231138 0.259182 0.501018 1.18876 1.10721 0.837499 0.0667493 0.631061 1.67445 0.610582 0.351772 -0.619047 0.941213 0.383958 1.51913 -0.563455 1.16674 0.360762 0.351351 0.820681 0.748202
internal_weight=146155 105702 40453 91154 16143 24310 65861 14548 25293 14141 13588 11726 10807 7865 12584 4405 492 5336 6770 9183 35445 7146 8648 3006 20706 6873 8310 4956 754 3761
internal_count=146155 105702 40453 91154 16143 24310 65861 14548 25293 14141 13588 11726 10807 7865 12584 4405 492 5336 6770 9183 35445 7146 8648 3006 20706 6873 8310 4956 754 3761
cat_boundaries=0 1 80 160
cat_threshold=1 268435456 0 0 0 0 0 0 0 0 0 0 0 0 0 0 0 0 0 0 0 0 0 0 0 0 2097152 0 0 0 0 0 0 0 0 0 0 0 0 0 0 0 0 0 0 0 0 0 0 134217728 0 0 0 0 538968064 131077 768 0 0 0 0 0 0 0 0 1572864 1082130440 29622340 32 0 0 0 2214592512 0 2165309448 2304 0 524288 0 64 0 0 0 0 0 134217728 2147483648 4130 0 0 0 0 0 0 0 0 0 0 0 0 0 0 0 0 0 0 0 0 0 0 0 0 262146 0 0 0 0 0 0 0 0 0 0 0 0 0 0 0 0 0 0 268435456 0 2148532224 136357394 32852 0 0 0 0 0 0 0 0 8192 33816576 131328 0 0 0 0 0 0 0 0 0 0 0 2147483649 142606336
is_linear=0
shrinkage=0.03


Tree=23
num_leaves=31
num_cat=2
split_feature=4 4 13 4 4 4 4 0 0 12 4 0 7 10 10 10 12 12 2 15 7 0 8 3 11 10 4 7 5 8
split_gain=5.21364e+07 6.04282e+06 3.93602e+06 1.98497e+06 1.30915e+06 718069 523933 415644 305693 247071 238297 226385 216719 205711 179706 176291 176466 133848 133466 132006 131694 111191 108279 103487 100074 99837.1 99609.3 97138.4 96036.4 95188.8
threshold=77.602776327844353 122.81 0 39.421756450756348 148.39000000000007 95.490000000000009 51.580416666666672 91.122916666666683 175.65000000000001 2012.5000000000002 27.302857142857146 1.0000000180025095e-35 14.005979438297475 5.2240563690733541 30.891418716718572 8.8305647794799267 1997.5000000000002 1997.5000000000002 113.05000000000001 1 9.9390376347733334 62.901612903225818 832.6792997474962 198.68333333333337 37.262048555925112 14.073080093947985 64.054167248522091 9.9390376347733334 -10.500000000001315 536.9721589873426
decision_type=10 10 1 10 10 10 10 8 10 2 8 10 10 10 10 10 2 2 8 9 10 10 10 10 10 10 10 10 10 10
left_child=2 5 7 10 15 14 -5 11 -6 13 -4 -1 17 20 -2 16 22 24 -19 -13 -7 25 -3 -10 -9 -12 -8 -18 -22 -11
right_child=1 4 3 6 8 9 26 12 23 29 21 19 -14 -15 -16 -17 27 18 -20 -21 28 -23 -24 -25 -26 -27 -28 -29 -30 -31
leaf_value=-0.72865973666937389 0.38336476626951416 0.90112125529750198 -0.68824216962501517 -0.36212356901445331 1.3531811304553991 0.51747731357570681 -0.18272797930999249 1.2334598884167878 1.6565943944571964 0.65792836555573386 -0.49206216997882524 -0.3977488698563843 0.16404566645504379 0.49865120128494778 0.055397828283341687 0.87885858437162101 0.88109065908825202 0.47487254391291311 -1.1414479099787198 0.097916742335684412 1.2477982938875802 0.23772557925432922 0.079047075201229874 2.1660398941891956 0.57328587678667287 -0.58851862212472927 -0.00036820566698625559 1.2328468187357646 0.77288339681181006 1.1182809123947834
leaf_weight=357 6819 1098 11405 26453 5070 1863 9743 230 3277 590 21332 525 2157 7423 1929 4738 821 112 78 5043 422 168 166 403 2036 17647 3727 5069 4170 1284
leaf_count=357 6819 1098 11405 26453 5070 1863 9743 230 3277 590 21332 525 2157 7423 1929 4738 821 112 78 5043 422 168 166 403 2036 17647 3727 5069 4170 1284
internal_value=-2.28438e-06 0.847583 -0.378782 -0.442693 1.22573 0.528984 -0.284571 0.169933 1.50425 0.650019 -0.567568 0.00368711 0.383461 0.606358 0.311046 1.02079 1.11479 0.576164 -0.18867 0.0506425 0.730218 -0.532412 0.793159 1.71238 0.640294 -0.535731 -0.132271 1.18382 0.816528 0.973346
internal_weight=146155 45142 101013 90475 20642 24500 39923 10538 8750 15752 50552 5925 4613 13878 8748 11892 7154 2456 190 5568 6455 39147 1264 3680 2266 38979 13470 5890 4592 1874
internal_count=146155 45142 101013 90475 20642 24500 39923 10538 8750 15752 50552 5925 4613 13878 8748 11892 7154 2456 190 5568 6455 39147 1264 3680 2266 38979 13470 5890 4592 1874
cat_boundaries=0 1 81
cat_threshold=1 0 524288 0 0 0 134217728 64 32 4194304 0 67108864 0 0 0 0 0 0 0 0 0 0 0 0 0 0 0 0 0 0 0 0 0 0 0 0 0 0 0 0 0 0 0 0 0 0 0 0 0 0 0 0 0 0 536870912 131077 64 0 0 0 0 0 0 0 0 524288 1619263496 29622340 33 0 0 0 2147483648 0 1048576 2336 8 0 0 0 65536
is_linear=0
shrinkage=0.03


Tree=24
num_leaves=31
num_cat=2
split_feature=4 13 4 4 4 4 3 4 4 10 0 10 12 12 12 10 7 12 12 12 0 7 6 3 7 6 8 10 8 15
split_gain=4.90688e+07 5.29687e+06 4.35531e+06 2.01097e+06 894729 642736 427743 375009 314331 240084 240465 213186 206477 199118 181473 147400 143233 141989 133467 131260 131077 124768 123817 107850 106021 102210 97330.3 95642.1 94727.5 94643.1
threshold=87.820000000000022 0 136.21000000000001 42.859820971867016 110.97000000000001 163.71000000000001 57.701851851851863 60.993555486683249 28.920000000000005 9.5641884538212825 123.05000000000001 11.763804278935799 2012.5000000000002 2011.5000000000002 2012.5000000000002 5.0227420978678712 8.6313584689427429 2011.5000000000002 2013.5000000000002 2003.5000000000002 42.405882352941184 16.87848393325395 21.805647578602091 1.0000000180025095e-35 17.241240499927638 25.903175589716934 485.22356908565843 10.535329229392374 513.80745906758 1
decision_type=10 1 10 10 10 10 10 8 8 10 10 10 2 2 2 10 10 2 2 2 10 10 10 10 10 10 10 10 10 9
left_child=1 7 4 8 11 12 -5 23 -3 16 29 19 13 -4 15 22 -9 -17 -7 -2 27 25 -6 -1 -19 -15 -21 -10 -16 -11
right_child=2 3 5 6 14 18 -8 9 20 10 -12 -13 -14 21 28 17 -18 24 -20 26 -22 -23 -24 -25 -26 -27 -28 -29 -30 -31
leaf_value=-0.89103361546993254 0.50447733823382923 -0.64787729878172995 1.1378940529397112 -0.30059155770982893 0.54724987398838032 1.4897455867981693 -0.055173363257264352 0.046564440086846896 -0.46618892785124305 -0.39202450653577497 0.85373811975963576 0.34149162732089855 1.4012926416685825 0.91662451349637086 0.73469548364013271 0.72289489908508664 0.48106095293910683 -0.094278958571774332 1.8290148554319534 0.48381838501782987 -0.3922707637100431 1.7290119340270758 0.96504633962424613 -0.13752849855732457 1.4491376084866729 -0.064902396720694741 0.88538787767440086 -0.56564976712753878 1.1839423898484791 0.12765208380957291
leaf_weight=192 5461 14726 6101 22750 746 2621 8889 816 17519 321 407 5216 2758 153 553 5643 4184 310 1734 778 9982 64 4426 1560 46 254 1800 17288 1789 7068
leaf_count=192 5461 14726 6101 22750 746 2621 8889 816 17519 321 407 5216 2758 153 553 5643 4184 310 1734 778 9982 64 4426 1560 46 254 1800 17288 1789 7068
internal_value=-2.83153e-06 -0.340059 0.88855 -0.4249 0.665979 1.3239 -0.231641 0.191529 -0.527638 0.247889 0.143822 0.490855 1.18344 1.09201 0.837759 0.78742 0.410151 0.686236 1.62483 0.587767 -0.488106 0.497697 0.904784 -0.220104 0.105151 0.304075 0.7642 -0.515589 1.07786 0.104718
internal_weight=146155 105702 40453 91154 26768 13685 31639 14548 59515 12796 7796 13255 9330 6572 13513 11171 5000 5999 4355 8039 44789 471 5172 1752 356 407 2578 34807 2342 7389
internal_count=146155 105702 40453 91154 26768 13685 31639 14548 59515 12796 7796 13255 9330 6572 13513 11171 5000 5999 4355 8039 44789 471 5172 1752 356 407 2578 34807 2342 7389
cat_boundaries=0 1 80
cat_threshold=1 0 0 0 0 0 0 0 2048 16 0 0 0 0 0 0 0 0 0 0 0 0 0 0 0 0 2097152 0 0 0 0 0 0 0 0 0 0 0 0 0 0 0 0 0 0 0 0 0 0 0 0 0 2147516416 32768 3145728 8192 0 0 0 0 0 0 0 0 1610612736 2147614720 1024 32 0 0 0 8192 134283264 262272 0 0 1073741832 1024 0 2147483648
is_linear=0
shrinkage=0.03


Tree=25
num_leaves=31
num_cat=1
split_feature=4 4 13 4 4 4 4 0 3 4 10 0 7 12 10 12 10 10 12 2 8 0 9 8 10 10 12 7 3 7
split_gain=4.61691e+07 5.3695e+06 3.48459e+06 1.76404e+06 1.1671e+06 640872 475310 377538 256540 210238 209745 203798 199254 176936 174840 173002 137935 135677 124292 125648 120961 106274 105959 102167 98098.5 95609.6 93508.3 92031.4 91418.5 81905.9
threshold=77.602776327844353 122.81 0 39.222471304953316 149.81000000000003 100.61000000000001 51.580416666666672 91.122916666666683 179.01666666666668 26.463333333333338 8.154250737079332 1.0000000180025095e-35 14.005979438297475 2012.5000000000002 8.961556863040828 1997.5000000000002 15.393350139209682 7.6537685180700192 1997.5000000000002 113.05000000000001 492.88795509852025 53.500700280112049 1024.2641244628257 832.6792997474962 12.941175162484237 26.741244542109634 2012.5000000000002 10.553654126036561 67.134332106393728 17.810029729488857
decision_type=10 10 1 10 10 10 10 8 10 8 10 10 10 2 10 2 10 10 2 8 10 10 10 10 10 10 2 10 10 10
left_child=2 5 7 9 14 10 -5 11 17 -4 22 -1 18 16 15 23 -7 -6 25 -20 -13 24 -2 -3 -11 -9 -12 -17 -8 -18
right_child=1 4 3 6 8 13 28 12 -10 21 26 20 -14 -15 -16 27 29 -19 19 -21 -22 -23 -24 -25 -26 -27 -28 -29 -30 -31
leaf_value=-0.69345199538880031 0.20095890433397717 0.84751295065312537 -0.66039731959111581 -0.34193184664544407 1.4634255858071681 0.67015442312795281 -0.16585053057768101 0.54316397026972019 1.7214908506636857 -0.46537210966752501 0.18189780295194141 -0.13708122748429533 0.15295856254105358 0.93956463631583287 0.83032085531147226 0.90800934835963476 0.36143559283343618 1.1819960265212668 0.45491175818656171 -1.1133509425933543 0.15277338784659256 -0.084968298923804975 0.53670041638808552 0.052044683404846817 -0.55973577860763368 1.1787576936974244 0.57104520964448324 1.1875630346572805 0.021281814311987064 0.74363352491431356
leaf_weight=357 1043 1119 9788 26981 3360 7878 10438 2028 2048 20495 5680 2052 2157 1607 4890 1356 2569 2849 112 78 3516 534 4479 167 19207 238 616 4853 3032 628
leaf_count=357 1043 1119 9788 26981 3360 7878 10438 2028 2048 20495 5680 2052 2157 1607 4890 1356 2569 2849 112 78 3516 534 4479 167 19207 238 616 4853 3032 628
internal_value=-3.28917e-06 0.797603 -0.356448 -0.416582 1.15406 0.497278 -0.269271 0.159842 1.43033 -0.535703 0.338333 0.00140054 0.363347 0.645394 0.969869 1.06092 0.602709 1.33429 0.548123 -0.188901 0.045952 -0.505369 0.473285 0.744213 -0.511023 0.609921 0.219972 1.12651 -0.123728 0.436512
internal_weight=146155 45142 101013 90475 20642 24500 40451 10538 8257 50024 11818 5925 4613 12682 12385 7495 11075 6209 2456 190 5568 40236 5522 1286 39702 2266 6296 6209 13470 3197
internal_count=146155 45142 101013 90475 20642 24500 40451 10538 8257 50024 11818 5925 4613 12682 12385 7495 11075 6209 2456 190 5568 40236 5522 1286 39702 2266 6296 6209 13470 3197
cat_boundaries=0 1
cat_threshold=1
is_linear=0
shrinkage=0.03


Tree=26
num_leaves=31
num_cat=2
split_feature=4 13 4 4 4 0 4 15 4 0 8 12 8 9 10 10 12 12 12 0 12 10 12 12 10 12 0 0 0 12
split_gain=4.3469e+07 4.68037e+06 3.87206e+06 1.79656e+06 891593 499355 415226 340417 253887 251595 224950 219983 196885 189347 157764 157185 142046 145119 129311 127363 125476 119572 96615.6 96025.9 94114 89638 88686.6 84515.8 80260.7 79828.1
threshold=87.820000000000022 0 138.41000000000005 46.321604892740801 115.39000000000001 169.05000000000004 35.703781512605055 1 59.560000000000002 111.00666666666667 536.9721589873426 1999.5000000000002 325.33512443317528 2088.8425310325115 26.30989363364116 21.156586622380761 2012.5000000000002 2011.5000000000002 1992.5000000000002 195.35000000000005 2011.5000000000002 7.192503963244449 2012.5000000000002 1990.5000000000002 9.7412154961418658 1993.5000000000002 1.0000000180025095e-35 136.05000000000004 62.00303951367782 1993.5000000000002
decision_type=10 1 10 10 10 10 10 9 10 8 10 2 10 10 10 10 2 2 2 10 2 10 2 2 10 2 10 10 10 2
left_child=1 7 4 6 10 21 15 -1 -5 12 24 18 -9 27 20 -3 17 29 -12 -7 26 -4 -13 -15 -2 -20 -14 -11 -17 -6
right_child=2 3 5 8 16 19 -8 9 -10 13 11 22 14 23 -16 28 -18 -19 25 -21 -22 -23 -24 -25 -26 -27 -28 -29 -30 -31
leaf_value=-0.64516866644155491 0.46721326449216855 -0.49084662506544963 1.2276468271958707 -0.23719969402599808 0.5234884608369389 1.419563084408288 -0.3883538385964817 -0.2953328241876168 -0.019869715984326998 0.48000804934608227 0.87133931680414511 0.64880888557120542 -0.46162217891144891 -0.26720671249975064 -0.0094746885260954348 -0.61510826299053889 1.0494783575072202 0.24688382270206063 -0.012981455903214307 1.7855232600003592 0.78424612794298698 0.98644960609985144 0.97142471315344558 0.35621419468515092 0.24120710899768633 0.41479613767708057 0.23951188957973596 1.0401532949356551 0.63977943704180085 0.83565399760365544
leaf_weight=428 3399 23835 3866 16900 807 4184 27271 901 6778 2634 488 4231 167 464 3030 16324 2223 433 521 1076 377 3547 1041 427 3238 2866 5853 267 46 8533
leaf_count=428 3399 23835 3866 16900 807 4184 27271 901 6778 2634 488 4231 167 464 3030 16324 2223 433 521 1076 377 3547 1041 427 3238 2866 5853 267 46 8533
internal_value=-3.19004e-06 -0.320068 0.836313 -0.399819 0.638074 1.27087 -0.478714 0.179628 -0.174987 0.204941 0.489908 0.58638 0.128353 0.414077 0.168847 -0.540006 0.833026 0.783791 0.414776 1.49442 0.253311 1.11224 0.712512 0.0315595 0.356951 0.348994 0.220062 0.531562 -0.611582 0.808682
internal_weight=146155 105702 40453 91154 27780 12673 67476 14548 23678 14120 15784 9147 10328 3792 9427 40205 11996 9773 3875 5260 6397 7413 5272 891 6637 3387 6020 2901 16370 9340
internal_count=146155 105702 40453 91154 27780 12673 67476 14548 23678 14120 15784 9147 10328 3792 9427 40205 11996 9773 3875 5260 6397 7413 5272 891 6637 3387 6020 2901 16370 9340
cat_boundaries=0 1 83
cat_threshold=1 0 0 0 0 0 0 0 0 0 0 0 0 0 0 0 0 0 0 0 0 0 0 0 0 0 0 0 0 0 0 0 0 0 0 0 0 0 0 0 0 0 0 0 0 0 0 0 0 0 0 134217728 0 0 536870912 5 0 0 0 0 0 0 0 0 0 1048576 1082130440 25430084 32 0 0 0 2147483648 0 1048576 2048 0 524288 0 270532688 0 134217728 35840
is_linear=0
shrinkage=0.03


Tree=27
num_leaves=31
num_cat=2
split_feature=4 13 4 4 0 4 4 15 3 0 8 9 8 10 4 12 10 0 3 12 6 4 0 12 10 8 4 2 0 12
split_gain=4.09002e+07 4.40355e+06 3.65024e+06 1.69039e+06 720758 580358 394212 326114 240168 239557 180482 177847 176759 158411 155763 150748 144688 142265 125687 125135 121815 119123 96168.6 89803.6 88557.1 87673.6 87039.4 85971.2 81564 81242.9
threshold=87.820000000000022 0 131.12666666666669 46.321604892740801 169.05000000000004 108.29000000000002 32.906449875738559 1 63.368839384183786 111.00666666666667 536.9721589873426 2088.8425310325115 334.87214791232276 7.8131059775759564 144.37000000000003 1999.5000000000002 22.001978597446886 36.003033980582536 190.48333333333338 2008.5000000000002 23.646534323370499 32.020930449975999 68.010416666666671 1990.5000000000002 9.380005655216431 928.01311354295774 24.867808041504542 84.450000000000017 136.05000000000004 2012.5000000000002
decision_type=10 1 8 10 10 10 10 9 10 8 10 10 10 10 10 2 10 8 10 2 10 8 10 2 10 10 10 10 10 2
left_child=1 7 5 6 14 10 17 -1 -5 12 -2 28 -9 20 -4 27 19 26 29 21 25 -14 -19 -13 -16 -7 -3 -12 -11 -6
right_child=2 3 4 8 18 13 -8 9 -10 11 15 23 16 -15 24 -17 -18 22 -20 -21 -22 -23 -24 -25 -26 -27 -28 -29 -30 -31
leaf_value=-0.61201002984657193 0.28959197202939563 -0.64957494290275541 0.90658729564750051 -0.22137113795649477 1.2647452425777554 0.69285348963180182 -0.39382096428294183 -0.26064742944520158 0.0070620830677073304 0.46666350046362887 0.59997165912959549 -0.25680275088346105 -0.98789391791983816 0.59848010806472596 1.2456801985469266 0.65447562159203254 0.015301061185812852 -0.44947522182913902 1.7864490824355772 0.71819797922820761 0.92029295093651009 0.23247633344024823 0.52007770742139514 0.34676166675879921 0.9956347680071862 -0.45602659440431437 -0.53147462773126242 0.25797163479586993 1.0159972073515851 1.5161812930767371
leaf_weight=451 4956 9305 5508 18326 2495 2991 34672 970 5352 2635 982 463 73 5438 2901 3761 3586 9238 809 487 4094 5189 93 426 2274 61 14168 2027 268 2156
leaf_count=451 4956 9305 5508 18326 2495 2991 34672 970 5352 2635 982 463 73 5438 2901 3761 3586 9238 809 487 4094 5189 93 426 2274 61 14168 2027 268 2156
internal_value=-4.41989e-06 -0.310468 0.811224 -0.387824 1.16093 0.579001 -0.464353 0.174226 -0.169738 0.199672 0.427152 0.403683 0.124795 0.720496 1.01762 0.527853 0.164846 -0.538901 1.44133 0.258126 0.813348 0.215546 -0.439812 0.0324193 1.13581 0.669891 -0.578291 0.369585 0.517377 1.3813
internal_weight=146155 105702 40453 91154 16143 24310 67476 14548 23678 14097 11726 3792 10305 12584 10683 6770 9335 32804 5460 5749 7146 5262 9331 889 5175 3052 23473 3009 2903 4651
internal_count=146155 105702 40453 91154 16143 24310 67476 14548 23678 14097 11726 3792 10305 12584 10683 6770 9335 32804 5460 5749 7146 5262 9331 889 5175 3052 23473 3009 2903 4651
cat_boundaries=0 1 83
cat_threshold=1 0 0 0 0 0 0 0 0 0 0 0 0 0 0 0 0 0 0 0 0 0 0 0 0 0 0 0 0 0 0 0 0 0 0 0 0 0 0 0 0 0 0 0 0 0 0 0 0 0 0 134217728 0 0 536870912 5 0 0 0 0 0 0 0 0 0 1048576 1082130440 29624388 32 0 0 0 2214592512 0 1048576 2048 0 524288 0 270532672 0 134217728 35840
is_linear=0
shrinkage=0.03


Tree=28
num_leaves=31
num_cat=1
split_feature=4 4 13 4 4 4 4 0 10 12 12 4 0 7 12 12 10 12 2 8 9 12 12 0 6 8 12 7 11 10
split_gain=3.85026e+07 4.49186e+06 2.8904e+06 1.48743e+06 917923 616709 385574 322197 215061 190495 199876 188290 177423 172184 166291 141628 137099 115075 119724 103717 103601 100321 99522.7 95561.6 93211.9 92844.4 92223 91107.5 90551.4 88333.2
threshold=77.602776327844353 124.61000000000001 0 39.601641716039786 155.81000000000003 103.12916666666668 51.580416666666672 91.122916666666683 8.4849475795529816 2012.5000000000002 2010.5000000000002 26.463333333333338 1.0000000180025095e-35 14.005979438297475 2012.5000000000002 2011.5000000000002 15.393350139209682 1997.5000000000002 113.05000000000001 460.97889795116981 1024.2641244628257 1995.5000000000002 2012.5000000000002 53.500700280112049 29.864520400519407 832.6792997474962 2012.5000000000002 9.9390376347733334 36.936265250226768 10.886248665080336
decision_type=10 10 1 10 10 10 10 8 10 2 2 8 10 10 2 2 10 2 8 10 10 2 2 10 10 10 2 10 10 10
left_child=2 5 7 11 9 8 -5 12 20 10 21 -4 -1 17 15 -6 22 28 -19 -14 -2 25 -7 29 -17 -3 -10 -11 -9 -13
right_child=1 4 3 6 14 16 -8 13 26 27 -12 23 19 -15 -16 24 -18 18 -20 -21 -22 -23 -24 -25 -26 -27 -28 -29 -30 -31
leaf_value=-0.64999969606637997 0.1928883479727112 0.75020183289016706 -0.60542972656219651 -0.3094325043636979 1.3001568069317968 0.64222827438675156 -0.11158793413463901 1.1379408119040888 0.17197478227718274 0.70137450452238759 0.48928374331304675 -0.41821411737549957 -0.15384479606928006 0.13712538357058562 1.5466752364700718 0.46498645109395248 0.459113506084317 0.42375212301633186 -1.1070989573918857 0.12643019292765642 0.50594837627053846 0.94987169728571363 0.93418582284040463 -0.070905875357506434 1.6301094935157081 -0.072203817919213722 0.54119744306537843 1.1856091216390423 0.50127419596584444 -0.5066767594220698
leaf_weight=357 1161 998 9788 25935 3239 7539 13470 223 6212 398 1139 19438 1719 2157 2681 313 3427 112 78 3849 5269 7771 1221 563 77 141 675 2881 2043 21281
leaf_count=357 1161 998 9788 25935 3239 7539 13470 223 6212 398 1139 19438 1719 2157 2681 313 3427 112 78 3849 5269 7771 1221 563 77 141 675 2881 2043 21281
internal_value=-5.54286e-06 0.728374 -0.325513 -0.380281 1.06941 0.465777 -0.241802 0.144702 0.324653 0.928283 0.863496 -0.487129 -0.00166739 0.332701 1.3675 1.23512 0.619987 0.504467 -0.204703 0.0399013 0.449422 0.911333 0.682922 -0.45908 0.695024 0.648394 0.208163 1.12683 0.563929 -0.464447
internal_weight=146155 45142 101013 90475 19638 25504 39405 10538 13317 13328 10049 51070 5925 4613 6310 3629 12187 2456 190 5568 6430 8910 8760 41282 390 1139 6887 3279 2266 40719
internal_count=146155 45142 101013 90475 19638 25504 39405 10538 13317 13328 10049 51070 5925 4613 6310 3629 12187 2456 190 5568 6430 8910 8760 41282 390 1139 6887 3279 2266 40719
cat_boundaries=0 1
cat_threshold=1
is_linear=0
shrinkage=0.03


Tree=29
num_leaves=31
num_cat=4
split_feature=4 13 4 0 4 4 0 15 0 10 8 12 0 15 10 12 8 5 12 7 5 15 10 12 8 3 12 7 12 4
split_gain=3.62456e+07 4.17158e+06 3.07608e+06 1.53449e+06 783210 425428 344049 304830 226350 224964 198708 195536 195032 157916 149665 145105 136697 135262 122442 118704 167585 108467 104119 95739.4 91670.8 88689 83278.4 81830.8 88909.7 79496.7
threshold=89.945000000000022 0 141.97000000000006 49.008928571428577 118.24500000000002 37.403705810679789 175.65000000000001 1 61.284891930053227 30.891418716718572 536.9721589873426 1999.5000000000002 1.0000000180025095e-35 2 22.303340853917025 2011.5000000000002 486.8938795993048 -12.66000000000181 2012.5000000000002 14.344143105208749 -25.000000000003126 3 7.192503963244449 2012.5000000000002 940.38048231980395 198.68333333333337 2006.5000000000002 12.751592881634279 2011.5000000000002 71.363333333333344
decision_type=10 1 10 10 10 10 10 9 10 10 10 2 8 9 10 2 10 10 2 10 10 9 10 2 10 10 2 10 2 8
left_child=1 7 4 5 10 14 22 -1 -5 12 -2 17 26 -14 -3 21 27 -12 24 20 -11 -15 -4 -13 -18 -8 -9 -6 -29 -10
right_child=2 3 6 8 16 -7 25 9 29 19 11 23 13 15 -16 -17 18 -19 -20 -21 -22 -23 -24 -25 -26 -27 -28 28 -30 -31
leaf_value=-0.60205643217613303 0.3518899466076581 -0.44905466837275299 1.18645521574573 -0.22431390642711377 0.73879975620530036 -0.33424881734235923 1.378368544436237 -0.73584708865920634 -0.084022468558299382 1.0893235653319009 0.99360589170904368 0.61492315282532373 -0.21590450026142996 -0.17881280934305063 -0.56310134104928011 0.78357816873157449 0.8208796829417484 0.34896946434978188 1.0671459907613035 -0.055181905562397784 -0.12974155422466904 0.30305341914694467 0.96072503654437158 0.92249253920135699 0.25808498282067693 1.8487745896758276 0.83228322131293164 0.57298104905470582 -0.056839505810290569 0.12894907658940438
leaf_weight=440 6856 27481 3810 15248 2395 23615 3438 236 6155 205 319 4380 542 438 16619 547 6150 3587 1975 3619 201 9203 3555 1150 272 403 35 900 260 2121
leaf_count=440 6856 27481 3810 15248 2395 23615 3438 236 6155 205 319 4380 542 438 16619 547 6150 3587 1975 3619 201 9203 3555 1150 272 403 35 900 260 2121
internal_value=-5.37658e-06 -0.287264 0.776976 -0.364493 0.610114 -0.437007 1.19754 0.168333 -0.155756 0.191165 0.474804 0.56411 0.261506 0.281581 -0.492033 0.307956 0.794558 0.401616 0.860572 -0.000613674 0.485796 0.281291 1.0775 0.678884 0.797043 1.42772 -0.533321 0.63863 0.431814 -0.0294414
internal_weight=146155 106705 39450 91239 28244 67715 11206 15466 23524 15026 16292 9436 11001 10730 44100 10188 11952 3906 8397 4025 406 9641 7365 5530 6422 3841 271 3555 1160 8276
internal_count=146155 106705 39450 91239 28244 67715 11206 15466 23524 15026 16292 9436 11001 10730 44100 10188 11952 3906 8397 4025 406 9641 7365 5530 6422 3841 271 3555 1160 8276
cat_boundaries=0 1 83 163 242
cat_threshold=1 0 0 0 0 0 0 0 0 0 0 0 0 0 0 0 0 0 0 0 0 0 0 0 0 0 0 0 0 0 0 0 0 0 0 0 0 0 0 0 0 0 0 0 0 0 0 0 0 0 0 134217728 0 0 536870912 131077 0 0 0 0 0 0 0 0 0 1048576 1082130440 25430084 32 0 0 0 2147483648 0 1048576 2048 0 524288 0 270532672 0 134217728 35840 0 0 0 0 0 0 0 4128 0 0 0 0 0 0 0 0 0 0 0 0 0 0 0 0 0 0 0 0 0 0 0 0 2 0 0 0 0 0 0 0 0 0 0 0 0 0 0 0 134217728 0 0 2415919104 0 2150629376 134260224 832 0 0 0 0 0 0 0 0 532484 262144 131360 0 0 0 0 0 0 0 0 0 0 0 2147483777 679477248 0 524288 0 0 0 134217728 2147483648 2 16 0 0 0 0 0 0 0 0 0 0 0 0 0 0 0 0 0 0 0 0 0 0 0 262144 0 0 8388608 0 0 0 0 0 0 0 0 0 0 0 0 0 0 0 33284 32768 8704 2149584914 32788 0 0 0 0 0 0 0 0 1 33554432 4194304 1 0 0 0 0 0 0 0 65536 0 0 131328
is_linear=0
shrinkage=0.03


Tree=30
num_leaves=31
num_cat=3
split_feature=4 13 4 0 4 4 4 0 10 4 0 7 8 12 15 10 10 10 12 5 12 15 8 7 12 12 12 0 12 10
split_gain=3.41036e+07 3.92484e+06 2.89428e+06 1.4438e+06 736922 400285 331313 289127 240260 215633 190131 188043 186964 183979 142939 140898 133811 130959 128234 127268 94113.3 92213 91076.4 90180 93739.9 98010.4 90081.2 81117.5 79854.9 79453.4
threshold=89.945000000000022 0 141.97000000000006 49.008928571428577 118.24500000000002 37.403705810679789 165.91000000000005 15.011415525114158 9.5641884538212825 59.560000000000002 123.05000000000001 9.5359005723675168 536.9721589873426 1999.5000000000002 1 20.933330291124872 6.9849290704965732 15.393350139209682 1993.5000000000002 -12.66000000000181 2013.5000000000002 2 832.6792997474962 17.604179743847208 2009.5000000000002 2012.5000000000002 2012.5000000000002 74.007874015748044 2011.5000000000002 50.544898985911026
decision_type=10 1 10 10 10 10 10 8 10 8 10 10 10 2 9 10 10 10 2 10 2 9 10 10 2 2 2 10 2 10
left_child=1 7 4 5 12 15 16 -1 11 -5 14 27 -2 19 -10 -3 -4 18 22 -14 -8 -16 -6 24 -19 28 -15 -9 -26 -23
right_child=2 3 6 9 17 -7 20 8 10 -11 -12 -13 13 26 21 -17 -18 23 -20 -21 -22 29 -24 -25 25 -27 -28 -29 -30 -31
leaf_value=-0.62374725369486073 0.34133324852131486 -0.43362081745358427 1.1615360407905908 -0.21174930189734995 0.63712099527071453 -0.32422135318902018 1.263056632955742 -0.14480063638294205 -0.46423902516585908 -0.015095767758067997 0.700631460237092 0.4366664048426776 0.96379771623491861 0.59647545875293806 -0.298053322549994 -0.54314601234223581 0.90448524456160306 0.64908619332739614 0.86397112109949703 0.33850038004518129 1.5639318755421447 0.16199968260339967 -0.17879304849143537 0.91833214281021847 0.3339522727356129 0.69828217766948575 0.89481776442670302 0.2859229216642189 -0.42443091821078566 -0.072465457169183456
leaf_weight=409 6856 26524 3957 16267 461 23615 2286 851 438 7257 435 4313 319 4380 518 17576 3379 1800 8048 3587 1584 6118 168 674 291 291 1150 732 219 1652
leaf_count=409 6856 26524 3957 16267 461 23615 2286 851 438 7257 435 4313 319 4380 518 17576 3379 1800 8048 3587 1584 6118 168 674 291 291 1150 732 219 1652
internal_value=-6.63882e-06 -0.278648 0.753667 -0.353558 0.59181 -0.423897 1.16162 0.163269 0.184647 -0.151083 0.0885083 0.334025 0.46056 0.547187 0.0579933 -0.477272 1.04314 0.770721 0.831729 0.389568 1.38621 0.0860483 0.419198 0.609081 0.528945 0.258964 0.658518 0.0543716 0.00829361 0.112005
internal_weight=146155 106705 39450 91239 28244 67715 11206 15466 15057 23524 9161 5896 16292 9436 8726 44100 7336 11952 8677 3906 3870 8288 629 3275 2601 801 5530 1583 510 7770
internal_count=146155 106705 39450 91239 28244 67715 11206 15466 15057 23524 9161 5896 16292 9436 8726 44100 7336 11952 8677 3906 3870 8288 629 3275 2601 801 5530 1583 510 7770
cat_boundaries=0 1 81 160
cat_threshold=1 268435456 0 0 0 0 134217728 0 0 0 0 0 0 0 0 0 0 0 0 0 0 0 0 0 0 0 0 0 0 0 0 0 0 0 0 0 0 0 0 0 0 0 0 0 0 0 0 0 0 0 0 0 2147516416 8192 540016640 516 768 0 0 0 0 0 0 0 67108864 1703936 1610612736 29622368 32 0 0 0 67108864 0 1048576 2048 0 524288 0 0 536936448 0 1572864 0 0 0 0 64 2050 4194320 0 0 16384 0 0 0 0 0 0 0 0 0 0 0 0 0 2097152 0 0 0 0 0 0 0 0 0 0 0 0 0 0 0 0 0 0 0 0 0 0 0 0 0 512 1085442 2 8192 0 0 0 0 0 0 0 0 536870912 2147483648 8388608 131072 1 0 0 0 2147549184 33554432 2164260872 288 8 1024 0 2147483648
is_linear=0
shrinkage=0.03


Tree=31
num_leaves=31
num_cat=1
split_feature=4 4 13 4 0 4 0 4 4 4 8 7 12 10 0 10 12 12 12 2 12 12 6 12 10 6 8 0 12 2
split_gain=3.20893e+07 3.85435e+06 2.31482e+06 1.23411e+06 859710 497707 293130 253472 207264 205454 168315 157524 154054 140532 139137 129937 121806 113154 109811 110557 94644.8 127779 113130 119345 94101.7 101992 88313.1 88065.4 85710.5 83481.2
threshold=76.401095490994265 122.81 0 41.822295109357945 157.45000000000002 95.490000000000009 91.122916666666683 53.525761465850678 170.61000000000004 27.883769574149401 536.9721589873426 14.005979438297475 2012.5000000000002 29.558125798176921 1.0000000180025095e-35 10.535329229392374 1993.5000000000002 2012.5000000000002 1997.5000000000002 113.05000000000001 2009.5000000000002 2012.5000000000002 30.258567075669053 2011.5000000000002 3.5807180592580505 22.039101335904544 330.1391995818297 42.999380421313511 2003.5000000000002 160.65000000000001
decision_type=10 10 1 10 10 10 8 10 10 8 10 10 2 10 10 10 2 2 2 8 2 2 10 2 10 10 10 10 2 10
left_child=2 5 6 9 15 13 14 -5 17 -4 -7 18 24 28 -1 16 -3 -6 -8 -20 -17 22 23 -22 25 -12 -16 -11 -2 -18
right_child=1 4 3 7 8 10 11 -9 -10 27 12 -13 -14 -15 26 20 29 -19 19 -21 21 -23 -24 -25 -26 -27 -28 -29 -30 -31
leaf_value=-0.5899997318984439 0.22777098023942893 0.38921912559910299 -0.53973975352651959 -0.26091582942131558 0.98206828074659447 0.39648162689462041 0.53089699789208966 -0.084968529779302748 1.4021216137974015 -0.42211163773116284 0.33195809093028844 0.11858488231778699 0.89981177115899935 0.023870555324964619 -0.31305309727246078 0.77185559623764965 0.8625613465112153 1.247306724869816 0.42035469967307465 -1.0898518692530117 0.47577746018834327 0.85743992689723036 0.91337312453730979 -0.23689369169237187 0.45307953657890471 0.74247492113246394 0.068788527509077449 -0.3114970207358651 0.45157399253339953 1.1652252227924371
leaf_weight=354 4812 440 12599 22457 3598 6616 2251 10968 2776 36444 677 2080 1284 2179 617 2851 6002 2422 99 78 445 544 211 403 4388 2787 4680 7878 2265 950
leaf_count=354 4812 440 12599 22457 3598 6616 2251 10968 2776 36444 677 2080 1284 2179 617 2851 6002 2422 99 78 445 544 211 403 4388 2787 4680 7878 2265 950
internal_value=-8.00467e-06 0.659573 -0.299594 -0.347873 0.96299 0.409128 0.12976 -0.203181 1.18767 -0.432838 0.51172 0.310185 0.595171 0.234536 -0.0141715 0.796159 0.873284 1.08878 0.474323 -0.24516 0.668159 0.483732 0.291761 0.137091 0.545355 0.662244 0.0243112 -0.40245 0.299399 0.903921
internal_weight=146155 45650 100505 90346 20642 25008 10159 33425 8796 56921 15752 4508 9136 9256 5651 11846 7392 6020 2428 177 4454 1603 1059 848 7852 3464 5297 44322 7077 6952
internal_count=146155 45650 100505 90346 20642 25008 10159 33425 8796 56921 15752 4508 9136 9256 5651 11846 7392 6020 2428 177 4454 1603 1059 848 7852 3464 5297 44322 7077 6952
cat_boundaries=0 1
cat_threshold=1
is_linear=0
shrinkage=0.03


Tree=32
num_leaves=31
num_cat=5
split_feature=4 13 4 4 4 4 4 15 10 10 4 0 9 15 12 0 8 10 7 3 12 13 12 15 12 12 8 12 0 8
split_gain=3.02013e+07 3.47422e+06 2.5819e+06 1.29321e+06 651148 322812 295134 269905 194640 176756 171605 161948 159882 142691 135663 123027 122621 115127 108214 152476 107186 103508 101207 96064.5 95974.5 90237.9 81819.1 78700.8 76026.9 74779
threshold=89.945000000000022 0 141.97000000000006 47.045000000000009 118.24500000000002 32.661608752855734 163.71000000000001 1 30.891418716718572 6.6101712377388981 64.943315159194256 1.0000000180025095e-35 1492.1318174359053 2 2011.5000000000002 38.701464435146455 486.8938795993048 6.9849290704965732 14.344143105208749 104.15000000000002 2012.5000000000002 3 2012.5000000000002 4 2013.5000000000002 1999.5000000000002 940.38048231980395 2006.5000000000002 129.05000000000004 150.62355535482297
decision_type=10 1 10 10 10 10 10 9 10 10 10 8 10 9 2 8 10 10 10 8 2 1 2 9 2 2 10 2 10 10
left_child=1 7 4 5 9 15 17 -1 11 12 -5 27 -2 -13 23 -3 -6 -4 19 -10 26 29 -11 -15 -8 -14 -18 -9 -25 -17
right_child=2 3 6 10 16 -7 24 8 18 22 -12 13 25 14 -16 21 20 -19 -20 -21 -22 -23 -24 28 -26 -27 -28 -29 -30 -31
leaf_value=-0.57131223096475003 0.42395131437781108 -0.49848389867964127 1.0844503914299828 -0.17296239272976571 0.57685913914401588 -0.33596097949872611 1.1730945010475873 -0.68069562731026589 -0.13187440770603343 0.29762944395737806 0.041485496389109117 -0.21260053291363087 0.49943206741717905 -0.17826374552548438 0.74422749993196891 0.36127065051391899 0.75014398685024086 0.83754541474764521 -0.055447580806365936 1.03110833250958 0.98034057443745537 -0.48599480187269151 0.62787567357041829 0.26190110677558542 1.4607914930127019 0.82490011243435091 0.2184498717527672 0.84372712979997899 0.71967434864853863 -0.2881658584437925
leaf_weight=440 4831 24623 3725 17956 3555 36915 2621 236 199 7304 4131 545 1263 431 546 166 6150 3126 3619 207 1975 3329 943 8869 1734 1951 272 35 339 4119
leaf_count=440 4831 24623 3725 17956 3555 36915 2621 236 199 7304 4131 545 1263 431 546 166 6150 3126 3619 207 1975 3329 943 8869 1734 1951 272 35 339 4119
internal_value=-7.76392e-06 -0.262223 0.709237 -0.332702 0.556364 -0.396533 1.09454 0.153552 0.175042 0.432988 -0.132854 0.240469 0.533036 0.258762 0.283914 -0.465894 0.724541 0.971792 -0.00334618 0.461075 0.787064 -0.360502 0.335391 0.258134 1.28764 0.697001 0.727624 -0.483814 0.278452 -0.263007
internal_weight=146155 106705 39450 91239 28244 69152 11206 15466 15026 16292 22087 11001 8045 10730 10185 32237 11952 6851 4025 406 8397 7614 8247 9639 4355 3214 6422 271 9208 4285
internal_count=146155 106705 39450 91239 28244 69152 11206 15466 15026 16292 22087 11001 8045 10730 10185 32237 11952 6851 4025 406 8397 7614 8247 9639 4355 3214 6422 271 9208 4285
cat_boundaries=0 1 83 163 164 243
cat_threshold=1 0 0 0 0 0 0 0 0 0 0 0 0 0 0 0 0 0 0 0 0 0 0 0 0 0 0 0 0 0 0 0 0 0 0 0 0 0 0 0 0 0 0 0 0 0 0 0 0 0 0 134217728 0 0 536870912 131077 0 0 0 0 0 0 0 0 0 1048576 1082130440 25430084 32 0 0 0 2147483648 0 1048576 2048 0 524288 0 270532672 0 134217728 35840 0 0 0 0 0 0 2147483648 4128 0 0 0 0 0 0 0 0 0 0 0 0 0 0 0 0 0 0 0 0 0 0 0 0 2 0 0 0 0 0 0 0 0 0 0 0 0 0 0 0 134217728 0 0 2415919104 0 2150629376 134259200 832 0 0 0 0 0 0 0 0 8197 262144 131360 0 0 0 0 0 0 0 0 0 0 0 2147483777 679477248 4 0 524288 0 0 0 0 0 2 0 0 0 0 0 0 0 0 0 0 0 0 0 0 0 0 0 0 0 0 0 0 0 0 262144 0 0 0 0 0 0 0 0 0 0 0 0 0 0 0 0 0 0 33284 1081344 8704 10486802 32788 0 0 0 0 0 0 0 0 528384 33554432 4194304 1 0 0 0 0 0 0 0 65536 0 0 131336
is_linear=0
shrinkage=0.03


Tree=33
num_leaves=31
num_cat=2
split_feature=4 4 13 4 0 4 0 4 4 9 4 10 10 8 1 12 12 12 2 7 12 12 12 2 15 0 12 12 12 11
split_gain=2.84238e+07 3.50972e+06 1.97284e+06 1.08556e+06 923104 347912 283569 282025 188451 157515 148911 144481 134777 133396 130690 130327 126668 114197 115620 111528 110447 94966.6 90684.7 88152.3 85737 84118.7 83950.4 82974.7 100193 99569.9
threshold=75.20463906918495 118.24500000000002 0 39.222471304953316 157.45000000000002 95.490000000000009 101.25000000000001 51.200453257177479 170.61000000000004 2018.7931167621184 26.140000000000004 15.393350139209682 22.303340853917025 536.9721589873426 1.0000000180025095e-35 2009.5000000000002 1993.5000000000002 1999.5000000000002 87.15000000000002 16.772413953012521 2012.5000000000002 1992.5000000000002 2008.5000000000002 154.15000000000001 1 68.010416666666671 1990.5000000000002 1997.5000000000002 2003.5000000000002 36.936265250226768
decision_type=10 10 1 10 10 10 8 10 10 10 8 10 10 10 8 2 2 2 10 10 2 2 2 10 9 10 2 2 2 10
left_child=2 5 6 10 11 12 14 -5 20 27 -4 16 -2 -7 22 -13 21 18 -15 -17 -6 -3 -1 -18 -16 -12 -11 29 -29 -8
right_child=1 4 3 7 8 13 9 -9 -10 26 25 15 -14 17 24 19 23 -19 -20 -21 -22 -23 -24 -25 -26 -27 -28 28 -30 -31
leaf_value=-0.79185655651097053 0.29314183505418445 0.77256955786908477 -0.53006045873152607 -0.26914693627236708 0.9183875691337734 0.34239800166972767 1.0410785700679999 -0.10134703366421331 1.3211466350500345 -0.25891559160106564 -0.39889631858202507 0.69922109482356887 0.053349746424676693 0.71281875213039336 -0.33648042749589424 0.17219926164463162 0.77081463620272928 0.62991806204994094 0.28639233076031934 0.7532912875333444 1.1779063827809253 0.051567337533174933 1.1725412986589514 1.0018409569995694 0.06025394301279003 0.49018991836230275 0.30202165101490724 -1.089246344877326 0.45777889930340177 0.4164997703441129
leaf_weight=263 6681 307 9262 26489 3654 5607 254 13665 2776 533 40666 2722 3083 763 531 1000 7598 4577 2289 423 2476 354 23 1848 5223 96 437 69 83 2403
leaf_count=263 6681 307 9262 26489 3654 5607 254 13665 2776 533 40666 2722 3083 763 531 1000 7598 4577 2289 423 2476 354 23 1848 5223 96 437 69 83 2403
internal_value=-9.50617e-06 0.615771 -0.28425 -0.32822 0.876474 0.353276 0.119573 -0.212042 1.11608 0.323393 -0.421475 0.726748 0.217427 0.45349 -0.00794981 0.577593 0.787918 0.535138 0.392999 0.344934 1.02321 0.386435 -0.633881 0.816012 0.0231618 -0.396802 -0.00620469 0.437209 -0.244489 0.476207
internal_weight=146155 46158 99997 90178 23158 23000 9819 40154 8906 3779 50024 14252 9764 13236 6040 4145 10107 7629 3052 1423 6130 661 286 9446 5754 40762 970 2809 152 2657
internal_count=146155 46158 99997 90178 23158 23000 9819 40154 8906 3779 50024 14252 9764 13236 6040 4145 10107 7629 3052 1423 6130 661 286 9446 5754 40762 970 2809 152 2657
cat_boundaries=0 1 81
cat_threshold=1 268435457 524288 0 0 0 134217728 64 2 0 0 0 0 0 0 0 0 0 0 0 0 0 0 0 0 0 0 0 0 0 0 0 0 0 0 0 0 0 0 0 0 0 0 0 0 0 0 0 0 0 0 0 0 0 537919488 131077 0 0 0 0 268435456 0 0 0 0 524288 1082392584 29622596 33 0 0 0 0 33554432 1048576 2304 0 0 0 64 65536
is_linear=0
shrinkage=0.03


Tree=34
num_leaves=31
num_cat=3
split_feature=4 13 4 0 4 4 0 15 0 8 0 10 10 8 12 12 10 0 1 12 10 7 4 8 7 15 3 12 8 10
split_gain=2.67452e+07 3.07482e+06 2.30409e+06 1.1607e+06 574548 320741 268010 245159 177855 196418 177235 175794 152124 128011 121909 115897 107346 95895.6 89246.4 86507.8 80701 79021.9 78105.1 77570.1 77449.3 84155.4 77269 77061.4 76061.8 80352.5
threshold=89.945000000000022 0 141.97000000000006 49.008928571428577 115.39000000000001 32.455000000000005 175.65000000000001 1 123.05000000000001 509.73076770870352 61.284891930053227 9.5641884538212825 16.071543730157224 488.81855446513504 2003.5000000000002 2012.5000000000002 24.95450085947709 15.011415525114158 100.05000000000001 2008.5000000000002 7.192503963244449 12.751592881634279 33.503964792598488 485.22356908565843 14.038125021584179 2 198.68333333333337 2003.5000000000002 940.38048231980395 4.970595074464339
decision_type=10 1 10 10 10 10 10 9 10 10 10 10 10 10 2 2 10 8 10 2 10 10 8 10 10 9 10 2 10 10
left_child=1 7 4 5 12 16 20 -1 9 17 -5 19 14 21 18 28 -3 -9 -2 22 -4 -6 -11 -16 25 -19 -8 -13 29 -15
right_child=2 3 6 10 13 -7 26 8 -10 11 -12 27 -14 15 23 -17 -18 24 -20 -21 -22 -23 -24 -25 -26 -27 -28 -29 -30 -31
leaf_value=-0.54881694058393871 0.24455651633950076 -0.40249024673439604 1.0213808970105465 -0.19219309057822226 0.61566976725236011 -0.31593300851305678 1.1884981778073394 -0.65679752635663924 0.62067113690459419 -0.86751647441945179 -0.019754478455751408 0.053091939874124465 0.24746537583160963 0.78609261216510384 0.37186547856171132 0.9200541412312484 -0.51678602389093309 -0.21124287089704055 0.46884104351141165 0.96695895316434455 0.82265032774320002 0.33316902996480025 0.36354639525332155 0.68372506291353352 -0.10112510465983938 0.21103903661498244 1.6275751406468322 0.33767549769262117 0.20485803843228542 0.58185663508335206
leaf_weight=437 2612 19014 3810 15248 2756 36598 3438 194 733 47 8276 4050 4460 3643 990 2134 12103 517 4108 215 3555 1317 3535 2611 2421 2231 403 1086 305 3308
leaf_count=437 2612 19014 3810 15248 2756 36598 3438 194 733 47 8276 4050 4460 3643 990 2134 12103 517 4108 215 3555 1317 3535 2611 2421 2231 403 1086 305 3308
internal_value=-9.78862e-06 -0.246766 0.667421 -0.31307 0.523006 -0.376137 1.03141 0.144381 0.164793 0.141534 -0.131527 0.227695 0.393872 0.664782 0.457139 0.725708 -0.446946 -0.00198193 0.381664 0.382475 0.925456 0.524323 0.347393 0.597987 0.0225942 0.131592 1.23457 0.113267 0.66855 0.688896
internal_weight=146155 106705 39450 91239 28244 67715 11206 15466 15029 14296 23524 8933 14781 13463 10321 9390 31117 5363 6720 3797 7365 4073 3582 3601 5169 2748 3841 5136 7256 6951
internal_count=146155 106705 39450 91239 28244 67715 11206 15466 15029 14296 23524 8933 14781 13463 10321 9390 31117 5363 6720 3797 7365 4073 3582 3601 5169 2748 3841 5136 7256 6951
cat_boundaries=0 1 83 151
cat_threshold=1 0 0 0 0 0 0 0 0 0 0 0 0 0 0 0 0 0 0 0 0 0 0 0 0 0 0 0 0 0 0 0 0 0 0 0 0 0 0 0 0 0 0 0 0 0 0 0 0 0 0 134217728 0 0 536870912 131077 0 0 0 0 0 0 0 0 0 1048576 1073741832 25430084 32 0 0 0 2214592512 0 1048576 2048 0 524288 0 270532672 0 134217728 35840 0 0 0 0 0 134217728 64 0 0 0 0 0 0 0 0 0 0 0 0 0 0 0 0 0 0 0 0 0 0 0 0 0 262144 0 0 0 8 0 0 0 0 0 0 0 0 0 0 0 134217728 0 0 0 0 2147483648 2296422914 852 0 0 0 0 0 0 0 0 0 545521664 4325665 1
is_linear=0
shrinkage=0.03


Tree=35
num_leaves=31
num_cat=4
split_feature=4 4 0 13 3 4 4 0 10 0 0 13 10 4 6 6 4 0 15 10 12 9 12 9 12 5 12 13 12 7
split_gain=2.51719e+07 3.12853e+06 1.76395e+06 709913 563157 555438 468106 232148 198580 183208 146235 122337 120978 120052 115927 113954 113854 91545.8 90584.7 84865.6 141067 83676.7 81850.3 80717.5 90569.2 78053.3 87480.5 85632.8 77915.4 88968.7
threshold=75.20463906918495 127.32666666666668 51.902380952380959 0 164.78333333333336 104.81000000000002 37.801209910154491 51.902380952380959 13.066209472791789 120.05000000000001 156.05000000000004 1 5.2240563690733541 60.200210526315793 23.646534323370499 30.373187586460251 26.463333333333338 195.35000000000005 2 17.027920750766615 2009.5000000000002 2236.6400989240074 1993.5000000000002 1038.1512177445502 1993.5000000000002 -8.5499999999994127 1999.5000000000002 3 1990.5000000000002 14.005979438297475
decision_type=10 10 8 1 10 10 10 10 10 10 10 1 10 8 10 10 10 10 9 10 2 10 2 10 2 10 2 1 2 10
left_child=2 5 6 9 10 8 16 11 18 15 19 -5 14 -8 -7 28 -1 -6 -2 22 -21 -22 -3 24 -20 -25 -27 -28 29 -4
right_child=1 4 3 7 17 12 13 -9 -10 -11 -12 -13 -14 -15 -16 -17 -18 -19 23 20 21 -23 -24 25 -26 26 27 -29 -30 -31
leaf_value=-0.48360644641693246 -0.080952418204787727 0.3132264260440526 0.48143517406796715 -0.21434336293163514 1.0936482970361827 0.49110162693153181 -0.26657744392044719 -0.11523900219553966 0.13320688030550445 0.64979495633471618 0.92700395695400795 -0.52829444159983019 0.43936331041682714 0.10972025326958332 0.75392626506034521 -0.099467384270076287 -0.37889025298002055 1.4142493857098259 -0.31398166277091688 0.73370509653496785 0.096465294864722675 0.77774761278843774 0.79706073994495696 0.68992207416223694 0.28661392269932257 0.26200272810107811 0.54169306447781818 0.062572963993408171 0.10929132635699863 0.027447100402535618
leaf_weight=14188 419 332 1295 2472 3976 2962 27277 17794 6467 644 4308 2038 6602 785 3082 1628 27374 1004 284 1591 671 214 6032 816 1106 3030 2882 380 3947 555
leaf_count=14188 419 332 1295 2472 3976 2962 27277 17794 6467 644 4308 2038 6602 785 3082 1628 27374 1004 284 1591 671 214 6032 816 1106 3030 2882 380 3947 555
internal_value=-1.06213e-05 0.579475 -0.267497 -0.0767288 0.886592 0.380851 -0.350719 -0.163965 0.259772 0.164407 0.783685 -0.356213 0.528145 -0.256051 0.625123 0.122307 -0.414637 1.15828 0.351562 0.713841 0.564819 0.261205 0.77182 0.372544 0.163902 0.413869 0.378068 0.485879 0.184589 0.345239
internal_weight=146155 46158 99997 30373 18128 28030 69624 22304 15384 8069 13148 4510 12646 28062 6044 7425 41562 4980 8917 8840 2476 885 6364 8498 1390 7108 6292 3262 5797 1850
internal_count=146155 46158 99997 30373 18128 28030 69624 22304 15384 8069 13148 4510 12646 28062 6044 7425 41562 4980 8917 8840 2476 885 6364 8498 1390 7108 6292 3262 5797 1850
cat_boundaries=0 1 2 85 86
cat_threshold=1 4 0 0 0 0 0 8388608 0 0 0 0 0 0 4 0 0 0 0 0 0 0 0 0 0 0 0 0 0 512 0 0 0 0 16777472 2147483776 0 0 0 0 0 0 0 0 0 0 0 0 0 0 0 0 0 0 0 8192 9437184 0 0 0 0 0 8388608 268352 131072 0 65536 0 0 536870912 512 268439552 0 0 0 0 0 0 0 0 8 2147746816 524288 0 64 1
is_linear=0
shrinkage=0.03


Tree=36
num_leaves=31
num_cat=2
split_feature=4 13 4 4 4 4 0 15 6 0 4 4 8 12 10 10 12 8 12 12 0 7 10 6 12 0 5 7 0 12
split_gain=2.36934e+07 2.71841e+06 2.05181e+06 1.03648e+06 437319 302680 254248 225818 162362 147459 143970 126839 120800 120096 116877 115832 115485 108714 99458.3 84140.5 76479.5 73700.3 70900.9 105478 72413.8 68311.1 67780.6 100835 67062.7 59466.5
threshold=89.945000000000022 0 138.41000000000005 47.045000000000009 110.97000000000001 163.71000000000001 34.00224340998318 1 30.838886145801393 110.02137132680322 66.682704836695109 25.522500000000004 486.8938795993048 2012.5000000000002 16.071543730157224 7.192503963244449 2012.5000000000002 511.80721430292232 2003.5000000000002 2013.5000000000002 48.010416666666679 12.751592881634279 4.970595074464339 21.805647578602091 1993.5000000000002 33.38582720997551 -10.500000000001315 9.3843254441440553 136.05000000000004 1999.5000000000002
decision_type=10 1 10 10 10 8 8 9 10 8 10 10 10 2 10 10 2 10 2 2 10 10 10 10 2 10 10 10 10 2
left_child=1 7 4 6 14 15 11 -1 9 13 -5 -3 21 17 18 -4 22 25 26 -7 -8 -6 23 24 -14 -9 27 -2 -11 -19
right_child=2 3 5 10 12 19 20 8 -10 28 -12 -13 16 -15 -16 -17 -18 29 -20 -21 -22 -23 -24 -25 -26 -27 -28 -29 -30 -31
leaf_value=-0.52898036928273673 -0.27531176040569938 -0.50718985086049218 0.93795111400536124 -0.1486895693875637 0.54493363612884771 1.0380454518674147 -0.32217655265715828 -0.53010336349998166 -0.069894875892156552 0.32368299504704223 0.062085042687108301 -0.37416874624373114 -0.20970004766101047 0.61777578393065113 0.20841039261473529 0.71294305128468693 0.84655740019147652 0.11982665834905459 0.55434489195450365 1.3074219992813561 -0.21198532401410192 0.28114331008859911 0.50362197449344626 0.73396553596942393 0.54976639066750943 0.0034003142635080081 0.30551429348394593 0.89080758090344769 0.80055369107729424 0.32786310814470876
leaf_weight=438 81 9930 4571 18629 2863 2621 34003 235 2419 3252 3458 18416 182 440 3772 3747 2075 3913 2829 1734 6803 1429 3906 3772 298 2672 5191 379 289 1808
leaf_count=438 81 9930 4571 18629 2863 2621 34003 235 2419 3252 3458 18416 182 440 3772 3747 2075 3913 2829 1734 6803 1429 3906 3772 298 2672 5191 379 289 1808
internal_value=-1.04688e-05 -0.232262 0.628188 -0.294605 0.479346 0.942678 -0.35175 0.135517 0.155133 0.198427 -0.11569 -0.420768 0.590694 0.134317 0.34734 0.836592 0.646725 0.109663 0.409137 1.1453 -0.303806 0.457106 0.595897 0.680664 0.261802 -0.0397278 0.336443 0.685469 0.362603 0.185572
internal_weight=146155 106705 39450 91239 26777 12673 69152 15466 15028 12609 22087 28346 14525 9068 12252 8318 10233 8628 8480 4355 40806 4292 8158 4252 480 2907 5651 460 3541 5721
internal_count=146155 106705 39450 91239 26777 12673 69152 15466 15028 12609 22087 28346 14525 9068 12252 8318 10233 8628 8480 4355 40806 4292 8158 4252 480 2907 5651 460 3541 5721
cat_boundaries=0 1 83
cat_threshold=1 0 0 0 0 0 0 0 0 0 0 0 0 0 0 0 0 0 0 0 0 0 0 0 0 0 0 0 0 0 0 0 0 0 0 0 0 0 0 0 0 0 0 0 0 0 0 0 0 0 0 134217728 0 0 538968064 131077 0 0 0 0 0 0 0 0 0 1056768 1073741832 25430084 32 0 0 0 0 0 1048576 2048 0 524288 0 270532672 0 134217728 35840
is_linear=0
shrinkage=0.03


Tree=37
num_leaves=31
num_cat=3
split_feature=4 4 0 13 0 4 4 0 10 0 4 8 12 4 4 6 4 13 7 12 8 12 12 9 10 6 15 8 6 0
split_gain=2.22984e+07 2.7779e+06 1.56608e+06 626101 508431 490640 419741 208341 180186 166295 112680 110193 112572 107616 100903 98996.5 95058.7 94626.6 92812.6 81324.1 80274.4 94389.8 77824.5 84390.5 77100.7 75829.9 68753.1 64939.8 73558.5 64535.8
threshold=75.20463906918495 127.32666666666668 51.902380952380959 0 167.75000000000003 104.81000000000002 37.801209910154491 53.007936507936513 8.4849475795529816 112.01351351351353 146.99000000000004 457.13003778481936 2012.5000000000002 60.200210526315793 26.463333333333338 30.373187586460251 190.22000000000003 1 13.539626217649738 2012.5000000000002 517.34383881309202 2003.5000000000002 1990.5000000000002 1912.8001418400083 4.0000182962857354 22.039101335904544 2 529.82893218954268 21.966893130279161 34.4093023255814
decision_type=10 10 8 1 10 10 10 10 10 10 10 10 2 10 10 10 10 1 10 2 10 2 2 10 10 10 9 10 10 10
left_child=2 5 6 9 10 8 14 17 18 15 27 -7 24 -8 29 22 19 -5 -2 -6 26 -22 23 -4 25 -13 -10 -3 -29 -1
right_child=1 4 3 7 16 11 13 -9 20 -11 -12 12 -14 -15 -16 -17 -18 -19 -20 -21 21 -23 -24 -25 -26 -27 -28 28 -30 -31
leaf_value=-0.48468126136271383 0.27774614684050347 0.5599208434124755 0.4256744516123484 -0.19567107887557444 0.91741741654059283 0.33530101934902407 -0.25050552660843828 -0.094399967364496171 0.3785897988988226 0.54050777586239562 0.85418878242615792 0.32464984226863058 0.78928527660132775 0.10577040217172615 -0.35705697236847939 -0.10037313742376071 1.4725520354053776 -0.42455371696386646 0.50478826458075043 1.1500710085198269 0.12050437099157089 0.39847993839191442 0.087201773751541756 -0.084001172374278954 0.41820896240948741 0.66685759173632675 -0.024230508579979691 0.27080465227467204 0.76131545756195251 -0.31468533933966064
leaf_weight=11764 5055 3384 1486 3741 2839 2927 27277 15688 431 893 4041 719 1448 785 27374 1615 471 2875 2385 2582 2943 1755 3711 364 4476 3076 2815 293 4518 2424
leaf_count=11764 5055 3384 1486 3741 2839 2927 27277 15688 431 893 4041 719 1448 785 27374 1615 471 2875 2385 2582 2943 1755 3711 364 4476 3076 2815 293 4518 2424
internal_value=-1.12412e-05 0.545397 -0.251768 -0.0720176 0.834793 0.358234 -0.330183 -0.153943 0.244436 0.154437 0.724544 0.49667 0.545269 -0.240539 -0.390709 0.106393 1.06375 -0.295133 0.350528 1.02823 0.145076 0.224346 0.166442 0.325392 0.502549 0.602023 0.0303472 0.660615 0.731442 -0.455638
internal_weight=146155 46158 99997 30373 18128 28030 69624 22304 15384 8069 12236 12646 9719 28062 41562 7176 5892 6616 7440 5421 7944 4698 5561 1850 8271 3795 3246 8195 4811 14188
internal_count=146155 46158 99997 30373 18128 28030 69624 22304 15384 8069 12236 12646 9719 28062 41562 7176 5892 6616 7440 5421 7944 4698 5561 1850 8271 3795 3246 8195 4811 14188
cat_boundaries=0 1 2 80
cat_threshold=1 4 0 0 1304 0 8192 0 256 0 0 0 0 0 0 281674496 0 0 0 0 0 0 0 0 0 0 0 0 0 0 0 0 0 0 0 0 0 0 0 0 0 0 0 0 0 0 0 0 128 1310720 268435456 0 0 0 0 0 0 0 0 0 0 0 0 260 0 0 0 2112 2147483648 0 0 0 1109393408 0 0 0 4194304 0 0 4
is_linear=0
shrinkage=0.03


Tree=38
num_leaves=31
num_cat=2
split_feature=4 13 0 4 4 4 4 15 8 10 0 10 9 10 3 12 10 12 12 12 7 0 7 2 12 6 12 12 12 12
split_gain=2.10003e+07 2.57252e+06 1.73273e+06 934236 376048 261300 246236 229368 150404 152565 135395 134839 131837 127414 123566 116611 115992 113502 92668.7 91661.1 89736.9 86811.8 83754.1 83648 122359 73318.9 71527.5 70528.9 68748 68256.2
threshold=91.810000000000016 0 148.25000000000003 47.807612231620048 118.24500000000002 163.71000000000001 36.296503107996948 1 509.73076770870352 9.7412154961418658 131.05000000000004 5.0227420978678712 1492.1318174359053 15.393350139209682 67.134332106393728 2009.5000000000002 29.086826522790144 2012.5000000000002 2003.5000000000002 2009.5000000000002 9.9390376347733334 11.950000000000001 16.772413953012521 159.65000000000001 1993.5000000000002 20.725971827968376 2013.5000000000002 1997.5000000000002 2012.5000000000002 1995.5000000000002
decision_type=10 1 10 10 10 10 10 9 10 10 10 10 10 10 10 2 10 2 2 2 10 8 10 8 2 10 2 2 2 2
left_child=1 7 4 6 11 17 16 -1 10 19 21 12 -2 20 -5 -15 -3 29 -11 25 -6 -9 -17 24 -22 -10 -7 -12 -13 -4
right_child=2 3 5 14 13 26 -8 8 9 18 27 28 -14 15 -16 22 -18 -19 -20 -21 23 -23 -24 -25 -26 -27 -28 -29 -30 -31
leaf_value=-0.47798066873393125 0.36319075601896622 -0.3426641964905846 0.4056069379389598 -0.13445982147831656 0.43545968580438099 0.98298937411920262 -0.2613740750465397 -0.62667465315439319 -0.23513339947658909 0.052799106459494559 0.89348514711696503 0.25181188969823459 0.64066064032580405 0.56460835658641439 0.053858778939632555 0.016107091526020818 -0.45182609827275244 0.94991264343875759 0.34798951575172088 0.91757389124122357 -0.10886771587020191 0.023690915832591249 0.59354491507675389 0.97647576674600356 0.68820635819031462 0.35254949558054827 1.2350996462785786 -0.22885342156514524 0.53338394939281408 0.75171635618532551
leaf_weight=530 4250 29322 573 16753 1334 2480 28877 191 201 4254 237 7288 2418 2152 3858 776 12493 2815 1235 248 179 5615 319 886 5475 3864 1712 64 874 4882
leaf_count=530 4250 29322 573 16753 1334 2480 28877 191 201 4254 237 7288 2418 2152 3858 776 12493 2815 1235 248 179 5615 319 886 5475 3864 1712 64 874 4882
internal_value=-1.0176e-05 -0.214731 0.602245 -0.276933 0.46262 0.893003 -0.32875 0.130741 0.151226 0.22413 0.0344587 0.363726 0.463809 0.594495 -0.09921 0.436365 -0.375278 0.795199 0.119216 0.357651 0.659703 0.00229584 0.184329 0.705443 0.662972 0.323491 1.08595 0.654848 0.281963 0.715361
internal_weight=146155 107742 38413 91303 25951 12462 70692 16439 15909 9802 6107 14830 6668 11121 20611 3247 41815 8270 5489 4313 7874 5806 1095 6540 5654 4065 4192 301 8162 5455
internal_count=146155 107742 38413 91303 25951 12462 70692 16439 15909 9802 6107 14830 6668 11121 20611 3247 41815 8270 5489 4313 7874 5806 1095 6540 5654 4065 4192 301 8162 5455
cat_boundaries=0 1 83
cat_threshold=1 0 0 0 0 0 0 0 0 0 0 0 0 0 0 0 0 0 0 0 0 0 0 0 0 0 2097152 0 0 0 0 0 0 0 0 0 0 0 0 0 0 0 0 0 0 0 0 0 0 0 0 134217728 0 0 540016640 5 0 0 0 0 0 0 0 0 0 1179648 1073741832 25430084 32 0 0 0 2214592512 0 9437184 2304 0 524288 0 270532672 0 134217728 35840
is_linear=0
shrinkage=0.03


Tree=39
num_leaves=31
num_cat=2
split_feature=4 13 0 0 4 4 4 0 10 0 8 10 6 10 12 12 12 5 0 10 12 7 12 6 15 2 12 0 12 12
split_gain=1.97593e+07 2.42037e+06 1.63033e+06 883072 353823 245858 223749 205633 172757 172596 128065 126870 124095 119884 111810 109719 106794 103378 100346 92288.6 88532.3 84433.4 80871 80615.5 80485.5 78704.4 115128 69303 68419.1 113546
threshold=91.810000000000016 0 148.25000000000003 47.802173913043482 118.24500000000002 163.71000000000001 32.020930449975999 11.950000000000001 20.933330291124872 60.010834236186355 509.73076770870352 5.0227420978678712 21.727193656220528 15.393350139209682 2003.5000000000002 2009.5000000000002 2012.5000000000002 -8.000000000000993 123.05000000000001 10.535329229392374 2003.5000000000002 9.9390376347733334 1993.5000000000002 30.207721782064443 1 159.65000000000001 1993.5000000000002 195.35000000000005 1992.5000000000002 1993.5000000000002
decision_type=10 1 10 10 10 10 10 8 10 10 10 10 10 10 2 2 2 10 10 10 2 10 2 10 9 8 2 10 2 2
left_child=1 7 4 6 11 16 19 -1 10 -5 -9 12 22 21 28 -15 -4 -14 24 -3 -19 -6 -2 -17 -10 26 -23 -7 -12 -30
right_child=2 3 5 9 13 27 -8 8 18 -11 14 -13 17 15 -16 23 -18 20 -20 -21 -22 25 -24 -25 -26 -27 -28 -29 29 -31
leaf_value=-0.54420608082762978 -0.27049432159829745 -0.31809337402558691 0.69389977351194332 -0.17816630988410734 0.42239589523806093 0.9862641279141936 -0.27650266096159831 0.069754070808759519 -0.39701410865732306 -0.016934836785589727 0.35883932932818835 0.27350418361508616 0.85539787411700496 0.54767010411702877 0.58051781021646209 0.030817131099731346 0.92141526302616572 0.36696059224356092 0.61543521573196869 -0.42771863904231866 0.64075232385854008 -0.10560168342050893 0.30930039194867365 0.62655233001980171 0.026645955064272132 0.94718149624916281 0.66756016491881687 1.27508947658343 -0.47969916876405472 0.2014753224004617
leaf_weight=401 274 10805 5455 17234 1334 3218 34937 3291 425 9147 2520 8162 694 2152 1065 823 2815 3031 245 19180 1637 179 1032 272 5577 886 5475 974 240 2675
leaf_count=401 274 10805 5455 17234 1334 3218 34937 3291 425 9147 2520 8162 694 2152 1065 823 2815 3031 245 19180 1637 179 1032 272 5577 886 5475 974 240 2675
internal_value=-1.0852e-05 -0.20829 0.584178 -0.268625 0.448741 0.866213 -0.328099 0.12681 0.143588 -0.122263 0.222235 0.352814 0.449895 0.57666 0.299438 0.423274 0.771343 0.513766 0.020322 -0.388216 0.462975 0.639912 0.187659 0.178799 -0.00397037 0.68428 0.643083 1.05337 0.244359 0.145392
internal_weight=146155 107742 38413 91303 25951 12462 64922 16439 16038 26381 9791 14830 6668 11121 6500 3247 8270 5362 6247 29985 4668 7874 1306 1095 6002 6540 5654 4192 5435 2915
internal_count=146155 107742 38413 91303 25951 12462 64922 16439 16038 26381 9791 14830 6668 11121 6500 3247 8270 5362 6247 29985 4668 7874 1306 1095 6002 6540 5654 4192 5435 2915
cat_boundaries=0 1 78
cat_threshold=1 32768 0 0 0 0 0 0 2048 4194320 0 0 16384 0 0 0 0 0 0 0 0 0 0 0 0 0 2097152 0 0 0 0 0 0 0 0 0 0 0 0 0 0 0 0 0 0 0 0 0 0 0 0 0 262144 8192 0 0 0 0 0 0 33554432 0 0 0 1409286144 33685544 1073741824 262464 1 0 0 0 2214592512 33554432 2148532224 2048 8 524288
is_linear=0
shrinkage=0.03


Tree=40
num_leaves=31
num_cat=3
split_feature=4 4 0 4 13 4 4 0 12 12 0 8 6 10 13 12 5 10 12 4 7 12 11 6 8 4 8 15 0 9
split_gain=1.86042e+07 2.43811e+06 1.23797e+06 570518 506632 349283 308225 162170 152014 156737 147510 120280 116180 111072 110143 107648 111936 98968.9 106196 94325.1 85305.5 92804.5 81305.1 75759.9 73616 73130.2 64044.5 60051.7 58511.8 58393.1
threshold=73.201729283508811 121.05000000000001 51.902380952380959 148.39000000000007 0 38.201154095742034 95.490000000000009 51.902380952380959 2012.5000000000002 2011.5000000000002 120.05000000000001 536.9721589873426 29.864520400519407 15.664855171786586 1 1999.5000000000002 -12.66000000000181 8.6568744871506755 1997.5000000000002 26.140000000000004 15.778179692544272 1990.5000000000002 34.476858933563101 22.916602929046018 832.6792997474962 50.200764536248421 991.70660219145873 2 34.4093023255814 1912.8001418400083
decision_type=10 10 8 10 1 10 10 10 2 2 10 10 10 10 1 2 10 10 2 10 10 2 10 10 10 10 10 9 10 10
left_child=2 6 5 17 10 19 13 14 9 -5 20 -8 -11 27 -6 16 -13 18 24 28 21 22 -4 -20 -3 -7 -18 -2 -1 -24
right_child=1 3 4 8 7 25 11 -9 -10 12 -12 15 -14 -15 -16 -17 26 -19 23 -21 -22 -23 29 -25 -26 -27 -28 -29 -30 -31
leaf_value=-0.44958435545867093 -0.09558583338487911 0.51818364075909318 1.1850972117815659 0.86513194672371585 -0.16949160984369194 -0.23766999331187164 0.28052406659159851 -0.10219543803183907 1.0674289175461584 0.10546708436386885 0.57834423303533844 0.8910810965989765 1.2412138914048672 0.054692141182244136 -0.46738503906358547 0.54017643407781979 0.29717802797772702 0.49632438878501339 0.52864502337072594 -0.32553959066964172 -0.021117843318962003 0.06633120118092406 0.374108429573414 0.77679605757638459 -0.11231849069939927 -0.093131187261538309 -0.40975504090916359 0.27453611990357318 -0.28556620861185755 -0.18622839598671384
leaf_weight=11292 423 1263 101 4801 2472 23219 6222 17364 3421 428 636 285 100 4437 2038 5157 2968 5195 1439 29004 2954 2269 1406 4803 192 3645 120 5943 2368 190
leaf_count=11292 423 1263 101 4801 2472 23219 6222 17364 3421 428 636 285 100 4437 2038 5157 2968 5195 1439 29004 2954 2269 1406 4803 192 3645 120 5943 2368 190
internal_value=-1.12866e-05 0.490093 -0.233762 0.724398 -0.0706686 -0.302796 0.291666 -0.143825 0.911364 0.811177 0.141114 0.380824 0.320571 0.169915 -0.304105 0.453986 0.322209 0.597501 0.665788 -0.356152 0.100929 0.191834 0.359639 0.719589 0.434983 -0.218058 0.269707 0.250224 -0.421151 0.307402
internal_weight=146155 47197 98958 21642 29430 69528 25555 21874 8750 5329 7556 14752 528 10803 4510 8530 3373 12892 7697 42664 6920 3966 1697 6242 1455 26864 3088 6366 13660 1596
internal_count=146155 47197 98958 21642 29430 69528 25555 21874 8750 5329 7556 14752 528 10803 4510 8530 3373 12892 7697 42664 6920 3966 1697 6242 1455 26864 3088 6366 13660 1596
cat_boundaries=0 1 2 85
cat_threshold=1 4 0 0 0 0 0 8388608 0 0 0 0 0 0 4 0 0 0 0 0 0 0 0 0 0 0 0 0 0 512 0 0 0 0 16777216 41088 0 0 0 0 0 0 0 0 0 0 0 0 0 0 0 0 0 1024 0 73856 9437184 0 0 0 0 0 0 2112 131072 4096 65536 0 0 541065216 0 268441600 0 0 0 0 0 0 0 67108864 265 134218752 524288 0 4096
is_linear=0
shrinkage=0.03


Tree=41
num_leaves=31
num_cat=3
split_feature=4 4 0 13 4 0 4 0 10 0 10 4 4 12 11 13 7 4 7 6 5 4 12 8 15 10 12 0 8 6
split_gain=1.75048e+07 2.29776e+06 1.1648e+06 476690 422462 411441 328641 152862 149073 140513 105614 95766.6 88750.5 84372.4 83972 83584.3 81561.1 80027.5 76937.5 74977.6 77636.7 69843.2 69753.6 68732.3 65877.8 64404.2 64311.8 61154.8 59577.2 66166
threshold=73.201729283508811 127.32666666666668 51.902380952380959 0 103.12916666666668 169.05000000000004 38.201154095742034 53.007936507936513 6.8825504995125302 112.01351351351353 15.393350139209682 146.99000000000004 26.140000000000004 2012.5000000000002 53.977850100974742 1 13.539626217649738 190.22000000000003 17.810029729488857 21.252182142679853 -8.000000000000993 60.200210526315793 1990.5000000000002 1084.3786602254302 2 5.1150441213084799 2003.5000000000002 11.950000000000001 529.82893218954268 22.177842044222672
decision_type=10 10 8 1 10 10 10 10 10 10 10 10 10 2 10 1 10 10 10 10 10 10 2 10 9 8 2 10 10 10
left_child=2 4 6 9 8 11 12 15 16 14 19 28 -1 24 -4 -5 -2 25 -12 -6 -21 -8 -16 26 -10 -7 -22 -26 -3 -30
right_child=1 5 3 7 10 17 21 -9 13 -11 18 -13 -14 -15 22 -17 -18 -19 -20 20 23 -23 -24 -25 27 -27 -28 -29 29 -31
leaf_value=-0.408516805073805 0.24024428195721542 0.49002662306746403 -0.004224501530154732 -0.16646869769306449 0.17103591044950814 1.0363328252338517 -0.21936480905718561 -0.087288299680038706 -0.32813402546892412 0.49528651303727972 0.23012186650932565 0.760384966698336 -0.31577340271804938 0.39693505644315291 0.40904751294972014 -0.38158268828491232 0.46900604406668767 1.3307373619383953 0.56829992752884895 0.75921187646290234 0.41132339369487897 0.086631084793978547 0.10294634654402371 -0.28388703545309463 -1.3460537118178146 0.82166256612370925 0.58123452344534043 0.11145100904723104 0.26782861380883166 0.68517094813370849
leaf_weight=13660 4730 3414 3738 3741 648 2351 26175 15258 319 871 3057 4317 29004 887 1030 2875 1994 470 755 967 4625 689 1917 106 26 2705 3539 7416 370 4501
leaf_count=13660 4730 3414 3738 3741 648 2351 26175 15258 319 871 3057 4317 29004 887 1030 2875 1994 470 755 967 4625 689 1917 106 26 2705 3539 7416 370 4501
internal_value=-1.0581e-05 0.475392 -0.226749 -0.0685486 0.31009 0.740459 -0.293712 -0.139511 0.202134 0.136881 0.431248 0.645817 -0.345468 0.119756 0.0901834 -0.259947 0.308084 0.956291 0.297101 0.48298 0.504864 -0.211517 0.209931 0.475123 0.0880772 0.921483 0.484978 0.106216 0.58612 0.65347
internal_weight=146155 47197 98958 29430 29069 18128 69528 21874 15372 7556 13697 12602 42664 8648 6685 6616 6724 5526 3812 9885 9237 26864 2947 8270 7761 5056 8164 7442 8285 4871
internal_count=146155 47197 98958 29430 29069 18128 69528 21874 15372 7556 13697 12602 42664 8648 6685 6616 6724 5526 3812 9885 9237 26864 2947 8270 7761 5056 8164 7442 8285 4871
cat_boundaries=0 1 2 83
cat_threshold=1 4 32768 0 0 0 0 0 0 0 0 0 0 0 0 0 0 0 0 0 0 0 0 0 0 0 0 2 0 0 0 0 0 134217728 0 0 0 0 0 0 0 0 0 0 0 0 0 0 0 0 0 0 0 33817600 2054 1158 8388608 0 0 0 0 0 0 0 0 33554432 1073742080 0 0 0 0 4096 0 0 0 0 33554432 0 0 1073741824 1074008064 2147487744 2099200
is_linear=0
shrinkage=0.03


Tree=42
num_leaves=31
num_cat=4
split_feature=4 13 0 4 4 15 4 0 10 12 15 10 4 0 10 9 12 4 12 15 7 0 12 12 6 12 12 6 10 0
split_gain=1.64807e+07 2.01924e+06 1.38003e+06 745261 303922 202935 198443 186857 136828 119907 153000 115734 110487 106582 101403 106938 100733 96965.6 92319.6 91568 84369.2 128801 82904.3 110202 77773.9 73786.2 114285 70848.1 71353 63666.1
threshold=91.810000000000016 0 149.35000000000005 47.045000000000009 114.56750000000001 1 163.71000000000001 34.00224340998318 25.657132825900135 2008.5000000000002 2 15.393350139209682 63.220840548340554 1.0000000180025095e-35 4.0500225450165885 1492.1318174359053 2009.5000000000002 24.867808041504542 2012.5000000000002 3 13.750897555059064 120.05000000000001 1993.5000000000002 1992.5000000000002 30.258567075669053 2012.5000000000002 2011.5000000000002 20.725971827968376 5.5790434720310582 73.004723346828627
decision_type=10 1 10 10 10 9 10 8 10 2 9 10 10 8 10 10 2 10 2 9 10 8 2 2 10 2 2 10 10 10
left_child=1 5 4 7 14 -1 18 17 9 10 -7 22 -5 -12 15 -2 -13 -3 -4 -15 21 -10 23 -6 25 26 -18 -21 -29 -9
right_child=2 3 6 12 11 8 -8 29 20 -11 13 16 -14 19 -16 -17 24 -19 -20 27 -22 -23 -24 -25 -26 -27 -28 28 -30 -31
leaf_value=-0.46620368132727436 0.31209217498787789 -0.43509186064269395 0.63640717466947616 -0.12969903387712511 0.61332267704517696 -0.38011628655411217 0.96665551865566945 -0.25438416363276378 -0.041087720071616235 0.52789029505993434 -0.47326330725575833 0.48177661193841781 0.031490344056489067 -0.2131940702521643 0.23893152993532937 0.5957626490033372 0.21936164622863244 -0.31550453435416953 0.8524972295185157 -0.15763997892021805 -0.035191996958805143 0.9213622280781808 0.59352598855633298 -0.13552440398593141 0.57110689510047041 0.42556163248177425 -0.55932040317985232 0.34448289135814353 0.16889087337465855 0.60352920741415939
leaf_weight=513 3485 8891 5167 17231 371 435 4174 40728 292 893 213 2566 4920 443 7685 1821 361 19455 2714 412 4543 219 8814 338 308 289 320 3684 4792 78
leaf_count=513 3485 8891 5167 17231 371 435 4174 40728 292 893 213 2566 4920 443 7685 1821 361 19455 2714 412 4543 219 8814 338 308 289 320 3684 4792 78
internal_value=-1.09368e-05 -0.190228 0.533516 -0.245336 0.41191 0.115847 0.799404 -0.293846 0.134803 0.194842 0.165038 0.512337 -0.093897 0.190085 0.308576 0.409447 0.373396 -0.353014 0.710823 0.205431 0.00591679 0.371391 0.568421 0.256326 0.155787 0.0239117 -0.146539 0.226281 0.24521 -0.252744
internal_weight=146155 107742 38413 91303 26358 16439 12055 69152 15926 10872 9979 13367 22151 9544 12991 5306 3844 28346 7881 9331 5054 511 9523 709 1278 970 681 8888 8476 40806
internal_count=146155 107742 38413 91303 26358 16439 12055 69152 15926 10872 9979 13367 22151 9544 12991 5306 3844 28346 7881 9331 5054 511 9523 709 1278 970 681 8888 8476 40806
cat_boundaries=0 1 83 164 244
cat_threshold=1 268435456 64 0 0 0 0 0 0 0 0 0 0 0 0 0 0 0 0 0 0 0 0 0 0 0 0 0 0 0 0 0 0 0 0 0 0 0 0 0 0 0 0 0 0 0 0 0 0 0 0 134217728 0 0 540016640 131077 256 0 0 0 0 0 0 0 0 1056768 1073741832 12847172 0 0 0 0 0 0 1048576 2304 0 524288 0 270532672 134217728 134217728 35840 0 0 0 0 0 0 0 32 0 0 0 0 0 0 0 0 0 0 0 0 0 0 0 0 0 0 0 0 0 0 0 0 524288 0 0 0 0 0 0 0 0 0 0 0 0 0 0 0 134217728 0 0 268468232 0 0 134251026 580 0 0 0 0 0 0 0 0 0 545521664 16777504 32 0 0 0 0 0 0 0 0 0 0 2147484057 8388608 641 0 0 0 0 0 0 2147483648 4098 0 0 0 0 4 0 0 0 0 0 0 0 0 0 0 0 0 0 0 0 0 0 0 0 262146 0 0 8388608 0 0 0 0 0 0 0 0 0 0 0 0 0 0 0 4 0 2147492352 2229281792 32784 0 0 0 0 0 0 0 0 4096 8192 131072 536870913 0 0 1048576 0 0 0 0 0 0 0 8519680 536871936
is_linear=0
shrinkage=0.03


Tree=43
num_leaves=31
num_cat=4
split_feature=4 13 4 4 4 12 15 12 4 10 8 6 10 8 12 0 2 13 8 11 12 12 9 4 12 0 15 3 12 0
split_gain=1.55068e+07 1.89969e+06 1.30628e+06 704983 290664 179519 179168 166817 152184 140099 137568 124741 123271 116981 116198 113994 96370.2 88406.7 82328.9 83372.3 80898 80829.6 80575.2 75320.7 71779.4 68911 67756.4 67171.9 64357.2 63878.2
threshold=91.810000000000016 0 141.97000000000006 43.720425531914906 118.24500000000002 2012.5000000000002 1 2011.5000000000002 56.983079840513476 20.933330291124872 509.73076770870352 29.864520400519407 9.5641884538212825 536.9721589873426 1999.5000000000002 131.05000000000004 84.450000000000017 2 486.8938795993048 79.745907986246593 2003.5000000000002 2009.5000000000002 1685.3448300980797 163.71000000000001 2012.5000000000002 15.011415525114158 3 172.15000000000003 1997.5000000000002 42.405882352941184
decision_type=10 1 10 10 10 2 9 2 10 10 10 10 10 10 2 10 10 1 10 10 2 2 10 10 2 8 9 10 2 8
left_child=1 6 4 9 13 7 -1 23 -5 29 15 22 21 -2 16 25 -15 -11 -6 24 -14 -12 -9 -4 -20 -8 -27 -7 -17 -3
right_child=2 3 5 8 18 27 10 11 -10 17 12 -13 20 14 -16 28 -18 -19 19 -21 -22 -23 -24 -25 -26 26 -28 -29 -30 -31
leaf_value=-0.48270811677998487 0.22118073536422633 -0.28548842810237501 0.67346392550584311 -0.16143088032597083 0.39500518566918097 0.84943629795829423 -0.5595696089255684 0.33925165585048922 -0.011943693468830539 -0.30025728617152186 0.28749609673868004 1.1270661122480343 0.043093544653879594 0.52503592670304533 0.48006170206315446 0.81568038431149492 0.16846159823630641 -0.42061267445548928 0.53822427670245776 0.12252989254091397 0.31737645102870299 0.84765109623805046 -0.42237199231493966 0.89191505725180353 0.75105675735314981 -0.31313315648115542 0.041461749580288712 1.0975263635598478 -0.25642849322408434 -0.20003337955021469
leaf_weight=434 6435 28696 4360 21038 3555 2467 199 318 8649 11777 4029 116 4275 913 5209 237 2698 10294 6180 363 1251 246 206 2107 1854 525 5179 1632 64 10849
leaf_count=434 6435 28696 4360 21038 3555 2467 199 318 8649 11777 4029 116 4275 913 5209 237 2698 10294 6180 363 1251 246 206 2107 1854 525 5179 1632 64 10849
internal_value=-1.27835e-05 -0.184524 0.51751 -0.237976 0.405234 0.790104 0.112352 0.698914 -0.117879 -0.29584 0.128709 0.236895 0.198766 0.31844 0.3894 0.0182413 0.258617 -0.356392 0.516015 0.567246 0.105187 0.31973 0.0398347 0.744637 0.587339 -0.0107971 0.00834831 0.948212 0.587724 -0.262044
internal_weight=146155 107742 38413 91303 27207 11206 16439 7107 29687 61616 16005 640 9801 15255 8820 6204 3611 22071 11952 8397 5526 4275 524 6467 8034 5903 5704 4099 301 39545
internal_count=146155 107742 38413 91303 27207 11206 16439 7107 29687 61616 16005 640 9801 15255 8820 6204 3611 22071 11952 8397 5526 4275 524 6467 8034 5903 5704 4099 301 39545
cat_boundaries=0 1 83 84 161
cat_threshold=1 268435456 0 0 0 0 0 0 0 4194304 0 0 0 0 0 0 0 0 0 0 0 0 0 0 0 0 0 0 0 0 0 0 0 0 0 0 0 0 0 0 0 0 0 0 0 0 0 0 0 0 0 134217728 0 0 540016640 5 0 0 0 0 0 0 0 0 0 1712128 1073741832 8652868 0 0 0 0 0 0 1048576 0 0 524288 0 270532672 0 134217728 35840 4 0 0 0 0 0 0 0 0 0 0 0 0 0 0 0 0 0 0 0 0 0 0 0 0 0 0 0 0 0 0 0 0 0 0 0 0 0 0 0 0 0 0 0 0 0 0 0 0 134217728 0 0 2147483648 8388608 2 131584 768 0 0 0 0 0 0 0 0 1073741824 545521664 21102848 33 0 0 10240 138412032 33554560 25165832 576 4194312 1024
is_linear=0
shrinkage=0.03


Tree=44
num_leaves=31
num_cat=5
split_feature=4 4 0 13 4 3 4 10 0 0 10 12 13 8 12 15 4 7 12 15 10 4 12 13 7 7 1 1 5 10
split_gain=1.45935e+07 1.92956e+06 980240 397077 356236 348200 281990 144703 132409 125027 106772 113288 98105.7 88362.4 87396.1 87246.9 74919.1 73807 106819 71487 70394.4 69466.5 68635.8 92557.4 73833.4 65242.8 63080.6 62909.3 62612.9 62410.9
threshold=73.201729283508811 127.32666666666668 51.902380952380959 0 104.81000000000002 164.78333333333336 37.801209910154491 16.071543730157224 51.902380952380959 112.01351351351353 7.343208202172808 1997.5000000000002 1 457.13003778481936 2012.5000000000002 2 27.302857142857146 14.567818523652365 1990.5000000000002 3 38.308700608671948 182.83000000000001 1999.5000000000002 4 11.172399820416357 9.6103615514673582 113.05000000000001 56.015695067264581 -19.000000000001823 4.0000182962857354
decision_type=10 10 8 1 10 10 10 10 10 10 10 2 1 10 2 9 10 10 2 9 10 10 2 1 10 10 10 10 10 10
left_child=2 4 6 9 7 10 16 15 12 17 11 -3 -5 -6 29 -2 -1 18 20 -9 -4 -7 28 24 -24 -13 -27 -8 -17 -15
right_child=1 5 3 8 13 21 27 19 -10 -11 -12 25 -14 14 -16 22 -18 -19 -20 -21 -22 -23 23 -25 -26 26 -28 -29 -30 -31
leaf_value=-0.36942185399085792 -0.15774276228528891 0.34221350352137681 0.32277969878477353 -0.14446300798565381 0.25775747676170613 0.83577462283102621 -0.2103357272172067 0.44533914095604649 -0.089063408937158056 0.46365640656742718 0.49968530348679902 0.40612555870082057 -0.42560795764121667 0.49763641586360474 0.66078613147223153 0.62567618412310844 -0.28646202400630971 -0.009919049268831838 0.020800296513419667 0.045486035056192094 1.1935067704688298 1.1195868916803364 0.23329878130564238 0.10440181423774544 0.50679979258124497 1.0834583294510052 0.71516948677115677 -0.064357742456480571 0.1679061806848125 0.33225777308007243
leaf_weight=15815 432 832 1368 2472 2927 4018 24993 424 17364 871 5791 566 2038 3795 1448 286 25747 3630 1598 5651 89 962 1312 1066 2751 453 5506 2973 4501 4476
leaf_count=15815 432 832 1368 2472 2927 4018 24993 424 17364 871 5791 566 2038 3795 1448 286 25747 3630 1598 5651 89 962 1312 1066 2751 453 5506 2973 4501 4476
internal_value=-1.39481e-05 0.434059 -0.207041 -0.0619143 0.28258 0.676963 -0.26847 0.190424 -0.12668 0.125577 0.596045 0.671893 -0.271508 0.402261 0.44578 0.258654 -0.31803 0.0815284 0.190188 0.0742014 0.375968 0.890599 0.276675 0.353205 0.418482 0.713931 0.743167 -0.194817 0.195256 0.408139
internal_weight=146155 47197 98958 29430 29069 18128 69528 16423 21874 7556 13148 7357 4510 12646 9719 10348 41562 6685 3055 6075 1457 4980 9916 5129 4063 6525 5959 27966 4787 8271
internal_count=146155 47197 98958 29430 29069 18128 69528 16423 21874 7556 13148 7357 4510 12646 9719 10348 41562 6685 3055 6075 1457 4980 9916 5129 4063 6525 5959 27966 4787 8271
cat_boundaries=0 1 2 83 161 162
cat_threshold=1 4 0 0 0 0 0 8388608 0 0 0 0 0 0 4 0 0 0 0 0 0 0 0 0 0 0 0 0 0 0 0 0 0 0 16777472 2147483776 0 0 0 0 0 0 0 0 0 0 0 0 0 0 8 0 0 0 0 8320 8388608 131072 0 0 0 0 0 2112 0 262144 0 0 0 536870912 512 268439552 268435456 0 0 0 0 0 0 67108864 8388873 134480896 524288 0 0 1024 0 8192 0 256 1048896 536870912 0 2048 0 0 8389120 0 0 0 0 0 0 0 0 0 4194304 0 4194816 0 0 0 0 33554433 0 0 0 0 0 0 16777216 1024 0 0 0 0 0 0 0 0 0 0 0 0 0 0 0 0 0 0 0 1114112 0 0 256 0 0 0 0 0 0 0 0 1109393408 0 16384 0 4194304 262144 2097152 4 1
is_linear=0
shrinkage=0.03


Tree=45
num_leaves=31
num_cat=5
split_feature=4 13 0 0 4 0 15 4 0 8 12 10 0 10 12 10 9 10 7 5 12 9 0 15 9 15 7 15 3 12
split_gain=1.37378e+07 1.67996e+06 1.16782e+06 631797 244979 178096 169179 151683 146550 130468 112892 110327 103890 100207 96774.6 95374.2 99972.5 82916.2 75839.1 84353.3 69029.1 67911.9 63456.5 63325.5 62319.6 60973.3 60142.8 64679.6 57859.3 57411.2
threshold=91.810000000000016 0 148.25000000000003 46.404134366925071 115.39000000000001 175.65000000000001 1 32.020930449975999 60.010834236186355 509.73076770870352 2011.5000000000002 9.5641884538212825 136.05000000000004 15.393350139209682 2009.5000000000002 4.0500225450165885 1492.1318174359053 31.860753291257215 9.9390376347733334 -10.500000000001315 1995.5000000000002 2404.3138803794404 15.011415525114158 2 888.2313294833848 3 13.321433129373201 4 198.68333333333337 1998.5000000000002
decision_type=10 1 10 10 10 10 9 10 10 10 2 10 10 10 2 10 10 10 10 10 2 10 8 9 10 9 10 9 10 2
left_child=1 6 4 7 15 20 -1 17 -5 12 11 24 22 18 -15 16 -2 -3 -6 -20 -4 -16 -8 -17 -11 -24 27 -27 -7 -14
right_child=2 3 5 8 13 28 9 -9 -10 10 -12 -13 29 14 21 23 -18 -19 19 -21 -22 -23 25 -25 -26 26 -28 -29 -30 -31
leaf_value=-0.47337180578353777 0.28748168718077444 -0.29273116608035182 0.33838384288883283 -0.15405157812307385 0.33033982576998439 0.85069093393911677 -0.53682990092128957 -0.23286245498042188 -0.0089189919848230246 -0.41909416862630416 0.5698555937255505 0.068954655529103043 0.86122655736548559 0.44447837669177076 0.026039727289880306 -0.20261571656360236 0.55731992777742356 -0.40040662984902908 0.91997684910567135 0.53312403002561148 0.67057888256563258 0.68454634121773428 -0.30036206777888746 0.23366726505183771 0.2985132203842028 -0.15013041904575758 -0.061943957236059957 0.21626884855685202 1.2292755767606918 -0.36499855522598534
leaf_weight=433 3628 20487 607 19852 1539 3690 199 32432 9147 112 656 5064 189 2406 1042 307 1874 9385 548 6828 7762 163 515 7616 3956 542 2654 2077 403 42
leaf_count=433 3628 20487 607 19852 1539 3690 199 32432 9147 112 656 5064 189 2406 1042 307 1874 9385 548 6828 7762 163 515 7616 3956 542 2654 2077 403 42
internal_value=-1.28464e-05 -0.173681 0.487097 -0.223947 0.37247 0.725797 0.105499 -0.277786 -0.108273 0.121378 0.189721 0.162414 0.0139924 0.467894 0.334569 0.283435 0.37939 -0.32656 0.521897 0.561865 0.646485 0.115116 -0.0100948 0.216801 0.278756 0.00801516 0.0386299 0.140695 0.887967 0.638277
internal_weight=146155 107742 38413 91303 25951 12462 16439 62304 28999 16006 9788 9132 6218 12526 3611 13425 5502 29872 8915 7376 8369 1205 5987 7923 4068 5788 5273 2619 4093 231
internal_count=146155 107742 38413 91303 25951 12462 16439 62304 28999 16006 9788 9132 6218 12526 3611 13425 5502 29872 8915 7376 8369 1205 5987 7923 4068 5788 5273 2619 4093 231
cat_boundaries=0 1 83 164 241 308
cat_threshold=1 268435456 64 0 0 0 0 0 0 16 0 0 0 0 0 0 0 0 0 0 0 0 0 0 0 0 2097152 0 0 0 0 0 0 0 0 0 0 0 0 0 0 0 0 0 0 0 0 0 0 0 0 134217728 0 0 0 1 0 0 0 0 0 0 0 0 536870912 1056772 1073741832 8652868 0 0 0 0 0 0 9437184 256 0 524288 0 270532672 134217728 134217728 35840 0 0 0 0 0 0 0 0 0 0 0 0 0 0 0 0 0 0 0 0 0 0 0 0 33554432 18432 512 0 4194304 0 0 167780352 0 0 0 0 0 0 0 0 0 65536 128 0 0 0 0 0 0 0 0 16 134217728 0 0 0 0 0 0 0 0 0 4194304 64 0 0 0 64 0 131072 0 0 0 0 2 0 0 0 16416 2128 2127872 0 0 0 0 0 0 0 0 0 0 0 0 0 0 0 0 0 0 0 0 0 0 0 0 0 0 0 0 0 0 0 0 0 0 0 0 0 0 0 0 0 0 0 0 0 0 0 0 134217728 0 0 2147483648 8388608 536870914 131588 768 0 0 0 0 0 0 0 0 1073741824 545521664 21102848 33 0 0 10240 134217728 33554560 8 64 4194312 1024 0 0 0 0 0 134217728 66 0 0 0 0 0 0 0 0 0 0 0 0 0 0 0 0 0 0 0 0 0 0 0 0 0 262144 128 0 0 8 0 0 0 0 0 0 0 0 0 0 0 0 0 0 0 0 2147483648 2313200658 102484 0 0 0 0 0 0 0 0 0 33563664 33554593
is_linear=0
shrinkage=0.03


Tree=46
num_leaves=31
num_cat=3
split_feature=4 13 4 4 4 0 15 12 12 8 6 12 10 10 0 6 4 10 12 8 12 4 15 12 7 12 1 8 12 5
split_gain=1.2926e+07 1.58055e+06 1.10839e+06 597960 268040 161487 158662 147723 146517 126501 113419 108102 107527 101109 98756.6 96598 86012.1 80283.6 81568.9 76596.4 76401.7 74979.9 74211.5 73349.3 69655.2 80162.9 68708.1 65953 63981.2 63291.8
threshold=91.810000000000016 0 144.37000000000003 47.807612231620048 118.24500000000002 32.002826106155617 1 2012.5000000000002 2011.5000000000002 509.73076770870352 30.061565967881513 2012.5000000000002 9.5641884538212825 3.5807180592580505 131.05000000000004 21.643953774864872 66.682704836695109 16.322926828836057 1997.5000000000002 832.6792997474962 1993.5000000000002 24.210000000000004 2 2003.5000000000002 17.604179743847208 2009.5000000000002 98.047619047619065 634.8470872138347 2009.5000000000002 -8.000000000000993
decision_type=10 1 10 10 10 8 9 2 2 10 10 2 10 10 10 10 10 10 2 10 2 10 9 2 10 2 10 10 2 10
left_child=1 6 4 5 11 21 -1 8 -4 14 -10 13 28 15 -8 20 -5 18 19 -6 -2 -3 -15 -14 25 -19 -20 -27 -11 -17
right_child=2 3 7 16 17 -7 9 -9 10 12 -12 -13 23 22 -16 29 -18 24 26 -21 -22 -23 -24 -25 -26 27 -28 -29 -30 -31
leaf_value=-0.4622095748062674 -0.33606127071735137 -0.40129768203559602 0.69837275962641454 -0.10286647521984436 0.41714239284196603 -0.22640603755804939 -0.014726576487236428 0.88786580674902316 0.021006331412556641 0.26969903280282659 1.1140694638363364 0.51864966775070442 0.038599254581617816 -0.25143986657330836 0.54227530470272634 0.72419077054019032 0.059949748935033145 0.39076993561381629 0.92436519936371941 -0.16552633018635507 0.2522436055215076 -0.28641351768372214 0.21440279605984822 0.30044212594646313 0.61579094527797273 -0.13017067731246351 0.54286850919426477 0.46454243342156315 0.77101021607716869 0.38417693551195387
leaf_weight=427 258 7443 5802 17089 1792 46917 5939 3816 501 4014 103 1662 4272 314 301 570 3522 1844 452 229 864 16332 7953 1243 704 600 7082 233 243 3634
leaf_count=427 258 7443 5802 17089 1792 46917 5939 3816 501 4014 103 1662 4272 314 301 570 3522 1844 452 229 864 16332 7953 1243 704 600 7082 233 243 3634
internal_value=-1.38497e-05 -0.168472 0.472484 -0.217228 0.375446 -0.258684 0.102321 0.740103 0.652081 0.117591 0.207406 0.290262 0.185046 0.262337 0.0121416 0.364274 -0.0750445 0.475901 0.520358 0.35112 0.116965 -0.322379 0.196664 0.0976148 0.350261 0.280432 0.565756 0.0361776 0.298315 0.430278
internal_weight=146155 107742 38413 91303 28191 70692 16439 10222 6406 16012 604 15255 9772 13593 6240 5326 20611 12936 9555 2021 1122 23775 8267 5515 3381 2677 7534 833 4257 4204
internal_count=146155 107742 38413 91303 28191 70692 16439 10222 6406 16012 604 15255 9772 13593 6240 5326 20611 12936 9555 2021 1122 23775 8267 5515 3381 2677 7534 833 4257 4204
cat_boundaries=0 1 83 164
cat_threshold=1 0 64 0 0 0 0 0 0 4194304 0 0 0 0 0 0 0 0 0 0 0 0 0 0 0 0 0 0 0 0 0 0 0 0 0 0 0 0 0 0 0 0 0 0 0 0 0 0 0 0 0 134217728 0 0 3145728 1 0 0 0 0 0 0 0 0 1073741824 1187840 1073741832 8652868 0 0 0 0 0 0 1048576 0 0 524288 0 270532688 0 134217729 35840 0 0 0 0 0 0 0 0 0 0 0 0 0 0 0 0 0 0 0 0 0 0 0 0 0 0 512 0 4194304 0 0 1242046464 0 0 0 0 0 0 0 0 0 134807552 128 0 0 0 0 67108864 0 0 0 1 0 0 0 0 0 0 0 0 0 0 4194304 1536 0 0 0 64 0 131072 0 0 0 0 0 0 0 0 540704 209 2114560
is_linear=0
shrinkage=0.03


Tree=47
num_leaves=31
num_cat=4
split_feature=4 4 0 13 3 4 4 10 0 0 10 12 15 8 12 7 12 10 4 15 0 12 13 9 4 7 7 1 5 10
split_gain=1.21639e+07 1.62092e+06 829867 331784 300216 298825 243423 126668 113204 110698 94092.4 99102.7 81497.9 79692.5 76860 67542.1 80221.4 77282.3 67368.4 67087.9 65549.7 72177.4 88313.3 63972.5 62509.8 60123.4 58783.6 57703.3 57664.5 54604.4
threshold=73.201729283508811 127.32666666666668 51.902380952380959 0 164.78333333333336 104.81000000000002 38.201154095742034 16.071543730157224 54.001879699248128 112.01351351351353 7.343208202172808 1997.5000000000002 1 457.13003778481936 2012.5000000000002 15.778179692544272 1990.5000000000002 47.092237533831685 26.140000000000004 2 17.005747126436784 1999.5000000000002 3 2052.8311194271332 190.22000000000003 11.448433014565577 9.6103615514673582 113.05000000000001 -19.000000000001823 2.9797543624324017
decision_type=10 10 8 1 10 10 10 10 10 10 10 2 9 10 2 10 2 10 10 9 10 2 1 10 10 10 10 10 10 10
left_child=2 5 6 9 10 7 18 12 23 15 11 -3 -2 -7 29 16 17 -4 -1 -9 -14 28 25 -5 -6 -23 -13 -28 -22 -15
right_child=1 4 3 8 24 13 -8 19 -10 -11 -12 26 20 14 -16 -17 -18 -19 -20 -21 21 22 -24 -25 -26 -27 27 -29 -30 -31
leaf_value=-0.34501945045578342 -0.16807499922470215 0.30662966586327034 0.27510986866552817 -0.15821531638086964 0.78260965185789888 0.22982621442013426 -0.1748048048345533 0.42650567799110278 -0.062894993609008951 0.43401045547932998 0.45331890313978573 0.36212455560374873 -1.0803981104764071 0.46707630145585838 0.61001639772921756 -0.034529110962321329 0.033423319626867044 1.4497842370088283 -0.26421677401882065 0.036718278399497553 0.58918399915569697 0.24000182433661579 0.097249352605141365 -0.35982168088945982 1.1430952189150334 0.48548916977684947 1.0075117087028675 0.65526963414669825 0.14917453364312031 0.30987001123487634
leaf_weight=13660 426 832 1645 6155 4501 2927 26864 418 13879 871 5791 566 33 3326 1448 2899 2089 52 29004 5657 285 1357 1084 1840 479 2654 453 5506 4509 4945
leaf_count=13660 426 832 1645 6155 4501 2927 26864 418 13879 871 5791 566 33 3326 1448 2899 2089 52 29004 5657 285 1357 1084 1840 479 2654 453 5506 4509 4945
internal_value=-1.44589e-05 0.396281 -0.189023 -0.0554916 0.618912 0.257444 -0.245545 0.173039 -0.114694 0.115893 0.543776 0.614978 0.236877 0.367057 0.408386 0.0744452 0.157888 0.311105 -0.290088 0.0643007 0.254177 0.258887 0.337505 -0.204614 0.817283 0.402436 0.654296 0.682047 0.175333 0.373087
internal_weight=146155 47197 98958 29430 18128 29069 69528 16423 21874 7556 13148 7357 10348 12646 9719 6685 3786 1697 42664 6075 9922 9889 5095 7995 4980 4011 6525 5959 4794 8271
internal_count=146155 47197 98958 29430 18128 29069 69528 16423 21874 7556 13148 7357 10348 12646 9719 6685 3786 1697 42664 6075 9922 9889 5095 7995 4980 4011 6525 5959 4794 8271
cat_boundaries=0 1 82 160 161
cat_threshold=1 0 0 0 0 0 0 0 0 0 0 0 0 4 0 0 0 0 0 0 0 0 0 0 0 0 0 0 0 0 0 0 0 16777472 128 0 0 0 0 0 0 0 0 0 0 0 0 0 0 8 0 0 0 0 8320 8388608 131072 0 0 0 0 0 2048 131072 262144 65536 0 0 536870912 512 268439552 268435456 0 0 0 0 0 0 67108864 8388873 134480896 524288 0 0 1024 0 8192 0 256 1048896 536870912 0 0 0 0 8389120 0 0 0 0 0 0 0 0 0 4194304 0 4194816 0 0 0 0 33554433 0 0 0 0 0 0 16777216 1024 0 0 0 0 0 0 0 0 0 0 0 0 0 0 0 0 0 0 0 1114112 0 0 256 0 0 0 64 2147483648 0 0 0 1109393408 0 16384 0 0 262144 2097152 4 1
is_linear=0
shrinkage=0.03


Tree=48
num_leaves=31
num_cat=7
split_feature=4 13 0 0 4 15 3 10 0 12 15 6 15 10 12 8 12 2 6 10 6 15 13 6 12 12 0 5 7 13
split_gain=1.145e+07 1.3998e+06 991502 537271 209348 148666 148272 132610 128275 117174 135380 97586.9 97214.5 91414.1 89183.8 84542.3 85182.2 85740.2 84245.2 83179.4 74007.8 70195.2 67385.8 66462.3 65359.1 102239 64425.3 60188.3 59851.1 63218.7
threshold=91.810000000000016 0 149.35000000000005 46.002610966057453 114.56750000000001 1 176.5833333333334 24.95450085947709 65.005230125523028 2012.5000000000002 2 30.838886145801393 3 15.393350139209682 2009.5000000000002 533.28821756968591 1999.5000000000002 84.450000000000017 20.558457736601266 5.2240563690733541 22.039101335904544 4 5 30.258567075669053 2012.5000000000002 2011.5000000000002 18.016146393972019 -10.500000000001315 9.3057654667432654 6
decision_type=10 1 10 10 10 9 10 10 10 2 9 10 9 10 2 10 2 10 10 10 10 9 1 10 2 2 8 8 8 1
left_child=1 5 4 7 15 -1 19 28 -5 10 -7 12 -12 20 -15 -2 17 -17 -14 -4 -6 -20 -9 24 25 -16 -23 -22 -3 -30
right_child=2 3 6 8 13 9 -8 22 -10 -11 11 -13 18 14 23 16 -18 -19 21 -21 27 26 -24 -25 -26 -27 -28 -29 29 -31
leaf_value=-0.4438410364281411 0.16485542186778832 -0.31053550252409623 0.70958101120462636 -0.13065397260331571 0.24373989577566427 -0.36414864541779451 0.87806482213807169 -0.27033835161326708 0.02496381696199599 0.45949359434897252 -0.25077212593902687 -0.076236218946196865 -0.2385135774635801 0.40346049732869438 0.16047662638421903 0.45808492464472622 0.40630882421396686 0.10931529357493371 -0.16418574016373358 0.53274726138643358 0.79106847563303451 -0.3183913170799203 -0.38559615221920934 0.48065801786137857 0.35283652204543248 -0.57602598736498201 0.20254787598646523 0.48258298229233582 -0.23803580637168256 -0.15360738163432147
leaf_weight=437 5382 6428 4565 23522 1103 554 2456 10170 5979 825 535 2160 459 2566 361 868 4384 2357 517 5034 614 218 8284 308 289 320 10734 7806 25248 11672
leaf_count=437 5382 6428 4565 23522 1103 554 2456 10170 5979 825 535 2160 459 2566 361 868 4384 2357 517 5034 614 218 8284 308 289 320 10734 7806 25248 11672
internal_value=-1.34193e-05 -0.158563 0.444691 -0.204446 0.341615 0.0962772 0.670063 -0.254726 -0.0991147 0.111235 0.0923776 0.109847 0.142186 0.424964 0.301482 0.255853 0.320217 0.203186 0.159887 0.616844 0.474809 0.175971 -0.322078 0.0967263 -0.025182 -0.185604 0.192003 0.505078 -0.226053 -0.211344
internal_weight=146155 107742 38413 91303 26358 16439 12055 61802 29501 16002 15177 14623 12463 13367 3844 12991 7609 3225 11928 9599 9523 11469 18454 1278 970 681 10952 8420 43348 36920
internal_count=146155 107742 38413 91303 26358 16439 12055 61802 29501 16002 15177 14623 12463 13367 3844 12991 7609 3225 11928 9599 9523 11469 18454 1278 970 681 10952 8420 43348 36920
cat_boundaries=0 1 83 164 244 324 325 326
cat_threshold=1 0 0 0 0 0 0 0 0 16 0 0 0 0 0 0 0 0 0 0 0 0 0 0 0 0 0 0 0 0 0 0 0 0 0 0 0 0 0 0 0 0 0 0 0 0 0 0 0 0 0 134217728 0 0 0 1 0 0 0 0 0 0 0 0 67108864 1572868 1073741832 8652868 0 0 0 0 2214592512 0 17825792 2304 0 524288 0 270532608 134217728 134217728 35840 1 8913408 0 0 0 0 0 0 0 0 0 0 0 0 0 0 0 0 0 0 0 0 0 0 0 0 0 0 0 0 0 0 0 0 0 0 0 0 0 0 0 0 0 0 0 0 0 0 0 0 0 2147484160 0 536870912 134348800 512 0 0 0 0 0 0 0 0 67108864 8388608 20971776 33 0 0 0 0 33554432 2155872264 32 0 0 0 2147484049 536870912 641 0 1048704 0 0 0 0 0 128 0 33554432 0 0 0 0 0 0 0 0 0 0 0 0 0 0 0 2097152 0 0 0 0 0 0 524288 0 0 0 0 0 0 0 0 0 0 0 0 0 0 0 134217728 0 0 268468224 40980 3153920 516 324 0 0 0 0 0 0 0 1073741824 73729 537133056 131104 0 0 0 0 0 0 0 0 0 0 0 64 2155872256 134217728 2 0 0 0 134217728 2 16 0 0 0 0 8196 0 0 0 0 0 0 0 0 0 0 0 0 0 0 0 0 0 0 0 0 0 0 0 0 0 0 0 0 0 1 0 0 0 0 0 0 0 67108864 67108868 9961472 518 4202512 65552 0 0 0 0 0 0 0 0 2147487744 8192 0 541065216 0 2048 0 0 0 0 0 0 0 0 16912384 65536 4 2
is_linear=0
shrinkage=0.03


Tree=49
num_leaves=31
num_cat=5
split_feature=4 13 4 4 4 15 10 12 12 8 12 12 10 10 0 6 13 4 8 11 12 15 12 0 9 10 5 7 12 15
split_gain=1.07735e+07 1.31687e+06 941932 508468 221720 140527 139679 131974 140899 116131 97196.8 95815.8 92693.7 90858.3 89635.4 88291.8 79681.9 74108.2 72912.6 79480.9 72089.7 70378.4 66342.1 63301.9 59335.1 59037 58046.3 57974.7 61149.2 55695.1
threshold=91.810000000000016 0 144.37000000000003 47.807612231620048 118.24500000000002 1 20.060129346789104 2012.5000000000002 2009.5000000000002 509.73076770870352 2011.5000000000002 2012.5000000000002 7.49286029455837 3.5807180592580505 136.05000000000004 21.643953774864872 2 67.604651162790717 486.8938795993048 79.745907986246593 1993.5000000000002 3 2012.5000000000002 42.405882352941184 888.2313294833848 4.970595074464339 -9.1000000000011489 12.751592881634279 2011.5000000000002 4
decision_type=10 1 10 10 10 9 10 2 2 10 2 2 10 10 10 10 1 10 10 10 2 9 2 8 10 10 10 10 2 9
left_child=1 5 4 6 11 -1 23 8 -4 14 12 13 24 15 -7 20 -8 -5 27 22 -2 -15 25 -3 -11 -20 -17 -6 -29 -23
right_child=2 3 7 17 18 9 16 -9 -10 10 -12 -13 -14 21 -16 26 -18 -19 19 -21 -22 29 -24 -25 -26 -27 -28 28 -30 -31
leaf_value=-0.44750526398897028 -0.34173257275202262 -0.23180384942737584 0.68230319889703084 -0.0916504347850432 0.40414701034093475 -0.015844774686176261 -0.24508497959653872 0.81772011024208724 0.36848206668228156 -0.41420922615665146 0.52333272707759881 0.47943816062439543 0.069653803294010955 -0.25937747179544884 0.58635919778232837 0.70300643339053248 -0.35332190602857383 0.065148720753898812 0.53941428857914375 0.05827308809510167 0.22972974246387212 0.52628323604333416 0.64541136380896413 -0.15829551957315741 0.28734006952572194 0.36017145124353067 0.35713951675101802 0.26677632992480416 -0.24165563832272538 0.17381268935264899
leaf_weight=412 258 29610 4621 17397 2599 6011 13526 3816 1785 112 661 1662 5538 315 231 495 11182 3214 3377 386 864 423 2093 16374 3474 3241 3709 967 273 7529
leaf_count=412 258 29610 4621 17397 2599 6011 13526 3816 1785 112 661 1662 5538 315 231 495 11182 3214 3377 386 864 423 2093 16374 3474 3241 3709 967 273 7529
internal_value=-1.55268e-05 -0.153809 0.43135 -0.198313 0.341895 0.0933665 -0.23654 0.678056 0.594859 0.107483 0.172048 0.26442 0.146599 0.23813 0.00644121 0.334761 -0.294069 -0.0671998 0.433259 0.479527 0.098324 0.175875 0.498194 -0.205629 0.265429 0.451635 0.397864 0.32362 0.154839 0.1932
internal_weight=146155 107742 38413 91303 28191 16439 70692 10222 6406 16027 9785 15255 9124 13593 6242 5326 24708 20611 12936 9097 1122 8267 8711 45984 3586 6618 4204 3839 1240 7952
internal_count=146155 107742 38413 91303 28191 16439 70692 10222 6406 16027 9785 15255 9124 13593 6242 5326 24708 20611 12936 9097 1122 8267 8711 45984 3586 6618 4204 3839 1240 7952
cat_boundaries=0 1 83 84 165 242
cat_threshold=1 268435456 64 0 0 0 0 0 2 4194304 0 0 0 0 0 0 0 0 0 0 0 0 0 0 0 0 0 0 0 0 0 0 0 0 0 0 0 0 0 0 0 0 0 0 0 0 0 0 0 0 0 134217728 0 0 0 1 0 0 0 0 0 0 0 0 536870912 1703936 1073741832 8652868 0 0 0 0 0 0 17825792 256 0 524288 0 270532608 134217728 134217728 35840 4 0 0 0 0 0 0 0 0 0 0 0 0 0 0 0 0 0 0 0 0 0 0 0 0 0 16384 512 0 4194304 0 0 1242046464 0 0 0 0 0 0 0 0 0 134807552 128 0 0 0 0 67108864 0 0 0 1 0 0 0 0 0 0 0 0 0 0 4194304 1536 0 0 0 64 0 0 0 0 0 0 0 0 0 0 16928 209 2114560 0 0 1048576 0 8192 0 256 0 0 0 0 16777232 2147483648 4096 0 0 0 0 0 0 0 0 0 256 1 4352 0 0 0 536870912 1073742128 8 0 0 0 0 0 67108864 1310976 0 0 67108864 0 0 16 1075315200 64 0 0 0 0 0 0 0 0 0 0 0 0 0 0 256 0 0 0 0 0 4096 0 0 0 0 16384 0 0 0 16384
is_linear=0
shrinkage=0.03


Tree=50
num_leaves=31
num_cat=7
split_feature=4 13 0 4 4 15 4 12 8 10 15 8 12 2 15 0 10 13 10 12 6 12 12 12 12 12 0 15 10 15
split_gain=1.01369e+07 1.23898e+06 888352 481491 217891 146654 124168 123976 107737 102565 97031.3 88390.2 87526 83873.2 83150.3 75278.2 72655.6 71224.8 68271.1 90120.9 77124.8 69529.1 69553.6 66560.6 63444.5 105848 61969.3 60850 59976.9 59596.1
threshold=91.810000000000016 0 153.75000000000003 42.240714285714297 118.24500000000002 1 56.401896080988756 2012.5000000000002 605.40590330486123 15.393350139209682 2 533.28821756968591 1999.5000000000002 84.450000000000017 3 131.05000000000004 2.8517971510916271 4 15.393350139209682 2009.5000000000002 30.258567075669053 1993.5000000000002 1992.5000000000002 2003.5000000000002 2012.5000000000002 2011.5000000000002 18.016146393972019 5 14.557024943008081 6
decision_type=10 1 10 10 10 9 10 2 10 10 9 10 2 10 9 10 10 1 8 2 10 2 2 2 2 2 8 9 10 9
left_child=1 5 4 9 11 -1 -5 14 10 -3 -7 -2 13 -13 -4 26 -16 -11 21 -20 24 22 -6 28 25 -21 -12 -18 -10 -28
right_child=2 3 7 6 18 8 -8 -9 23 17 15 12 -14 -15 16 -17 27 -19 19 20 -22 -23 -24 -25 -26 -27 29 -29 -30 -31
leaf_value=-0.393755558895934 0.16606897426178654 -0.20813266489167773 0.9719574789583294 -0.13699005989037166 0.48695013265249265 -0.39341994085095139 -0.0070192308654801428 0.78067784679830732 0.23692233258812023 -0.2390724404508443 -0.43251533984384183 0.44831962669687747 0.39397890668066288 0.11823993053619906 0.70476376834152787 0.50359249263270089 0.81164539148262904 -0.3376543922335839 0.41815646963349012 0.17272227610901489 0.51958353652645606 0.48668488157713125 -0.14894974210186399 0.39295988337776144 0.35070300473632482 -0.57275228044501059 -0.2771460897905258 0.42486812850719419 0.030907541364785834 0.078386495718495625
leaf_weight=535 6222 31589 451 24230 299 430 9100 4212 3118 13219 237 928 5119 2734 1646 336 433 13165 2510 364 313 8584 321 1295 290 324 439 3663 2148 7901
leaf_count=535 6222 31589 451 24230 299 430 9100 4212 3118 13219 237 928 5119 2734 1646 336 433 13165 2510 364 313 8584 321 1295 290 324 439 3663 2148 7901
internal_value=-1.5075e-05 -0.149196 0.418413 -0.192364 0.330479 0.0905574 -0.101504 0.655111 0.10703 -0.2446 0.0416647 0.252574 0.313869 0.201887 0.56971 0.0630257 0.53549 -0.288263 0.420353 0.313393 0.109708 0.464525 0.157718 0.200274 -0.0214693 -0.178344 0.0458401 0.468774 0.152889 0.0594337
internal_weight=146155 107742 38413 91303 28008 16439 33330 10405 15904 57973 9343 15003 8781 3662 6193 8913 5742 26384 13005 3801 1291 9204 620 6561 978 688 8577 4096 5266 8340
internal_count=146155 107742 38413 91303 28008 16439 33330 10405 15904 57973 9343 15003 8781 3662 6193 8913 5742 26384 13005 3801 1291 9204 620 6561 978 688 8577 4096 5266 8340
cat_boundaries=0 1 83 163 245 246 322 402
cat_threshold=1 268435456 0 0 0 0 0 0 0 16 0 0 0 0 0 0 0 0 0 0 0 0 0 0 0 0 2097152 0 0 0 0 0 0 0 0 0 0 0 0 0 0 0 0 0 0 0 0 0 0 0 0 134217728 0 8192 3145728 0 256 0 0 0 0 0 0 0 1140850688 1056772 1073741832 8652868 0 0 0 0 67108864 0 10485760 0 0 524288 0 2418016272 0 134217728 35840 0 524288 0 0 0 0 0 0 0 0 0 0 0 0 0 0 0 0 0 0 0 0 0 0 0 0 0 0 0 0 0 0 0 0 0 0 0 0 0 0 0 0 0 0 0 0 0 0 0 0 0 2214887936 32768 2 0 0 0 0 0 8 0 0 0 285212672 1074266112 0 0 0 0 0 8192 134217728 33554560 1048576 2080 8 0 0 393 2818576384 0 0 1 0 2048 320 0 134217728 0 0 0 65536 0 0 0 0 0 0 0 0 0 0 0 0 536871952 0 0 0 0 0 0 0 0 0 0 0 0 0 0 0 0 0 0 0 0 0 16 0 0 8 0 0 0 0 0 0 0 0 0 0 0 17408 0 0 0 0 0 0 0 0 0 2097154 536870912 32770 536871936 134349056 0 0 0 0 0 131077 4 0 0 67108882 0 536903936 648 201457664 0 1024 0 0 0 2147483648 0 0 0 0 0 0 0 0 0 0 1610612736 0 0 0 0 0 0 0 0 0 0 0 0 0 0 0 0 0 0 0 0 403193856 2348876820 8388608 0 2048 0 0 0 0 0 0 0 0 0 0 0 0 0 0 0 0 0 0 0 0 0 0 0 4194304 0 0 16 524288 0 0 0 0 0 0 16777216 0 0 0 16384 0 0 0 0 0 0 0 0 0 0 0 0 0 0 0 0 0 0 0 0 2 0 0 8388608 0 0 0 0 0 0 0 0 0 0 0 0 134217728 0 0 0 0 128 131077 512 0 0 0 0 0 0 0 0 2181038080 8388608 20971520 32 0 0 134217728 65536 1048576 2164260872 0 4194304 1024 0 1073876992 1024
is_linear=0
shrinkage=0.03


Tree=51
num_leaves=31
num_cat=5
split_feature=4 4 0 4 13 4 3 10 0 0 0 8 15 15 8 4 12 10 12 12 12 12 13 7 12 10 13 7 5 7
split_gain=9.53994e+06 1.29358e+06 666383 274045 260862 218047 206944 114624 97081.1 91628.8 80989.5 78535.9 73469.7 68573.1 68062.8 67750.1 66786.5 66572.3 80464.4 64227.2 76286.5 62273.1 72065.8 61747.6 87615.1 66062.2 61302.8 60227.9 55116 54550
threshold=73.201729283508811 130.19000000000003 51.902380952380959 105.74500000000002 0 159.47000000000003 32.668344252866902 15.664855171786586 112.01351351351353 54.001879699248128 17.005747126436784 457.13003778481936 1 2 1084.3786602254302 49.00442477876107 2012.5000000000002 5.2240563690733541 1993.5000000000002 2012.5000000000002 2009.5000000000002 1999.5000000000002 3 14.567818523652365 1990.5000000000002 38.308700608671948 4 12.645009154516567 -12.66000000000181 11.448433014565577
decision_type=10 10 8 10 1 10 10 10 10 10 10 10 9 9 10 10 2 10 2 2 2 2 1 10 2 10 1 10 10 10
left_child=2 3 6 7 8 17 -1 10 23 26 -2 27 -12 -9 16 -8 -13 18 -3 20 -7 28 29 24 25 -4 -6 -5 -14 -23
right_child=1 5 4 11 9 19 15 13 -10 -11 12 14 21 -15 -16 -17 -18 -19 -20 -21 -22 22 -24 -25 -26 -27 -28 -29 -30 -31
leaf_value=-0.28216418181531938 -1.1326268777847071 0.035987857833942059 0.2815269549916245 0.2971989729957662 -0.10976700783835765 0.73764074652379719 -0.1898117021739503 0.4129026487225515 0.40213670164263293 -0.05363251208408721 -0.16559054349690744 0.34946462628234332 0.46661669675873801 0.026129047467254328 -0.36092531900892155 -0.069322869987520699 0.55756078250895724 0.41925097534085182 0.59022727163670829 0.8400687454214576 0.41760028866423815 0.21403254767854246 0.090553818711121642 -0.018231525082654926 0.011391443345865913 1.1250357210569166 -0.27782992374412552 0.019800389132810917 0.12621489838466501 0.44329672356301753
leaf_weight=27431 40 247 1368 2096 4600 1997 37365 434 871 13879 424 8715 474 5892 112 4732 1651 5880 5176 2330 1009 1419 1087 3630 1598 89 3395 1061 4420 2733
leaf_count=27431 40 247 1368 2096 4600 1997 37365 434 871 13879 424 8715 474 5892 112 4732 1651 5880 5176 2330 1009 1419 1087 3630 1598 89 3395 1061 4420 2733
internal_value=-1.21134e-05 0.350946 -0.167398 0.235052 -0.0477399 0.563789 -0.218047 0.154411 0.104227 -0.100234 0.214735 0.33514 0.21984 0.053358 0.374661 -0.176268 0.382608 0.489171 0.564983 0.721849 0.630215 0.235899 0.308012 0.0654121 0.164799 0.333052 -0.181133 0.203971 0.159184 0.364943
internal_weight=146155 47197 98958 30558 29430 16639 69528 16923 7556 21874 10597 13635 10557 6326 10478 42097 10366 11303 5423 5336 3006 10133 5239 6685 3055 1457 7995 3157 4894 4152
internal_count=146155 47197 98958 30558 29430 16639 69528 16923 7556 21874 10597 13635 10557 6326 10478 42097 10366 11303 5423 5336 3006 10133 5239 6685 3055 1457 7995 3157 4894 4152
cat_boundaries=0 1 82 160 161 162
cat_threshold=1 0 0 0 0 0 0 0 0 0 0 0 0 4 0 0 0 0 0 0 0 0 0 0 0 0 0 0 1073741824 0 0 0 0 16777472 8320 0 0 0 0 0 0 0 0 0 0 0 0 0 0 8 0 0 0 0 8320 8388608 131072 0 0 0 0 0 0 131072 262144 65536 0 0 536870912 512 268439552 268435456 0 0 0 0 0 0 67108864 265 134480896 655360 0 0 1024 0 8192 0 256 320 536870944 0 0 0 262144 8389120 0 0 0 0 0 0 0 0 0 4194304 0 4194816 0 0 0 0 33554433 0 0 0 0 0 0 16777248 17042432 0 0 0 0 0 0 0 0 0 0 0 0 0 0 0 0 0 0 0 1048576 134217728 0 256 0 0 0 0 0 0 0 0 35651584 0 16384 0 0 262144 2097152 4 1 4
is_linear=0
shrinkage=0.03


Tree=52
num_leaves=31
num_cat=3
split_feature=4 13 4 0 4 4 15 12 12 8 12 12 12 6 10 6 8 0 3 15 8 10 12 7 10 12 12 6 9 12
split_gain=8.97965e+06 1.09596e+06 799799 433107 185863 147155 128528 111780 124702 106603 86745.9 93514.1 125758 91915.8 83838.4 120740 105615 77922.1 77341.2 71369.5 70314 70012.4 59767 54757.4 60372 78662.5 56161.4 53352.6 73008.3 52879.9
threshold=91.810000000000016 0 144.37000000000003 50.506410256410263 109.16750000000003 32.020930449975999 1 2012.5000000000002 2009.5000000000002 509.73076770870352 2003.5000000000002 1992.5000000000002 1993.5000000000002 26.219968141948943 5.0227420978678712 23.727375154758985 878.36274829592719 136.05000000000004 69.492677844675185 2 551.22376990627038 31.860753291257215 2003.5000000000002 17.75498169667835 27.909868244064047 2009.5000000000002 2012.5000000000002 25.282225147879828 2376.2713329358062 1998.5000000000002
decision_type=10 1 10 10 10 10 9 2 2 10 2 2 2 10 10 10 10 10 8 9 10 10 2 8 10 2 2 10 10 2
left_child=1 6 4 5 20 21 -1 8 -4 17 11 13 -13 -11 15 16 -6 -8 -5 -16 -2 -3 -22 24 26 -26 -21 -10 -29 -19
right_child=2 3 7 18 14 -7 9 -9 27 10 -12 12 -14 -15 19 -17 -18 29 -20 23 22 -23 -24 -25 25 -27 -28 28 -30 -31
leaf_value=-0.42903798256671399 0.12330622853177232 -0.23586872017368668 0.62683748393011796 -0.086815480611812906 0.35061159436703254 -0.17905902115824562 -0.018663031566007762 0.74967614764946588 0.55782713782714632 0.43017242309527309 0.34555632091605826 -0.42323008255907357 0.08503590433792925 0.10521784004501321 -0.13476592567809131 0.54606220593126253 -0.44518159819337033 0.75675987125389155 0.068169692482649022 0.30094789417526002 0.20479177821019165 -0.33446541746408459 0.40861216839408299 0.52072438812255895 0.27998810581843575 -0.15249740373230741 0.55026902797409527 0.13828265035761075 0.96742852091789244 -0.42007934289319177
leaf_weight=417 4670 20732 4621 17397 3966 40267 6027 3816 615 1354 1851 489 4211 1859 317 4432 156 189 3477 5346 3441 9430 2076 1110 1155 563 959 1065 105 42
leaf_count=417 4670 20732 4621 17397 3966 40267 6027 3816 615 1354 1851 489 4211 1859 317 4432 156 189 3477 5346 3441 9430 2076 1110 1155 563 959 1065 105 42
internal_value=-1.11886e-05 -0.140419 0.393809 -0.181018 0.311379 -0.21659 0.0850726 0.62114 0.544572 0.0986594 0.160672 0.117425 0.0321546 0.242158 0.369322 0.437366 0.320494 0.00206171 -0.0609995 0.307729 0.208973 -0.266694 0.281488 0.322882 0.295912 0.13826 0.33887 0.331605 0.212693 0.542789
internal_weight=146155 107742 38413 91303 28191 70429 16439 10222 6406 16022 9764 7913 4700 3213 18004 8554 4122 6258 20874 9450 10187 30162 5517 9133 8023 1718 6305 1785 1170 231
internal_count=146155 107742 38413 91303 28191 70429 16439 10222 6406 16022 9764 7913 4700 3213 18004 8554 4122 6258 20874 9450 10187 30162 5517 9133 8023 1718 6305 1785 1170 231
cat_boundaries=0 1 83 164
cat_threshold=1 0 64 0 0 0 0 0 2 4194304 0 0 4096 0 0 0 0 0 0 0 0 0 0 0 0 0 0 0 0 0 0 0 0 0 0 0 0 0 0 0 0 0 0 0 0 0 0 0 0 0 0 134217728 0 0 2097152 0 0 0 0 0 0 0 0 0 536870912 1187840 1073741832 8652868 0 0 0 0 2147483648 0 0 256 0 524288 0 2418016320 0 134217729 35840 0 0 0 0 0 2048 268435456 0 0 0 0 0 0 0 0 0 0 0 2 0 0 0 0 0 268435456 512 0 0 0 0 0 3028305920 0 0 0 0 0 0 0 1048576 4196384 536870936 40964 0 0 0 0 1082130432 0 0 0 0 0 0 0 0 0 0 0 0 0 0 0 0 0 0 0 0 0 1048576 0 0 0 0 0 0 0 0 524288 0 262148
is_linear=0
shrinkage=0.03


Tree=53
num_leaves=31
num_cat=7
split_feature=4 4 0 4 13 3 3 10 0 0 0 10 15 9 8 10 12 15 4 7 15 15 12 13 13 5 4 5 9 6
split_gain=8.45235e+06 1.15168e+06 593718 251476 230114 190313 186236 106870 89032.5 81284.6 75924.4 74270.1 68043.7 66666 68349.5 66043.1 78466.8 64653.7 64050.9 59010.3 69816.6 58235.8 57723.7 65758.2 57417.3 56554.5 54531 51558.2 49429.9 49009.9
threshold=73.201729283508811 131.12666666666669 51.902380952380959 105.74500000000002 0 164.78333333333336 32.003911722092361 15.664855171786586 120.05000000000001 54.001879699248128 17.005747126436784 9.8909764615286555 1 1222.0798085323913 1084.3786602254302 5.2240563690733541 1993.5000000000002 2 48.700445135177979 17.810029729488857 3 4 1999.5000000000002 5 6 -10.500000000001315 190.22000000000003 -10.500000000001315 1394.1586202466626 21.252182142679853
decision_type=10 10 8 10 1 10 10 10 10 10 10 10 9 10 10 10 2 9 10 10 9 9 2 1 1 10 10 10 10 10
left_child=2 3 6 7 8 15 -1 10 21 24 -2 13 -12 -5 25 16 -3 -9 -8 20 -13 -4 27 28 -6 -15 -7 29 -24 -14
right_child=1 5 4 11 9 26 18 17 -10 -11 12 19 22 14 -16 -17 -18 -19 -20 -21 -22 -23 23 -25 -26 -27 -28 -29 -30 -31
leaf_value=-0.2691574223309921 -1.1008248538970946 0.0038619881798013594 -0.31951092149339244 0.21716406745144839 -0.1010539258990035 0.65774141659973084 -0.18079515326851284 0.39491240938233507 0.43779131525477288 -0.050033139037530254 -0.16624693829132353 0.55125742851963466 -0.23786503809829088 0.75355301721831736 -0.36687181501225991 0.39640405437672716 0.56666076968135781 0.021318404008015691 -0.067666099896431242 0.46222961967251519 0.14831495078824522 0.086284066470279266 0.20728735095848055 0.085593352972323344 -0.26370357348443324 0.40384088688788661 0.99444273986326748 0.11514655167305195 0.42390075505188957 0.54056375733211259
leaf_weight=25871 40 233 325 1966 4600 4499 38557 439 636 13879 415 422 86 446 99 5759 5173 5887 5100 829 4143 6595 1463 1087 3395 6226 479 4338 2694 474
leaf_count=25871 40 233 325 1966 4600 4499 38557 439 636 13879 415 422 86 446 99 5759 5173 5887 5100 829 4143 6595 1463 1087 3395 6226 479 4338 2694 474
internal_value=-1.20103e-05 0.330336 -0.157568 0.223489 -0.044622 0.535876 -0.205376 0.145477 0.0981082 -0.0939257 0.203725 0.316914 0.208668 0.370954 0.415607 0.467096 0.542404 0.0479024 -0.167579 0.229381 0.187096 0.0668887 0.223953 0.293343 -0.170122 0.427218 0.69014 0.150118 0.347667 0.421019
internal_weight=146155 47197 98958 31054 29430 16143 69528 16923 7556 21874 10597 14131 10557 8737 6771 11165 5406 6326 43657 5394 4565 6920 10142 5244 7995 6672 4978 4898 4157 560
internal_count=146155 47197 98958 31054 29430 16143 69528 16923 7556 21874 10597 14131 10557 8737 6771 11165 5406 6326 43657 5394 4565 6920 10142 5244 7995 6672 4978 4898 4157 560
cat_boundaries=0 1 82 160 246 322 323 324
cat_threshold=1 0 0 0 0 0 0 0 0 0 0 0 0 4 0 0 0 0 0 0 0 0 0 0 0 0 0 0 0 0 0 0 0 16777216 8320 0 0 0 0 0 0 0 0 0 0 0 0 0 0 8 0 0 16 0 8192 8388608 131072 0 0 0 0 0 0 393216 262144 65536 0 0 536870912 512 268439552 268435456 0 0 0 0 0 0 67108864 265 134480896 655360 0 0 1024 0 8192 0 256 320 536870944 0 2048 0 262144 8389120 0 0 0 0 0 0 0 0 0 4194304 0 4194816 0 0 0 0 33554433 0 0 0 0 0 0 16777216 16780288 0 0 0 0 0 0 0 0 0 0 0 0 0 0 0 0 0 0 0 1048576 134217728 0 256 0 0 0 0 0 0 0 0 35651584 0 16384 0 4194304 262144 2097152 4 0 0 0 4 0 65536 16809984 0 0 0 0 0 0 4096 0 2147483648 0 0 0 0 0 0 0 32 1048577 69632 32 0 0 0 0 0 0 0 0 0 0 0 0 2147483648 0 67108864 536871168 80 20 2884096 134217728 8 0 0 0 0 0 0 0 0 0 0 0 0 0 0 0 0 0 4096 0 0 0 8 0 0 0 0 0 0 0 0 0 0 0 0 0 0 536870912 2056 1 1572864 0 0 0 0 0 6178 0 0 0 0 0 0 0 0 0 0 0 0 0 0 0 0 0 0 0 0 0 0 0 0 0 0 0 0 0 0 0 0 0 0 0 0 0 0 0 0 0 0 67108864 0 0 2097152 0 16 0 0 0 0 0 0 0 1073741824 2148143104 0 16908544 1 0 0 2048 0 33816576 2147483648 32 8 1 4
is_linear=0
shrinkage=0.03


Tree=54
num_leaves=31
num_cat=8
split_feature=4 13 0 0 4 15 10 12 15 0 12 6 10 9 6 15 15 15 8 11 12 10 15 7 1 0 10 15 6 10
split_gain=7.95382e+06 969572 720550 388864 185899 127530 107161 101540 114223 100433 91893 83226.8 79054.8 87531.1 71079.1 73460.9 67672.1 64531.2 62521.6 64660.7 64284.2 62211.3 61525.2 58069.8 55696.7 59119.7 55627 60725.2 54444.3 66892.1
threshold=91.810000000000016 0 156.05000000000004 45.994011976047908 118.24500000000002 1 31.388858678697812 2012.5000000000002 2 61.284891930053227 2012.5000000000002 30.838886145801393 5.0227420978678712 1492.1318174359053 20.725971827968376 3 4 5 505.96398518551365 76.601944124541689 2009.5000000000002 2.8517971510916271 6 12.274832804103687 24.008196721311482 145.05000000000004 5.0227420978678712 7 30.317658637028046 20.340609755640614
decision_type=10 1 10 10 10 9 10 2 9 10 2 10 10 10 10 9 9 9 10 10 2 10 9 10 8 10 10 9 10 10
left_child=1 5 4 6 12 -1 -3 8 -7 -5 16 14 13 -2 -10 -16 -4 -17 20 -20 -6 -18 -14 -22 -19 26 -26 -28 29 -25
right_child=2 3 10 9 18 7 -8 -9 11 -11 -12 -13 22 -15 15 17 21 24 19 -21 23 -23 -24 28 25 -27 27 -29 -30 -31
leaf_value=-0.37688790570657987 0.21740813977691359 -0.19208935310165864 0.88221007476184543 -0.11622669416593784 0.35821231085580379 -0.33777522237169905 -0.28610117863503343 0.4228426659292075 -0.21381264059740959 0.0059944940024198859 0.70673677942587121 -0.077181206158620008 0.50905350184549736 0.4415888316865168 -0.24143088174790006 -0.16858412622474134 0.65030776077096442 -0.30265983822128989 0.44707617955737572 0.13061425388234252 0.29922309484240034 0.41732048123264032 0.14166049142501891 0.21495873299519438 0.26962359048105278 0.85023031996992915 -0.26856394479553081 0.14296817567465114 0.3868675036240708 -0.5083161404900276
leaf_weight=523 4281 46674 443 22047 3704 564 14242 808 536 8340 4002 2174 427 2473 432 527 1445 220 8099 626 763 3604 7886 182 3512 117 331 6695 165 313
leaf_count=523 4281 46674 443 22047 3704 564 14242 808 536 8340 4002 2174 427 2473 432 527 1445 220 8099 626 763 3604 7886 182 3512 117 331 6695 165 313
internal_value=-1.01798e-05 -0.132155 0.370633 -0.170341 0.296186 0.0799371 -0.214069 0.0951254 0.0776615 -0.0826819 0.5974 0.0939394 0.223255 0.299493 0.124089 0.139394 0.517727 0.1539 0.375513 0.424371 0.292369 0.483044 0.161315 0.120984 0.169668 0.179579 0.172133 0.123402 -0.0850717 -0.242385
internal_weight=146155 107742 38413 91303 28919 16439 60916 15916 15108 30387 9494 14544 15067 6754 12370 11834 5492 11402 13852 8725 5127 5049 8313 1423 10875 10655 10538 7026 660 495
internal_count=146155 107742 38413 91303 28919 16439 60916 15916 15108 30387 9494 14544 15067 6754 12370 11834 5492 11402 13852 8725 5127 5049 8313 1423 10875 10655 10538 7026 660 495
cat_boundaries=0 1 83 164 244 326 406 491 573
cat_threshold=1 268435456 0 0 0 0 0 0 0 16 0 0 0 0 0 0 0 0 0 0 0 0 0 0 0 0 2097152 0 0 0 0 0 0 0 0 0 0 0 0 0 0 0 0 0 0 0 0 0 0 0 0 134217728 0 8192 537919488 0 0 0 0 0 268435456 0 0 0 67108864 1048580 1073741832 12847172 0 0 0 0 67108864 0 10485760 0 0 0 0 270532688 134217728 134217728 35840 1 8913408 0 0 0 0 0 0 0 0 0 0 0 0 0 0 0 0 0 0 0 0 0 0 0 0 0 0 0 0 0 0 0 0 0 0 0 0 0 0 0 0 0 0 0 0 0 0 0 0 0 2147516928 0 0 134349313 0 0 0 0 0 0 0 0 0 67108864 8388608 16777472 33 0 0 8192 65536 33554432 2147483656 32 0 0 0 2147484033 536870912 641 134217728 1048704 0 0 0 0 0 128 0 33554432 0 0 0 0 0 0 0 0 0 0 0 0 0 0 0 0 0 0 0 0 0 0 0 0 0 0 0 0 0 0 0 0 0 0 0 0 0 0 134217728 0 0 268435456 32788 2105344 4 772 0 0 0 0 0 0 0 0 598017 537133056 131104 0 0 2048 0 0 0 0 0 0 0 0 0 2155872256 0 0 1 0 34816 320 0 0 0 0 0 65536 0 0 0 0 0 0 0 0 0 0 0 0 536871952 0 0 0 0 0 0 0 0 0 0 0 0 0 0 0 0 0 0 0 0 134217728 16 0 0 8 0 0 0 0 0 0 0 0 0 0 0 17408 0 0 0 0 0 0 0 0 0 2 536870912 32770 536871936 134349056 0 0 0 0 0 131077 0 0 0 0 0 0 2 16 0 0 0 0 8196 0 0 0 0 0 0 0 0 0 0 0 0 0 0 0 0 0 0 0 0 0 0 0 0 0 0 0 0 0 1 0 0 0 0 0 0 0 67108864 67371012 9965568 66198 4202498 32768 0 0 0 0 0 0 0 1073741824 2147487744 8192 0 541065216 0 0 0 0 0 0 0 0 0 0 16781312 65536 0 0 1048832 0 0 0 256 0 0 0 0 16777216 2147483648 8392704 0 0 2048 0 0 0 0 0 0 256 16385 68419584 0 0 0 536870912 272 0 0 0 0 0 0 67108864 1310976 0 131072 67108864 4 0 0 1075315200 0 0 0 0 0 0 0 4194304 0 0 0 0 0 0 0 0 0 0 0 0 0 0 0 0 0 0 0 0 0 0 16384 0 0 1073741824 0 0 0 0 536870912 256 0 0 0 0 0 0 0 0 0 0 0 0 0 0 0 0 0 0 0 0 0 0 131072 0 128 0 0 0 0 0 0 0 0 0 0 0 0 0 0 1048576 0 0 0 0 0 0 0 0 0 0 576719968 4194306 4352 0 0 0 0 0 33554432 0 0 0 0 0 1040 129 0 0 0 0 0 0 0 0 0 0 1073741824 1073872896 4096 0 524288
is_linear=0
shrinkage=0.03


Tree=55
num_leaves=31
num_cat=5
split_feature=4 4 0 4 13 4 4 10 0 9 15 10 15 7 15 6 8 6 12 15 10 12 11 10 12 12 12 8 5 5
split_gain=7.48601e+06 1.02738e+06 528343 222993 203652 172420 171735 98797.6 81388.9 78422.8 70313.9 69404.7 65523.4 63547.8 61225.4 60492.7 63097.4 58107.5 100244 57358.8 58686.3 80062.2 56902.5 56238.4 54812.1 109237 83423.5 54550.7 53125.6 50264.6
threshold=73.201729283508811 131.12666666666669 51.902380952380959 104.81000000000002 0 37.801209910154491 161.46750000000003 6.8825504995125302 114.03947368421053 2100.7924611210178 1 15.393350139209682 2 17.810029729488857 3 21.966893130279161 1084.3786602254302 21.140638480877165 1993.5000000000002 4 46.36921128572606 2003.5000000000002 53.977850100974742 2.0000768772501454 2012.5000000000002 2009.5000000000002 2002.5000000000002 450.92074802072779 -8.5499999999994127 -8.000000000000993
decision_type=10 10 8 10 1 10 10 10 10 10 9 10 9 10 9 10 10 10 2 9 10 2 10 10 2 2 2 10 10 10
left_child=2 3 5 7 8 27 24 14 22 -6 -5 15 -9 -13 -2 -12 23 18 -16 -14 21 -21 -4 29 25 26 -3 -1 -19 -17
right_child=1 6 4 10 9 -7 -8 12 -10 -11 11 13 19 -15 17 16 -18 28 -20 20 -22 -23 -24 -25 -26 -27 -28 -29 -30 -31
leaf_value=-0.2841976685711301 -0.12538878298317085 0.34150093588523661 -0.018993511355174689 -0.1475673883525368 -0.063841582538489594 -0.13579193993074087 0.65441260914152266 -0.34835180209906491 0.37726877709746798 -0.22101720734560823 0.14934420088658218 0.13734251846228146 0.41490878388526781 0.43782619310367804 -0.50319303210318822 0.78072422814355436 -0.37326032306593238 0.51781168212787976 0.19908284720174363 0.025480830433911816 -0.101552684033059 0.23802238330472034 0.15642292500830968 0.32397613127403374 0.54785784506590407 0.17924168635526039 0.55582212675900777 -0.20944708379249857 0.24112566308005814 0.43393031457107983
leaf_weight=12616 441 3099 3768 315 18495 27966 4846 318 807 3379 1243 3148 438 793 243 433 101 711 740 4337 1535 2523 2981 5733 3122 1617 3459 28946 5137 2865
leaf_count=12616 441 3099 3768 315 18495 27966 4846 318 807 3379 1243 3148 438 793 243 433 101 711 740 4337 1535 2523 2981 5733 3122 1617 3459 28946 5137 2865
internal_value=-9.29405e-06 0.310882 -0.148285 0.209965 -0.0417391 -0.193385 0.505013 0.134086 0.0925338 -0.0881214 0.295137 0.304768 0.0684928 0.197805 0.216628 0.345692 0.372418 0.238543 0.0254785 0.0837992 0.0660509 0.10365 0.0584871 0.380757 0.440926 0.40009 0.454544 -0.232137 0.274765 0.479461
internal_weight=146155 47197 98958 31054 29430 69528 16143 16423 7556 21874 14631 14316 9151 3941 7272 10375 9132 6831 983 8833 8395 6860 6749 9031 11297 8175 6558 41562 5848 3298
internal_count=146155 47197 98958 31054 29430 69528 16143 16423 7556 21874 14631 14316 9151 3941 7272 10375 9132 6831 983 8833 8395 6860 6749 9031 11297 8175 6558 41562 5848 3298
cat_boundaries=0 1 85 167 250 330
cat_threshold=1 0 0 0 0 0 2048 0 0 0 1048576 0 0 0 0 0 0 0 0 0 0 0 0 0 0 0 0 0 0 262144 0 0 0 8 0 0 0 0 0 0 538968064 4194304 147520 4096 0 0 0 0 2147483648 16 2097152 0 4194304 512 0 262144 134217728 0 0 0 0 0 2155872256 32 1024 0 0 0 0 8 0 0 0 0 0 0 0 0 0 2 1073741824 0 0 0 4194304 32768 0 0 0 0 0 0 0 0 0 0 0 0 0 0 0 0 0 0 0 0 0 0 0 0 0 0 0 0 0 0 134217728 0 0 0 0 0 0 0 0 0 0 0 0 0 0 0 0 0 0 0 33588224 526340 134 8388608 0 0 0 0 0 0 0 0 0 40 0 0 0 0 4096 0 512 0 0 33554432 0 0 1073741824 1090523136 2147483648 2099200 524288 0 0 0 0 0 8388608 0 0 0 0 0 0 4100 0 0 0 0 0 0 0 0 0 0 0 0 0 0 2097664 0 0 0 0 17039616 2147491968 0 0 0 0 0 0 0 0 0 0 0 0 0 0 8 0 8 16 0 73728 0 0 0 0 0 0 10485760 16779264 278528 266240 0 0 0 536870912 0 0 0 0 0 0 0 0 0 0 1 263168 524288 0 4160 0 0 0 0 8192 0 256 0 536870944 0 526336 0 16385 256 0 0 0 0 0 0 0 0 0 88080384 0 4194816 0 0 0 0 33554433 256 0 0 0 0 0 16777216 2048 0 0 0 0 0 0 0 0 0 0 0 0 0 0 0 0 0 0 0 1048576 134217728 0 4 0 0 0 64 2147483648 32768 0 0 1109393408 0 16384 0 0 0 2097152 4 0 1073741824
is_linear=0
shrinkage=0.03


Tree=56
num_leaves=31
num_cat=3
split_feature=4 13 0 4 1 0 3 4 12 8 10 15 12 10 10 15 7 5 0 10 8 7 3 7 6 8 6 5 12 9
split_gain=7.04553e+06 860169 647901 352453 131728 112314 111044 99606.6 96301 154394 95914.4 94853.1 92893.7 82798.2 81527.1 73374.2 66437.4 85167.9 63608.6 63181.4 60757.5 59088 101433 56403 55866.6 53258.9 53254.1 55414.1 52119.6 52073.4
threshold=91.810000000000016 0 148.25000000000003 41.240335196138041 125.05000000000001 11.950000000000001 176.5833333333334 55.323279041593757 1999.5000000000002 459.08306886045744 29.558125798176921 1 2003.5000000000002 11.763804278935799 9.8909764615286555 2 10.050419132855838 -8.000000000000993 31.001818181818184 5.2240563690733541 940.38048231980395 14.344143105208749 102.64166666666669 10.050419132855838 20.725971827968376 940.38048231980395 25.830987107620086 -12.66000000000181 1998.5000000000002 1685.3448300980797
decision_type=10 1 10 10 10 8 10 10 2 10 10 9 2 10 10 9 10 10 10 10 10 10 8 10 10 10 10 10 2 10
left_child=1 5 4 14 8 -1 19 -5 20 29 11 -7 15 16 23 -13 -6 -18 -16 25 -2 22 -12 -3 -17 -4 27 28 -26 -10
right_child=2 3 6 7 13 10 -8 -9 9 -11 21 12 -14 -15 18 24 17 -19 -20 -21 -22 -23 -24 -25 26 -27 -28 -29 -30 -31
leaf_value=-0.420523197300119 0.13640259245773242 -0.23938683000077729 0.58154566804125041 -0.11832889808606267 0.20670652757743066 -0.24365756605170949 0.70733353950683664 -0.0070886526025953078 0.16651828718765602 0.35032146352491483 -0.14222145991513924 -0.32753090976214988 0.34939408282599538 0.23282099811660506 -0.28089718700110949 -0.20563061822082776 0.77331706643607356 0.40851222543010146 -0.19561093974001831 0.41045639123830113 -0.37762865811864904 -0.068240746717788736 0.73112680214719894 -0.1370168041602792 0.37695098676256494 0.060983371663352708 0.09041367584294463 0.092233652538318486 -0.66819630503654481 -0.12666145921002753
leaf_weight=401 6281 6757 4574 25865 1220 564 2457 10063 1681 6335 245 318 1809 3822 16217 424 652 4939 15292 5247 214 3983 234 17109 1787 184 5388 1242 44 807
leaf_count=401 6281 6757 4574 25865 1220 564 2457 10063 1681 6335 245 318 1809 3822 16217 424 652 4939 15292 5247 214 3983 234 17109 1787 184 5388 1242 44 807
internal_value=-9.4388e-06 -0.12438 0.348829 -0.160348 0.26345 0.0753876 0.526624 -0.0871718 0.207137 0.271675 0.087787 0.133335 0.152726 0.344575 -0.207826 0.114234 0.407286 0.451054 -0.239506 0.482246 0.119466 -0.0303818 0.284425 -0.166 0.130267 0.561415 0.147254 0.246913 0.351835 0.0714234
internal_weight=146155 107742 38413 91303 25951 16439 12462 35928 15318 8823 16038 11576 11012 10633 55375 9203 6811 5591 31509 10005 6495 4462 479 23866 8885 4758 8461 3073 1831 2488
internal_count=146155 107742 38413 91303 25951 16439 12462 35928 15318 8823 16038 11576 11012 10633 55375 9203 6811 5591 31509 10005 6495 4462 479 23866 8885 4758 8461 3073 1831 2488
cat_boundaries=0 1 84 164
cat_threshold=1 0 0 0 0 0 0 0 4128 0 0 0 0 0 0 0 0 0 0 0 0 0 0 0 0 0 0 0 0 0 0 0 0 2 0 0 0 0 0 0 0 0 0 0 0 0 0 0 0 134217728 0 0 0 0 536871424 172549 832 0 0 0 0 0 0 0 0 0 8650752 17170436 32 0 0 0 0 0 0 0 0 0 0 2147484033 2290089984 0 0 128 0 0 0 0 0 0 0 0 0 33554432 0 0 0 0 0 0 0 0 0 0 0 0 0 0 0 0 0 0 0 0 0 0 262144 0 0 0 0 0 0 0 0 0 0 0 0 0 0 0 0 0 67108864 67141632 32768 0 148897810 32788 0 0 0 0 0 0 0 0 4096 8192 289 0 0 0 0 0 0 0 1048576 0 0 0 8388616 66560
is_linear=0
shrinkage=0.03


Tree=57
num_leaves=31
num_cat=6
split_feature=4 4 0 4 13 3 0 10 3 9 0 15 15 7 12 5 15 10 6 4 8 8 12 13 11 3 15 7 0 8
split_gain=6.6357e+06 914397 471265 197961 177724 156806 155221 89940.7 75821.8 72201.4 69529 68426.5 66882.5 63886.8 93165.2 101545 59348.2 57798.2 72847.3 55312 54235.9 54155.1 53404.3 56749.3 51641.9 51068.1 50681.8 53023.2 47648.9 47509.4
threshold=73.201729283508811 131.12666666666669 51.902380952380959 105.74500000000002 0 32.003911722092361 169.05000000000004 16.071543730157224 74.671078365094971 2100.7924611210178 17.005747126436784 1 2 13.321433129373201 1997.5000000000002 -0.5300737856123533 3 7.8131059775759564 23.646534323370499 50.200764536248421 199.17238573071299 905.65875469600303 1999.5000000000002 4 36.936265250226768 198.68333333333337 5 17.450942920991917 51.902380952380959 500.36430773979174
decision_type=10 10 8 8 1 10 10 10 8 10 10 9 9 10 2 10 9 10 10 10 10 10 2 1 10 10 9 10 10 10
left_child=2 3 5 7 8 -1 -3 10 -4 -6 -2 -5 -12 14 24 -16 -9 18 21 -7 -15 -13 -14 -24 -10 -8 -19 -28 -11 -22
right_child=1 6 4 11 9 19 25 16 13 28 12 17 22 20 15 -17 -18 26 -20 -21 29 -23 23 -25 -26 -27 27 -29 -30 -31
leaf_value=-0.24073039646261471 -1.0674895219802747 0.40933322472715367 -0.051282957856153367 -0.16133715272992732 -0.059017325703931131 -0.1576786154591269 0.57992235050210639 0.36768007188690782 0.77904445630675412 -0.36677420940021127 -0.17348644508283265 0.25731513349942553 0.13039305077545441 0.93598363695606102 -1.1903719882421855 0.28349684089422222 0.011361674902849743 0.52885549253765529 0.42454392987638501 -0.035240027946483669 -0.13015666565277662 -0.57431623538956045 0.075245563312739849 0.31777053708458736 0.27749865540485374 0.929240172100814 0.15199667815471068 0.39360694925284867 -0.12896459451520548 0.12890234321047747
leaf_weight=25871 40 10683 2437 307 18495 40036 5053 444 205 1149 443 3322 4939 62 79 90 5767 441 4412 3621 976 72 1095 4195 1872 407 4582 995 2230 1835
leaf_count=25871 40 10683 2437 307 18495 40036 5053 444 205 1149 443 3322 4939 62 79 90 5767 441 4412 3621 976 72 1095 4195 1872 407 4582 995 2230 1835
internal_value=-1.03282e-05 0.292692 -0.139612 0.197486 -0.0389849 -0.182205 0.475838 0.128271 0.0864497 -0.0823142 0.180934 0.280376 0.185613 0.15202 0.271886 -0.405471 0.0374438 0.290092 0.344163 -0.147523 0.0583132 0.239673 0.201138 0.267569 0.327001 0.605961 0.220439 0.194753 -0.20983 0.0389551
internal_weight=146155 47197 98958 31054 29430 69528 16143 16923 7556 21874 10712 14131 10672 5119 2246 169 6211 13824 7806 43657 2873 3394 10229 5290 2077 5460 6018 5577 3379 2811
internal_count=146155 47197 98958 31054 29430 69528 16143 16923 7556 21874 10712 14131 10672 5119 2246 169 6211 13824 7806 43657 2873 3394 10229 5290 2077 5460 6018 5577 3379 2811
cat_boundaries=0 1 85 168 246 247 333
cat_threshold=1 0 0 0 0 0 2048 0 0 0 1048576 0 0 0 0 0 0 0 0 0 0 0 0 0 0 0 0 0 0 262144 16777216 0 0 8 0 0 0 0 0 0 538968064 4196352 409600 0 0 4194304 0 0 0 16 0 0 4194304 512 0 0 134217728 0 0 0 0 0 8388608 524320 0 0 0 0 0 8 0 0 0 0 0 0 0 0 0 2 1073741825 0 0 0 4194304 0 0 0 0 0 0 0 0 0 0 0 0 0 0 0 0 0 0 0 0 0 0 0 0 0 0 0 1073741824 0 0 0 0 16777216 8320 0 0 0 0 0 0 0 0 0 0 0 0 0 0 0 0 1024 16 0 8320 0 131072 0 0 0 0 0 0 393216 0 65536 0 0 536870912 512 268439552 268435456 0 0 0 0 0 0 67108864 8388905 134480896 655360 0 4096 0 0 1280 0 8192 0 256 1048896 536870944 4 0 0 262144 8389120 0 0 0 0 0 0 0 0 0 4194304 0 4194816 0 0 0 0 33554433 0 0 0 0 0 0 16777216 1024 0 0 0 0 0 0 0 0 0 0 0 0 0 0 0 0 0 0 0 1114112 134217728 0 0 0 0 0 0 0 0 0 0 35651584 0 16384 0 4194304 262144 2097152 4 4 0 0 0 4 0 65536 32768 0 0 0 0 0 0 4096 0 0 16384 0 0 0 0 0 0 0 1048576 69632 32 0 0 536870912 18874368 0 0 0 0 0 0 0 67108864 2147483648 1 67108864 536871168 80 2097156 2884104 134217728 8 0 0 0 0 0 0 0 0 0 0 0 0 0 0 0 0 0 4096 0 0 0 8 0 0 0 0 0 0 0 0 0 0 0 0 0 0 0 8
is_linear=0
shrinkage=0.03


Tree=58
num_leaves=31
num_cat=3
split_feature=4 0 0 4 13 4 3 12 10 15 15 0 0 0 10 7 5 12 2 12 10 12 10 12 4 6 9 8 6 12
split_gain=6.24364e+06 862247 443862 206339 185326 143434 133370 100421 95779 77684.7 75657 72456.1 69971.7 67103.2 66238.6 65970.4 63887.1 62121.4 100237 94278.2 59885.3 65633.1 57427.2 73607.1 53392.2 53115.3 49713.3 45771.6 57969.1 45523.4
threshold=73.201729283508811 140.05000000000004 49.008928571428577 108.29000000000002 0 163.71000000000001 31.333333333333339 1995.5000000000002 5.462794508235179 1 2 11.950000000000001 56.009259259259267 131.05000000000004 5.2240563690733541 13.539626217649738 -16.000000000002014 1993.5000000000002 79.109748427672969 1994.5000000000002 21.474534258313881 2010.5000000000002 44.854494687409108 2003.5000000000002 47.807612231620048 30.258567075669053 1236.4443084930681 600.02534032354015 25.973299824757646 2002.5000000000002
decision_type=10 10 8 10 1 10 10 2 10 9 9 10 10 10 10 10 10 2 10 2 10 2 10 2 10 10 10 10 10 2
left_child=2 3 6 8 9 7 -1 -3 15 -4 -10 -12 -6 27 -9 -2 -5 18 26 -19 29 -22 23 -13 -8 -23 -18 -11 -29 -21
right_child=1 5 4 16 12 -7 24 14 10 13 11 22 -14 -15 -16 -17 17 19 -20 20 21 25 -24 -25 -26 -27 -28 28 -30 -31
leaf_value=-0.23754240419839492 0.15597091347896716 0.11654521257968832 -0.31236964404127493 0.61482415536455659 -0.12821488205583351 0.61227562405361013 -0.16011416705637346 0.51447084513713548 -0.3799977515419809 0.023479484164216309 -1.3202748732133345 0.054119033904269566 -0.029823516581350212 0.51067359301752757 0.36471529732160091 0.35844182423099952 0.01983449534295087 0.66510180065220437 -0.30999509419436039 0.21922062739467593 0.23919640824360452 -0.24234909262448495 -0.060553303604980568 0.23880385719759245 -0.046713942410849758 0.33011813345975072 0.70792875061850802 0.40266668624955665 0.09251989838535013 0.35965518301796418
leaf_weight=24135 5524 968 419 502 15141 4278 36341 5052 318 4356 33 5317 11405 347 5610 1963 188 565 414 3391 1788 562 1914 3060 4165 197 190 761 1888 5363
leaf_count=24135 5524 968 419 502 15141 4278 36341 5052 318 4356 33 5317 11405 347 5610 1963 188 565 414 3391 1788 562 1914 3060 4165 197 190 761 1888 5363
internal_value=-8.84199e-06 0.283915 -0.135423 0.192484 -0.0482227 0.463747 -0.181717 0.409112 0.126846 0.0806306 0.069008 0.0831259 -0.0859428 0.103313 0.435674 0.209056 0.282906 0.269743 0.0124967 0.286913 0.268005 0.139975 0.0877069 0.121582 -0.148454 -0.0937641 0.365702 0.083281 0.181618 0.305256
internal_weight=146155 47197 98958 31289 34317 15908 64641 11630 18129 7771 10642 10324 26546 7352 10662 7487 13160 12658 792 11866 11301 2547 10291 8377 40506 759 378 7005 2649 8754
internal_count=146155 47197 98958 31289 34317 15908 64641 11630 18129 7771 10642 10324 26546 7352 10662 7487 13160 12658 792 11866 11301 2547 10291 8377 40506 759 378 7005 2649 8754
cat_boundaries=0 1 81 163
cat_threshold=1 268435457 1573376 0 0 0 0 0 4130 0 0 67108864 0 0 0 0 0 0 0 0 0 0 0 0 0 0 2097152 0 0 0 0 0 0 0 0 0 0 0 0 0 0 0 0 0 0 0 0 0 0 0 0 67108864 0 0 3145728 0 272 0 0 0 0 0 0 0 1107296256 2148143104 0 16908544 1 0 0 2048 65536 33554432 2147483648 32 8 0 0 0 536870912 32768 0 0 0 0 0 0 0 0 0 0 0 0 0 0 0 0 0 0 0 0 0 0 0 32768 0 0 0 0 0 0 134348800 0 0 0 0 0 0 0 0 0 0 0 0 0 0 0 0 0 0 0 33555456 526336 146 8388608 0 0 0 0 0 0 0 0 0 65568 0 0 0 0 4096 0 0 0 0 33554432 0 0 1073741824 1090539552 2147483648 2097152 524288
is_linear=0
shrinkage=0.03


Tree=59
num_leaves=31
num_cat=7
split_feature=4 13 4 4 12 4 15 4 12 12 15 12 12 6 10 8 10 8 15 15 6 15 12 9 13 12 9 10 0 7
split_gain=5.87698e+06 715669 552299 300154 140710 107720 105191 98361.9 97507 93304.7 102190 85001.3 112949 98862.2 74883.2 73971 71106.9 65553.4 64893 62694.2 64700.3 59551.8 56731.3 56353.2 55069 62561.2 53695.8 84772.1 53187.2 52241.6
threshold=91.810000000000016 0 145.63000000000005 39.222471304953316 2012.5000000000002 108.29000000000002 1 54.845263082290948 2010.5000000000002 2012.5000000000002 2 2012.5000000000002 2011.5000000000002 29.864520400519407 50.544898985911026 485.22356908565843 9.8909764615286555 1044.3379687268839 3 4 20.558457736601266 5 2017.5000000000002 1675.3761635071671 6 2002.5000000000002 2338.9873440980978 21.474534258313881 36.719905956112861 11.774919341187983
decision_type=10 1 10 10 2 10 9 10 2 2 9 2 2 10 10 10 10 10 9 9 10 9 2 10 1 2 10 10 10 10
left_child=1 6 4 16 5 21 -1 -5 17 10 -8 12 -4 23 19 -6 -3 18 -7 -12 -21 -2 29 -14 -18 -26 27 -10 -23 -17
right_child=2 3 11 7 15 8 9 -9 26 -11 14 -13 13 -15 -16 22 24 -19 -20 20 -22 28 -24 -25 25 -27 -28 -29 -30 -31
leaf_value=-0.3975361615067019 -0.25604444634124457 -0.15357580575721644 0.4868872498501966 -0.11361616549245643 0.16376157479464296 -0.12030011690704219 -0.33068158567229594 -0.0073574657334506306 0.15802931074798107 0.39086653996578025 -0.2422503054161648 0.62723013557669205 0.13593404241637749 0.8571790155497464 -0.10391544682540992 0.27326856808060357 -0.18175308596816164 -0.36092248822178907 0.31070749951909898 -0.23246750327107174 0.1304778378334141 -1.3900159585475922 0.11758700941839526 -0.52880657374821038 -0.31525432653416446 -0.19351259292033382 0.70812917189206925 -0.36253150831621583 0.15888769343944628 0.57138190460109617
leaf_weight=415 322 20888 5459 30756 899 322 559 10523 785 829 445 3693 275 110 1765 669 13512 136 13657 459 11967 20 372 197 9105 6519 96 439 8433 2529
leaf_count=415 322 20888 5459 30756 899 322 559 10523 785 829 445 3693 275 110 1765 669 13512 136 13657 459 11967 20 372 197 9105 6519 96 439 8433 2529
internal_value=-9.99792e-06 -0.113599 0.318589 -0.146407 0.252317 0.223767 0.0686178 -0.0865283 0.27148 0.0808882 0.0640298 0.513846 0.444531 0.0472451 0.079277 0.406983 -0.195819 0.294539 0.300916 0.10446 0.116977 0.13984 0.468231 -0.141511 -0.226103 -0.264458 0.0249107 -0.0286751 0.15504 0.509019
internal_weight=146155 107742 38413 91303 28679 24210 16439 41279 15435 16024 15195 9734 6041 582 14636 4469 50024 14115 13979 12871 12426 8775 3570 472 29136 15624 1320 1224 8453 3198
internal_count=146155 107742 38413 91303 28679 24210 16439 41279 15435 16024 15195 9734 6041 582 14636 4469 50024 14115 13979 12871 12426 8775 3570 472 29136 15624 1320 1224 8453 3198
cat_boundaries=0 1 83 164 245 325 406 407
cat_threshold=1 0 64 0 0 0 0 0 0 4194320 0 0 4096 0 0 0 0 0 0 0 0 0 0 0 0 0 0 0 0 0 0 0 0 0 0 0 0 0 0 0 0 0 0 0 0 0 0 0 0 0 0 134217728 2147483648 8192 1048576 0 0 0 0 0 0 0 0 0 603979776 1048580 1073741832 12847172 0 0 0 0 0 0 0 256 0 0 0 270532608 0 134217728 35840 1 8913408 0 0 0 0 0 0 0 0 0 0 0 0 0 0 0 0 0 0 0 0 0 0 0 0 0 0 0 0 0 0 0 0 0 0 0 0 0 0 0 0 0 0 0 0 0 0 0 0 0 33280 0 536870912 134349313 0 0 0 0 0 0 0 0 0 67108864 0 16777472 33 0 0 8192 0 33554432 8388616 32 0 0 0 2147484049 671088640 641 0 0 0 0 0 2048 268435456 0 0 0 0 0 0 0 0 0 0 0 512 0 0 0 0 0 16777216 0 0 1024 0 16777216 0 2684389376 0 0 0 0 0 0 0 0 0 0 0 0 0 0 0 1619001344 32 0 32768 0 0 0 0 0 16384 0 0 0 0 0 0 16 0 0 0 1073741824 8 0 0 0 0 0 0 0 0 0 526848 4194561 36 0 1048704 0 0 0 0 0 524322 0 33554432 0 0 0 0 0 0 0 0 0 0 0 0 0 0 0 0 0 0 0 0 0 0 524288 0 0 0 0 0 0 0 0 0 0 0 0 0 0 0 134217728 0 0 0 20 2105344 4 772 0 0 0 0 0 0 0 0 598017 545521664 131072 0 0 2048 0 0 0 0 0 0 0 0 64 8388608 0 0 0 0 0 0 0 0 0 0 0 0 0 0 0 0 0 0 0 0 0 0 0 0 0 16384 512 8192 536870944 0 0 0 0 0 0 0 0 0 0 0 0 134742016 0 0 0 0 0 0 9 0 8 17 64 0 0 0 262144 0 0 0 0 0 131072 2367552 0 0 0 0 2 0 0 0 0 0 0 0 2097152 0 16416 33554512 2625536 4
is_linear=0
shrinkage=0.03


Tree=60
num_leaves=31
num_cat=9
split_feature=4 13 0 0 12 15 10 1 12 8 10 15 12 15 1 0 5 15 13 12 13 6 15 15 8 10 10 3 12 12
split_gain=5.53157e+06 737732 482294 288153 118483 137062 113782 107864 95358.7 126506 89680.3 83100.1 76027.6 65585 64038.4 63999.3 62480.6 61798.3 59727.8 57876.3 71219.8 55689.2 62271.3 56017.6 55529.7 53836.6 51410.5 50245 49400.1 94966.2
threshold=94.610000000000014 0 156.05000000000004 53.007936507936513 2012.5000000000002 1 20.060129346789104 125.05000000000001 1999.5000000000002 473.03047479309674 50.544898985911026 2 2012.5000000000002 3 1.0000000180025095e-35 19.011434511434516 -10.500000000001315 4 5 2003.5000000000002 6 20.558457736601266 7 8 940.38048231980395 2.8517971510916271 11.561061606061163 69.492677844675185 2001.5000000000002 2002.5000000000002
decision_type=10 1 10 10 2 9 10 10 2 10 10 9 2 9 8 8 8 9 1 2 1 10 9 9 10 10 10 8 2 2
left_child=1 4 7 6 5 -1 19 8 24 -10 11 -7 17 -13 -15 -9 -17 -4 -8 20 -3 -16 -23 -24 -2 -19 -18 -5 -28 -30
right_child=2 3 12 27 -6 10 18 15 9 -11 -12 13 -14 14 21 16 26 25 -20 -21 -22 22 23 -25 -26 -27 28 -29 29 -31
leaf_value=-0.48084292616170476 0.12417689663356876 -0.11496450210936597 0.77829713781238408 -0.056311977600919681 0.3909101467840253 -0.27236350621308136 -0.17721875492894024 -1.3782341794967869 0.087821864563898719 0.33844083919988605 -0.12784473216899817 -0.21993807935886578 0.60140372236412287 -0.44981160268945203 -0.19194625542356142 0.59160170946797974 0.35114275921196703 0.55266341977099664 -0.26998229944259777 -0.10029114726455908 -0.20831621839428791 -0.17879906717934371 -0.14564512452145889 0.16418142225998453 -0.37349103203907819 0.3360469403739576 0.38922628599080988 0.071423609187933321 -0.30019370476500745 0.21912125829716278
leaf_weight=416 5845 13241 434 13432 974 540 13915 20 2601 5981 1929 533 3999 177 482 720 7611 1446 11336 19454 16547 534 545 11713 209 3612 1174 3492 356 2887
leaf_count=416 5845 13241 434 13432 974 540 13915 20 2601 5981 1929 533 3999 177 482 720 7611 1446 11336 19454 16547 534 545 11713 209 3612 1174 3492 356 2887
internal_value=-1.18248e-05 -0.10726 0.317592 -0.1417 0.0691886 0.0506127 -0.167087 0.253759 0.198168 0.262484 0.0643033 0.0898677 0.5019 0.103976 0.116965 0.317483 0.320143 0.429446 -0.218863 -0.140537 -0.166821 0.124611 0.136538 0.150299 0.106996 0.397189 0.303894 -0.0299558 0.222478 0.162114
internal_weight=146155 109260 36895 91417 17843 16869 74493 27404 14636 8582 16453 14524 9491 13984 13451 12768 12748 5492 25251 49242 29788 13274 12792 12258 6054 5058 12028 16924 4417 3243
internal_count=146155 109260 36895 91417 17843 16869 74493 27404 14636 8582 16453 14524 9491 13984 13451 12768 12748 5492 25251 49242 29788 13274 12792 12258 6054 5058 12028 16924 4417 3243
cat_boundaries=0 1 83 163 244 326 327 328 408 488
cat_threshold=1 0 524800 0 0 0 0 0 0 0 0 0 0 0 0 0 0 0 0 0 0 0 0 0 0 0 0 0 0 0 0 0 0 0 0 0 0 0 0 0 0 0 0 0 0 0 0 0 0 0 0 134217728 2147484160 0 536870912 0 0 0 0 0 0 0 0 0 0 67108864 1073741832 8652868 32 0 0 0 0 0 8 0 0 0 0 270532752 134217728 134218369 35840 1 1048704 0 0 0 0 0 0 16 0 0 0 0 0 0 0 0 0 0 0 0 0 0 0 0 0 0 0 0 0 0 0 0 0 0 0 0 0 0 0 0 0 0 0 0 0 0 0 0 0 0 32768 0 3145730 134349317 512 0 0 0 0 0 0 0 603979776 4 8650752 20971776 536870913 0 0 0 0 0 0 0 0 0 0 2147614977 536870912 0 0 0 0 0 0 0 524322 0 33554432 0 0 0 0 0 0 0 0 0 0 0 0 0 0 0 0 0 0 0 0 0 0 524288 0 0 0 0 0 0 0 0 0 0 0 0 0 0 0 134217728 0 0 268435456 8421398 8192 4227072 260 0 0 0 0 0 0 0 268435456 598017 536870912 131104 0 0 4096 0 0 0 0 0 0 0 0 553648192 75497472 2 0 0 1 0 2048 448 0 134217728 0 0 0 65536 0 0 0 0 0 0 0 0 0 0 0 0 536871952 0 0 0 0 0 0 0 0 0 0 0 0 0 0 0 0 0 0 0 0 134217728 0 0 0 8 0 0 0 0 0 0 0 0 0 0 0 17408 0 0 0 0 0 0 0 0 0 2 536870912 32770 536871936 134349056 0 0 0 0 0 131077 4 4 0 8519680 0 0 0 0 2147483712 0 16384 0 0 0 8196 0 0 0 0 0 0 0 0 0 0 0 0 0 0 0 67108864 0 0 0 0 0 0 0 0 0 33554432 0 0 0 1 0 0 0 0 0 0 0 0 33816584 5767168 640 8208 64 0 0 0 0 0 0 0 1073741824 135200 8192 33554432 4194304 0 2048 0 0 0 0 0 65536 0 0 0 2147549184 524288 2 0 0 0 134217728 0 69632 0 262144 0 0 0 0 0 0 0 0 0 0 0 0 0 0 0 0 2048 0 0 0 0 0 0 0 0 0 1 0 0 0 0 0 1048576 0 0 0 0 0 0 0 67108864 67109892 16785408 1073807376 2214592512 65536 0 0 0 33554432 0 0 393216 50331648 2147483648 16 129 0 0 0 0 0 0 0 0 0 0 0 4096 1024
is_linear=0
shrinkage=0.03


Tree=61
num_leaves=31
num_cat=9
split_feature=4 13 4 0 12 12 15 10 6 12 15 10 10 15 15 4 15 12 12 6 12 7 10 3 7 12 15 1 15 15
split_gain=5.20489e+06 694002 459129 273763 115348 111494 129216 92812.2 108655 99058 91263.3 86788.8 86399.7 83941.6 78439 78041.5 70495 77508.2 100782 84360.9 68807 123178 84649.6 68874.7 67455 87851.8 62194 60448.5 56735.5 51784
threshold=94.610000000000014 0 146.99000000000004 45.994011976047908 2012.5000000000002 2012.5000000000002 1 3.5807180592580505 21.966893130279161 1993.5000000000002 2 50.544898985911026 31.388858678697812 3 4 60.993555486683249 5 2012.5000000000002 2011.5000000000002 29.864520400519407 2011.5000000000002 17.032964036849531 21.474534258313881 112.35000000000001 9.681158379608684 2014.5000000000002 6 1.0000000180025095e-35 7 8
decision_type=10 1 10 10 2 2 9 10 10 2 9 10 10 9 9 8 9 2 2 10 2 10 10 10 10 2 9 8 9 9
left_child=1 5 4 12 7 6 -1 8 9 -2 -9 14 -3 -12 -8 -5 -4 18 -18 -20 23 22 -22 -15 -6 -26 -16 -28 -29 -10
right_child=2 3 16 15 24 -7 11 10 29 -11 13 -13 -14 20 26 -17 17 -19 19 -21 21 -23 -24 -25 25 -27 27 28 -30 -31
leaf_value=-0.464476603763048 -0.30505579703833091 -0.15444873797214742 0.80462524128364066 -0.089958115734977889 0.089303776610399316 0.37918284167208588 -0.2642315832186829 0.60254274290511023 -0.025899219134014592 0.2117101295191636 -0.31430579913017082 -0.12581792975704001 -0.23886381365868661 0.093940380744209587 -0.20784149426808382 0.024909960248157448 0.43864806507952925 0.57792545455241728 -0.17255796939437223 0.82249793343005639 0.057628883333117872 0.86513969320690987 -0.64859522550782522 0.23881280897850565 0.61740446757172807 0.32215713963435427 -0.4363172472331483 -0.18103346468939197 0.13440246399659989 0.36787629635919838
leaf_weight=420 431 46674 632 23630 597 974 540 423 322 1481 322 1943 14242 4634 554 6871 4656 3425 437 93 324 99 289 8144 1443 2442 177 528 12707 6701
leaf_count=420 431 46674 632 23630 597 974 540 423 322 1481 322 1943 14242 4634 554 6871 4656 3425 437 93 324 99 289 8144 1443 2442 177 528 12707 6701
internal_value=-1.21989e-05 -0.104046 0.30807 -0.137449 0.246885 0.0670939 0.0490742 0.219936 0.295723 0.0952216 0.172367 0.0624314 -0.174185 0.158641 0.0876894 -0.0640816 0.491117 0.466631 0.394028 0.00204618 0.170155 -0.116746 -0.275322 0.186274 0.386197 0.43182 0.101413 0.114333 0.121783 0.350309
internal_weight=146155 109260 36895 91417 27652 17843 16869 23170 8935 1912 14235 16449 60916 13812 14506 30501 9243 8611 5186 530 13490 712 613 12778 4482 3885 13966 13412 13235 7023
internal_count=146155 109260 36895 91417 27652 17843 16869 23170 8935 1912 14235 16449 60916 13812 14506 30501 9243 8611 5186 530 13490 712 613 12778 4482 3885 13966 13412 13235 7023
cat_boundaries=0 1 83 161 242 322 404 485 565 649
cat_threshold=1 0 524800 0 0 0 0 0 0 0 0 0 0 0 0 0 0 0 0 0 0 0 0 0 0 0 0 0 0 0 0 0 0 0 0 0 0 0 0 0 0 0 0 0 0 0 0 0 0 0 0 134217728 2147484160 0 536870912 0 0 0 0 0 0 0 0 0 0 67108864 1073741832 8652868 32 0 0 0 0 0 0 0 0 0 0 270533008 134217728 134218369 35840 0 0 67174400 33619984 16785416 65536 256 0 0 0 4096 0 0 268439552 0 0 0 0 0 0 0 0 0 65600 0 0 128 0 0 0 1048576 0 0 0 0 0 0 134217728 536871168 1024 0 0 0 0 2097216 536870912 8192 32 0 0 0 0 0 0 0 0 0 0 0 0 0 0 0 0 0 0 0 0 0 0 0 0 0 0 0 0 512 4096 0 0 0 0 0 0 0 0 0 0 0 0 0 0 16777216 0 0 0 0 0 0 0 0 0 32 0 0 134217728 4194304 512 0 3288866816 0 0 0 0 0 0 0 16777216 0 134938624 0 0 0 0 0 134217728 0 0 0 0 0 0 0 0 0 0 0 0 0 0 0 0 0 0 0 64 0 0 0 0 0 0 0 0 0 0 512 193 272644 1 1048704 0 0 0 0 0 0 16 0 0 0 0 0 0 0 0 0 0 0 0 0 0 0 0 0 0 0 0 0 0 0 524288 0 0 0 0 0 0 0 0 0 0 0 0 0 0 0 0 0 0 32768 0 3145730 134349317 512 0 0 0 0 0 0 0 603979776 8196 8650752 20971776 536870913 0 0 0 0 0 0 0 0 0 0 2147614721 536870912 0 0 0 0 2048 320 0 0 1024 0 0 0 0 12582912 16 4096 67108864 0 0 0 16384 1073741824 0 0 536870912 0 0 0 0 0 0 0 0 0 0 0 0 0 0 0 0 0 0 0 134217728 201327616 8388608 0 0 8 0 0 0 0 0 0 0 0 0 0 0 17408 0 0 0 0 0 0 0 0 0 2097154 536870912 32770 536870912 134217744 0 0 0 0 0 131077 0 0 0 0 0 0 0 524322 0 33554432 0 0 0 0 0 0 0 0 0 0 0 0 0 0 0 0 0 0 0 0 0 0 0 0 0 0 0 0 0 0 0 0 0 0 0 0 0 0 134217728 0 0 268435456 8421398 8192 6324224 33028 0 0 0 0 0 0 0 268435456 589825 536870912 131104 0 0 4096 0 0 0 0 0 0 0 0 553648192 75497472 2 0 8519680 0 0 0 0 2147483648 0 16384 0 0 0 8196 0 0 0 0 0 0 0 0 0 0 0 0 0 0 0 67108864 0 0 0 2 0 0 0 0 0 33554432 0 0 0 1 0 0 0 0 0 0 0 0 33816584 5242880 640 2214601746 64 0 0 0 0 0 0 0 1073741824 135168 0 0 4194312 0 0 0 0 0 0 0 65536 0 0 0 2147549184 0 0 0 0 0 4096 0 0 0 0 0 0 0 0 0 0 0 0 16384 0 0 0 0 0 0 0 0 0 0 0 0 0 4194304 0 0 0 0 0 0 0 0 0 0 0 0 0 0 0 0 2149842976 2130560 0 0 0 0 0 0 0 36 0 0 3271557120 1089568 1179648 0 0 0 0 262144 0 0 0 0 0 0 0 0 0 0 0 0 0 0 134217728
is_linear=0
shrinkage=0.03


Tree=62
num_leaves=31
num_cat=10
split_feature=4 13 4 4 15 12 12 15 15 1 8 10 6 12 15 15 12 7 10 7 12 15 4 10 15 10 0 15 7 13
split_gain=4.89763e+06 652878 432065 261895 110817 115654 104916 121919 90669.4 85740.7 81527.5 78678.1 97206.9 95492.9 83817 74638.9 70813.9 121242 76424.7 68786.4 87095.3 66145.7 65764.1 62107.5 56831.6 56751.5 55326.9 52987.2 49667.3 49267.6
threshold=94.610000000000014 0 146.99000000000004 39.222471304953316 1 2012.5000000000002 2012.5000000000002 2 3 58.701851851851863 586.0405460117928 4.3146673596598806 22.039101335904544 1993.5000000000002 4 5 2011.5000000000002 17.032964036849531 21.474534258313881 9.9390376347733334 2014.5000000000002 6 182.83000000000001 9.8909764615286555 7 9.7412154961418658 136.05000000000004 8 10.050419132855838 9
decision_type=10 1 10 10 9 2 2 9 9 10 10 10 10 2 9 9 2 10 10 10 2 9 10 10 9 10 10 9 10 1
left_child=1 6 4 23 -2 8 7 -1 -6 -5 15 12 13 -10 -13 -9 21 18 -18 -7 -21 -16 25 28 -23 -4 -17 -12 -3 -25
right_child=2 3 22 9 5 19 -8 10 11 -11 27 14 -14 -15 16 26 17 -19 -20 20 -22 24 -24 29 -26 -27 -28 -29 -30 -31
leaf_value=-0.45365164421957876 -0.23734821152666613 -0.21102650360250969 0.51451886754380816 -0.10133679593034162 -0.20624594997865203 0.11208110870186877 0.36780735627176275 -0.38354035342359966 -0.28114473184938132 0.00071960389880790969 -0.19236475315567314 0.57552528356215849 0.34406791010684629 0.21868985111451208 -0.24351256973695459 0.0055576143694070568 0.04701140259737021 0.83918550660664382 -0.63936382751401566 0.62983518753655166 0.32791754810968265 0.52542516087616753 0.71119054586025388 -0.16586959553828601 0.18044424420001418 0.35480130721657921 0.45680443107017449 0.15261582266751494 -0.10989098216807255 -0.24409738700202535
leaf_weight=416 427 6226 4891 31727 436 684 974 426 441 9666 418 459 7452 1564 313 8261 292 99 292 1365 2324 444 962 13512 11060 3390 252 7096 14662 15624
leaf_count=416 427 6226 4891 31727 436 684 974 426 441 9666 418 459 7452 1564 313 8261 292 99 292 1365 2324 444 962 13512 11060 3390 252 7096 14662 15624
internal_value=-1.09058e-05 -0.100927 0.29884 -0.133326 0.239485 0.24696 0.0650646 0.0475845 0.220002 -0.0775048 0.0604968 0.228283 0.294178 0.108751 0.180372 -0.000693302 0.165269 -0.131607 -0.296176 0.388399 0.439633 0.182568 0.47641 -0.179515 0.194204 0.449135 0.0188931 0.133372 -0.140036 -0.207819
internal_weight=146155 109260 36895 91417 27652 27225 17843 16869 22852 41393 16453 22416 9457 2005 12959 8939 12500 683 584 4373 3689 11817 9243 50024 11504 8281 8513 7514 20888 29136
internal_count=146155 109260 36895 91417 27652 27225 17843 16869 22852 41393 16453 22416 9457 2005 12959 8939 12500 683 584 4373 3689 11817 9243 50024 11504 8281 8513 7514 20888 29136
cat_boundaries=0 1 84 166 251 329 409 490 576 655 656
cat_threshold=1 0 0 0 0 0 0 0 0 0 0 0 0 0 0 0 0 0 0 0 0 0 0 0 0 32 0 8 8192 0 4194304 0 131072 0 0 4096 0 0 0 0 0 0 0 33554432 0 0 0 0 0 27 0 0 8388625 134217728 16777232 0 150994944 0 0 0 0 0 1310720 4194336 2101760 0 0 0 0 512 0 0 0 0 0 0 0 2097152 0 0 0 135168 0 512 0 524800 0 0 0 0 0 0 0 0 0 0 0 0 0 0 0 0 0 0 0 0 0 0 0 0 0 0 0 0 0 0 0 0 0 0 0 0 0 0 0 0 0 0 0 0 0 0 0 0 134217728 2147484160 0 536870912 0 0 0 0 0 0 0 0 0 0 67108864 1073741832 8652868 32 0 0 0 0 0 8 0 0 0 0 270532752 134217728 134218369 35840 0 0 0 0 0 0 0 0 0 0 0 0 0 0 0 0 0 0 0 0 0 0 0 0 16777216 0 8388608 0 4194336 512 0 1208483840 0 0 0 4096 0 0 0 16777216 0 134807552 0 0 0 0 0 8388608 0 32 32 0 0 0 0 0 0 256 0 0 0 18874368 525312 0 0 0 0 0 2 0 0 0 0 0 0 0 0 0 16928 2240 2105344 0 0 4194304 2097152 0 0 67174400 65560 16785416 65536 256 0 0 0 4096 0 0 268439552 0 0 0 0 0 0 0 0 0 65600 0 0 128 0 0 0 1048576 0 0 0 0 0 0 134217728 536871168 1024 0 0 0 0 2097216 536871424 0 32 0 0 0 0 0 0 0 0 0 0 0 0 0 256 0 0 0 0 0 0 0 0 0 0 0 0 0 0 512 4096 0 0 0 0 0 0 0 0 0 0 0 0 0 0 0 0 0 0 0 0 0 0 0 0 134217728 0 2 0 0 0 0 0 0 0 0 0 0 0 0 0 0 0 0 0 0 0 0 0 0 0 0 8 8192 2097154 134217729 0 0 0 0 4096 0 0 131072 335544320 33554432 0 4194304 0 0 0 8192 134283264 34603136 1048576 2080 4194312 0 1073741824 2164261128 536875008 0 0 0 0 0 0 268435456 0 0 0 0 0 0 0 0 0 0 0 0 0 0 0 0 0 0 0 0 134217728 0 526336 0 2776653824 0 0 0 0 0 0 0 0 0 131072 0 0 0 0 0 1275068416 4 0 0 0 0 0 0 262144 0 0 0 0 0 536870912 65536 32768 0 0 0 0 0 0 0 0 0 0 0 0 0 0 0 18874369 3108 0 0 8390656 557056 512 0 0 0 0 0 524288 0 2147614720 0 0 0 0 0 0 0 0 0 0 0 0 0 16777216 0 0 2097152 256 256 0 0 0 0 0 8192 0 268435460 0 1048576 536870912 80 8388612 6291456 10240 2 0 0 0 0 0 0 0 0 0 0 0 0 0 0 0 0 0 0 0 0 0 0 4194816 0 512 0 0 0 0 8388608 0 0 0 0 0 0 536870912 16384 0 1024 0 0 0 0 2147483648 596002 16 262144 67174400 0 0 0 0 0 0 0 0 0 0 0 0 0 0 0 0 0 0 0 0 0 0 0 0 0 0 512 33554432 0 8388608 2048 0 0 0 0 0 0 0 0 0 4 0 1122304 0 0 0 0 0 33554432 512 0 0 50331648 4128 0 0 536870912 0 2048 0 0 0 0 1048576 0 0 0 65 4
is_linear=0
shrinkage=0.03


Tree=63
num_leaves=31
num_cat=5
split_feature=4 13 0 3 15 8 8 12 12 15 8 12 15 10 12 6 2 12 4 6 9 0 0 15 2 12 10 6 10 6
split_gain=4.60835e+06 614199 410531 246913 101488 100376 96886.5 112149 90251.8 82550 72327 72833.8 70686.6 69367 66125.4 65617.8 64624.4 69620.7 63487.3 62902.5 61144.1 74053.5 59465.1 54969.7 53898.5 52955.1 52972.9 67277.6 51756.9 67516.4
threshold=94.610000000000014 0 156.05000000000004 43.468390324962975 1 509.73076770870352 535.14444777903884 2002.5000000000002 2011.5000000000002 2 940.38048231980395 2001.5000000000002 3 31.388858678697812 2012.5000000000002 21.359253923130442 79.109748427672969 1999.5000000000002 60.993555486683249 23.935816856639264 1694.3138286726041 46.404134366925071 136.05000000000004 4 140.05000000000004 2010.5000000000002 18.836245543834888 30.207721782064443 6.6101712377388981 21.252182142679853
decision_type=10 1 10 10 9 10 10 2 2 9 10 2 9 10 2 10 10 2 10 10 10 10 10 9 10 2 10 10 10 10
left_child=1 5 4 13 -2 22 9 10 12 -6 11 15 -7 -3 23 -8 -17 -18 -5 -19 21 -11 -1 -4 -13 -22 -27 -28 29 -14
right_child=2 3 14 18 6 8 7 -9 -10 20 -12 24 28 -15 -16 16 17 19 -20 -21 25 -23 -24 -25 -26 26 27 -29 -30 -31
leaf_value=-0.043584990488066695 -0.22856010144262029 -0.14743999622270779 0.72159135593396373 -0.082975950322750999 0.53148413321090726 -0.27307054860936369 -0.15943880218509082 0.36215253787923085 0.43171568193869997 -1.5745080147470747 -0.27843599972090799 -0.21520797230404165 -0.19222056891311312 -0.22353067834065912 0.55272168544934153 0.53585911858463431 0.17218005650462131 0.087353116778201997 0.023895898791857693 0.56533535122652756 0.11451039587827241 0.20951320019577976 0.43807702733063486 0.36210210358261091 0.54565597692131995 0.34304454198341494 -0.51302077667072676 0.12653696132952283 0.057792666494705235 0.24085997902617118
leaf_weight=6631 421 45109 432 25940 544 439 333 8332 774 21 274 517 358 14170 3999 738 3824 344 6198 886 2882 7396 239 5060 100 151 409 232 5993 3409
leaf_count=6631 421 45109 432 25940 544 439 333 8332 774 21 274 517 358 14170 3999 738 3824 344 6198 886 2882 7396 239 5060 100 151 409 232 5993 3409
internal_value=-1.11589e-05 -0.0979016 0.289879 -0.129326 0.230987 0.0630979 0.238154 0.287737 0.119399 0.172951 0.199364 0.218782 0.0956976 -0.165629 0.459924 0.250077 0.273622 0.235329 -0.0623651 0.431656 0.154747 0.204462 -0.0268285 0.392353 -0.0918913 0.054804 -0.162461 -0.281543 0.112449 0.199702
internal_weight=146155 109260 36895 91417 27404 17843 26983 15348 10973 11635 7016 6742 10199 59279 9491 6125 5792 5054 32138 1230 11091 7417 6870 5492 617 3674 792 641 9760 3767
internal_count=146155 109260 36895 91417 27404 17843 26983 15348 10973 11635 7016 6742 10199 59279 9491 6125 5792 5054 32138 1230 11091 7417 6870 5492 617 3674 792 641 9760 3767
cat_boundaries=0 1 82 160 241 323
cat_threshold=1 0 0 0 0 0 0 0 0 0 0 0 0 0 0 0 0 0 0 0 0 0 0 0 0 32 0 1073741832 8192 0 4194304 0 134356992 0 0 4096 0 0 0 0 0 0 0 33554432 0 0 0 0 0 27 0 0 8388625 134217728 16777232 0 134217728 0 0 0 0 0 4194304 32 2097152 0 0 0 131072 512 0 0 0 0 0 0 0 2097152 0 0 33554432 2232320 0 0 256 0 0 0 65536 0 0 0 0 0 2147745792 276828672 0 0 0 0 0 0 0 0 0 0 1048576 4 0 0 0 0 0 0 0 0 16777216 0 9437184 1 0 0 0 0 0 0 33816640 536870912 69632 10 0 0 0 0 0 0 0 0 0 0 4096 0 0 0 0 0 0 0 0 0 0 0 4194304 0 67109376 0 0 4096 520 8392704 268435456 8520194 0 0 0 0 2147483648 2082 0 0 0 0 0 0 0 0 0 0 0 0 0 0 0 0 0 0 0 0 0 0 0 0 0 0 0 0 0 0 33554432 0 0 0 0 0 0 0 0 0 0 0 134217728 0 8192 1048576 0 0 0 0 67108864 33554432 0 0 0 1090519040 135200 4 0 0 0 4096 0 0 64 0 288 0 0 0 2415919105 8388608 128 0 0 1 0 34816 448 0 134217728 0 0 0 65536 0 0 0 0 0 0 0 0 0 0 0 0 536870928 0 0 0 0 0 0 0 0 0 0 0 0 0 0 0 0 0 0 0 0 134217728 16 0 0 8 0 0 0 0 0 0 0 0 0 0 0 17408 0 0 0 0 0 0 0 0 0 2 0 32770 536871936 134349056 0 0 0 0 0 131077
is_linear=0
shrinkage=0.03


Tree=64
num_leaves=31
num_cat=7
split_feature=4 13 4 0 12 15 4 8 12 12 8 10 15 15 15 15 12 12 6 6 9 0 6 12 2 7 15 7 12 12
split_gain=4.33762e+06 594488 378652 236610 101971 118290 100547 95850.2 111537 91748.2 88459.5 81284.1 71218.4 67090.7 66302.4 65374.4 65947.3 90868.5 78682.6 63973.5 60318.6 69058.9 59616.3 61751.4 76727.1 60155.4 57458.1 56681.8 102068 50496.4
threshold=95.490000000000009 0 146.99000000000004 53.995768688293374 2012.5000000000002 1 32.020930449975999 535.14444777903884 2002.5000000000002 2001.5000000000002 940.38048231980395 31.388858678697812 2 3 4 5 2012.5000000000002 2011.5000000000002 29.864520400519407 20.558457736601266 1713.1070277860299 46.404134366925071 21.561311528299147 1999.5000000000002 84.450000000000017 12.354769480749768 6 14.344143105208749 1997.5000000000002 2001.5000000000002
decision_type=10 1 10 10 2 9 10 10 2 2 10 10 9 9 9 9 2 2 10 10 10 10 10 2 10 10 9 10 2 2
left_child=1 4 7 6 5 -1 -3 12 9 10 22 14 -2 -10 -7 -4 17 -17 -19 -16 21 -14 -9 24 -24 -25 -21 28 -13 -22
right_child=2 3 15 -5 -6 11 -8 8 13 -11 -12 27 20 -15 19 16 -18 18 -20 26 29 -23 23 25 -26 -27 -28 -29 -30 -31
leaf_value=-0.44332767546928803 0.51873619486484679 -0.1899256438152053 0.74493230290273971 -0.020895581187699814 0.35308734924164314 -0.23605316226993289 -0.11924893152385935 -0.11860981874382465 -0.081007444074561993 -0.15278064958083018 -0.29353476682677865 0.72268538432290208 -1.5686900210380554 0.36153522361728785 -0.22007491484530925 0.40113712367067583 0.52849548927399059 -0.18283774310159026 0.77834003106240301 -0.17931640467014759 0.19757626315107366 0.19655548441541831 0.48709313599148252 0.16268154930293111 0.15933397718777736 0.59734922030646542 0.13760179866528002 -0.095649390571800566 -0.22433049163109017 -0.047012781927844832
leaf_weight=426 470 30287 655 16082 1022 515 45080 382 323 653 288 217 20 8522 510 4640 3419 436 93 533 1166 7362 777 431 3722 855 11188 3707 194 2180
leaf_count=426 470 30287 655 16082 1022 515 45080 382 323 653 288 217 20 8522 510 4640 3419 436 93 533 1166 7362 777 431 3722 855 11188 3707 194 2180
internal_value=-8.53841e-06 -0.0941176 0.283816 -0.12536 0.0619061 0.0446946 -0.147651 0.227356 0.274581 0.186093 0.220374 0.0572514 0.160077 0.345692 0.0947223 0.449665 0.425782 0.358666 -0.0138594 0.108754 0.143747 0.191773 0.244374 0.268343 0.21594 0.451671 0.123155 -0.058589 0.275675 0.0382206
internal_weight=146155 109761 36394 91449 18312 17290 75367 27151 15953 7108 6455 16864 11198 8845 12746 9243 8588 5169 529 12231 10728 7382 6167 5785 4499 1286 11721 4118 411 3346
internal_count=146155 109761 36394 91449 18312 17290 75367 27151 15953 7108 6455 16864 11198 8845 12746 9243 8588 5169 529 12231 10728 7382 6167 5785 4499 1286 11721 4118 411 3346
cat_boundaries=0 1 83 161 242 322 404 485
cat_threshold=1 0 524800 0 0 0 0 0 0 0 0 0 0 0 0 0 0 0 0 0 0 0 0 0 0 0 0 0 0 0 0 0 0 0 0 0 0 0 0 0 0 0 0 0 0 0 0 0 0 0 0 134217728 0 0 536870912 0 0 0 0 0 0 0 0 0 0 67108864 1073741832 8652868 32 0 0 0 0 0 8388608 0 0 0 0 807403920 671088640 134218369 35840 0 0 256 65536 16785920 65536 65920 0 0 0 0 0 0 268570624 0 0 0 0 0 0 0 0 0 65536 1048576 4 0 0 0 0 0 0 0 0 262144 0 8388608 0 0 0 0 0 0 16 263232 536870912 64 0 0 0 0 0 0 0 0 0 0 0 0 0 0 256 0 0 0 0 0 0 0 0 4194816 0 0 0 0 0 512 8392704 0 0 0 0 0 0 0 0 0 0 0 0 0 0 0 32 0 0 0 0 0 0 0 0 0 0 0 0 8 0 0 0 0 0 0 0 0 0 0 0 537135104 0 0 0 0 0 0 0 0 0 0 541196304 134234624 150994944 0 134217728 0 1024 0 0 2048 3229614080 1048832 66048 16 0 0 4194560 0 0 0 0 0 0 0 0 0 0 0 0 8192 0 0 0 0 0 0 0 0 0 0 0 0 0 0 0 0 0 0 0 0 0 0 0 0 0 0 0 0 0 0 0 0 524288 0 0 0 0 0 0 0 0 0 0 0 0 0 0 0 134217728 0 0 2147484160 32786 8194 402784773 772 0 0 0 0 0 0 0 0 65537 8650752 16777216 536870912 0 0 1048576 0 0 0 0 0 0 0 2147483713 8388608 0 0 0 0 2048 320 0 0 1024 0 0 0 0 12582912 16 4096 67108928 0 0 0 16384 1073741824 262144 0 536870912 0 0 0 0 0 0 0 0 0 0 0 0 0 0 0 0 0 0 0 134217728 67109888 8388608 0 0 8 0 0 0 0 0 0 0 0 0 0 0 17408 0 0 0 0 0 0 0 0 0 2097154 536870912 32770 536870912 134217744 0 0 0 0 0 131077 0 0 0 0 0 0 2147483648 32 0 0 0 0 4 0 0 0 0 0 0 0 0 0 0 0 0 0 0 0 67108864 0 0 0 0 0 0 0 0 0 33554432 0 0 0 0 0 0 0 0 0 0 0 0 268730368 1572864 144 4202512 64 0 0 0 0 0 0 0 4096 12288 8192 131360 4194304 0 6144 0 0 0 0 0 0 0 0 16781312 2214592512 2097152
is_linear=0
shrinkage=0.03


Tree=65
num_leaves=31
num_cat=9
split_feature=4 0 0 10 0 12 15 15 6 5 12 15 10 4 13 12 7 15 15 3 7 12 13 12 12 7 15 1 9 15
split_gain=4.08269e+06 623233 287201 154259 147877 116431 108430 95371.8 100658 128606 113778 94755.6 95004.9 90266.3 73037.8 78423.1 70091.1 68802.7 67369.7 65377.8 70155.2 64715.5 72944.1 64626.8 78520.5 113992 63837.5 59966.2 59421.3 54568.2
threshold=71.363333333333344 136.05000000000004 45.005197505197508 15.664855171786586 101.25000000000001 1995.5000000000002 0 1 21.252182142679853 -8.000000000000993 1993.5000000000002 2 4.970595074464339 25.210000000000004 3 2003.5000000000002 9.1559347617595765 4 5 64.767209690893921 14.265034274636095 2002.5000000000002 6 2012.5000000000002 2011.5000000000002 17.400234182431713 7 109.05000000000001 1675.3761635071671 8
decision_type=10 10 8 10 10 2 9 9 10 10 2 9 10 10 1 2 10 9 9 8 10 2 1 2 2 10 9 10 10 9
left_child=2 3 13 7 14 -3 -5 -2 10 16 -9 -7 -13 -1 15 -4 -10 -14 -11 -16 -21 27 -23 24 -19 28 -8 -20 -26 -28
right_child=1 5 4 6 -6 11 26 8 9 18 -12 12 17 -15 19 -17 -18 23 21 20 -22 22 -24 -25 25 -27 29 -29 -30 -31
leaf_value=-0.23000565454157693 -0.19688161258886178 0.095611128836712481 -0.22802595931083308 0.50802861530493526 0.27507818804500572 0.75368624182470545 0.38425422654553865 -0.42671806522366701 -0.1013015621806522 -0.1357832387668165 0.12483378641256136 0.45472177106607359 0.66921174366856762 -0.13607045500440393 -0.070611358313371536 -0.066931915841162787 0.47731157256969825 0.27106826011280577 0.073055148240278492 0.089283128298084352 -0.065620868430111987 0.31727062212466622 0.057777076808985556 0.4206306382992272 0.065950823867889613 1.1262543850853328 -0.36207980874892881 0.2366071192888638 -0.55115495442573359 0.025604314308623966
leaf_weight=11589 548 1311 4192 433 1212 628 423 445 206 540 1382 7199 448 44791 17643 7744 2208 5176 4443 6170 4588 5656 1178 2297 304 63 329 3696 261 9052
leaf_count=11589 548 1311 4192 433 1212 628 423 445 206 540 1382 7199 448 44791 17643 7744 2208 5176 4443 6170 4588 5656 1178 2297 304 63 329 3696 261 9052
internal_value=-6.59269e-06 0.225938 -0.111275 0.143864 -0.0514284 0.36765 0.0489128 0.191742 0.20252 0.224242 -0.00950698 0.389429 0.374186 -0.155379 -0.0612389 -0.123509 0.427935 0.306806 0.192545 -0.0350688 0.0232207 0.20434 0.272541 0.285586 0.232633 -0.0841534 0.0280888 0.147326 -0.219119 0.0116368
internal_weight=146155 48226 97929 30539 41549 17687 10237 20302 19754 17927 1827 16376 15748 56380 40337 11936 2414 8549 15513 28401 10758 14973 6834 8101 5804 628 9804 8139 565 9381
internal_count=146155 48226 97929 30539 41549 17687 10237 20302 19754 17927 1827 16376 15748 56380 40337 11936 2414 8549 15513 28401 10758 14973 6834 8101 5804 628 9804 8139 565 9381
cat_boundaries=0 77 158 240 241 323 406 407 493 574
cat_threshold=0 0 65536 64 20 0 256 0 536870920 0 4096 4194320 1 4096 0 0 0 0 0 0 0 0 0 0 0 16777216 0 0 0 0 84410369 264 0 0 0 0 0 167772160 536870912 66050 0 0 0 16 0 0 0 0 0 0 0 0 0 0 0 0 0 0 0 8388608 0 0 0 0 0 0 0 0 0 0 4194304 0 16384 0 0 0 16896 0 0 0 0 0 0 0 0 0 0 0 0 0 0 0 0 0 0 0 0 0 0 0 0 0 0 0 1073741824 0 4194304 0 0 0 8320 134217728 0 0 0 0 0 0 0 0 0 0 0 0 0 8 0 1024 16 0 8192 0 131072 0 0 0 0 0 4096 16384 266240 65537 0 0 541196288 514 268439552 268435456 0 0 0 0 0 0 0 265 134480896 655360 0 0 134217728 0 2048 320 134217728 0 1024 0 0 0 0 8388608 16 524288 67108864 0 0 0 0 0 0 0 536870912 0 0 0 0 0 0 0 0 0 0 0 0 0 0 0 0 0 0 0 403177472 2348811264 8388624 32768 0 0 0 0 0 0 0 0 0 0 0 0 0 17408 0 0 0 0 0 0 0 0 0 2 536870912 32770 536870912 134348800 0 0 0 0 0 5 2 0 0 67108880 0 33024 512 0 134217728 256 16 32 65536 2147745792 4325888 0 0 0 0 0 0 0 0 0 0 24 0 0 0 0 0 0 0 0 0 0 0 0 0 0 0 0 0 0 0 0 65556 536870912 0 0 8 0 0 0 0 0 0 0 0 0 0 0 0 0 0 0 0 0 0 0 0 0 2097152 4194304 0 1024 16 0 0 0 0 0 131072 0 0 0 0 0 0 0 0 0 0 0 0 4 0 0 0 0 0 0 0 0 0 0 0 0 0 0 2097664 32 0 0 0 150994944 4194304 0 0 0 0 0 0 0 0 0 0 0 0 0 0 0 0 8 536870976 0 65536 9437184 150994944 262144 8192 0 0 0 25165824 270925856 2105344 0 0 0 0 0 0 0 0 0 0 0 0 0 0 25182210 33554432 0 0 536870912 1 0 0 256 4 0 0 0 0 16777216 0 0 0 2147745792 8389376 0 0 0 0 0 0 0 0 0 4194336 0 1073741824 0 0 0 536870912 35651872 0 0 0 0 0 0 83886080 0 64 0 0 0 0 4 536870912 0 0 0 0 0 0 0 0 0 0 0 0 0 8192 0 0 0 0 0 0 0 0 0 0 2621440 0 0 0 0 262144 0 0 0 0 0 0 0 0 536870912 2048 106752 0 0 0 0 2048 0 0 0 0 0 0 0 0 0 0 0 0 0 0 0 0 0 2147483648 0 2 0 0 0 0 0 33554432 0 0 0 0 0 0 0 0 8388608 0 0 0 0 0 0 0 0 0 33554432 8388608 2049 17040388 0 0 0 0 67108864 0 0 0 0 0 33554464 0 0 0 0 0 134217728 0 8388608 0 0 0 67108864 1073741824 262144 0 16384
is_linear=0
shrinkage=0.03


Tree=66
num_leaves=31
num_cat=7
split_feature=4 13 4 4 15 8 12 12 10 6 15 15 1 12 15 7 12 15 12 12 6 12 9 10 15 0 10 0 7 8
split_gain=3.84255e+06 528838 341328 214932 101679 96790.1 91904.5 82488.2 77854.3 104006 85166.3 78684.7 73087.6 71655.1 66521.1 61183.9 68292.1 59173.6 57266.3 79037.8 73541 56759.1 100733 70702.1 60469 56684.9 56238.8 52799.2 50518.3 50439.4
threshold=95.490000000000009 0 146.99000000000004 38.801064146416493 1 511.80721430292232 2012.5000000000002 2011.5000000000002 2.7751198207956578 22.608427893953358 2 3 57.004672897196265 1993.5000000000002 4 9.681158379608684 2014.5000000000002 5 2012.5000000000002 2011.5000000000002 29.864520400519407 2011.5000000000002 2321.8226960377674 21.156586622380761 6 73.004723346828627 9.7412154961418658 15.011415525114158 10.050419132855838 111.0122689977827
decision_type=10 1 10 10 9 10 2 2 10 10 9 9 10 2 9 10 2 9 2 2 10 2 10 10 9 10 10 8 10 10
left_child=1 5 4 25 -2 27 8 14 9 13 -10 -12 -5 -6 -7 -8 -17 -4 19 -19 -21 24 23 -23 -13 26 28 -1 -3 -29
right_child=2 3 17 12 6 7 15 -9 10 -11 11 21 -14 -15 -16 16 -18 18 -20 20 -22 22 -24 -25 -26 -27 -28 29 -30 -31
leaf_value=-0.46382554521738001 -0.24710205484832917 -0.19623669471521421 0.70515567350125796 -0.091874979391526709 -0.17839803718290823 -0.26270821099299124 0.060234549861220538 0.40532241190221197 -0.32114599158402157 0.35630876585265481 0.57023645033928705 -0.24169598127537198 -0.0019245055953662374 0.20361650698110567 0.10677358735551694 0.55895266711234148 0.29342860018859102 0.37898917290242889 0.49773033065642941 -0.17245743593541454 0.75289075030925423 0.084317965107703854 1.0389179419052033 -0.54284143560207798 0.17853438415816669 0.6921607564049107 -0.18908766496428431 0.59931347238165988 -0.092534593648788785 -0.023772359027962556
leaf_weight=242 419 6043 656 31582 558 450 577 808 321 4926 416 309 10948 2124 9979 1388 2344 4645 3413 435 94 336 63 312 13058 70 28731 119 14075 6714
leaf_count=242 419 6043 656 31582 558 450 577 808 321 4926 416 309 10948 2124 9979 1388 2344 4645 3413 435 94 336 63 312 13058 70 28731 119 14075 6714
internal_value=-3.01631e-06 -0.0885788 0.267133 -0.118046 0.213528 0.058578 0.220758 0.113306 0.196456 0.274463 0.156397 0.16708 -0.0687201 0.124137 0.0906813 0.347732 0.392182 0.424596 0.401874 0.33942 -0.00802884 0.15477 -0.106306 -0.217648 0.168773 -0.160929 -0.162152 -0.0283442 -0.123684 -0.012921
internal_weight=146155 109761 36394 91449 27151 18312 26732 11237 22423 7608 14815 14494 42530 2682 10429 4309 3732 9243 8587 5174 529 14078 711 648 13367 48919 48849 7075 20118 6833
internal_count=146155 109761 36394 91449 27151 18312 26732 11237 22423 7608 14815 14494 42530 2682 10429 4309 3732 9243 8587 5174 529 14078 711 648 13367 48919 48849 7075 20118 6833
cat_boundaries=0 1 82 164 242 323 405 487
cat_threshold=1 0 0 0 0 0 0 0 0 0 0 2097152 0 0 0 0 0 0 0 0 0 0 0 0 0 32 16384 1073741832 8192 0 4194304 0 0 0 0 4096 0 0 0 0 0 0 0 33816576 0 0 0 0 0 3 0 0 10485780 134217728 16777232 0 134217728 0 0 0 0 0 1310720 32 2228992 0 0 0 0 512 0 0 0 0 0 0 0 0 0 32 33554432 135168 0 0 0 0 0 0 0 0 0 0 0 0 0 0 0 0 0 0 0 0 0 0 0 0 0 0 0 16777216 4194304 17302016 0 2215157760 0 0 0 0 0 0 0 16777216 0 134873088 67108872 0 0 0 0 0 32 0 0 0 0 0 0 0 0 0 0 0 0 0 128 0 0 0 0 576 8192 0 0 0 0 0 0 0 0 0 16896 192 256 134217728 0 0 67174400 34177048 16785416 65536 0 0 0 0 4098 0 131072 268435456 0 0 0 0 0 0 0 0 0 65600 0 0 128 0 0 0 1048576 0 0 0 0 0 0 134217728 536871168 268436484 0 0 0 0 2097216 0 8192 0 0 0 0 0 0 0 0 0 0 0 0 0 0 0 0 0 0 0 0 0 0 0 0 0 0 0 0 0 512 4096 268435456 8389122 0 0 0 0 2147483648 526370 16 0 0 0 0 0 0 0 0 0 0 0 0 0 0 0 0 0 0 0 0 0 0 0 0 0 0 0 0 0 0 0 0 0 0 0 0 0 0 0 0 0 134217728 0 8192 0 0 0 0 0 67108864 33554432 0 0 0 1090519040 135208 4 0 0 0 4096 0 0 64 0 288 0 0 0 2415919361 0 128 0 0 0 0 2048 64 0 0 1024 0 0 0 0 12582912 16 1077940224 67108928 0 0 0 16384 1073741824 262144 0 536870912 0 0 0 0 0 0 0 0 0 0 0 0 0 0 0 0 0 0 0 134217728 67108864 8388608 0 0 8 0 0 0 0 0 0 0 0 0 0 0 17408 0 0 0 0 0 0 0 0 0 2097154 536870912 32770 536870912 134217744 0 0 0 0 0 131077 0 0 0 0 0 0 0 0 0 0 0 0 0 0 0 0 0 0 0 0 0 0 0 0 0 0 0 134217728 0 4 0 1610629120 0 0 0 0 0 0 0 0 0 0 0 0 0 0 0 209715200 0 0 0 0 0 0 0 262144 0 0 0 0 0 603979776 671154176 33808 0 0 0 0 1073741824 0 0 0 0 0 0 0 0 0 0 1073743873 11296 1073741824
is_linear=0
shrinkage=0.03


Tree=67
num_leaves=31
num_cat=10
split_feature=4 4 0 13 10 3 15 12 15 4 1 0 13 15 0 12 12 12 13 8 15 15 15 8 8 8 13 12 8 12
split_gain=3.61658e+06 558404 258558 145819 128331 112984 97157.6 91135.8 88533.9 81712 75557.3 87374.9 65305.4 75612.2 62903.5 56366.8 75357 55480.1 73017.1 52318 48751.1 48179 46736.7 46224 52524.3 45950.8 42812.8 46026.2 39929.7 39563
threshold=71.363333333333344 127.32666666666668 42.999380421313511 0 22.303340853917025 164.78333333333336 1 2003.5000000000002 2 25.210000000000004 109.05000000000001 24.600578034682083 3 4 114.03947368421053 2001.5000000000002 2002.5000000000002 2012.5000000000002 5 455.1762446658434 6 7 8 971.18440054070504 529.82893218954268 414.41049767672416 9 2003.5000000000002 971.18440054070504 2009.5000000000002
decision_type=10 10 8 1 10 10 9 2 9 10 10 10 1 9 10 2 2 2 1 10 9 9 9 10 10 10 1 2 10 2
left_child=2 4 9 14 6 20 -2 10 -6 -1 28 -12 13 -9 22 -13 -17 18 -5 -15 -3 -10 -4 24 29 -11 27 -27 -8 -22
right_child=1 5 3 17 8 -7 7 12 21 25 11 15 -14 19 -16 16 -18 -19 -20 -21 23 -23 -24 -25 -26 26 -28 -29 -30 -31
leaf_value=-0.22312043146780935 -0.221195641524527 0.61321139509808564 -0.30731507208161113 -0.063686308630716282 0.43405348062313887 0.46588628970693619 0.083543058955653296 -0.10597402152576596 0.29032951855964495 -0.1946935685525257 -1.6717641188881613 0.26704225049715691 0.066114546292138685 0.13849120249934641 0.3198226797512021 -0.28943229597571085 0.24489506875488745 -0.010535682783584787 -0.16119651768674609 0.35266157236179524 0.27834694702853469 -0.024713678030844798 0.054685079069881237 -0.105938150041144 0.34795595111691413 -0.18245848538050535 -0.067154946486950487 -0.091151229057038499 -0.28493265504986182 0.10053033856644213
leaf_weight=11285 556 433 328 20799 434 4980 7781 411 459 8193 22 4531 1398 1255 789 417 552 8735 10351 5639 3633 6369 6448 264 7186 10914 10966 9121 274 1632
leaf_count=11285 556 433 328 20799 434 4980 7781 411 459 8193 22 4531 1398 1255 789 417 552 8735 10351 5639 3633 6369 6448 264 7186 10914 10966 9121 274 1632
internal_value=-1.9241e-06 0.212655 -0.104727 -0.0544481 0.13343 0.344192 0.168363 0.178104 0.0235797 -0.151988 0.129606 0.215081 0.253967 0.289918 0.0663085 0.222629 0.0149523 -0.077352 -0.0960885 0.313219 0.298098 -0.00314186 0.0367892 0.28666 0.295214 -0.131507 -0.114808 -0.140891 0.0710089 0.223229
internal_weight=146155 48226 97929 47450 30098 18128 22836 22280 7262 50479 13577 5522 8703 7305 7565 5500 969 39885 31150 6894 13148 6828 6776 12715 12451 39194 31001 20035 8055 5265
internal_count=146155 48226 97929 47450 30098 18128 22836 22280 7262 50479 13577 5522 8703 7305 7565 5500 969 39885 31150 6894 13148 6828 6776 12715 12451 39194 31001 20035 8055 5265
cat_boundaries=0 1 82 160 161 246 247 324 400 477 478
cat_threshold=1 0 0 0 0 0 0 0 0 0 0 0 0 0 0 0 0 0 0 0 0 0 0 0 0 0 0 0 0 0 0 0 0 0 8320 0 0 0 0 0 0 0 0 0 0 0 0 0 0 10 0 0 67141632 65538 8336 2048 0 0 0 0 0 0 0 16384 266240 65537 0 0 541196288 0 0 0 0 0 0 0 0 0 0 4361 2290353152 655360 0 0 256 64 8196 65536 256 256 553648160 0 2176 4194320 2048 0 0 0 0 0 0 0 0 0 0 0 1048576 1048576 0 0 0 0 2097153 0 0 0 0 0 0 16777216 0 512 0 0 0 0 0 524288 0 0 0 0 0 0 0 0 0 0 0 0 1048576 8388608 0 0 0 0 0 0 0 0 0 0 0 0 16384 0 0 16384 16896 4 1 0 0 0 0 0 0 0 0 0 0 0 0 0 0 0 0 0 0 0 0 0 0 0 0 0 0 1073741824 0 8 0 0 8192 16785672 0 4096 0 0 0 0 0 0 0 0 0 0 0 0 0 0 32 0 35651600 524800 0 100925440 134217728 0 0 0 0 0 14680064 273285152 65536 0 0 0 0 0 0 0 0 0 0 0 0 0 0 0 33554432 2097152 524288 134217728 0 2097152 4 0 0 262144 0 16640 0 8192 0 0 0 32 0 2147483648 512 1073809568 543952896 4194388 4 0 0 0 0 16 0 0 0 0 0 0 0 0 0 0 0 0 0 0 0 0 0 0 0 0 0 0 4194560 1024 0 0 0 0 0 0 0 0 0 0 0 0 0 0 0 0 0 0 0 0 0 0 0 0 16777216 0 0 4 4096 8 0 0 16 0 0 0 0 34603008 8388611 2052 524288 32768 2147745856 8392704 0 0 0 0 0 0 0 0 0 0 128 0 0 0 0 0 1107296272 8 0 0 0 0 0 0 1024 0 0 0 0 0 0 1073741824 0 1048576 0 0 0 0 0 0 0 0 0 0 65536 0 0 256 0 0 0 0 0 0 0 0 2097152 0 0 0 2 262144 134217729 1769984 0 0 0 0 0 0 0 0 67108864 0 0 0 0 0 0 0 0 0 0 0 0 0 0 2097152 0 0 0 0 0 0 0 0 0 0 0 0 0 0 0 0 0 0 0 0 0 0 0 0 67108864 0 0 2147483648 40960 256 0 0 0 268435456 0 0 0 1073741824 2148139008 0 16777248 0 0 0 2048 67108864 0 2149580800 256 0 1024 2
is_linear=0
shrinkage=0.03


Tree=68
num_leaves=31
num_cat=8
split_feature=4 0 0 13 4 7 6 4 15 10 7 15 12 2 12 12 12 15 15 15 15 15 8 12 3 12 12 12 10 0
split_gain=3.4033e+06 470193 308847 158906 100014 94480.2 81921.9 80703.9 76087.8 90170.5 92528.2 94435.5 81482.3 84192.9 80524.3 78896.7 78536.5 69148.4 65097.4 61727.5 59174.3 55932 55915.4 63690.3 63173.2 54123 53863.8 53577.5 52815.9 50022.1
threshold=95.490000000000009 58.00568181818182 156.05000000000004 0 38.404676698962426 9.681158379608684 26.629877461954454 69.480031645569639 1 10.886248665080336 10.506944489058251 2 2002.5000000000002 78.220631341600921 1993.5000000000002 1994.5000000000002 1997.5000000000002 3 4 5 6 7 614.91999367924518 2010.5000000000002 132.51666666666671 1993.5000000000002 2012.5000000000002 2012.5000000000002 33.8623091265356 131.05000000000004
decision_type=10 10 10 1 10 10 10 8 9 10 10 9 2 10 2 2 2 9 9 9 9 9 10 2 10 2 2 2 10 10
left_child=1 3 8 5 28 -1 -7 -3 -2 10 25 -12 13 -13 -15 -16 -17 -11 -9 -19 -21 -22 23 24 -23 -10 -4 -25 -5 -20
right_child=2 7 26 4 -6 6 -8 18 9 17 11 12 -14 14 15 16 -18 19 29 20 21 22 -24 27 -26 -27 -28 -29 -30 -31
leaf_value=-0.22399347564118005 0.59334147436145457 -0.031184333172962087 0.3375583086167453 -0.13676355594525608 -0.086531072247027024 0.2842747528951633 0.0097888953201419483 -0.27973513201676764 -0.12294745824769154 0.48673048863137086 -0.15947184252546234 0.53415056276379325 0.37440866021828328 -0.20876111895734109 0.53908436250764391 -0.010115735440255826 0.26639940780228688 0.45213137062253617 0.08077983734481467 0.41714902579428059 0.35579252042430165 -0.020108167964689089 0.16310225286828747 -0.35238602586729323 0.24951282772319752 0.1650443848801687 0.4823025493594606 0.050014107314579677 -0.21056434870695678 0.38950555270731602
leaf_weight=990 429 10005 5491 36012 32776 1459 2972 429 685 434 423 656 5872 453 575 1477 2471 425 13109 450 555 3057 2521 764 1051 4118 3999 488 11519 490
leaf_count=990 429 10005 5491 36012 32776 1459 2972 429 685 434 423 656 5872 453 575 1477 2471 425 13109 450 555 3057 2521 764 1051 4118 3999 488 11519 490
internal_value=-3.61569e-07 -0.0833599 0.251405 -0.116236 -0.126848 0.0409695 0.100169 0.0339116 0.1995 0.192822 0.235149 0.279921 0.295959 0.214691 0.172576 0.210768 0.162951 0.120352 0.0803391 0.102641 0.0854365 0.0672691 0.0465254 -0.00821805 0.0488723 0.123971 0.398552 -0.19554 -0.154649 0.0918363
internal_weight=146155 109761 36394 85728 80307 5421 4431 24033 26904 26475 16730 11927 11504 5632 4976 4523 3948 9745 14028 9311 8886 8436 7881 5360 4108 4803 9490 1252 47531 13599
internal_count=146155 109761 36394 85728 80307 5421 4431 24033 26904 26475 16730 11927 11504 5632 4976 4523 3948 9745 14028 9311 8886 8436 7881 5360 4108 4803 9490 1252 47531 13599
cat_boundaries=0 1 79 160 246 326 412 498 576
cat_threshold=1 0 0 2097408 557080 0 0 0 0 0 64 16781312 0 0 268435456 32 604258304 0 16384 0 536870912 0 0 0 0 0 32772 0 0 16384 0 0 0 0 0 0 0 0 8192 536870912 1028 65536 0 0 0 0 0 0 0 0 0 0 0 0 0 0 0 0 0 4096 0 0 0 0 0 0 0 0 0 0 0 0 0 67109376 0 0 4096 512 4096 0 0 0 0 0 0 0 0 0 0 0 0 0 0 0 0 0 0 0 0 262144 0 0 0 0 0 1073741824 0 33554464 4194304 0 0 0 0 16384 0 0 0 0 0 0 0 262146 0 0 0 0 134217728 9 0 32 16 0 134217728 0 16777216 0 256 0 0 0 12582912 542638336 1544 0 0 0 4325376 514 0 0 0 0 0 0 0 0 0 0 2048 131072 0 0 2155937792 65536 8 0 0 0 1024 0 0 0 262144 4608 0 0 0 0 0 0 0 0 0 0 131072 9216 0 0 0 0 256 0 0 0 0 0 0 134217728 0 512 0 0 0 64 33554496 536903680 67584 2 0 0 0 0 0 0 0 0 0 0 0 0 0 0 0 0 0 0 0 0 0 0 0 0 0 0 0 0 0 8388608 0 0 0 0 0 0 0 8 32800 805306368 0 0 0 0 0 589824 0 0 0 0 0 0 0 0 0 0 0 0 0 0 0 0 0 0 0 0 0 0 0 0 262144 0 0 0 0 0 0 0 0 0 0 0 0 0 0 0 0 0 0 32768 8421378 512 8388608 0 0 0 0 0 0 0 393216 100663296 4129 0 0 0 0 0 134234112 512 8388608 0 0 0 67108864 0 2164392193 2155872256 0 0 0 0 16777236 0 65536 0 32 0 0 33554432 2147483648 8388608 0 0 0 0 0 0 0 0 0 0 1050625 0 0 0 0 0 67633152 256 0 0 0 0 0 33554432 256 2 0 0 0 0 2359312 0 528384 40 0 0 0 0 0 0 0 0 0 0 0 0 0 0 0 0 0 0 0 0 0 0 0 0 0 0 8192 0 8 0 0 0 0 0 0 0 536870912 2048 0 0 262144 35651652 0 0 32896 0 0 0 0 0 16384 256 0 0 0 0 0 0 0 0 0 65632 0 65536 0 0 1073741824 0 1048576 0 0 0 0 0 0 67109184 0 268501056 0 0 65536 16 8388612 262144 8192 0 0 0 0 0 0 0 0 0 0 0 0 0 0 0 0 0 0 4096 0 0 0 0 4194304 0 0 0 0 0 0 0 0 0 0 0 0 0 0 16384 0 0 1048592 0 0 32768 16777472 0 1 0 8912928 1048576 2048 131072 0 0 0 0 0 0 0 0 0 0 67108864 25165824 0 536870912 0 536870912 16779296 8 0 0 0 0 0 2048 0 2147483648 0 0 16384 0 0 524800 36 0 0 0 0 0 0 0 0 0 0 0 0 0 0 256 0 0 0 0 0 0 0 16777216 0 0 0 0 0 0 0 16785408
is_linear=0
shrinkage=0.03


Tree=69
num_leaves=31
num_cat=6
split_feature=4 0 4 13 1 4 15 8 12 12 8 4 15 15 10 12 15 7 4 9 0 2 12 6 5 10 0 5 12 15
split_gain=3.20253e+06 444864 290875 114647 113698 99919.7 78892.4 78889.4 89310.5 83875.3 79241.6 68383.7 64099.8 63077.3 66636.8 62562.9 60951.7 55410 52925.2 51401.7 65136.2 51271.9 56286.9 69373.6 50312.9 45207.5 45098 44470.4 44469 42940.4
threshold=95.490000000000009 53.995768688293374 146.99000000000004 0 35.009727626459153 69.480031645569639 1 533.28821756968591 2002.5000000000002 2001.5000000000002 878.36274829592719 60.993555486683249 2 3 50.544898985911026 2004.5000000000002 4 15.823443548031465 178.65000000000006 1694.3138286726041 47.003937007874022 95.016129032258078 1999.5000000000002 23.935816856639264 16.110000000001154 4.970595074464339 33.38582720997551 7.9499999999996396 2001.5000000000002 5
decision_type=10 8 10 1 10 8 9 10 2 2 10 10 9 9 10 2 9 10 10 10 10 10 2 10 8 8 10 8 2 9
left_child=1 4 7 15 26 -5 -7 12 9 10 21 -6 -2 27 29 -3 -10 24 25 20 -14 -9 -23 -24 -16 -4 -1 -8 -21 -15
right_child=2 3 18 5 11 6 13 8 16 -11 -12 -13 19 14 17 -17 -18 -19 -20 28 -22 22 23 -25 -26 -27 -28 -29 -30 -31
leaf_value=-0.19191427765860242 0.47795878868134362 -0.25680064521585855 0.4371906576105864 -0.04107145963214559 -0.096120583323144118 -0.33279059335961936 0.24111203187673882 0.37274065099540948 -0.1045043906366486 -0.16478305936734389 -0.18202907436276872 0.11934071355023498 -1.5049349694592196 -0.21291888367094045 -0.054159451357241886 -0.027889452337773755 0.31527918526567361 -0.18693924088087652 0.55600501684924408 0.16869189868428389 0.16831601739443774 0.10786509784438247 0.013253857129514216 0.50846181109758426 0.70320585019084125 0.29216920815308617 -0.12170555626627744 0.9085496318063071 -0.056563742384957538 0.093804463936881882
leaf_weight=20318 456 2120 3558 12754 37741 425 296 1490 324 658 476 1374 21 413 201 2179 8586 1448 1445 1216 7134 3377 375 793 130 4240 13845 129 2245 16388
leaf_count=20318 456 2120 3558 12754 37741 425 296 1490 324 658 476 1374 21 413 201 2179 8586 1448 1445 1216 7134 3377 375 793 130 4240 13845 129 2245 16388
internal_value=3.47936e-06 -0.0808599 0.24388 0.00473585 -0.123476 0.0241725 0.0669991 0.194395 0.23683 0.158007 0.190628 -0.088552 0.132771 0.0760744 0.0676699 -0.140774 0.300251 -0.10689 0.38924 0.117383 0.163405 0.220021 0.169954 0.34947 0.243295 0.358338 -0.163461 0.433499 0.0225784 0.0861937
internal_weight=146155 109761 36394 36483 73278 32184 19430 27151 16079 7169 6511 39115 11072 19005 18580 4299 8910 1779 9243 10616 7155 6035 4545 1168 331 7798 34163 425 3461 16801
internal_count=146155 109761 36394 36483 73278 32184 19430 27151 16079 7169 6511 39115 11072 19005 18580 4299 8910 1779 9243 10616 7155 6035 4545 1168 331 7798 34163 425 3461 16801
cat_boundaries=0 1 81 159 241 325 408
cat_threshold=2 0 0 0 0 0 0 0 0 16384 0 32768 0 0 0 0 0 0 0 0 0 0 0 0 0 0 0 0 0 0 0 0 0 0 0 0 0 0 0 0 0 0 0 0 0 0 0 0 0 0 0 0 32768 8421378 2097664 0 0 0 0 0 0 0 0 0 100663296 4129 262148 0 0 0 0 134234112 4194816 16777344 2097152 512 0 67108864 0 2147614977 2155872256 0 0 256 65536 16777728 65536 65792 0 0 0 0 0 0 268570624 0 0 0 0 0 0 0 0 0 65536 1048576 4 128 0 0 0 0 0 0 0 262144 0 8388608 0 0 0 0 0 0 16 263232 536870912 64 0 0 0 0 0 0 0 0 0 0 0 0 0 0 256 0 0 0 0 0 0 0 0 512 0 0 0 8192 0 512 8393216 0 0 409 0 537436160 0 256 0 0 0 0 0 0 4718592 0 0 0 0 0 0 0 0 0 0 0 16384 0 0 0 0 0 0 0 0 0 0 0 0 0 0 0 0 0 0 0 0 128 1310720 269484032 0 0 0 0 0 0 0 0 0 65536 0 2097152 68 0 0 0 0 0 0 0 0 2097152 0 0 0 0 0 2097152 128 0 0 8192 16384 0 0 0 0 0 0 0 0 0 0 0 0 0 0 0 32 0 0 0 0 0 0 0 0 0 0 0 0 8 0 0 0 0 0 0 0 0 0 0 0 264192 0 0 0 0 0 0 0 0 0 0 541196304 134234624 150994944 0 134217728 4096 1024 0 0 2048 3229614080 256 66048 16 0 0 4194560 0 0 0 0 0 0 0 0 0 0 0 0 8192 0 0 134217728 0 0 0 0 0 0 0 589824 0 256 0 0 0 0 0 0 0 0 0 0 0 0 0 0 0 0 2048 0 0 0 0 0 262144 0 0 0 0 0 0 0 0 0 0 0 0 0 0 0 0 0 0 2147487232 21495808 12304 8423424 0 0 0 0 0 0 0 0 0 65536 536879104 524288 4194304 0 6144 0 0 0 0 0 0 0 0 0 536871936 0 0 128
is_linear=0
shrinkage=0.03


Tree=70
num_leaves=31
num_cat=8
split_feature=4 0 0 10 0 12 15 5 7 12 15 10 4 15 2 9 15 13 12 0 3 7 15 12 12 7 10 15 15 10
split_gain=3.01354e+06 478838 219515 127812 124510 98558.4 98376.3 84238.1 145588 89801.9 83315.3 80756.5 72968 66732.1 66378.6 86033.7 64671.4 63372.8 65344.2 60886.2 58238.2 63221.5 57303.4 51109.8 69047.8 99975.8 51573.1 50164.6 48877.1 47099.8
threshold=71.363333333333344 136.05000000000004 42.999380421313511 15.664855171786586 101.25000000000001 1995.5000000000002 0 -8.000000000000993 9.1559347617595765 1993.5000000000002 1 4.970595074464339 25.210000000000004 2 143.05000000000004 1207.165456125563 3 4 2003.5000000000002 29.994775339602928 64.767209690893921 14.231518139865889 5 2012.5000000000002 2011.5000000000002 17.400234182431713 12.286430439700299 6 7 40.237555426620226
decision_type=10 10 8 10 10 2 9 10 10 2 9 10 10 9 8 10 9 1 2 10 8 10 9 2 2 10 10 9 9 10
left_child=2 3 12 7 17 -3 -5 8 19 14 -7 -12 -1 -11 -9 -16 -13 18 -4 -2 -19 -22 -8 24 27 26 -26 -18 -24 -28
right_child=1 5 4 6 -6 10 22 9 -10 13 11 16 -14 -15 15 -17 23 20 -20 -21 21 -23 28 -25 25 -27 29 -29 -30 -31
leaf_value=-0.20635776036093825 -1.6488029546003906 0.068048176031338059 -0.1895483278431484 0.47512127722382275 0.2508960997906633 0.67969703771806544 0.33571493037184696 -0.2878658138606775 0.40928974642463151 -0.21160636372430661 0.3984041012755653 0.61559744335512312 -0.11978479656278099 0.17280641790329909 -0.2621479341966767 0.36324408505927802 0.54232828269819922 -0.062894359577184034 -0.059809863404079802 -0.13868250426903886 0.085739909275011586 -0.05978017165833751 -0.363012680756649 0.36205157093452739 0.20290165132875074 1.0417462718102239 -0.57169049472079514 0.20151645358035808 0.012565490762853375 0.28193985426090135
leaf_weight=11285 26 1311 5549 429 1212 626 470 717 2306 411 7200 440 39194 15706 335 484 424 20302 9434 317 6226 4727 313 2293 174 62 322 4764 9025 71
leaf_count=11285 26 1311 5549 429 1212 626 470 717 2306 411 7200 440 39194 15706 335 484 424 20302 9434 317 6226 4727 313 2293 174 62 322 4764 9025 71
internal_value=3.86111e-06 0.194123 -0.0955917 0.122182 -0.0492647 0.318338 0.0357524 0.165763 0.323515 0.142091 0.338375 0.324172 -0.139139 0.162979 -0.0770893 0.107437 0.26204 -0.0571326 -0.107859 -0.253152 -0.0328154 0.0229376 0.0160337 0.241801 0.194815 -0.102025 -0.227093 0.230804 -0.000398362 -0.417472
internal_weight=146155 48226 97929 30539 47450 17687 10237 20302 2649 17653 16376 15750 50479 16117 1536 819 8550 46238 14983 343 31255 10953 9808 8110 5817 629 567 5188 9338 393
internal_count=146155 48226 97929 30539 47450 17687 10237 20302 2649 17653 16376 15750 50479 16117 1536 819 8550 46238 14983 343 31255 10953 9808 8110 5817 629 567 5188 9338 393
cat_boundaries=0 77 159 240 322 323 409 487 568
cat_threshold=0 0 65536 64 20 0 0 0 536870920 0 4096 4194320 1 4096 0 0 0 0 0 0 0 0 0 0 0 16777216 0 0 0 0 84410369 256 0 0 0 0 0 167772160 536870912 66050 0 0 0 16 4 0 0 0 0 0 0 0 0 0 0 0 0 0 0 8396800 0 0 0 0 0 0 0 0 0 0 4194304 0 16384 0 0 262144 16896 0 0 134217728 0 2048 320 134217728 0 1024 0 0 0 0 8388608 16 0 71303168 0 0 0 0 0 0 0 536870912 0 0 0 0 0 0 0 0 0 0 0 0 0 0 0 0 0 0 0 403177472 2348811264 8388624 32768 0 0 0 0 0 0 0 0 0 0 0 0 0 17408 0 0 0 0 0 0 0 0 0 2 536870912 32770 536870912 134348800 0 0 0 0 0 5 0 0 0 0 0 0 0 0 0 0 0 0 0 0 0 0 0 0 0 0 0 0 0 0 0 0 0 0 0 4194304 0 0 0 128 0 0 0 0 0 0 0 0 0 0 0 0 0 0 8 0 1024 536870912 0 8192 0 16908288 0 0 0 0 0 0 409600 274432 65536 0 0 0 512 4096 268435456 0 0 0 0 0 0 0 16793609 33817600 655360 0 0 67108880 0 33024 65536 0 134217728 256 16 32 67584 2147745792 4326144 0 0 0 0 0 0 0 0 0 0 8 0 0 0 0 0 0 0 0 0 0 0 0 0 0 0 0 0 0 0 0 65556 536870976 0 0 8 0 0 0 0 0 0 0 0 0 0 0 0 0 0 0 0 0 0 0 0 0 2097152 0 0 1024 16 0 0 0 0 0 131072 2 0 0 256 4 0 0 256 0 16777216 0 0 1048576 2147745792 8389376 0 0 0 0 0 0 0 0 0 4194336 0 1073741824 0 0 0 536870912 35651872 8 0 0 0 0 0 83886080 0 64 0 0 0 0 0 1073741824 0 0 0 0 0 0 0 0 0 0 0 0 0 0 0 0 0 0 0 0 0 0 0 0 2621440 0 0 0 0 0 0 4 0 0 0 0 0 0 536870912 2048 0 0 259 8388608 0 648 67252224 0 0 0 8388608 0 0 0 0 0 0 0 0 0 0 0 0 536870912 1040 33554432 0 0 0 0 0 0 0 0 0 0 0 0 0 0 0 0 0 0 16384 268566530 66560 0 2048 0 0 0 0 0 0 0 0 0 2097152 0 0 256 0 0 0 0 0 0 0 0 0 1 4194304 0 4 256 0 4240 106752 0 0 0 0 0 0 0 131072 0 0 0 0 0 0 0 0 0 0 0 0 0 0 2147483648 0 2 0 0 0 0 0 33554432 0 0 0 0 0 0 0 0 0 0 0 0 0 0 0 0 0 0 33554432 8388608 18433 17040388 0 0 0 0 67108864 0 0 0 0 0 33554464 0 0 0 0 0 134217728 0 8388608 0 0 0 0 1073741824 262144 0 16384
is_linear=0
shrinkage=0.03


Tree=71
num_leaves=31
num_cat=10
split_feature=4 13 0 4 12 15 15 15 10 7 5 12 2 15 8 15 15 1 15 15 1 15 12 0 10 8 12 3 12 6
split_gain=2.84343e+06 392927 262441 164379 90642.7 103725 72892.3 69800 77277.9 88131.8 81352.4 76326.2 87290.2 73141.6 68933 65975.5 63486.3 57942.8 55058.5 51478.3 50869.8 49933.2 53209.9 49682.1 49259.6 45986 61995.8 52288.6 52278.7 47670.9
threshold=95.490000000000009 0 156.05000000000004 38.404676698962426 2012.5000000000002 1 2 3 11.763804278935799 9.9390376347733334 -8.000000000000993 1997.5000000000002 88.107142857142875 4 586.0405460117928 5 6 57.004672897196265 7 8 133.05000000000004 9 2012.5000000000002 73.004723346828627 9.1949248050577399 614.91999367924518 2010.5000000000002 132.51666666666671 2012.5000000000002 30.541775844598792
decision_type=10 1 10 10 2 9 9 9 10 10 10 2 10 9 10 9 9 10 9 9 10 9 2 10 10 10 2 10 2 10
left_child=1 4 6 23 5 -1 -2 -8 9 -9 -11 12 -12 -13 16 -10 -7 -5 -17 -20 -14 -4 -23 24 -3 26 27 -21 29 -28
right_child=2 3 21 17 -6 14 7 8 15 10 11 13 20 -15 -16 18 -18 -19 19 25 -22 22 -24 -25 -26 -27 28 -29 -30 -31
leaf_value=-0.42252203097447344 -0.26353045862235802 -0.10375715169585469 0.64461965406134125 -0.079497327328770184 0.32519045468343244 -0.36401288125569359 0.56896393606295947 0.083186790501664595 0.4634349045186843 0.46412624355625576 0.42660575858373567 -0.11903797832131385 -0.04905148651677476 0.29100953017242048 0.11230709177652533 0.42008541459556331 0.0081422510569462564 0.00023520931446899292 0.39128959167875688 0.00093040071317863817 0.27488094298965871 0.28311942897663284 0.43090014213743522 0.65862511549677172 -0.16600359909886142 0.16622284704983648 -0.42953097442220728 0.24003226593028146 0.064063630397245275 0.23294899078814879
leaf_weight=426 320 19026 561 32698 1022 423 419 3427 446 1471 596 410 1963 8530 7711 430 8730 10950 430 3083 561 5058 3871 70 28705 2428 652 1123 500 115
leaf_count=426 320 19026 561 32698 1022 423 419 3427 446 1471 596 410 1963 8530 7711 430 8730 10950 430 3083 561 5058 3871 70 28705 2428 652 1123 500 115
internal_value=8.79617e-06 -0.0761862 0.229806 -0.101586 0.0506592 0.0344318 0.18196 0.187351 0.181025 0.219083 0.253502 0.227811 0.100057 0.272397 0.046198 0.111123 -0.00944546 -0.0594948 0.0925534 0.0751646 0.0229478 0.365449 0.346799 -0.14002 -0.141192 0.0574871 0.00935345 0.0647705 -0.174612 -0.330202
internal_weight=146155 109761 36394 91449 18312 17290 26904 26584 26165 16958 13531 12060 3120 8940 16864 9207 9153 43648 8761 8331 2524 9490 8929 47801 47731 7901 5473 4206 1267 767
internal_count=146155 109761 36394 91449 18312 17290 26904 26584 26165 16958 13531 12060 3120 8940 16864 9207 9153 43648 8761 8331 2524 9490 8929 47801 47731 7901 5473 4206 1267 767
cat_boundaries=0 1 83 164 241 309 395 475 561 647 729
cat_threshold=1 0 524800 0 0 0 0 0 0 0 0 0 0 0 0 0 0 0 0 0 0 0 0 0 0 0 0 0 0 0 0 0 0 0 0 0 0 0 0 0 0 0 0 0 0 0 0 0 0 0 0 134217728 2147484160 0 0 0 0 0 0 0 0 0 0 0 0 67108864 8 8652868 32 0 0 0 0 0 8388616 0 0 0 0 807403664 671088640 134218369 35840 0 0 0 0 0 0 0 0 0 0 0 0 0 0 0 0 0 0 0 0 0 0 0 0 0 16384 8 8192 0 4194304 0 134225920 0 0 4096 0 0 0 0 0 0 0 33554432 0 0 0 0 0 16 0 0 2097172 134217728 16777232 0 134217728 0 0 0 0 0 0 32 2228480 0 0 0 0 512 0 0 0 0 0 0 0 0 0 8388640 0 135168 0 0 18874624 2654232 0 0 0 0 0 64 16781312 0 0 268435456 32 604258304 0 16384 0 536870912 0 0 0 0 0 32772 0 0 0 0 0 0 0 0 0 0 0 8192 536870912 1024 65536 0 0 0 0 0 0 0 0 0 0 0 0 0 0 536870912 0 0 4096 0 0 0 0 0 0 0 0 0 0 0 0 0 67109376 0 0 4096 512 0 0 0 0 0 0 0 0 0 0 0 0 0 0 0 0 0 0 16384 0 0 0 0 0 0 0 0 0 33554464 0 0 2048 0 0 0 0 0 0 0 0 0 0 0 0 0 0 0 0 0 0 2654248 0 0 134217728 0 16777216 266240 0 0 0 0 1652555776 542646528 1117704 0 0 0 4325376 0 0 8454144 65536 8 0 0 0 1024 0 0 0 262144 4608 0 0 0 0 0 0 0 0 0 0 131072 9216 0 0 0 0 256 0 0 0 0 0 0 134217728 256 512 0 0 0 0 33554496 536903680 67584 10 0 0 0 0 0 0 0 0 0 0 0 0 0 0 0 0 0 0 0 0 0 0 0 0 0 0 0 0 8 8392704 0 0 0 0 0 0 0 8 0 0 0 0 0 0 0 0 0 0 0 0 0 0 0 0 0 0 0 0 0 0 0 0 134217728 2 0 0 0 0 0 0 0 0 0 0 0 0 0 0 0 0 0 0 0 0 0 0 0 0 0 8 8192 538968194 0 0 0 0 0 4096 0 0 131072 335544320 0 1073741824 0 0 0 0 8192 134217728 34603136 1048576 2080 4194312 0 1073741824 2164523272 69632 0 0 2147483648 0 16777236 0 65536 0 32 0 0 33554432 2147500032 8388608 0 0 0 0 0 0 0 0 0 0 1050625 0 0 0 16384 0 67108864 256 0 0 0 0 0 100663360 0 2 0 0 0 64 262160 0 524288 32 0 0 0 0 0 0 0 0 0 0 0 0 0 0 0 0 0 0 0 0 0 0 0 0 0 0 8192 0 0 0 0 0 0 0 0 0 536870912 2048 0 0 262144 33554500 0 0 32896 0 0 0 0 0 0 256 0 0 0 0 0 0 0 0 0 65632 0 65536 0 0 0 0 1572864 0 0 0 0 0 0 256 0 65604 0 0 81920 16 8388612 512 12320 0 0 0 0 0 0 0 0 0 0 0 0 0 0 0 0 0 0 0 0 0 0 0 4194304 0 0 0 0 0 0 16777216 0 0 0 0 0 0 0 16384 0 0 0 0 2048 320 0 0 1024 0 32 65536 0 12582912 16 1077936128 67108864 0 0 0 0 0 1048608 0 536870912 0 0 0 0 0 0 0 0 0 0 0 0 0 0 0 0 0 0 0 268435456 201326592 8388624 0 0 8 0 0 0 0 0 0 0 0 0 0 0 17408 0 0 0 0 0 0 0 0 0 2 0 2 536870912 134348800 0 0 0 0 0 5
is_linear=0
shrinkage=0.03


Tree=72
num_leaves=31
num_cat=9
split_feature=4 0 4 1 13 15 4 15 12 15 8 10 6 15 15 15 10 12 12 7 12 12 7 4 15 10 15 5 12 9
split_gain=2.67577e+06 372683 248174 99613.2 97791.6 86755.2 84813.7 74128.5 73702.3 77357.7 61561.8 61132.3 94625.9 71043 65174.9 59459.1 60340.7 55615.7 54664.4 53318.3 77486.1 52650.5 51949.9 51689.6 47998.8 47624.8 53751.7 47304.4 45516.8 95046.6
threshold=95.490000000000009 53.995768688293374 146.99000000000004 40.402020202020203 0 1 69.480031645569639 2 2012.5000000000002 3 1044.3379687268839 2.5945815770993503 22.608427893953358 4 5 6 50.544898985911026 2004.5000000000002 1993.5000000000002 10.362849028141961 2014.5000000000002 2011.5000000000002 15.823443548031465 60.993555486683249 7 9.7412154961418658 8 16.110000000001154 2011.5000000000002 2321.8226960377674
decision_type=10 8 10 10 1 9 8 9 2 9 10 10 10 9 9 9 10 2 2 10 2 2 10 10 9 10 9 8 2 10
left_child=1 3 5 21 17 -2 -6 -8 9 -7 11 12 18 -13 -15 -9 -17 -3 -11 -10 -21 -1 27 -5 -4 -26 -27 -18 -16 -30
right_child=2 4 24 23 6 8 7 15 19 10 -12 13 -14 14 28 16 22 -19 -20 20 -22 -23 -24 -25 25 26 -28 -29 29 -31
leaf_value=-0.15188752085992191 -0.25296454640785521 -0.23934187795951925 0.63060974694292626 -0.077112775776781411 -0.037717278984564714 -0.23666423754383731 -0.32565558707945308 0.41764283893488602 0.083913270182422631 -0.16715527436831268 -0.31002937674686748 -0.30036272862244112 0.32875253236664581 0.51679832353486732 0.15078920261327156 0.08011776885465971 -0.052966992317406987 -0.02351419668420331 0.17232452413515437 0.53467629356371793 0.24080672580958651 -0.053125617010672858 -0.18112764261217879 0.11266139587366883 0.39783103481731752 0.52868028194004524 0.20373247592422575 0.68140511351823807 -0.20879707582265419 1.0221675635922338
leaf_weight=40300 409 2120 561 26095 12754 423 425 425 845 537 238 315 4585 415 13147 16801 201 2179 2082 1283 2179 5524 1448 1359 5090 546 3046 130 631 62
leaf_count=40300 409 2120 561 26095 12754 423 425 425 845 537 238 315 4585 415 13147 16801 201 2179 2082 1283 2179 5524 1448 1359 5090 546 3046 130 631 62
internal_value=1.18543e-05 -0.0739027 0.222931 -0.112908 0.00444174 0.177223 0.0223928 0.0618495 0.183828 0.162075 0.169768 0.17509 0.246578 0.139744 0.149575 0.0706493 0.0624918 -0.129947 0.102718 0.297565 0.349713 -0.139982 -0.103618 -0.0677188 0.357199 0.338416 0.255165 0.235457 0.138198 -0.0986675
internal_weight=146155 109761 36394 73278 36483 27151 32184 19430 26742 22435 22012 21774 7204 14570 14255 19005 18580 4299 2619 4307 3462 45824 1779 27454 9243 8682 3592 331 13840 693
internal_count=146155 109761 36394 73278 36483 27151 32184 19430 26742 22435 22012 21774 7204 14570 14255 19005 18580 4299 2619 4307 3462 45824 1779 27454 9243 8682 3592 331 13840 693
cat_boundaries=0 1 82 162 243 325 402 484 566 647
cat_threshold=2 0 0 0 0 0 0 0 0 0 0 0 0 0 0 0 0 0 0 0 0 0 0 0 0 0 16384 8 8192 0 0 0 0 0 0 4096 0 0 0 0 0 0 0 33554432 0 0 0 0 0 19 0 0 10485780 134217728 16777232 0 134217728 0 0 0 0 0 7602176 272629792 2228992 0 0 0 0 512 0 0 0 0 0 0 0 0 0 8388608 0 135168 0 0 0 0 0 0 0 0 16384 0 32768 0 0 0 0 0 0 0 0 0 0 0 0 0 0 0 0 0 0 0 0 0 0 0 0 0 0 0 0 0 0 0 0 0 0 0 0 0 0 0 0 32768 8421378 2097664 0 0 0 0 0 0 0 0 0 100663296 4129 262148 0 0 0 0 134234112 4194816 16777344 2097152 512 0 67108864 0 2147614977 2155872256 0 0 0 0 0 0 0 0 0 0 0 0 0 0 0 0 0 0 0 0 0 0 0 0 32 0 8388608 0 4194336 512 0 1208483840 0 0 0 4096 0 0 0 553648128 0 134807552 2 0 0 0 0 8388608 0 32 1024 0 0 0 0 0 0 256 0 0 0 33554432 524288 16384 0 0 0 0 2 0 0 0 0 0 0 0 0 0 16930 2240 9216 0 0 0 0 0 0 0 0 0 0 0 0 0 0 16777216 0 0 0 0 0 0 0 0 0 0 0 262144 151060480 0 17301504 0 2214633472 0 0 0 0 0 0 0 0 0 131072 8 0 0 0 0 134217728 32 0 0 0 0 0 0 0 0 0 0 0 0 67108864 128 33792 0 0 0 576 8192 8388608 0 0 0 0 0 0 0 0 0 1073741825 256 134217728 0 0 67110912 34177048 16785416 65536 0 0 0 0 2 33554432 131072 268435456 0 0 0 0 0 0 0 0 0 64 0 0 128 0 0 0 1048576 256 0 0 0 0 0 0 536870912 268436480 0 0 0 64 2097216 0 8256 32 0 0 0 0 0 0 0 0 0 0 0 0 0 0 0 0 0 0 0 0 0 0 512 0 0 0 0 0 512 0 0 409 0 537436160 0 256 0 0 0 0 0 0 4718592 0 0 0 0 0 0 0 0 0 0 0 16384 0 0 0 0 0 0 0 0 0 0 0 0 0 0 0 0 0 0 0 0 128 1310720 269484032 0 0 0 0 0 0 0 0 0 65536 0 2097152 68 0 0 0 0 0 0 0 0 2097152 0 0 0 0 0 2097152 128 0 0 8192 16384 0 0 0 0 2048 64 0 0 1024 0 0 0 0 12582912 16 4096 67108864 0 0 0 16384 1073750016 262144 0 536870912 0 0 0 0 0 0 0 0 0 0 0 0 0 0 0 0 0 0 0 134217728 67108864 8388608 0 0 0 0 0 0 0 0 0 0 0 0 0 0 17408 0 0 0 0 0 0 0 0 0 2097154 0 32770 536870912 134217744 0 0 0 0 0 131077 0 0 1 0 33024 904 134217728 134217728 0 0 8388640 65536 2147745792 256 0 0 0 0 0 0 0 0 0 0 1048 33554432 0 0 0 0 0 0 0 0 0 0 0 0 0 0 0 0 0 0 268959744 2281702404 16 0 0 0 0 0 0 0 0 0 0 0 0 0 0 0 0 0 0 0 0 0 0 0 0 1 541065216 0 0 256 0 0 0 0 8388608
is_linear=0
shrinkage=0.03


Tree=73
num_leaves=31
num_cat=8
split_feature=4 0 0 13 10 7 6 5 12 2 15 8 15 5 12 12 4 15 7 13 6 15 3 12 12 8 15 10 13 12
split_gain=2.51779e+06 351489 236162 122014 88162 86005.4 73966.7 69179.7 68868.8 74300.8 66110.2 65512.7 71186.8 65913.3 81957.6 77209.4 55753.9 55235.7 52871.5 50544.6 49397.8 45079.2 42585.2 41697.6 41496.1 41320.2 40332.3 45339.1 46030.4 54561.1
threshold=95.490000000000009 58.00568181818182 149.35000000000005 0 16.602137448012204 9.681158379608684 26.629877461954454 -11.490945945945032 1993.5000000000002 116.0263157894737 1 492.88795509852025 2 -12.66000000000181 1993.5000000000002 1992.5000000000002 175.76000000000005 3 9.9986468607190808 4 22.110366825054069 5 45.316787371368527 2012.5000000000002 2011.5000000000002 211.52714034762846 6 22.001978597446886 7 2003.5000000000002
decision_type=10 10 10 1 10 10 10 10 2 8 9 10 9 10 2 2 10 9 10 1 10 9 8 2 2 10 9 10 1 2
left_child=1 3 10 5 18 -1 22 25 9 -9 -2 17 -13 -14 15 -15 -4 -12 -5 -6 -11 -16 -7 -21 -20 -3 -10 28 29 -28
right_child=2 7 16 4 19 6 -8 8 26 20 11 12 13 14 21 -17 -18 -19 24 23 -22 -23 -24 -25 -26 -27 27 -29 -30 -31
leaf_value=-0.21515693927700297 -0.25929417763626927 0.62307296283629743 0.29690094568450159 -0.14756116042971154 -0.11452023325319448 -0.27234136110544205 0.0082456020620657183 -0.35344145767680912 0.35310039421924855 -0.53633444831682286 0.41870213732090766 -0.17844330680088788 0.46776516753287495 0.3100279091758959 -0.090089214107459958 -0.24722138205183897 0.47367349589592045 0.078392417030158881 -0.083518417691885491 -0.20995271301554819 0.13469802261904926 0.22741230257857295 0.31758424756115072 -0.042295755036234735 -0.0031417264627373732 0.14243924639754404 0.053071233952065672 -0.057980679334179198 0.0063957390188645134 0.25637362409011827
leaf_weight=990 323 172 10138 9673 16920 120 2972 924 327 115 447 424 868 335 415 674 1908 7538 32858 12344 698 13324 1339 1497 7015 2513 3812 4794 8952 1726
leaf_count=990 323 172 10138 9673 16920 120 2972 924 327 115 447 424 868 335 415 674 1908 7538 32858 12344 698 13324 1339 1497 7015 2513 3812 4794 8952 1726
internal_value=1.39244e-05 -0.0716854 0.216253 -0.10011 -0.109409 0.0376434 0.0941255 0.0297082 0.0116573 -0.169395 0.1625 0.168208 0.203232 0.213572 0.198756 -0.062208 0.3249 0.0980655 -0.0846415 -0.149301 0.0397795 0.217922 0.269064 -0.191819 -0.0693775 0.173228 0.0276936 0.0219811 0.0484516 0.116433
internal_weight=146155 109761 36394 85728 80307 5421 4431 24033 21348 1737 24348 24025 16040 15616 14748 1009 12046 7985 49546 30761 813 13739 1459 13841 39873 2685 19611 19284 14490 5538
internal_count=146155 109761 36394 85728 80307 5421 4431 24033 21348 1737 24348 24025 16040 15616 14748 1009 12046 7985 49546 30761 813 13739 1459 13841 39873 2685 19611 19284 14490 5538
cat_boundaries=0 1 86 169 255 256 320 401 402
cat_threshold=1 0 0 0 0 0 0 0 0 0 0 0 0 0 0 0 0 0 0 0 0 0 0 0 0 0 16384 8 0 0 0 0 8192 0 0 4096 0 0 0 0 0 0 524288 33554432 0 0 0 0 0 2 0 0 2097172 134217728 16777232 0 134217728 0 0 0 0 0 0 32 2097920 0 0 0 0 2 0 0 0 0 0 0 0 0 0 32 33554432 143360 0 0 0 2097152 0 0 0 0 0 0 0 0 0 0 0 0 0 0 2147483648 0 0 0 0 0 0 0 0 0 0 0 1074790400 0 32 4194304 0 1024 0 0 16384 0 0 0 0 0 0 0 266242 0 0 0 0 2147483648 9 65568 0 4194304 16896 134217728 0 16777216 0 256 0 0 0 3758096384 2113536 1245192 0 0 0 4194304 0 0 0 0 0 0 0 0 0 0 0 0 0 0 4096 0 0 0 0 16777216 0 0 0 0 0 0 0 2147745792 268440064 0 0 0 0 0 0 0 0 0 0 0 4 0 0 0 0 0 0 0 0 0 65568 8388608 0 0 0 0 0 536870912 64 33816644 536870912 69632 8 0 0 0 0 0 0 0 0 0 0 0 0 0 0 0 0 0 0 0 0 0 0 4194304 0 16896 0 0 0 512 8389120 0 0 0 0 0 0 0 16392 4 0 0 0 0 0 0 0 0 0 0 0 0 0 0 0 0 0 0 0 2 0 0 0 0 4352 0 0 134217728 33587208 16777216 0 0 0 16777216 0 0 0 0 0 0 0 0 0 0 0 0 0 671088640 32 0 2131976 537002240 0 0 0 0 0 65536 0 0 0 8388608 672669952 18432 2147483648 0 0 16384 0 0 0 1048576 4096 2048 0 0 0 0 0 0 0 0 0 0 0 0 0 1048704 66 18480 256 0 0 0 0 0 0 0 0 0 0 16777216 1024 0 0 0 0 0 0 0 0 1048576 0 0 0 0 16384 0 0 0 0 0 1081344 1048576 0 0 0 32768 262144 0 0 0 0 0 0 2048 0 0 2 0 2097152 0 0 0 524288 1
is_linear=0
shrinkage=0.03


Tree=74
num_leaves=31
num_cat=6
split_feature=4 0 4 1 13 15 15 8 12 12 8 4 10 15 15 4 12 7 7 0 12 12 0 15 2 12 12 6 10 7
split_gain=2.369e+06 331285 222957 91708.2 88305.4 80687.4 77960.9 65119.8 84868.8 85221.2 67443.6 64787.5 72669.8 62276.4 57406 54169.7 50582.9 49848.2 48144.7 55453.7 46193.8 83444.5 45632.2 45175.4 44011.7 42781.7 42558.3 61000.7 41744.3 52054.5
threshold=95.490000000000009 53.995768688293374 145.63000000000005 35.009727626459153 0 1 2 533.28821756968591 2002.5000000000002 2001.5000000000002 832.6792997474962 69.480031645569639 50.544898985911026 3 4 61.645000000000017 2004.5000000000002 16.003577790817648 12.751592881634279 52.503333333333337 2012.5000000000002 2009.5000000000002 110.02137132680322 5 95.016129032258078 1993.5000000000002 1999.5000000000002 23.935816856639264 5.2240563690733541 16.982227400166156
decision_type=10 8 10 10 1 9 9 10 2 2 10 8 10 9 9 10 2 10 10 10 2 2 8 9 10 2 2 10 10 10
left_child=1 3 5 -1 16 -2 22 14 9 10 24 -8 13 -13 -7 -5 -3 -14 19 -16 21 -4 -6 -10 -9 -12 -26 -28 -20 -30
right_child=2 4 20 15 6 7 11 8 23 -11 25 12 17 -15 18 -17 -18 -19 28 -21 -22 -23 -24 -25 26 -27 27 -29 29 -31
leaf_value=-0.14222055980106887 -0.24388994142404494 -0.22770093342450662 0.35147149221807528 -0.081521258082471182 0.26172339944059353 0.45290501773485853 -0.036559572258269071 0.34472827013260932 -0.074737447800936996 -0.19827895054425956 -0.37928820477374414 -0.28203796004375198 0.20426036610151641 0.079449694157261913 -1.4261274790763854 0.11456234188032018 -0.021870254040783344 -0.19918458819330453 0.28925064387048283 0.15604323610093582 0.416237969118122 0.10374764824602917 1.0023936694208533 0.28827339737395047 0.096306277486264386 0.092534510733989564 -0.012699041368155662 0.46448686106889953 -0.088319013040327563 0.17420291293995901
leaf_weight=34163 421 2120 4336 37803 340 425 12722 1433 323 633 303 431 336 16725 20 1312 2179 1534 450 6361 3693 1705 96 8162 3153 403 354 756 2534 929
leaf_count=34163 421 2120 4336 37803 340 425 12722 1433 323 633 303 431 336 16725 20 1312 2179 1534 450 6361 3693 1705 96 8162 3153 403 354 756 2534 929
internal_value=1.46353e-05 -0.0695339 0.209767 -0.106309 0.00433127 0.164899 0.0213895 0.171486 0.210828 0.133783 0.166616 0.0158443 0.0508932 0.0702502 0.114682 -0.0749442 -0.123373 -0.126694 0.100181 0.151084 0.332652 0.281554 0.415282 0.274706 0.200896 -0.109962 0.152548 0.312303 0.0174283 -0.0178937
internal_weight=146155 109761 36394 73278 36483 26660 32184 26239 15520 7035 6402 31748 19026 17156 10719 39115 4299 1870 10294 6381 9734 6041 436 8485 5696 706 4263 1110 3913 3463
internal_count=146155 109761 36394 73278 36483 26660 32184 26239 15520 7035 6402 31748 19026 17156 10719 39115 4299 1870 10294 6381 9734 6041 436 8485 5696 706 4263 1110 3913 3463
cat_boundaries=0 1 82 159 242 320 404
cat_threshold=2 0 0 0 0 0 0 0 0 0 0 2097152 0 0 0 0 0 0 0 0 0 0 0 0 0 0 16384 8 8192 0 4194304 0 0 0 0 4096 0 0 0 0 0 0 0 33816576 0 0 0 128 0 16 0 0 10485780 134217728 16778256 0 134217728 0 0 0 0 0 7602176 272646176 2097152 0 0 0 0 512 0 0 0 0 0 0 0 0 0 8388608 0 135168 0 0 409 0 537436192 128 256 0 0 0 0 0 0 4718592 0 0 0 0 0 0 0 0 0 0 32 16384 0 0 0 0 0 0 0 0 0 0 0 0 0 0 0 0 0 0 0 0 128 1310720 269492224 0 0 0 0 0 0 0 0 0 65536 0 2097152 68 0 0 0 0 0 0 0 0 2097152 0 0 0 0 0 2097152 0 0 0 0 0 0 0 589824 16384 256 0 0 0 0 0 0 0 0 0 0 0 0 0 0 0 0 0 0 0 0 0 0 262144 0 0 0 0 0 0 0 0 0 0 0 0 0 0 0 0 0 0 2147516416 29392898 2101776 32768 0 0 0 0 0 0 0 0 67108864 4097 537133056 524288 0 0 0 0 0 0 0 0 0 0 0 2147614977 2692744192 0 0 128 0 0 256 0 16785920 65536 65792 0 0 0 0 0 0 268566528 0 0 0 0 0 0 0 0 0 65536 1048576 268435460 128 0 0 0 0 0 0 0 0 0 8388608 1 0 0 0 0 0 0 263232 536870912 64 0 67108864 0 0 0 0 0 0 0 0 0 0 0 0 256 0 0 0 0 0 0 0 0 4194304 0 16384 0 8192 0 0 8393216 0 0 0 0 0 0 0 0 0 0 0 0 0 0 0 32 0 0 0 0 0 0 0 0 0 0 65536 0 8 128 0 0 0 0 0 0 0 0 0 0 264192 0 0 0 0 0 0 0 0 0 0 541197312 16896 134217728 0 0 4096 525312 0 0 2048 2155872256 1048832 66048 16 0 0 4194560 0 0 0 0 0 0 0 0 0 0 0 0 0 0 0 134217728
is_linear=0
shrinkage=0.03


Tree=75
num_leaves=31
num_cat=8
split_feature=4 0 0 13 10 7 15 5 12 2 10 7 2 12 12 12 15 15 12 4 15 9 12 3 6 13 12 15 7 15
split_gain=2.22906e+06 312751 212546 108837 82962.7 81337 74006.8 63393.7 65180.2 69684.5 60723.3 68519.2 83190.3 114221 72265.1 82308.4 67692.1 66143.5 56467.3 51732 50730.5 49927.7 58206.9 48598.1 46573.1 46175.5 44417.5 43523.2 40928.5 56095
threshold=95.490000000000009 58.00568181818182 149.35000000000005 0 24.95450085947709 8.7296665933815376 1 -11.490945945945032 1993.5000000000002 116.0263157894737 15.393350139209682 9.9390376347733334 159.65000000000001 1993.5000000000002 1994.5000000000002 1997.5000000000002 2 3 2011.5000000000002 173.11000000000004 4 1891.795160750569 1997.5000000000002 43.300543024227245 22.110366825054069 5 2002.5000000000002 6 16.87848393325395 7
decision_type=10 10 10 1 10 10 9 10 2 8 10 10 8 2 2 2 9 9 2 10 9 10 2 10 10 1 2 9 10 9
left_child=1 3 6 5 18 -1 -2 -3 9 -9 11 -8 13 -13 -15 -16 -17 -12 25 -4 -19 22 -7 26 -11 -5 -24 -18 29 -22
right_child=2 7 19 4 -6 21 10 8 -10 24 17 12 -14 14 15 16 27 20 -20 -21 28 -23 23 -25 -26 -27 -28 -29 -30 -31
leaf_value=-0.26446493421182582 -0.24476207333478775 0.16558213840340727 0.27571649312943736 -0.12361469402747609 -0.1535831964931347 0.2787842065809068 0.069736181754425294 -0.3434592279436236 0.0265160817298183 -0.52204939352429425 0.45007345224772599 -0.23061251775702449 0.44105304010382118 0.49675129501418624 0.019247538709090045 -0.13612379197909674 -0.047744211019344736 0.37731136694818457 -0.018674013187736649 0.43190463695581532 0.278429969333787 -0.011749769021073176 -1.0514049547740392 0.12683114570152104 0.12951529834921174 -0.065052527555008136 -0.12586516223634991 0.26849573548825389 0.16185106174532798 -0.047368909347338041
leaf_weight=706 408 2685 9668 27416 21431 1612 3389 924 19611 115 412 541 1383 767 1955 421 416 421 9744 2378 531 2483 70 410 698 21716 140 7989 1788 3927
leaf_count=706 408 2685 9668 27416 21431 1612 3389 924 19611 115 412 541 1383 767 1955 421 416 421 9744 2378 531 2483 70 410 698 21716 140 7989 1788 3927
internal_value=1.46477e-05 -0.0674484 0.203477 -0.094261 -0.103043 0.0358411 0.152483 0.0281948 0.0109151 -0.165222 0.159288 0.190314 0.220646 0.195431 0.21539 0.195373 0.234386 0.0856168 -0.0846467 0.30655 0.0623259 0.0808074 0.183773 -0.063256 0.0373506 -0.0977306 -0.434378 0.252806 0.0405257 -0.00804414
internal_weight=146155 109761 36394 85728 80307 5421 24348 24033 21348 1737 23940 16861 13472 12089 11548 10781 8826 7079 58876 12046 6667 4715 2232 620 813 49132 210 8405 6246 4458
internal_count=146155 109761 36394 85728 80307 5421 24348 24033 21348 1737 23940 16861 13472 12089 11548 10781 8826 7079 58876 12046 6667 4715 2232 620 813 49132 210 8405 6246 4458
cat_boundaries=0 1 86 170 256 342 343 426 504
cat_threshold=1 0 0 0 0 0 0 0 0 0 0 0 0 0 0 0 0 0 0 0 0 0 0 0 0 16777248 0 1073741832 0 0 0 0 134225920 0 0 4096 0 0 0 0 0 0 524288 33554432 0 0 0 0 0 3 0 0 10485780 134217728 16777232 0 0 0 0 0 0 0 0 32 2228992 0 0 0 131072 2 0 0 0 0 0 0 0 0 0 32 33554432 143360 0 0 0 2105344 0 0 0 0 0 0 0 0 0 0 0 0 0 0 0 0 0 0 16384 0 0 0 0 0 0 0 0 0 33554464 4194304 0 0 0 2 16400 0 0 0 0 0 0 0 0 0 0 0 0 0 16 0 2097184 0 512 134217728 0 150994944 0 256 0 0 0 1132462080 542646340 1114112 0 0 0 4194304 0 0 0 0 0 0 0 0 0 0 0 0 0 0 0 134217760 0 0 2162688 98304 8 0 65536 0 32 0 4096 0 262144 4608 0 0 0 0 0 0 0 0 0 0 131072 32772 0 0 0 0 256 0 0 0 0 0 0 134217728 536871168 514 0 0 536870912 64 33554496 0 65536 8 0 0 0 0 0 0 0 0 0 0 0 0 0 0 0 0 0 0 0 0 0 0 0 0 512 0 0 0 512 0 0 0 0 0 0 0 0 8 0 0 2147483648 524352 16777220 0 0 0 0 0 524288 34603008 16384 8388608 0 0 0 0 0 0 0 0 0 32 1050624 16777216 0 0 0 0 67633152 8 0 0 0 0 0 100663360 0 0 0 0 0 16 4 536904192 0 0 0 0 0 0 0 0 0 0 0 0 0 0 0 0 0 0 0 0 0 0 0 0 4194304 0 0 0 0 0 0 25165824 0 0 0 0 0 0 536870912 2048 2 0 0 0 0 0 0 0 0 0 0 0 0 0 0 0 0 0 0 0 0 0 33554432 0 0 0 0 0 65536 8 384 0 1572864 1048576 0 131072 0 0 0 0 0 0 0 4096 0 0 0 0 0 0 278528 33280 4194304 0 0 0 0 2117632 0 0 0 0 0 2147483904 3144 0 0 0 256 1073741824 0 0 0 0 0 0 0 0 0 2 16384 2097152 0 2101248 0 0 0 4 0 32768 16810368 0 0 0 0 0 2147483648 256 0 0 0 0 0 0 0 0 0 8256 67108864 1083179008 32 536870912 0 0 0 0 0 0 0 0 0 0 0 2147483648 0 0 0 0 0 1346109448 4194340 8194 0 0 0 0 0 0 0 0 0 0 0 0 0 256 0 0 0 4096 0 0 0 0 0 0 0 0 0 0 0 8192
is_linear=0
shrinkage=0.03


Tree=76
num_leaves=31
num_cat=9
split_feature=4 0 0 10 0 15 12 12 12 15 1 12 7 15 10 4 15 13 15 13 12 15 15 0 7 8 0 12 12 7
split_gain=2.10332e+06 353360 158750 107891 104030 85900.5 81116.3 77306.1 88107.8 76893.8 72909.6 78780 80727.5 63799.1 64888.8 63704.2 55463.8 54805.9 56686.5 51806.1 59131 47168.8 46666.3 52739.7 79332.8 45857.2 44487.5 43844.5 66864.6 80197
threshold=70.409245680722265 136.05000000000004 39.403107019562718 22.303340853917025 101.25000000000001 0 1995.5000000000002 2002.5000000000002 2001.5000000000002 1 117.01662404092073 1999.5000000000002 12.573106493530737 2 4.970595074464339 23.001558339294807 3 4 5 6 2003.5000000000002 7 8 74.007874015748044 14.231518139865889 199.17238573071299 46.990566037735853 2012.5000000000002 2011.5000000000002 17.400234182431713
decision_type=10 10 8 10 10 9 2 2 2 9 10 2 10 9 10 10 9 1 9 1 2 9 9 8 10 10 10 2 2 10
left_child=2 3 15 5 19 -2 -3 8 10 -5 11 -7 -13 -8 -15 -1 -16 18 -9 20 -4 -18 -21 -24 -25 -26 -12 28 -23 -30
right_child=1 6 4 9 -6 7 13 17 -10 -11 26 12 -14 14 16 -17 21 -19 -20 22 -22 27 23 24 25 -27 -28 -29 29 -31
leaf_value=-0.20392511144258943 -0.23538109449298514 0.040890540155364745 -0.15672811559375027 0.38500144493316163 0.22920969249147788 0.021734279976363107 0.60791869862689207 -0.15291360527705564 -0.20548704158766626 -0.021298571540732752 -1.1181608922373165 0.0032839807425584411 0.47703835122279287 0.34131249460102675 0.55014198239774181 -0.10731178759012967 0.50556780777212718 0.044460219949447724 0.24695359289550278 -0.30771856805313097 -0.050261687598406574 0.17562195233941866 -0.046489523824429432 0.13261903318945667 0.67384473239247855 -0.081392205424853911 0.23515331445855464 0.29745316333395849 -0.26352650395123867 0.94724449846479619
leaf_weight=7476 552 1311 7745 435 1199 6812 540 329 843 7226 22 565 758 7197 430 34433 431 1675 8347 531 11922 4972 26704 4082 74 3260 3477 2195 558 54
leaf_count=7476 552 1311 7745 435 1199 6812 540 329 843 7226 22 565 758 7197 430 34433 431 1675 8347 531 11922 4972 26704 4082 74 3260 3477 2195 558 54
internal_value=1.60521e-05 0.160936 -0.0804705 0.0999535 -0.0471984 0.13197 0.267956 0.140894 0.0906714 0.00224634 0.112131 0.062877 0.274717 0.286133 0.274604 -0.124546 0.219355 0.201567 0.231899 -0.0532997 -0.0921889 0.201114 -0.0312272 -0.0268262 0.0439424 -0.0646293 0.226644 0.183619 0.139201 -0.156694
internal_weight=146155 48729 97426 31041 55517 23380 17688 22828 12477 7661 11634 8135 1323 16377 15837 41909 8640 10351 8676 54318 19667 8210 34651 34120 7416 3334 3499 7779 5584 612
internal_count=146155 48729 97426 31041 55517 23380 17688 22828 12477 7661 11634 8135 1323 16377 15837 41909 8640 10351 8676 54318 19667 8210 34651 34120 7416 3334 3499 7779 5584 612
cat_boundaries=0 81 159 241 323 324 409 410 483 563
cat_threshold=0 0 0 0 0 0 0 0 0 0 0 0 0 0 0 0 0 0 0 0 0 0 0 0 0 0 0 0 0 0 0 0 0 8320 0 0 0 0 33554432 0 0 0 0 0 0 0 0 0 10 0 1024 67141632 65538 144 0 0 0 0 0 0 0 0 16384 262144 65536 0 0 537001984 512 268435456 0 0 0 0 0 0 0 0 25170184 2281964544 2752512 0 0 0 64 4 0 256 256 8 0 4096 144 1 256 0 0 0 0 0 0 0 0 0 0 0 1090519040 0 0 0 0 69206017 264 0 0 0 0 0 234883072 0 66050 0 0 0 0 0 0 0 0 0 0 0 0 0 0 0 0 0 0 1048576 8388608 0 0 0 0 0 0 0 0 0 0 2097152 0 16384 0 0 262144 16896 4 0 0 134217728 0 2048 64 134217728 0 1024 0 0 0 0 8519680 16 524288 71303168 0 0 0 0 0 0 0 536870912 0 0 0 0 0 0 0 0 0 0 0 0 0 0 0 0 0 0 0 134742016 2281702400 8388624 32768 0 0 0 0 0 0 0 0 0 0 0 0 0 17408 0 0 0 0 0 0 0 0 0 2 536870912 2 536870912 131072 0 0 0 0 0 1 0 0 67112976 0 32768 65792 0 0 256 16 32 65536 2147483648 4194816 0 0 0 0 0 0 0 0 0 0 8 0 0 0 0 0 0 0 0 0 0 0 0 0 0 0 0 0 0 0 268435456 67108884 536870912 0 0 0 0 0 0 0 0 0 0 0 0 0 0 0 0 0 0 0 0 0 0 0 0 2097152 0 32768 1024 134217744 0 0 0 0 0 131076 1 0 0 0 0 0 0 0 0 0 0 0 0 0 0 0 0 0 0 0 0 0 0 0 0 0 0 1073741824 0 0 4194304 0 8192 16777216 0 536887296 512 4194304 0 0 0 0 0 0 0 0 0 0 0 0 0 8 33554448 524288 8192 100663296 134217728 4096 0 0 0 0 0 131072 0 4096 0 0 0 0 0 268435456 0 0 0 0 0 0 0 16384 33554432 0 524288 136314880 0 2098176 2 0 0 2099200 10489872 256 640 0 134217728 0 0 8388608 2048 393216 4352 0 0 0 0 0 0 0 0 0 0 16 0 0 0 0 0 0 0 0 0 0 0 0 0 0 0 0 0 0 0 0 65538 2112 34 0 8 0 0 0 0 0 0 0 0 2097152 0 0 0 0 0 0 0 0 0 0 0 0 1 4194304 1 81984 0 0 0 0 0 0 8192 0 69206016 32 32768 0 0 0 0 0 0 0 0 0 0 0 0 2097152 0 0 0 0 0 0 0 0 0 0 0 0 0 0 0 0 0 0 0 0 0 0 0 0 0 0 0 64 6324224 256 0 0 0 0 0 0 0 0 532484 167780360 33587328 0 0 0 262144 0 33554432 16777216 0 2 1024 0 0 8192
is_linear=0
shrinkage=0.03


Tree=77
num_leaves=31
num_cat=9
split_feature=4 0 0 10 0 12 15 5 7 15 8 12 15 2 9 15 4 0 8 15 13 12 15 15 15 0 7 8 8 10
split_gain=1.97941e+06 338464 146024 100576 96606.9 91394.9 78402 74656.6 135012 69747 67635.7 66247.5 65917.8 62824.6 76325.4 62642.2 59996.7 59421.1 51091.3 48796.3 47621.8 56255.8 46167.8 46051.2 45392.8 49520.3 75547.4 42971.6 42337.8 42299.7
threshold=69.480031645569639 131.05000000000004 39.006172839506185 22.303340853917025 101.25000000000001 1995.5000000000002 0 -8.000000000000993 8.9920050573965344 1 507.94468653368222 1993.5000000000002 2 143.05000000000004 1175.2859847051457 3 23.001558339294807 29.994775339602928 1015.5877816948324 4 5 2003.5000000000002 6 7 8 73.004723346828627 14.265034274636095 199.17238573071299 463.12072643073873 33.8623091265356
decision_type=10 10 8 10 10 2 9 10 10 9 8 2 9 8 10 9 10 10 10 9 1 2 9 9 9 8 10 10 10 10
left_child=2 3 16 6 20 -3 -2 8 17 -7 12 13 -11 -9 -15 -5 -1 -8 22 -13 21 -4 -12 -14 -22 -26 29 -28 -18 -27
right_child=1 5 4 15 -6 9 7 11 -10 10 18 19 23 14 -16 -17 28 -19 -20 -21 24 -23 -24 -25 25 26 27 -29 -30 -31
leaf_value=-0.19847520868085708 -0.22110565385126441 0.03331747474629327 -0.15195403604228963 0.34620107790660243 0.22097611412976853 0.59982583731150996 -1.6230278961999074 -0.27886729070686589 0.34940355065576389 0.5260445166292016 0.58656678203445156 -0.18928863418676581 0.45052929170377726 -0.28043173184877396 0.3159054046383461 -0.028254943037182369 -0.15367344561213894 -0.17691261328327451 -0.14705842412342982 0.13484370705438539 -0.30660304273399597 -0.048908515401698667 0.29607165740054259 0.12605834096080426 -0.046280181560270028 0.10010569244189237 0.63914279500120563 -0.082572721127880694 -0.081627549874713726 0.47575801036561483
leaf_weight=7440 576 1605 7878 417 1186 559 28 736 2506 449 531 422 420 302 536 6880 10736 295 224 16624 521 12079 10789 5333 26411 3869 76 3223 23214 290
leaf_count=7440 576 1605 7878 417 1186 559 28 736 2506 449 531 422 420 302 536 6880 10736 295 224 16624 521 12079 10789 5333 26411 3869 76 3223 23214 290
internal_value=1.88102e-05 0.154926 -0.0786662 0.0901085 -0.0468761 0.250385 0.122089 0.131347 0.274999 0.269417 0.258526 0.109592 0.178767 -0.0766273 0.100996 -0.00642027 -0.121319 -0.302272 0.3016 0.126787 -0.0527214 -0.0895856 0.310478 0.150487 -0.0313286 -0.0269956 0.0412606 -0.0659464 -0.104411 0.126299
internal_weight=146155 49232 96923 29322 55533 19910 22025 21449 2829 18305 17746 18620 6202 1574 838 7297 41390 323 11544 17046 54347 19957 11320 5753 34390 33869 7458 3299 33950 4159
internal_count=146155 49232 96923 29322 55533 19910 22025 21449 2829 18305 17746 18620 6202 1574 838 7297 41390 323 11544 17046 54347 19957 11320 5753 34390 33869 7458 3299 33950 4159
cat_boundaries=0 81 163 245 323 405 406 429 510 590
cat_threshold=0 0 0 0 0 0 64 0 0 0 0 0 0 0 0 0 0 0 0 0 0 0 0 0 0 0 0 0 0 0 0 0 0 128 0 0 0 0 33554432 0 0 0 0 0 0 0 0 0 10 0 1024 67108864 589826 144 2048 0 0 0 0 0 0 0 278528 266240 65536 0 0 537001984 512 268435456 0 0 0 0 0 0 0 268435456 8388872 2281702400 2752512 0 0 201326592 0 2048 65600 134217728 0 1024 0 0 0 0 8388608 1073741840 0 67174400 0 0 0 0 0 0 0 536870912 0 0 0 0 0 0 0 0 0 0 0 0 0 0 0 0 0 0 0 134217728 134218756 8388624 32768 0 0 0 0 0 0 0 0 0 0 0 0 0 17408 0 0 0 0 0 0 0 0 0 2 536870912 2 536870912 131088 0 0 0 0 0 1 0 0 16 0 33024 768 0 0 0 0 0 0 2147745792 4330272 0 0 0 0 0 0 0 0 0 0 8 0 0 0 0 0 0 0 0 0 0 0 0 0 0 0 0 0 0 0 268451840 2214592512 0 34 0 8 0 0 0 0 0 0 0 0 2097152 0 0 0 0 0 0 0 0 0 0 0 0 2097152 0 32768 1024 134217728 0 0 0 0 0 131076 0 0 272 0 0 0 0 1048832 536870944 2048 128 32784 264192 0 0 0 0 0 0 0 0 0 0 0 0 143654912 0 0 0 0 17 8 0 0 0 0 0 134219776 0 66050 0 0 0 0 0 0 0 0 0 0 0 0 0 0 0 0 0 0 0 8388608 0 0 0 0 0 0 0 0 0 0 2097152 0 16384 0 0 262144 16896 4 0 0 0 0 0 0 0 0 0 0 0 0 0 0 0 0 0 0 0 0 0 0 0 0 0 0 0 0 536870944 4194304 0 0 16777216 0 0 0 0 0 0 0 0 0 0 0 0 0 0 2952790016 17 0 0 536870912 0 65536 0 16777216 0 8192 0 0 0 536870912 134348800 8194 0 0 0 0 0 4096 268435456 0 0 0 0 0 0 0 16797697 33816576 0 134217728 2 0 0 0 0 0 0 0 0 0 0 0 0 0 0 196676 1145573378 5252184 4 0 0 69288064 204816 499712 0 0 258 0 33554432 136 135168 0 0 0 0 0 0 0 0 0 0 0 0 0 0 0 0 0 1040 0 0 0 0 0 0 0 0 0 0 0 0 0 0 0 0 0 0 0 34603008 8421378 536937472 0 0 0 0 0 0 0 0 0 0 0 0 0 8192 256 0 0 0 2147483648 0 0 0 0 0 1 4194304 0 0 256 0 4240 0 0 8388608 1 16448 0 0 0 0 0 0 8192 0 67110912 32 32768 0 0 0 0 0 0 0 0 0 0 67633152 0 2097152 0 0 0 0 0 0 0 0 0 0 0 0 0 0 0 0 0 0 0 0 0 0 0 0 0 0 0 64 73433104 256 0 0 0 0 0 0 0 0 532480 167780360 33554560 0 0 0 264192 0 33554432 16777216 0 2 0 0 0 8192
is_linear=0
shrinkage=0.03


Tree=78
num_leaves=31
num_cat=7
split_feature=4 4 0 0 3 15 10 12 4 5 8 15 12 12 2 9 8 15 13 11 10 13 12 15 12 12 7 12 12 15
split_gain=1.86314e+06 308458 143640 91715.4 84572.2 79942.7 74146.9 82545.1 56672.4 55702.4 53772.8 53696.9 53223.2 102988 92508.9 78570.2 51095.7 53684.5 62894.9 49106.5 67509.7 47481.5 52355.4 45064.2 42844.5 97438.6 116468 66683.7 42988.2 42029.9
threshold=71.363333333333344 121.05000000000001 39.403107019562718 101.25000000000001 161.18333333333337 0 33.8623091265356 2003.5000000000002 23.400366982566116 -19.000000000001823 308.8522645224088 1 1993.5000000000002 1994.5000000000002 127.05000000000001 1156.9683063255322 455.1762446658434 2 3 73.138983234937584 5.1150441213084799 4 2003.5000000000002 5 2001.5000000000002 1999.5000000000002 12.573106493530737 2002.5000000000002 1998.5000000000002 6
decision_type=10 10 8 10 10 9 10 2 10 10 10 9 2 2 8 10 10 9 1 10 10 1 2 9 2 2 10 2 2 9
left_child=2 5 8 21 11 -2 7 9 -1 10 -7 -3 14 -14 -11 -16 -9 -18 -19 20 -13 22 -4 -8 25 28 -27 -26 -15 -23
right_child=1 4 3 -5 -6 6 23 16 -10 12 -12 19 13 24 15 -17 17 18 -20 -21 -22 29 -24 -25 27 26 -28 -29 -30 -31
leaf_value=-0.1889737226454532 -0.31181971755406229 0.53466615746403756 -0.14746765104156034 0.21442418935538113 0.33436696529840276 -0.77811598572660889 0.25338343831069848 0.052569049286498783 -0.10020089386387192 -0.28015080595820469 0.4568208549983267 0.27742696953722457 0.33020335418048335 0.05549556132239291 -0.27859000088448083 0.29500004700034138 -0.14317404268754769 0.28607949769504343 0.012538971992532299 0.0093974635785444051 0.14608963377367942 -0.29268226314106011 -0.047286581522398147 -0.063742851094546818 -0.26296423542515646 -0.0059518956458044199 0.46418477489134746 0.088856485637692662 -0.15755634850942404 -0.024427396945271514
leaf_weight=7998 442 418 7745 1212 5834 34 445 1979 33927 1062 476 6577 1316 4852 309 706 333 5281 883 1229 7584 524 11922 3550 925 828 1110 1019 1034 34601
leaf_count=7998 442 418 7745 1212 5834 34 445 1979 33927 1062 476 6577 1316 4852 309 706 333 5281 883 1229 7584 524 11922 3550 925 828 1110 1019 1034 34601
internal_value=2.30096e-05 0.152657 -0.075143 -0.0437068 0.236746 0.0842003 0.0909805 0.112474 -0.117136 0.0668696 0.374492 0.200719 0.054949 0.0810645 -0.0844172 0.12038 0.186029 0.226681 0.246495 0.191177 0.207089 -0.0494166 -0.0867386 -0.0279437 0.0474991 0.0788175 0.263321 -0.0785479 0.0180685 -0.0285195
internal_weight=146155 48226 97929 56004 21642 26584 26142 22147 41925 13671 510 15808 13161 11084 2077 1015 8476 6497 6164 15390 14161 54792 19667 3995 9768 7824 1938 1944 5886 35125
internal_count=146155 48226 97929 56004 21642 26584 26142 22147 41925 13671 510 15808 13161 11084 2077 1015 8476 6497 6164 15390 14161 54792 19667 3995 9768 7824 1938 1944 5886 35125
cat_boundaries=0 81 158 241 242 243 321 401
cat_threshold=65536 0 0 0 0 8192 64 524288 0 0 0 524288 0 0 0 0 0 0 0 0 0 0 0 0 0 0 0 0 0 0 0 0 0 0 0 0 0 0 0 0 0 0 0 0 0 0 0 0 8 0 0 2181071360 8978434 512 0 0 0 0 0 0 0 0 0 67108864 33624097 0 0 0 0 0 134217728 0 0 0 0 0 0 0 2147614984 142607360 524290 0 0 262144 32768 256 0 8192 0 0 0 16777248 0 0 67108864 1107363968 6553600 86 4 0 0 0 0 0 33554432 65536 0 0 0 0 0 2048 0 0 0 0 0 0 0 0 0 0 0 65536 0 0 0 0 512 0 0 0 128 0 0 0 0 0 0 0 8388608 0 0 0 0 0 0 0 0 0 0 0 16777216 512 0 4 0 8 0 0 0 0 0 0 0 0 0 0 0 0 0 0 0 0 0 0 0 0 0 0 0 0 0 0 1073741824 0 8 0 0 8192 0 0 0 0 0 0 0 0 0 0 0 0 0 0 0 0 0 0 33554432 6357012 134256644 16786576 0 134217728 0 0 0 0 0 536870912 131072 4096 0 0 0 536870912 0 0 0 0 0 0 0 0 0 0 4096 0 2097152 0 134217728 1 2 0 0 1304 0 8192 0 256 0 536870912 4 0 32768 0 8388608 0 0 0 0 0 0 0 0 0 0 0 1048576 0 0 0 0 0 0 0 0 0 0 0 0 0 0 0 0 0 0 0 524288 0 1048576 0 0 0 0 0 0 0 0 0 0 1114112 8196 128 0 0 0 536870912 0 0 0 0 0 0 2048 16384 0 2 262144 82432 4 1 1130560 0 0 0 0 0 0 8192 0 67108864 0 32768 0 0 0 0 0 0 0 0 0 0 524288 0 2097152 0 0 0 0 0 0 0 0 0 0 0 0 0 0 0 0 0 0 0 0 0 0 0 0 0 0 0 0 39886848 256 0 0 0 0 0 0 0 1073741824 663556 167780360 32768 0 0 0 262144 0 33554432 16777216 0 0 1024 0 0 8192
is_linear=0
shrinkage=0.03


Tree=79
num_leaves=31
num_cat=7
split_feature=4 0 0 10 12 0 15 15 5 7 8 15 12 6 12 12 0 12 7 4 15 8 15 15 13 12 11 0 7 8
split_gain=1.75357e+06 302852 129279 98177.4 87530 86057.5 70278.9 69649.7 67621.3 105091 67054.1 59380.7 56480.8 66722.5 73622.9 54837.5 54632.6 54196 59801.8 53345 51941.6 51213.1 48823 46547.8 44849.6 51697.5 44700.7 40602.2 73502.6 48119.6
threshold=69.480031645569639 129.05000000000004 38.701464435146455 15.664855171786586 1995.5000000000002 101.25000000000001 0 1 -12.66000000000181 9.1559347617595765 505.96398518551365 2 1993.5000000000002 21.966893130279161 1992.5000000000002 1994.5000000000002 29.994775339602928 1999.5000000000002 13.469068086276375 23.001558339294807 3 1015.5877816948324 4 5 6 2012.5000000000002 56.663482276722057 75.020661157024804 14.005979438297475 199.17238573071299
decision_type=10 10 8 10 2 10 9 9 10 10 8 9 2 10 2 2 10 2 10 10 9 10 9 9 1 2 10 8 10 10
left_child=2 3 19 8 26 24 -5 -6 9 16 11 -9 13 -10 -15 -14 -2 -17 -19 -1 -8 23 -13 -12 25 -4 -3 -26 -29 -30
right_child=1 4 5 6 7 -7 20 10 12 -11 21 22 15 14 -16 17 -18 18 -20 -21 -22 -23 -24 -25 27 -27 -28 28 29 -31
leaf_value=-0.18829189810561175 -1.7723554502214705 0.18432478404334654 -0.11435566718631465 0.37721606698515231 0.58901074979656232 0.20791410460442691 -0.33778874591286567 0.49172326996728971 -0.36043335484644734 0.42953283769401568 0.56297884818685373 0.4383165558017873 0.31599677518124275 0.26844195722211661 -0.21842417187467045 0.02149228890266662 -0.15043362408788763 0.088291824406661779 0.23931402738412613 -0.098893472252848932 0.0018475992197415714 -0.15798914500316324 0.11240675169562316 0.27721973765408636 -0.045965843906849949 -0.0082055719535849905 -0.12083896278318458 0.12549470637811252 0.66420536987389189 -0.085035433045378958
leaf_weight=7359 21 844 15068 423 533 1186 415 452 478 1185 550 441 1224 658 486 4581 170 6163 3824 32704 8729 233 5561 11376 27790 5688 885 3759 79 3290
leaf_count=7359 21 844 15068 423 533 1186 415 452 478 1185 550 441 1224 658 486 4581 170 6163 3824 32704 8729 233 5561 11376 27790 5688 885 3759 79 3290
internal_value=2.22213e-05 0.145825 -0.0740382 0.0819844 0.232547 -0.0449551 0.00375463 0.251007 0.121815 0.324276 0.240883 0.162856 0.105818 -0.062766 0.061609 0.123133 -0.32876 0.106929 0.146118 -0.115315 -0.0139189 0.282497 0.137042 0.291103 -0.0503419 -0.0852662 0.0281247 -0.0295822 0.034293 -0.0674664
internal_weight=146155 49232 96923 28357 20875 56860 9567 19146 18790 1376 18613 6454 17414 1622 1144 15792 191 14568 9987 40063 9144 12159 6002 11926 55674 20756 1729 34918 7128 3369
internal_count=146155 49232 96923 28357 20875 56860 9567 19146 18790 1376 18613 6454 17414 1622 1144 15792 191 14568 9987 40063 9144 12159 6002 11926 55674 20756 1729 34918 7128 3369
cat_boundaries=0 85 167 249 330 416 439 440
cat_threshold=0 0 0 4 0 0 0 256 16777218 0 0 16 18688 4608 0 0 0 0 0 0 0 0 0 4194304 1048576 131072 0 0 0 0 101187617 8 0 0 0 0 0 134219776 0 66050 0 0 0 0 0 0 0 0 0 0 0 0 0 0 0 0 0 0 0 8388608 0 0 0 0 0 0 0 0 0 0 2621440 0 16384 0 0 262144 16896 0 0 0 0 0 0 0 536870912 0 0 201326608 0 2048 65600 0 0 1280 0 0 65536 0 12583456 0 0 67108864 0 0 0 0 0 0 0 0 0 0 0 0 0 0 0 0 0 0 0 0 0 0 0 0 0 0 0 0 2281702404 8388624 32768 0 0 0 0 0 0 0 0 0 0 0 0 0 17408 0 0 0 0 0 0 0 0 0 2 536870912 0 536870912 131088 0 0 0 0 0 1 0 0 0 0 33024 256 134217728 0 0 0 0 0 2147745792 135424 0 0 0 0 0 0 0 0 0 0 536870920 0 0 0 0 0 0 0 0 0 0 0 0 0 0 0 0 0 0 0 268451840 75497474 0 34 0 8 0 0 0 0 0 0 0 0 2097152 0 0 0 0 0 0 0 0 0 0 0 0 2097152 0 32770 1024 134217728 0 0 0 0 0 131076 41216 0 0 0 0 2048 0 0 131072 0 32768 0 0 0 0 0 0 0 0 0 0 0 0 2147483656 0 2 0 0 0 0 0 33554432 0 0 0 0 0 0 0 0 8388608 0 0 0 0 0 0 0 0 0 33554432 8388610 8390661 17039364 0 0 0 0 67108864 0 0 0 0 33554432 1107296512 0 0 0 0 0 16384 0 8388736 0 0 0 0 1073741824 262144 0 16384 0 0 259 0 0 648 135168 0 0 0 0 0 0 0 0 0 0 0 0 0 0 67108864 0 0 1040 0 0 0 0 0 0 0 0 0 0 0 0 0 0 0 0 0 0 0 168820736 32768 536937472 0 0 0 0 0 0 0 0 0 0 0 0 0 8192 256 0 0 0 2147483648 0 0 0 0 0 1 4194304 0 0 256 0 4240 0 0 8388608 0 0 0 0 8 0 0 0 0 0 0 0 0 0 0 0 0 0 0 1073938452 1145573378 5317704 4 0 0 69288064 73744 368672 2
is_linear=0
shrinkage=0.03


Tree=80
num_leaves=31
num_cat=10
split_feature=4 13 0 4 12 15 15 8 10 7 15 15 15 5 15 15 12 12 12 6 8 15 7 12 2 10 15 0 12 2
split_gain=1.65403e+06 235050 163896 107096 83061 90481.5 64933 60052.5 59011.2 78625.4 60851.2 60113.4 56274.3 51300 48064.2 45592.7 43461.2 62275.1 106214 44660.7 43085.6 47765.7 42608.5 59044.6 94716.4 74913.7 42566.3 41804.3 41734.5 41154.9
threshold=95.490000000000009 0 156.05000000000004 38.404676698962426 2012.5000000000002 1 2 511.80721430292232 5.0227420978678712 10.506944489058251 3 4 5 -5.0999999999992838 6 7 2003.5000000000002 1992.5000000000002 1993.5000000000002 25.973299824757646 614.91999367924518 8 13.321433129373201 1998.5000000000002 131.05000000000004 11.763804278935799 9 74.007874015748044 1997.5000000000002 88.107142857142875
decision_type=10 1 10 10 2 9 9 10 10 10 9 9 9 10 9 9 2 2 2 10 10 9 10 2 8 8 9 8 2 10
left_child=1 4 6 -3 5 -1 -2 22 9 -8 -11 -10 -13 -12 -14 -9 17 19 -19 -17 21 -16 23 25 -25 -7 -23 -27 29 -15
right_child=2 3 -4 -5 -6 7 8 15 11 10 13 12 14 28 20 16 -18 18 -20 -21 -22 26 -24 24 -26 27 -28 -29 -30 -31
leaf_value=-0.40226954044876706 0.50733003997422277 -0.10875482153903061 0.2824845819296688 -0.043757401136626572 0.30281902346792838 0.019217624228936737 0.074095655852688153 -0.22459903941107912 -0.3203818469730359 -0.11377807838431644 0.41227356360987827 0.43194217255166634 0.36340801729467165 0.37179806880526156 0.33109052796838145 0.30597685119741425 0.24214848491948179 -0.38691379418506983 0.04990807897761055 0.078167139012890727 0.15230446562322042 0.26962614233028009 -0.11704590080972396 -0.04502896804415607 -0.94332625945791215 -0.29024767663167872 -0.00029356536738457504 0.4925041500366823 0.25937736623030289 -0.003071979028534583
leaf_weight=426 413 47801 9490 43648 1022 1592 4227 415 306 430 1471 433 537 338 457 1307 1499 561 4682 1901 4365 556 3075 1088 117 69 7417 558 4757 1197
leaf_count=426 413 47801 9490 43648 1022 1592 4227 415 306 430 1471 433 537 338 457 1307 1499 561 4682 1901 4365 556 3075 1088 117 69 7417 558 4757 1197
internal_value=2.67128e-05 -0.0580868 0.175292 -0.077732 0.0400199 0.024486 0.137481 0.0354837 0.131474 0.179182 0.233399 0.0894571 0.0987289 0.252451 0.0875911 0.0803323 0.0931826 0.06687 0.00316822 0.170981 0.0757404 0.0361859 -0.0359889 0.0368061 -0.13225 0.12861 0.0188436 0.406364 0.215488 0.0794727
internal_weight=146155 109761 36394 91449 18312 17290 26904 16864 26491 12420 8193 14071 13765 7763 13332 10365 9950 8451 5243 3208 12795 8430 6499 3424 1205 2219 7973 627 6292 1535
internal_count=146155 109761 36394 91449 18312 17290 26904 16864 26491 12420 8193 14071 13765 7763 13332 10365 9950 8451 5243 3208 12795 8430 6499 3424 1205 2219 7973 627 6292 1535
cat_boundaries=0 1 83 160 243 325 411 489 569 655 723
cat_threshold=1 0 8913408 0 0 0 0 0 0 0 0 0 0 0 0 0 0 0 0 0 0 0 0 0 0 0 0 0 0 0 0 0 0 0 0 0 0 0 0 0 0 0 0 0 0 0 0 0 0 0 0 134217728 2147484160 0 0 0 0 0 0 0 0 0 0 0 0 68157444 8 264260 33 0 0 0 0 0 0 0 0 0 0 807403664 671088640 134218369 35840 0 0 18874624 2654224 0 0 0 0 0 64 16781328 0 0 268435456 32 604323840 0 16384 0 0 0 0 0 0 0 32772 0 0 0 0 0 0 0 0 0 0 0 8192 536870912 1028 65536 0 0 0 0 0 0 0 0 0 0 0 0 0 0 0 0 0 4096 0 0 0 0 0 0 0 0 0 0 0 0 0 67109376 0 0 4096 512 0 0 0 0 0 0 0 0 0 0 0 0 0 0 0 0 0 0 16384 16384 0 33554432 134234112 0 0 0 65536 0 33587240 0 0 0 0 2 16400 0 0 0 0 0 0 8192 0 0 0 0 0 0 0 0 32800 0 0 0 0 150994944 278528 524544 4 0 0 1098907648 1057024 1048576 0 0 0 0 0 0 0 0 0 0 0 0 0 0 0 0 131072 0 4096 0 0 0 0 0 0 268435456 0 0 0 0 0 0 0 0 0 0 0 0 0 0 0 0 0 0 0 0 16777216 4194304 0 0 67117056 0 0 0 0 0 0 0 0 0 134414336 0 0 0 0 0 142606336 0 0 0 0 134217728 16777216 0 0 0 0 0 0 0 536870912 65536 64 0 0 0 512 0 0 0 0 0 0 0 0 0 0 512 16777409 14336 1073741824 0 0 8388608 65544 8 0 0 0 1024 0 0 0 16384 0 0 0 0 0 0 0 0 0 0 0 0 9216 16777216 0 1073741824 0 1048576 0 0 0 0 0 0 0 256 0 0 0 16384 0 44302400 570425344 71680 42 0 0 0 0 0 0 0 0 0 0 0 0 0 0 0 0 0 0 0 0 0 0 0 0 0 0 8192 0 0 4096 0 0 0 0 0 0 0 16384 0 0 2147811328 0 20 0 65536 0 0 0 0 0 2147745792 4096 0 0 0 0 0 0 0 0 0 0 1181697 65536 0 0 0 0 8913168 256 0 0 0 0 0 134217728 0 512 0 0 65536 0 4 4227072 532480 16384 0 0 0 0 0 0 0 0 0 0 0 0 0 0 0 0 0 4096 0 0 0 0 0 0 0 0 0 0 8 8388608 268435456 0 0 0 0 0 2147483648 2098 4194304 0 0 0 8192 0 0 0 0 0 0 0 0 0 0 0 0 0 0 0 0 0 0 0 0 0 0 0 0 0 33554432 0 1048576 0 0 0 0 0 0 0 0 0 0 0 8196 8192 0 0 0 0 67108864 33554432 0 0 0 1073741824 4096 0 0 536870912 0 536877056 0 0 64 0 288 0 0 0 2147483649 8388608 0 0 0 256 16777216 0 0 0 0 0 0 0 0 8520192 0 0 0 0 0 0 0 0 0 65600 16384 1073741824 0 0 0 2097152 0 0 0 0 0 0 0 0 0 64 0 0 256 17 0 3408392 34 16 0 0 0 0 0 0 0 0 0 0 0 0 0 0 0 0 0 0 0 0 0 0 4194304 0 0 0 0 0 0 16785408 0 0 0 0 0 0 536870912 2056 0 0 1048592 0 512 32768 16810368 0 0 0 0 33554432 2048 256 0 0 0 0 0 0 0 0 0 8192 0 26214400 32 0 0 0 0 0 0 0 0 0 0 64 0 0 0 0 536871936 64 16 524288 1480720452 0 0 0 0 0 0 0 0 0 0 0 0 0 0 256 0 0 0 0 0 16
is_linear=0
shrinkage=0.03


Tree=81
num_leaves=31
num_cat=9
split_feature=4 4 0 0 4 10 15 15 15 6 12 5 11 10 15 4 15 10 15 15 12 12 12 15 6 10 8 7 15 12
split_gain=1.557e+06 270751 115889 78334.9 73843.8 72783.3 81690.2 59176.3 58505.9 55817.3 82863.8 65072.3 55181.4 65404.6 54043.4 49900.7 46499.3 48081.4 58760.6 45960.8 45565.8 50403.9 66541.3 42428.8 39621.9 38904.3 38758.1 38505.8 37410.3 39835.4
threshold=69.480031645569639 121.05000000000001 38.701464435146455 77.091746580102068 170.61000000000004 6.6101712377388981 0 1 2 21.252182142679853 1993.5000000000002 -8.000000000000993 73.545884988597166 4.970595074464339 3 22.522500000000004 4 44.854494687409108 5 6 2003.5000000000002 2001.5000000000002 1999.5000000000002 7 22.916602929046018 15.393350139209682 463.12072643073873 16.87848393325395 8 2012.5000000000002
decision_type=10 10 8 10 10 10 9 9 9 10 2 10 10 10 9 10 9 10 9 9 2 2 2 9 8 10 8 10 9 2
left_child=2 5 15 25 12 7 -7 -2 -8 10 -9 -11 13 24 -15 -1 -10 18 -18 -20 21 22 -21 -19 -3 -4 -17 -23 -16 -30
right_child=1 4 3 -5 -6 6 8 9 16 11 -12 -13 -14 14 28 26 17 23 19 20 -22 27 -24 -25 -26 -27 -28 -29 29 -31
leaf_value=-0.18319940498617451 -0.17752270455330449 0.15722767266215129 -0.03260033855026901 0.10632479662207717 0.3578669361942351 -0.37826895849036796 0.43930964746049667 -0.40526402835256553 0.33517936896280492 0.36522203852799312 0.098482218726023654 0.13827878871948018 0.0055759533061732688 0.47990390259399179 0.41525900914747682 -0.14116299049295325 0.38443365183522304 0.15341795761208638 -0.26081933673413898 -0.012305732944775558 0.12226643251876107 -0.29214899701117486 0.28866824145432401 -0.16451108118321423 0.31340264262930323 -0.086764376269904714 -0.07167056773568814 0.12937940723088104 0.096002271876610673 0.25523453949575892
leaf_weight=6753 542 1955 35975 3025 2895 419 316 389 433 1294 1202 9379 1288 439 422 10590 440 466 445 4247 4291 819 783 1869 5798 17860 22720 256 7078 1767
leaf_count=6753 542 1955 35975 3025 2895 419 316 389 433 1294 1202 9379 1288 439 422 10590 440 466 445 4247 4291 819 783 1869 5798 17860 22720 256 7078 1767
internal_value=2.76399e-05 0.137415 -0.0697584 -0.0422226 0.21685 0.0751057 0.0297562 0.12746 0.0418917 0.140968 -0.0246839 0.165794 0.195073 0.209053 0.157158 -0.108839 0.0326466 0.0227869 0.0484517 0.0344289 0.0473055 -0.00530452 0.0345457 -0.101109 0.274021 -0.0505695 -0.0937638 -0.191766 0.141198 0.127668
internal_weight=146155 49232 96923 56860 21642 27590 14784 12806 14365 12264 1591 10673 18747 17459 9706 40063 14049 13616 11281 10841 10396 6105 5030 2335 7753 53835 33310 1075 9267 8845
internal_count=146155 49232 96923 56860 21642 27590 14784 12806 14365 12264 1591 10673 18747 17459 9706 40063 14049 13616 11281 10841 10396 6105 5030 2335 7753 53835 33310 1075 9267 8845
cat_boundaries=0 82 165 250 326 403 473 554 632 713
cat_threshold=256 0 0 0 0 0 0 0 0 0 32768 0 0 0 0 0 0 0 0 0 0 0 0 0 0 0 0 0 0 0 0 134348800 0 0 0 0 0 0 0 0 0 0 0 0 0 0 0 0 0 0 0 35652608 8915022 18 0 0 0 0 0 0 0 0 0 67108864 0 0 0 0 0 4096 0 0 128 0 0 0 0 1073741824 2164806144 2147487744 2097152 524288 0 0 0 0 0 0 0 0 0 0 0 0 4100 0 0 0 0 0 0 0 0 0 0 0 0 0 1073741824 512 0 4194304 0 0 17039616 2147491968 134217728 0 8192 0 0 0 0 0 0 0 0 0 0 0 0 0 0 0 0 0 0 0 0 0 0 0 0 20973568 268697602 274432 0 0 0 536870912 8 0 0 0 0 0 0 0 0 0 0 263168 655360 0 134221888 0 0 1048576 4 12 0 0 0 536870912 128 0 4194304 257 0 0 0 0 0 0 0 0 0 0 0 16385 1052672 0 0 0 0 67108865 256 0 0 0 0 0 67584 0 2151677952 0 0 0 0 0 524800 0 0 0 0 0 0 0 0 0 0 0 0 0 0 0 0 0 0 0 0 0 0 0 0 524288 0 0 0 0 0 16384 0 0 0 0 0 0 0 536870912 0 0 65536 10522640 525440 0 131072 0 0 0 32 0 0 4329984 0 0 0 0 0 0 0 0 0 33554432 0 0 0 0 0 0 2048 0 0 0 0 0 0 0 0 1024 0 0 0 0 16384 131074 2048 0 0 0 0 0 0 0 0 0 0 0 0 8388608 8192 0 0 0 0 0 0 0 0 0 512 16777217 4194304 0 4 16 0 0 0 0 8192 0 0 0 8388608 4 526337 134217728 16384 268435456 0 2147483648 2048 0 0 0 0 0 0 0 0 262144 0 0 134217728 0 33554704 0 0 0 0 0 0 117440512 0 98304 0 0 32 64 0 1073741824 64 0 0 0 0 0 0 0 0 0 0 0 1048576 0 0 0 0 0 0 4096 0 0 0 0 0 0 16384 0 0 16384 512 8388608 67108864 0 0 0 0 256 0 67109026 2097152 130 67141632 0 0 0 0 0 0 0 0 0 0 0 71303168 2147483650 541067776 2 0 0 0 32 0 0 0 0 0 0 256 263176 0 536870912 0 0 0 0 0 0 0 0 0 0 0 0 0 0 0 0 0 0 134217728 0 0 0 0 138412048 0 0 0 0 524288 2097152 0 0 0 0 0 64 0 0 256 0 0 0 0 0 0 32 0 0 0 0 0 0 0 32768 0 0 0 4194304 0 0 1090519040 0 0 0 0 0 0 0 536870912 0 134283264 0 0 0 0 0 0 0 0 33554432 4194821 32768 33554560 0 0 0 0 0 33554432 0 0 0 64 0 0 0 1024 0 8388608 0 0 0 0 0 0 0 268435456 1074069536 128 7168 0 0 1432 0 312320 512 0 0 0 0 0 0 0 0 0 0 0 0 0 0 0 0 0 0 0 0 0 0 0 0 0 0 0 0 0 0 0 0 0 0 0 0 0 0 0 0 0 0 0 0 0 0 0 0 0 0 0 0 65536 4 0 0 0 0 0 0 0 0 0 0 1109426176 33556480 32 64 4194304 262144 65536 4 0 0 264192 0 0 0 8192 134217728 0 64 8388608 65536 2147614720 256 0 0 0 0 0 0 0 0 0 0 0 0 0 0 0 0 1048576 0 0 0 0 0 0 0 536871168 0 0 1048576 0 1 0 2155905024 40960 16560 0 0 0 0 0 0 0 0 0 0 0 0 0 256 0 0 0 0 0 0 0 0 0 0 0 0 0 0 8 0 0 0 8388608
is_linear=0
shrinkage=0.03


Tree=82
num_leaves=31
num_cat=15
split_feature=4 13 4 1 12 15 15 15 10 9 15 8 8 15 10 15 7 15 15 10 15 12 15 15 13 12 8 7 15 15
split_gain=1.46591e+06 211299 147925 97811.3 77485.9 84695.4 72123.1 61062.1 59489.7 86519.3 62205.2 61626.6 55486.2 53823.6 49895.4 47322.3 44950.2 43250.6 45328.4 44046.6 52869.5 45112.2 40115.4 40052.4 39051.8 40079.8 41243 38356.4 36741.7 35939.8
threshold=95.490000000000009 0 148.39000000000007 43.707142857142863 2012.5000000000002 1 2 3 5.2240563690733541 1492.1318174359053 4 940.38048231980395 586.0405460117928 5 9.1949248050577399 6 10.214973875177735 7 8 32.337995573102269 9 2012.5000000000002 10 11 12 2003.5000000000002 475.14931444159629 8.3068354883178781 13 14
decision_type=10 1 10 10 2 9 9 9 10 10 9 10 10 9 10 9 10 9 9 10 9 2 9 9 1 2 10 10 9 9
left_child=1 4 6 14 5 -1 -2 -8 9 11 -10 27 15 -12 16 -7 -3 -15 -19 20 -20 22 -22 -4 -16 -26 -27 -9 -17 -29
right_child=2 3 23 -5 -6 12 7 8 10 -11 13 -13 -14 17 24 28 -18 18 19 -21 21 -23 -24 -25 25 26 -28 29 -30 -31
leaf_value=-0.39003531698291671 -0.25289995104945989 -0.12832600956575613 0.5204914863359078 -0.032042066102092745 0.2921648279366465 -0.36481760883101366 0.48712746343197849 -0.065436043362283772 -0.31927774749797849 0.27488364624495953 0.42247464708033822 -0.52012286061379642 0.093321404981802164 0.37799867207660537 -0.087407901172058225 -0.26606755602437243 -0.040038961809455688 0.34751273119735104 0.4189718808607133 -0.049711592489774858 0.3340097858765661 0.23815817512193524 0.035334513331479599 0.25469428695941421 -0.19010615922569979 -0.22418098236395978 -0.05252576333722403 -0.11452974055851387 0.011590760907629238 0.1677098538073849
leaf_weight=425 426 7252 558 33028 1022 327 434 835 320 5031 437 135 7704 436 15983 442 18255 525 420 2416 418 1359 7635 8192 10239 1683 5009 430 8392 6387
leaf_count=425 426 7252 558 33028 1022 327 434 835 320 5031 437 135 7704 436 15983 442 18255 525 420 2416 418 1359 7635 8192 10239 1683 5009 430 8392 6387
internal_value=2.93279e-05 -0.0546797 0.165027 -0.0733059 0.0383385 0.023335 0.130999 0.13705 0.131198 0.177916 0.0884141 0.115268 0.0339631 0.0981366 -0.0966342 -0.0159175 -0.0651402 0.0870949 0.0768771 0.0650025 0.0932571 0.0781942 0.0512962 0.27253 -0.121041 -0.15279 -0.0956961 0.126478 -0.00258672 0.149985
internal_weight=146155 109761 36394 91449 18312 17290 27644 27218 26784 12818 13966 7787 16865 13646 58421 9161 25507 13209 12773 12248 9832 9412 8053 8750 32914 16931 6692 7652 8834 6817
internal_count=146155 109761 36394 91449 18312 17290 27644 27218 26784 12818 13966 7787 16865 13646 58421 9161 25507 13209 12773 12248 9832 9412 8053 8750 32914 16931 6692 7652 8834 6817
cat_boundaries=0 1 83 168 213 294 371 451 537 615 685 770 852 853 935 1019
cat_threshold=1 0 640 0 0 0 0 0 0 0 0 0 0 0 0 0 0 0 0 0 0 0 0 0 0 0 0 0 0 0 0 0 0 0 0 0 0 0 0 0 0 0 0 0 0 0 0 0 0 0 0 134217728 2147484160 0 0 0 0 0 0 0 268435456 0 0 0 0 67108868 8 264260 32 0 0 0 0 0 8388616 0 0 0 0 807403664 671088640 134218369 35840 0 0 0 0 0 0 0 0 0 0 2097152 0 0 0 0 0 0 0 0 0 0 0 0 0 0 0 0 8192 0 0 0 0 0 0 4096 0 0 0 0 0 0 0 33816576 0 0 0 0 0 1 0 0 10485780 134218240 16778256 0 0 0 0 0 0 0 7602176 272629856 2228992 0 0 0 0 512 0 0 0 0 0 0 0 0 0 8388608 0 135168 0 0 0 8192 0 0 83886080 42012816 0 65536 0 0 0 0 2 0 16385 1342177280 10486024 0 129 0 0 0 0 0 0 65600 0 4 0 0 16384 0 256 0 0 0 0 0 0 67108864 0 1024 0 0 2048 0 263168 0 0 0 0 0 0 268435456 0 0 0 0 0 0 0 0 0 0 0 0 0 0 0 0 0 0 0 262144 0 4194304 0 0 3288342528 0 0 0 0 0 0 0 536870912 0 134348816 0 0 0 0 0 134217728 0 0 0 0 0 0 0 0 0 0 0 0 0 0 65536 33857 0 0 0 512 0 0 0 0 0 0 0 0 0 0 544 193 10240 0 0 2147549440 256 12 0 0 0 2 0 0 32768 131072 131072 0 0 0 0 0 0 0 0 0 0 0 66560 16777216 0 0 0 68157440 0 0 0 0 0 0 8256 536870912 6 0 0 0 16 35651648 536870912 8192 40 67108864 0 0 0 0 0 0 0 0 0 0 0 0 0 0 0 0 0 0 0 0 0 0 0 0 0 0 0 512 0 0 0 0 0 0 0 0 0 0 0 0 0 0 0 0 0 0 0 0 0 0 0 0 134217728 2 0 0 0 0 0 0 0 0 0 0 0 0 0 0 0 0 0 0 0 0 0 0 0 0 0 8 8192 2097282 0 0 0 0 0 0 0 0 131072 268435456 0 0 0 0 0 0 8192 134217728 34603136 1048576 0 4194312 0 1073741824 2164523272 69632 0 256 2048 557056 8208 0 0 0 0 0 524288 34603008 0 0 0 0 0 0 0 1048576 0 0 0 0 0 1073741824 16384 0 0 0 16 256 0 0 0 0 0 167772160 256 268500992 0 0 1024 0 8388608 4194304 268435968 0 0 0 0 0 0 0 0 0 0 0 0 0 0 0 0 0 0 0 0 0 0 0 0 0 0 0 8192 0 0 8392704 0 0 0 0 0 0 0 16384 0 0 10485760 8 0 0 0 33554432 0 4 4096 2048 0 4352 0 0 0 0 0 0 0 0 0 0 1181697 32768 0 0 1073741824 0 1099433984 0 0 0 0 0 0 2304 0 576 0 0 0 0 0 33554432 67648 0 0 0 0 0 0 0 0 0 0 0 0 0 0 0 0 0 0 4096 0 0 0 0 512 0 512 0 0 0 0 128 0 0 0 4 0 0 0 0 0 0 0 0 0 0 0 2415919104 16384 0 0 0 0 0 0 32768 512 17043712 268435456 33554433 12288 0 32 0 0 0 0 0 0 65536 1048576 2147483648 65536 0 65536 0 0 1310720 135266308 0 0 0 0 0 0 0 0 0 0 0 0 0 0 0 0 0 0 0 0 16 0 8 0 0 262144 0 512 0 4 0 0 0 0 0 2147483648 512 0 0 0 0 0 0 0 0 0 0 16384 268435456 0 536870912 0 2097152 0 0 0 0 0 0 0 0 0 0 0 101711872 536887552 64 20 2099208 659714 2 0 0 0 128 0 0 0 0 0 0 0 0 0 256 0 0 0 0 0 0 0 0 0 0 0 0 0 0 0 0 0 0 0 0 0 0 536870912 0 0 0 0 2048 64 0 0 1024 0 0 0 0 12582912 16 1076367360 68157520 4 0 0 0 73728 0 0 0 0 0 0 0 0 0 0 0 0 0 0 0 0 0 0 0 0 0 0 268435456 67108864 8388608 0 0 0 0 0 0 0 0 0 0 0 0 0 0 17408 0 0 0 0 0 0 0 0 0 2 0 2 536870912 134217728 0 0 0 0 8388608 5 4 0 0 0 0 0 0 0 0 0 0 0 16384 0 0 0 0 0 0 0 0 0 0 0 0 0 0 2 0 0 0 0 0 0 0 0 0 0 0 0 0 0 0 0 0 0 0 0 0 0 0 0 0 268435456 536871168 134349313 0 0 0 0 4096 0 0 0 67108864 1107296256 1082130432 12583168 1 0 0 0 65536 0 16777216 2080 0 1024 0 135169 268436480 0 524288 0 0 0 0 0 0 0 0 0 0 0 0 0 0 0 0 0 0 0 0 0 0 0 0 0 0 0 0 0 0 0 0 8216 16777216 16384 0 0 0 0 0 0 0 0 0 0 0 0 0 0 2097184 2359456 0 0 0 0 0 4096 16 0 0 0 3221225472 2157973760 1130496 0 0 0 0 262144 0 0 0 0 0 0 0 0 0 0 0 0 0 134217728 4194304
is_linear=0
shrinkage=0.03


Tree=83
num_leaves=31
num_cat=12
split_feature=4 13 0 4 12 15 15 8 15 8 10 6 15 15 10 12 12 2 12 15 15 15 15 12 13 12 12 15 12 4
split_gain=1.37978e+06 210796 132428 92929.6 78844.2 83644.4 72713 57868.3 58230.6 57683.9 57147.7 60973.4 59068.6 56621.5 54515.5 52226.1 74208.6 49326.5 46520.6 44955.5 42163.1 42114.4 41795.7 40306.7 40653.5 38483.9 77271.3 38432.5 36455.1 36077
threshold=97.251384882619234 0 157.45000000000002 47.807612231620048 2012.5000000000002 1 2 1084.3786602254302 3 586.0405460117928 15.393350139209682 21.727193656220528 4 5 33.8623091265356 2003.5000000000002 2004.5000000000002 95.016129032258078 2008.5000000000002 6 7 8 9 2008.5000000000002 10 1999.5000000000002 1997.5000000000002 11 2012.5000000000002 31.81328277815706
decision_type=10 1 10 10 2 9 9 10 9 10 10 10 9 9 10 2 2 10 2 9 9 9 9 2 1 2 2 9 2 10
left_child=1 4 6 14 5 -1 -2 8 -8 19 11 -10 -13 -12 23 17 -17 -14 -18 -7 -15 -22 -11 24 -3 26 -24 -4 -29 -27
right_child=2 3 27 -5 -6 9 7 -9 10 22 13 12 15 20 -16 16 18 -19 -20 -21 21 -23 25 -25 -26 29 -28 28 -30 -31
leaf_value=-0.38407500824796426 -0.25664133058295679 -0.05370428239310842 0.50528429515413431 -0.015335591626337573 0.28415940140443963 -0.35769463471023005 0.48640850413910475 -0.37409097166666427 -0.0022688670000594749 -0.19777613396812097 0.3978377703762242 -0.16359828236075688 0.28108813086831458 0.32272943345615557 -0.14006155046279017 0.51900837559156754 0.10416305009274428 0.10082085925384851 0.27249002804988554 -0.0039576822562064533 0.30302828492522238 0.0022245833036247196 0.1054256644020346 -0.025169357171917071 -0.11170834480606032 -0.51553019015515433 -0.24526185169002912 0.1907003792025326 0.31579672197217712 0.22312585057406295
leaf_weight=433 425 18760 557 20824 1105 325 421 199 1816 416 419 431 1730 442 14169 813 2240 6495 4342 9318 440 6075 4537 11890 25873 61 646 4786 3731 2436
leaf_count=433 425 18760 557 20824 1105 325 421 199 1816 416 419 431 1730 442 14169 813 2240 6495 4342 9318 440 6075 4537 11890 25873 61 646 4786 3731 2436
internal_value=3.18767e-05 -0.0520434 0.16319 -0.0710353 0.0381189 0.0231577 0.129081 0.135466 0.13947 0.0332958 0.133439 0.162494 0.181135 0.0632383 -0.087443 0.19063 0.248605 0.138737 0.215205 -0.0162548 0.0424534 0.0229731 0.0923557 -0.0742527 -0.0873283 0.108188 0.0617166 0.262004 0.245213 0.205081
internal_weight=146155 110793 35362 91516 19277 18172 26288 25863 25664 17739 25243 17867 16051 7376 70692 15620 7395 8225 6582 9643 6957 6515 8096 56523 44633 7680 5183 9074 8517 2497
internal_count=146155 110793 35362 91516 19277 18172 26288 25863 25664 17739 25243 17867 16051 7376 70692 15620 7395 8225 6582 9643 6957 6515 8096 56523 44633 7680 5183 9074 8517 2497
cat_boundaries=0 1 83 164 240 310 396 476 561 639 717 718 800
cat_threshold=1 1 8913408 0 0 0 0 0 0 0 0 0 0 0 0 0 0 0 0 0 0 0 0 0 0 0 0 0 0 0 0 0 0 0 0 0 0 0 0 0 0 0 0 0 0 0 0 0 0 0 0 134217728 33280 0 0 0 0 0 0 0 268435456 0 0 0 0 68157440 0 264260 536870944 0 0 0 0 0 0 0 0 0 0 807403664 671088640 134218369 35840 0 0 0 0 0 0 0 0 0 0 0 0 0 0 2147483648 0 0 0 0 0 0 0 0 0 0 0 1074790416 0 4194304 4194304 0 524288 0 0 0 0 0 0 0 2097152 0 524288 262144 0 0 0 0 134217728 16 0 0 2097168 134217728 0 0 150994944 0 0 0 0 0 10485760 524320 1048832 0 0 0 4325376 2 0 0 0 0 0 0 0 2097152 0 0 2112 135168 0 0 2162944 16 33554432 0 0 0 0 64 16781328 0 0 268435456 32 604323840 0 16384 0 536870912 0 4194304 8390656 0 0 8192 0 0 0 0 0 0 0 0 0 1073741824 0 8192 536870912 1024 33619968 0 0 0 0 0 0 0 0 0 0 0 0 0 0 0 0 0 4096 0 0 0 0 0 0 0 0 0 0 0 0 0 67109376 0 0 4096 0 0 0 0 0 0 0 0 0 0 0 0 0 0 0 0 0 0 0 0 4 0 0 0 0 0 0 0 33554472 0 0 0 16 2 0 0 0 0 0 0 0 0 0 0 0 0 0 2147483648 0 65536 0 0 512 134217728 0 0 33554432 8448 0 0 0 2197815296 6308032 216064 0 0 0 0 520 268435456 0 0 0 622592 16777224 0 65536 0 1056 0 0 0 0 8392704 0 0 0 0 0 0 0 0 0 0 133120 33792 0 0 0 0 0 0 0 0 0 0 0 134217728 0 2 0 0 0 64 33554496 2129920 67584 8 0 0 0 0 0 0 0 0 0 0 0 0 0 0 0 0 0 0 0 0 0 0 0 0 0 0 8192 0 0 8392704 0 0 0 0 0 0 0 2056 0 0 0 0 0 0 0 0 0 0 0 0 0 0 0 0 0 0 0 0 0 0 0 0 134217728 2 0 0 0 0 0 0 0 0 0 0 0 0 0 0 0 0 0 0 0 0 0 0 0 0 0 2147483656 8192 2097282 0 0 0 0 0 0 0 0 393216 268435456 0 0 0 0 0 0 8192 134217728 1048704 1048584 0 8 0 1073741824 2164523016 69632 0 0 0 2097160 4 0 32768 0 0 0 0 34603008 2147762176 512 0 0 0 0 0 0 0 0 0 96 1048576 4 0 0 0 536870912 67109120 0 0 0 0 0 0 320 256 68 0 0 0 0 0 536870912 0 2 0 0 0 0 0 0 0 0 0 0 0 0 0 0 0 0 0 0 0 0 0 0 4194304 0 0 0 4 0 0 0 0 0 0 0 0 0 536870912 0 0 2147483648 33554496 0 32768 128 0 8388608 0 524320 0 2048 0 0 0 0 0 0 0 0 0 0 8192 0 0 0 0 0 0 5769248 264 0 0 0 0 0 100663296 0 268435968 0 0 65536 16 4 786944 32 0 0 0 0 0 0 0 0 0 0 0 0 0 0 0 0 0 0 4096 0 0 0 0 0 0 0 0 0 0 0 16785408 0 3072 0 0 0 0 2147483648 67639330 16 262144 0 0 4096 0 0 0 0 0 0 0 0 0 0 0 524288 0 0 0 0 0 0 0 0 0 0 0 0 512 33554432 0 9437184 2048 0 0 0 0 0 0 0 0 0 0 4096 1123328 0 0 0 0 0 33554432 512 0 0 150994944 32 0 0 0 0 2048 0 0 0 0 1048576 0 0 268435456 4 0 0 0 0 2048 64 0 0 1024 0 32 67584 0 12582912 16 1078067200 67108868 0 0 0 0 1140850688 32 0 0 0 0 0 0 0 0 0 0 0 0 0 0 0 0 0 0 0 0 0 270008320 134217728 8388624 0 0 0 0 0 0 0 0 0 0 0 0 0 0 17408 0 0 0 0 0 0 0 0 0 0 0 2 536871936 134348800 0 0 0 0 0 5
is_linear=0
shrinkage=0.03


Tree=84
num_leaves=31
num_cat=9
split_feature=0 0 1 8 15 15 10 8 13 15 10 13 7 12 12 12 1 8 15 12 12 15 1 12 15 7 13 0 6 12
split_gain=1.29953e+06 236977 133148 78722.2 73199.8 68898.6 63359.6 58657.7 57611.4 57011.6 53632 66084.7 71254.7 61960.6 53551.3 74895.8 69717.2 53075.2 65622.2 61220.7 52015.2 50610.3 47562.4 45265.6 42307.6 42265.7 42061.7 47402.8 52690.5 40251.8
threshold=76.009049773755677 129.05000000000004 53.500700280112049 1015.5877816948324 0 1 33.8623091265356 498.44550739019508 2 3 17.804138259715796 4 9.1559347617595765 1993.5000000000002 2002.5000000000002 2001.5000000000002 117.01662404092073 507.94468653368222 5 2002.5000000000002 2010.5000000000002 6 134.05000000000004 1999.5000000000002 7 12.573106493530737 8 1.0000000180025095e-35 25.973299824757646 2004.5000000000002
decision_type=10 10 10 10 9 9 10 10 1 9 10 1 10 2 2 2 8 8 9 2 2 9 10 2 9 10 1 8 10 2
left_child=2 5 7 4 -3 -2 9 8 -1 -7 11 12 13 -4 15 16 23 18 -6 -19 26 -20 -15 -11 -8 -25 27 -9 -29 -21
right_child=1 3 10 -5 17 6 24 20 -10 14 -12 -13 -14 22 -16 -17 -18 19 21 29 -22 -23 -24 25 -26 -27 -28 28 -30 -31
leaf_value=-0.16319079733131081 -0.30689978063622741 0.5181480094352573 -0.67013453629016873 -0.25733719552446882 0.4483199413257648 -0.24170995676057058 0.24318222076683821 -0.54527873458532317 -0.077563018818301771 -0.0034470937051573297 -0.073328577377754695 0.004856473811001843 0.22467591162706901 0.11944433283530116 0.15952492269599378 -0.20942256889122621 0.18113671169621171 0.12246795988010538 0.3845428000879515 0.49642297824316017 0.0045961733807253205 0.087014805181346813 -1.3814419584274291 0.0028023413578135386 -0.071880533256539633 0.36448902357060436 -0.080869607803119567 0.26754465018566564 -0.029202080222275596 0.25815416000738833
leaf_weight=11857 423 674 150 328 556 435 422 116 17522 6385 4939 10195 2674 381 8641 850 4143 3132 553 687 9454 6370 20 535 3435 637 39321 834 1520 8966
leaf_count=11857 423 674 150 328 556 435 422 116 17522 6385 4939 10195 2674 381 8641 850 4143 3132 553 687 9454 6370 20 535 3435 637 39321 834 1520 8966
internal_value=3.22622e-05 0.129614 -0.0617223 0.203829 0.211053 0.0686923 0.0750178 -0.0783258 -0.112121 0.0950247 0.0111926 0.0422991 0.160664 -0.149983 0.102003 0.0624788 0.0822323 0.200485 0.137104 0.237718 -0.0589507 0.111301 0.0445872 0.0280097 -0.0369649 0.199385 -0.0733263 0.0467582 0.0759325 0.275112
internal_weight=146155 47172 98983 21266 20938 25906 25483 80624 29379 21626 18359 13420 3225 551 21191 12550 11700 20264 7479 12785 51245 6923 401 7557 3857 1172 41791 2470 2354 9653
internal_count=146155 47172 98983 21266 20938 25906 25483 80624 29379 21626 18359 13420 3225 551 21191 12550 11700 20264 7479 12785 51245 6923 401 7557 3857 1172 41791 2470 2354 9653
cat_boundaries=0 82 162 163 246 247 329 407 485 486
cat_threshold=0 0 201327632 0 2048 65856 0 0 1280 0 0 67584 0 12582944 1073741952 524288 72417280 0 0 0 0 0 0 0 536870912 0 0 0 0 0 0 0 0 0 0 0 0 0 0 0 0 0 0 0 0 0 8388608 0 0 8 0 0 0 0 0 0 0 0 0 0 0 17408 0 0 0 0 0 0 0 0 0 2 536870912 2 536870912 0 0 0 0 0 0 1 0 268435456 0 0 0 2048 0 0 0 33554432 0 0 0 0 0 0 0 0 0 0 0 0 0 0 0 0 0 0 536870912 0 0 131072 0 0 0 0 0 0 0 0 0 0 0 0 0 0 0 0 8 0 1024 0 32768 0 8388608 134217728 0 0 67108864 0 0 0 393216 274432 33624096 0 0 0 0 0 0 134217728 33554432 0 0 0 0 1073741824 8404993 3072 2 0 0 0 0 0 0 0 0 0 0 268435456 0 0 0 0 0 0 0 131072 0 0 0 0 0 0 0 0 0 0 4194304 0 134217728 0 2147483776 0 0 0 0 0 0 0 0 0 0 0 0 0 0 0 0 67108864 0 593920 134217744 0 0 262144 268435456 0 0 0 2097152 276841472 2097160 0 0 0 541065216 0 0 268435456 0 0 0 0 0 0 0 4096 16 0 524288 64 1 0 0 3 0 33024 128 0 0 0 0 0 0 2147483648 131328 0 0 0 0 0 0 0 0 0 33554432 1048 0 0 0 0 0 0 0 0 0 0 0 0 0 0 0 0 0 0 0 268451840 2214593536 16 32768 0 0 0 0 0 0 0 0 0 0 0 0 0 256 0 0 0 0 0 0 0 0 0 2097152 0 32768 1024 134218000 0 0 0 0 8388608 131076 0 0 256 0 33555520 8389128 134217728 0 0 0 0 0 262144 67113472 0 0 0 0 0 0 0 0 0 0 0 33554432 0 0 0 0 0 0 0 0 0 0 0 0 0 0 0 0 0 0 135266304 144703500 66560 34 0 0 0 0 0 0 0 0 0 0 2097152 0 8192 0 0 0 0 2147483648 0 0 0 0 0 1 4194304 0 0 0 0 4224 0 0 1432 0 17327104 64 256 0 536870912 0 0 32768 0 8388608 0 0 0 0 0 0 0 0 0 32 0 0 0 0 0 0 0 0 0 0 0 0 0 0 0 0 0 0 0 0 0 0 0 0 0 0 0 0 0 0 0 0 0 0 1114112 0 0 0 0 0 0 0 0 0 0 0 2097152 2048 16384 64 4194304 262144 16896 4 1
is_linear=0
shrinkage=0.03


Tree=85
num_leaves=31
num_cat=13
split_feature=4 0 4 15 10 7 13 8 15 15 13 10 9 15 15 0 10 6 3 3 15 15 10 15 15 15 15 8 12 12
split_gain=1.22301e+06 203862 110429 81082.5 72380.3 78472 109852 58186.8 57346.4 53171 52503.3 46920.3 69671.4 59790.3 49719.7 46830.8 44127.9 39793.9 43648.4 39650 39330.7 37944.2 40497.8 37940 37395.4 37186 34961.2 34867.1 33445.8 33247
threshold=99.810000000000016 61.284891930053227 149.81000000000003 0 16.602137448012204 9.9986468607190808 1 1044.3379687268839 2 3 4 8.961556863040828 1492.1318174359053 5 6 116.13823529411765 21.474534258313881 25.973299824757646 45.316787371368527 21.600573300573306 7 8 30.891418716718572 9 10 11 12 832.6792997474962 2012.5000000000002 1999.5000000000002
decision_type=10 10 10 9 10 10 1 10 9 9 1 10 10 9 9 10 10 10 8 10 9 9 10 9 9 9 9 10 2 2
left_child=1 4 3 -2 5 -1 17 9 -3 -5 28 12 27 16 -15 21 -13 18 -7 -19 -12 -10 26 -16 -4 -25 -23 -11 -6 -14
right_child=2 8 24 7 10 6 -8 -9 15 11 20 13 29 14 23 -17 -18 19 -20 -21 -22 22 -24 25 -26 -27 -28 -29 -30 -31
leaf_value=-0.11876935917347073 -0.27735933492575582 -0.30923780517972305 0.49229539834376113 -0.19138267659912664 -0.16376574512062683 -0.35191728166787017 -0.040051500831484302 -0.29879375224042193 0.30450985369658584 0.13228959805583665 -0.29422735010602136 -0.083007962187614789 0.14657504822229631 0.41976385359999219 0.35840362562118999 0.17714696672531718 -0.86115926689765554 -0.17590112723724943 0.36461772760935224 0.18556788405688643 -0.063752948112320046 -0.22760110840149994 -0.073218955393233615 0.32602988149570578 0.23530582923638019 0.064336247500990679 0.044983849550188984 -0.19962235853118457 -0.015181686016999207 0.29606240851527188
leaf_weight=10957 430 427 558 424 12393 83 41633 276 417 7560 682 217 1888 433 455 1982 94 426 979 761 19524 425 3562 511 7699 8383 16543 296 1532 4605
leaf_count=10957 430 427 558 424 12393 83 41633 276 417 7560 682 217 1888 433 455 1982 94 426 979 761 19524 425 3562 511 7699 8383 16543 296 1532 4605
internal_value=3.34716e-05 -0.0475914 0.158167 0.127368 -0.0682988 -0.0469517 -0.0290194 0.134346 0.0312896 0.139208 -0.102598 0.144962 0.179882 0.0954609 0.108502 0.0377495 -0.308292 0.175204 0.308617 0.055841 -0.0717092 0.0245778 0.0187344 0.0936525 0.253554 0.079721 0.0380487 0.119784 -0.147419 0.252595
internal_weight=146155 112326 33829 25572 88970 54839 43882 25142 23356 24866 34131 24442 14349 10093 9782 22929 311 2249 1062 1187 20206 20947 20530 9349 8257 8894 16968 7856 13925 6493
internal_count=146155 112326 33829 25572 88970 54839 43882 25142 23356 24866 34131 24442 14349 10093 9782 22929 311 2249 1062 1187 20206 20947 20530 9349 8257 8894 16968 7856 13925 6493
cat_boundaries=0 81 82 162 247 248 329 415 495 581 659 741 814 897
cat_threshold=0 0 0 0 0 0 0 0 0 0 0 0 0 0 2147483648 0 0 0 0 0 0 0 0 16777216 0 0 0 0 0 4194304 0 532480 0 0 0 0 0 0 0 0 0 0 0 0 0 0 0 134217728 17 0 0 2098176 16384 67371008 262144 16777216 33554432 0 0 0 0 15990784 4718688 1114112 0 0 0 4194304 8 0 0 0 0 0 0 0 0 0 0 64 133120 1 32 276824064 0 0 0 2 64 69632 0 0 0 0 0 0 0 0 0 0 0 0 0 0 0 0 0 0 0 0 0 0 0 0 0 128 0 0 0 0 0 0 0 0 0 0 0 0 0 0 0 0 0 0 4235264 3146240 0 0 0 0 0 268435456 0 0 262144 0 69664 0 134217728 0 0 0 0 0 33554432 2097152 0 0 1024 0 2147483649 2692743168 0 0 0 0 0 0 0 0 0 0 0 0 0 0 0 0 0 0 0 0 0 0 0 0 16777248 0 256 65536 0 0 0 134217728 8200 0 16384 0 0 0 0 2097152 0 409600 0 0 0 0 128 2147483648 2 0 0 4194304 0 0 0 134217728 0 256 0 0 0 2147483648 270532612 1540 0 0 0 0 0 1024 0 0 0 0 0 0 0 0 0 2048 8192 0 134217728 134217728 2097152 2 0 0 0 0 0 0 0 0 0 1048576 0 0 0 0 16777216 0 0 0 2 0 0 0 0 0 0 8 0 0 0 0 0 2961178624 0 0 0 0 0 0 0 605028352 1073758208 536870928 32768 0 0 0 0 0 0 0 0 0 0 0 0 0 0 0 0 0 0 0 0 0 0 0 0 0 0 1 1 0 0 0 0 0 0 0 524288 1080164352 262148 0 0 2147483648 33619984 12 65536 256 0 2 0 0 0 0 276824064 0 0 0 0 0 0 0 0 0 0 0 1028 0 0 0 0 256 0 0 0 0 0 0 201334848 536870912 66560 0 0 0 0 35913792 536870912 8192 0 0 0 0 0 0 0 0 0 0 0 0 8388608 0 0 0 0 0 0 0 0 0 0 0 0 0 0 0 0 0 0 0 0 0 0 0 0 0 16392 0 0 0 0 67108864 16 0 67108864 0 0 0 0 0 0 0 0 0 0 0 0 0 0 0 0 0 0 0 0 0 0 0 0 0 0 0 0 0 0 0 0 0 0 0 0 0 0 0 0 67174400 0 0 0 0 536870912 0 0 0 0 0 0 0 0 0 0 0 0 4 32 0 0 4194304 2416574864 1073742080 550502404 16779280 50331680 0 262144 0 8192 0 8 8 16384 17309696 0 0 0 0 2097152 0 0 1 4718592 0 0 2048 0 0 0 0 0 0 20971520 0 4194304 256 0 0 0 0 0 0 0 0 0 0 4 0 536870912 0 131072 0 0 0 0 128 1310720 268435456 0 0 0 0 0 0 0 0 0 131072 0 0 4 0 2147483648 0 0 0 0 0 0 1075838976 0 0 0 4194304 0 2359296 0 0 0 0 0 0 0 0 1024 0 0 8388608 2129920 0 0 0 0 0 0 528384 33554432 0 256 0 0 0 0 0 0 0 0 0 16448 1048576 0 0 0 0 0 84934656 256 0 0 0 0 0 33554688 67109120 268435462 0 0 0 80 0 0 2048 8224 67108864 0 0 0 0 0 0 0 0 0 0 0 0 0 0 0 0 0 0 0 0 0 512 0 0 0 8192 0 0 8388608 0 0 0 0 2048 64 0 0 1024 0 0 0 0 12582912 196624 1076367360 72351744 4 0 0 81920 16 0 0 0 0 0 0 0 0 0 0 0 0 0 0 0 0 0 0 0 0 0 0 268435456 0 8388608 0 0 0 0 0 0 0 0 0 0 0 0 0 0 17408 0 0 0 0 0 0 0 0 0 2 0 2 536870912 134217728 0 0 0 0 8388608 5 0 0 0 524352 0 0 32768 33554432 1056 64 0 2048 16384 1073745920 2097152 0 0 0 0 0 0 0 0 65536 2048 268500992 128 0 0 536870912 526336 8 0 0 0 0 0 2048 1048576 64 0 0 1024 0 0 272793600 0 8 0 0 0 0 0 0 0 0 0 0 0 0 0 0 0 0 0 4096 0 0 0 0 0 0 512 0 524288 0 0 0 0 0 0 0 0 0 0 4096 0 0 0 0 0 0 0 0 0 0 0 0 0 0 0 0 0 0 131072 0 2147483648 536870912 0 0 0 0 0 0 0 0 0 0 0 0 0 8 0 67109888 2147483712 135266304 128 8388608 16 262144 0 0 0 0 16777216 268582912 262144 1 0 0 536870912 0 0 0 0 0 0 0 0 0 1073741824 9437440 67108864 0 524288 4096
is_linear=0
shrinkage=0.03


Tree=86
num_leaves=31
num_cat=9
split_feature=0 0 1 15 1 15 10 15 12 12 1 0 8 10 13 7 12 15 10 15 12 7 1 12 4 8 13 15 13 7
split_gain=1.15255e+06 211961 119647 72786.6 62934.5 61353.7 68993.1 61723.5 58908.2 74196.6 69421.6 53409.6 52262.4 48821.9 59616.8 65355.7 51454.4 46989.2 46047.9 50735.1 43277 43699.3 40199.5 38593.4 37444 37335.6 39188.8 36721.7 48390.3 41786.9
threshold=76.009049773755677 136.05000000000004 53.500700280112049 0 193.55000000000004 1 34.348369270698051 2 2002.5000000000002 2001.5000000000002 117.01662404092073 31.001818181818184 971.18440054070504 17.804138259715796 3 8.9122399476757206 1993.5000000000002 4 3.0070026531412517 5 1999.5000000000002 12.573106493530737 125.05000000000001 2012.5000000000002 22.000475436973566 469.15567077854661 6 7 8 14.005979438297475
decision_type=10 10 10 9 8 9 10 9 2 2 8 8 10 10 1 10 2 9 8 9 2 10 10 2 10 10 1 9 1 10
left_child=2 3 11 -2 12 -5 7 -7 9 10 20 24 18 14 15 16 -4 -8 -3 -20 -9 -22 -18 -17 -1 -10 -27 -13 29 -29
right_child=1 4 13 5 -6 6 17 8 25 -11 -12 27 -14 -15 -16 23 22 -19 19 -21 21 -23 -24 -25 -26 26 -28 28 -30 -31
leaf_value=-0.1863684243127692 -0.31462209591952461 0.26556119750217472 -0.6483369674676307 0.48513691935451192 0.41559570313274252 -0.22672684659708789 0.24752141955842577 -0.0064281876210822951 0.057701795344800313 -0.19102327704016539 0.16830987836899805 -0.30495210610300894 -0.15528675703149872 -0.06964590243655773 0.0051116920428473404 0.17041363281319793 0.10657662825392825 -0.077792363863484995 0.47641539615990758 0.14597121463523516 -0.010825952769012043 0.34264833236319192 -1.2778555365800857 0.52645688259775192 -0.092633173467709815 0.21283445230057305 -0.0042827711738579735 0.15394095959746917 -0.063774971782778148 -0.04742175513578499
leaf_weight=4952 422 5682 141 320 1174 526 440 6704 2666 992 4811 532 389 4939 10195 2419 336 3585 431 10261 570 703 20 309 17011 6653 843 1764 54409 1956
leaf_count=4952 422 5682 141 320 1174 526 440 6704 2666 992 4811 532 389 4939 10195 2419 336 3585 431 10261 570 703 20 309 17011 6653 843 1764 54409 1956
internal_value=3.42781e-05 0.122069 -0.0581234 0.0722574 0.203255 0.0780058 0.0732648 0.0922243 0.0992848 0.0589158 0.0783043 -0.0738626 0.188384 0.010996 0.0406749 0.153099 -0.163306 -0.0418084 0.196549 0.159874 0.0240211 0.184376 0.0287995 0.210743 -0.113768 0.154124 0.188417 -0.058922 -0.0566081 0.0480631
internal_weight=146155 47172 98983 29235 17937 28813 28493 24468 23942 13780 12788 80624 16763 18359 13420 3225 497 4025 16374 10692 7977 1273 356 2728 21963 10162 7496 58661 58129 3720
internal_count=146155 47172 98983 29235 17937 28813 28493 24468 23942 13780 12788 80624 16763 18359 13420 3225 497 4025 16374 10692 7977 1273 356 2728 21963 10162 7496 58661 58129 3720
cat_boundaries=0 82 160 243 244 322 398 399 474 475
cat_threshold=0 0 0 0 0 0 0 0 0 33554432 0 0 0 0 0 0 0 0 0 0 0 0 0 0 0 0 0 0 536870912 0 0 134356992 0 0 0 0 0 0 0 0 0 0 0 0 0 0 0 0 8 0 0 0 32776 0 8388608 0 0 0 67108864 0 0 0 131072 2367488 33558560 0 0 0 0 0 0 134217728 33554432 0 0 0 0 1073741824 8404993 2684357632 0 524288 0 0 10485760 2048 16777220 0 0 0 536870920 0 4096 2176 1 0 8 64 0 0 0 0 0 4 0 0 0 16809984 0 0 0 0 0 0 0 0 0 0 0 134217728 0 525314 33554433 0 0 0 4 32 0 0 0 0 0 0 0 0 0 0 0 0 0 0 0 0 0 0 0 0 0 0 0 0 0 0 0 0 0 0 512 8388608 0 0 0 0 0 2048 0 0 0 0 0 0 0 0 0 0 0 0 0 0 0 0 0 0 0 0 0 0 0 4194304 0 0 0 2147491968 0 0 0 0 0 0 0 0 0 0 0 0 0 0 0 0 1024 33555456 593920 16 0 134217728 262144 0 0 0 0 2097152 268715072 1052672 65536 0 0 4194304 0 0 268435456 0 0 0 0 0 0 0 16781312 16 262144 0 80 1 0 0 1304 0 549888 64 256 0 0 0 0 0 2147483648 8388608 0 0 0 0 0 0 0 0 0 32 128 1073741824 0 0 0 0 0 256 0 0 0 0 0 67108864 0 0 0 0 0 0 0 1073741824 0 0 0 0 0 0 0 0 0 0 0 0 1114112 0 0 256 0 0 0 0 0 0 0 0 524288 2048 16384 64 0 262144 16384 4 0 0 201332736 4112 32768 65600 0 0 1024 0 32 65536 262144 8519680 0 0 0 0 0 0 0 0 0 0 1048 0 0 0 0 0 0 0 0 0 0 0 0 0 0 0 0 0 0 0 134217728 2147483668 536870976 0 0 0 0 0 0 0 0 0 0 0 0 0 0 0 0 0 0 0 0 0 0 0 0 2097153 536870912 0 0 16 1 0 640 0 0 0 0 0 67108864 8192 0 2147483648 0 32 0 0 0 0 0 0 0 0 0 0 0 0 0 0 0 0 0 0 0 0 0 0 0 0 0 0 0 0 0 0 0 0 0 0 0 0 0 0 0 0 0 2789376021 576 0 0 1073750016 0 0 0 0 0 655872 8650752 8421380 32 0 0 0 0 0 0 33556480 1
is_linear=0
shrinkage=0.03


Tree=87
num_leaves=31
num_cat=10
split_feature=4 0 0 10 12 5 7 15 0 15 15 8 15 12 6 12 12 15 8 15 15 15 2 15 8 11 13 12 10 7
split_gain=1.08521e+06 193823 86673.3 74256.6 71780.5 67398 76672.9 62671.7 62024.6 58992.9 56863.8 53917.3 49966.2 47323.6 59460.9 47315.6 46011.8 44877.7 42510 42415.9 42415.8 41948.1 39106.5 38892.5 38659.2 37940.7 37498.7 41950.9 37092.3 50229.3
threshold=69.480031645569639 129.05000000000004 38.701464435146455 8.154250737079332 1995.5000000000002 -12.66000000000181 8.4110059127184833 0 101.25000000000001 1 2 505.96398518551365 3 1993.5000000000002 21.966893130279161 1992.5000000000002 1994.5000000000002 4 414.41049767672416 5 6 7 29.013536379018614 8 1084.3786602254302 56.663482276722057 9 2003.5000000000002 44.854494687409108 16.328505245188762
decision_type=10 10 8 10 2 10 10 9 10 9 9 8 9 2 10 2 2 9 10 9 9 9 10 9 10 10 1 2 10 10
left_child=2 3 18 5 25 6 -2 -5 23 -6 -9 12 -11 14 -7 -16 -15 -18 -1 -13 -12 -14 -23 -4 -21 -3 27 -25 29 -22
right_child=1 4 8 7 9 13 -8 10 -10 11 20 19 21 16 15 -17 17 -19 -20 24 28 22 -24 26 -26 -27 -28 -29 -30 -31
leaf_value=-0.14791971615368191 -0.45503856756231364 0.14289643428637094 -0.29339873290710228 -0.40045681419059259 0.50770803600026149 -0.34625144856806578 0.40638918032779481 0.41509695792908852 0.18026197940957184 0.424155090525421 -0.27727450269753928 0.49211864629791485 0.37821336541999906 0.3042851033537739 0.2438241408198151 -0.22118412658715478 -0.20803307725883011 0.10442649959957603 -0.074939631881229749 0.2215271400005682 0.0024226019399865104 -1.0427931391341345 0.081194136240953299 -0.12071935018733458 -0.36510022072231063 -0.13824741463729387 -0.017328157645075976 -0.033549918898180174 -0.080576311459383737 0.14531254246715872
leaf_weight=9379 102 844 526 312 545 478 1053 315 1186 448 427 529 437 1007 534 312 422 10837 30684 11517 6796 28 5540 8281 102 885 34444 12423 2478 3284
leaf_count=9379 102 844 526 312 545 478 1053 315 1186 448 427 529 437 1007 534 312 422 10837 30684 11517 6796 28 5540 8281 102 885 34444 12423 2478 3284
internal_value=3.41342e-05 0.114734 -0.0582274 0.0636615 0.184111 0.110306 0.330315 0.0131349 -0.0344142 0.200828 0.023121 0.191461 0.121485 0.0916073 -0.0787882 0.0723317 0.11 0.0926231 -0.0920247 0.22879 0.0133 0.0980347 0.0754065 -0.0389873 0.216191 -0.00100889 -0.0365009 -0.0684152 0.0233929 0.0489752
internal_weight=146155 49232 96923 28357 20875 14745 1155 13612 56860 19146 13300 18601 6453 13590 1324 846 12266 11259 40063 12148 12985 6005 5568 55674 11619 1729 55148 20704 12558 10080
internal_count=146155 49232 96923 28357 20875 14745 1155 13612 56860 19146 13300 18601 6453 13590 1324 846 12266 11259 40063 12148 12985 6005 5568 55674 11619 1729 55148 20704 12558 10080
cat_boundaries=0 81 163 248 330 410 455 536 617 697 698
cat_threshold=2097408 0 0 0 0 0 0 0 0 0 32768 0 0 0 0 0 0 0 0 0 0 0 0 0 0 0 0 0 0 0 0 134348800 0 0 0 0 0 0 0 0 0 131072 0 0 0 0 0 0 0 0 0 39845888 8919044 22 0 0 0 0 0 0 0 0 0 67108864 0 0 0 0 0 0 0 0 128 0 0 0 0 1073741824 2147483648 2147487744 17408 0 0 201326608 0 2048 65600 134217728 0 1280 16 0 0 0 12583456 1073741824 0 67108864 0 0 0 0 0 0 0 0 0 0 0 0 0 0 0 0 0 0 0 0 0 0 0 0 0 0 0 134742016 134218756 8388624 32768 0 0 0 0 0 0 0 0 0 0 0 0 0 17408 0 0 0 0 0 0 0 0 0 2 0 0 536870912 131072 0 0 0 0 0 1 0 0 0 0 0 0 0 0 0 128 0 4194304 257 0 0 0 0 0 0 0 0 0 0 0 16384 0 0 0 4096 2147483648 33 256 0 0 0 0 0 234881024 0 2151744002 0 0 0 0 0 0 0 0 0 0 0 0 0 0 0 0 0 0 0 0 0 0 0 0 0 4096 0 0 0 0 2621440 0 16384 0 0 262144 512 0 0 0 0 0 0 0 536870912 0 0 0 0 33024 384 0 0 0 0 0 0 2147745792 135424 0 0 0 0 0 0 0 0 0 0 8 0 0 0 0 0 0 0 0 0 0 0 0 0 0 0 0 0 0 0 268451840 2222981122 536870912 2 0 0 0 0 0 0 0 0 0 0 2097152 0 0 0 0 0 0 2147483648 0 0 0 0 0 2097152 0 32770 1024 134217744 0 0 0 0 0 131076 0 0 0 0 0 4096 0 0 0 0 0 0 4096 0 0 0 0 0 0 0 0 0 0 0 0 0 0 2097664 33554432 0 0 0 16777472 128 0 0 0 0 0 0 0 0 0 0 0 0 0 0 8 0 197632 0 0 16384 0 0 4096 0 0 0 0 16777216 2375680 2371840 0 0 0 536870912 528 0 0 0 0 0 0 0 0 0 0 263168 0 0 0 0 0 0 0 0 0 0 0 0 0 0 198676 71962626 7545930 4 0 0 2179200 8192 360480 0 0 0 0 0 0 0 0 0 0 0 0 0 0 0 0 0 0 0 0 0 2147483648 16809984 262144 0 0 0 0 2 0 131072 0 0 524288 0 0 0 0 32 0 0 0 0 0 0 0 0 2 0 0 0 0 0 0 0 0 0 0 0 0 0 536870912 0 2048 0 0 67108864 0 0 8388608 0 0 0 537003525 66 128 0 0 0 0 0 0 4 0 0 0 1107296256 0 1 0 0 536870912 16384 0 0 0 0 0 0 0 266240 16 2097152 0 0 258 0 0 512 135168 0 0 0 0 0 0 0 0 0 0 0 0 0 0 67108864 0 0 536871952 0 1 0 0 0 0 0 0 0 0 0 0 0 0 0 0 0 0 0 34603008 32768 66560 1056 0 8 0 0 0 0 0 0 0 0 0 0 0 256 0 0 0 0 0 0 0 0 0 1 541065216 0 0 256 0 12944 0 0 8388608 1 1065024 0 0 0 0 0 0 8192 0 3288334336 32 128 0 0 0 0 0 0 0 0 0 0 67633152 524288 0 0 0 0 0 0 0 0 0 0 0 0 0 0 0 0 0 0 0 0 0 0 0 0 0 0 0 0 32 608215056 0 0 0 0 16777216 0 0 0 0 1581056 33562632 33554432 0 0 0 0 0 33554432 0 0 2 0 0 0 8192 2
is_linear=0
shrinkage=0.03


Tree=88
num_leaves=31
num_cat=11
split_feature=0 0 1 15 1 15 10 15 12 12 1 8 13 12 12 13 12 6 10 13 7 12 15 12 7 15 10 15 15 15
split_gain=1.02253e+06 188285 106985 69329.4 57778.4 57591.6 61775.8 57011.3 55287.4 70004.8 64327.2 51640.5 52178.8 48535.9 47967.9 46458.2 45514.8 73971.7 45384.9 56200.1 60953.1 56651.3 43276.9 41081.1 41561.4 40457.4 38775.3 51425.9 41380.2 36443.6
threshold=76.009049773755677 136.05000000000004 53.500700280112049 0 193.55000000000004 1 34.348369270698051 2 2002.5000000000002 2001.5000000000002 117.01662404092073 498.44550739019508 3 1995.5000000000002 2003.5000000000002 4 1990.5000000000002 26.076929375812529 13.917160443664015 5 9.1559347617595765 1993.5000000000002 6 1999.5000000000002 12.573106493530737 7 4.1285946991245606 8 9 10
decision_type=10 10 10 9 8 9 10 9 2 2 8 10 1 2 2 1 2 10 10 1 10 2 9 2 10 9 8 9 9 9
left_child=2 3 11 -2 13 -5 7 -7 9 10 23 12 -1 -3 15 -13 17 -17 19 20 21 -4 -8 -9 -25 -14 -15 -28 -29 -10
right_child=1 4 18 5 -6 6 22 8 29 -11 -12 14 25 26 -16 16 -18 -19 -20 -21 -22 -23 -24 24 -26 -27 27 28 -30 -31
leaf_value=-0.14993838361007916 -0.3060243074882098 0.00097239294384499184 -0.625715617442131 0.46873376569622915 0.39495485318383577 -0.22003482741319438 0.24890019269926209 -0.0083997558297078927 -0.16745890248052639 -0.18806461217993448 0.16021220478902232 -0.10957853689579447 -0.2809856585219172 0.24805945694949483 -0.015287898221980192 0.23051992216235104 -0.060629257028708958 -0.088532987690225204 -0.056863373326510862 0.0079829643711566787 0.22359283252658321 0.062564465247211959 -0.072895447556991871 -0.012486333340173588 0.33256330371695969 -0.058582056414303203 0.47555094201750348 0.41938109304153304 0.11988787706847828 0.15704670677075369
leaf_weight=11857 430 1297 150 319 1174 524 410 6698 316 992 4808 16365 762 6468 20080 1361 12180 1259 6026 9421 2381 381 3619 570 700 16760 414 432 8152 9849
leaf_count=11857 430 1297 150 319 1174 524 410 6698 316 992 4808 16365 762 6468 20080 1361 12180 1259 6026 9421 2381 381 3619 570 700 16760 414 432 8152 9849
internal_value=3.54555e-05 0.114981 -0.0547436 0.0680333 0.191499 0.0736978 0.0691111 0.0870666 0.0938432 0.0547034 0.0735532 -0.0696267 -0.101336 0.17725 -0.0514474 -0.0747455 -0.036229 0.077204 0.0106162 0.0435873 0.158775 -0.131865 -0.039712 0.021262 0.177699 -0.0684478 0.192032 0.151759 0.135431 0.146949
internal_weight=146155 47172 98983 29235 17937 28805 28486 24457 23933 13768 12776 80624 29379 16763 51245 31165 14800 2620 18359 12333 2912 531 4029 7968 1270 17522 15466 8998 8584 10165
internal_count=146155 47172 98983 29235 17937 28805 28486 24457 23933 13768 12776 80624 29379 16763 51245 31165 14800 2620 18359 12333 2912 531 4029 7968 1270 17522 15466 8998 8584 10165
cat_boundaries=0 82 160 243 244 245 246 324 410 482 558 643
cat_threshold=0 0 0 0 0 0 0 0 0 33554432 0 0 0 0 0 0 0 0 0 0 0 0 0 0 0 0 0 0 536870912 0 0 134356992 0 0 0 0 0 0 0 0 0 0 0 0 0 0 0 0 8 0 0 0 32776 0 8388608 0 0 0 67108864 0 0 0 131072 2367488 33558568 0 0 0 0 0 0 134217728 33554432 0 0 0 0 0 25182209 2684357632 0 524288 0 0 2162688 2048 16777220 0 0 0 536870920 0 4096 2176 1 0 8 64 0 0 0 0 0 4 0 0 0 16809984 0 0 0 0 0 0 0 0 0 0 0 134217728 0 525314 33554433 0 0 0 262148 32 0 0 0 0 0 0 0 0 0 0 0 0 0 0 0 0 0 0 0 0 0 0 0 0 0 0 0 0 0 0 0 8388608 0 0 0 0 0 2048 0 0 0 0 0 0 0 0 0 0 0 0 0 0 0 0 0 0 0 0 0 0 0 4194304 0 0 0 2147491968 0 0 0 0 0 0 0 0 33554432 0 0 0 0 0 2 0 1024 1024 593920 0 0 134217728 262144 0 0 0 0 2097152 268715072 1052672 65536 0 0 4194304 0 0 268435456 0 0 0 0 0 0 1073741824 4096 16 262144 0 80 2 2 1 0 0 1304 0 549888 64 256 0 0 0 0 0 2147483648 8388608 0 0 0 0 0 0 0 0 0 32 128 1073741824 0 0 0 0 0 256 0 0 0 0 0 67108864 0 0 0 0 0 0 0 0 0 0 0 0 0 0 0 0 0 0 0 0 1114112 0 0 256 0 0 0 0 0 0 0 0 524288 2048 16384 0 0 0 16896 4 0 0 0 0 0 33554432 8650792 0 0 0 0 0 1073741824 0 0 0 0 0 0 0 0 0 0 0 0 0 0 0 0 0 0 0 0 0 0 0 0 0 0 0 0 0 0 2 0 0 0 0 67108864 0 0 0 0 536870912 33718272 64 0 0 0 0 0 0 0 0 0 8650752 8390660 32 0 0 0 2416050304 1073741824 1048576 2064 33554432 0 262144 0 0 134217728 0 0 0 1073741824 1 0 0 134223872 4112 32768 65856 134217728 134217728 0 16 32 0 0 512 0 0 0 0 0 0 0 0 0 0 1048 0 1 0 0 0 0 0 0 0 0 0 0 0 0 0 0 0 0 0 134742016 2214592528 536873040 0 0 0 0 0 0 0 0 0 0 0 0 0 0 0 0 0 0 0 0 0 0 0 0 2097152 0 0 69468176 77627392 0 0 0 0 1024 1 0 65536 262144 135424 0 0 0 0 0 0 0 0 0 536870912 0 33554432 0 0 1073741824 0 0 0 0 0 0 0 0 0 0 1024 0 0 0 0 2147483648 196612 0 32802 2048 0 0 0 0 0 0 0 0 0 0 0 0 0 0 0 0 0 0 0 0 0 0 1 536870912 0 0 16 0 0 0 0 0 0 0 0 0 0 0 0 0 0 0 0 0 0 0 0 0 0 0 0 0 0 1073741824 0 8 0 0 0 0 65536 16384 512 4194304 0 0 0 0 0 0 0 0 0 0 0 0 0 33554440 33751060 514 134225936 33554432 0 4096 0 0 0 0 8388736 0 65536 0 0 0 0 0 0 0 0 0 0 0 0 0 0 0 0 2097152 0 136314880 0 1024
is_linear=0
shrinkage=0.03


Tree=89
num_leaves=31
num_cat=12
split_feature=4 0 0 12 10 15 15 5 7 0 15 10 15 3 15 7 12 12 6 15 15 8 15 15 6 10 15 15 0 15
split_gain=962437 172019 77710.9 68351.9 68160.3 69494.8 59557.3 57513.8 66822.5 54691.5 53914.2 52713.3 55273.9 41367.9 41150.5 39990.8 41623.8 65321.9 46133.9 37199.1 37417 45255.4 46371.7 36726.8 35877.2 35674.4 47699.7 43835.3 37845.8 36298.9
threshold=69.480031645569639 127.05000000000001 38.701464435146455 1995.5000000000002 6.6101712377388981 0 1 -12.66000000000181 9.1559347617595765 101.25000000000001 2 4.970595074464339 3 23.571502209131079 4 13.933654080299878 1993.5000000000002 1994.5000000000002 21.966893130279161 5 6 538.70046768166583 7 8 22.916602929046018 44.854494687409108 9 10 1.0000000180025095e-35 11
decision_type=10 10 8 2 10 9 9 10 10 10 9 10 9 10 9 10 2 2 10 9 9 10 9 9 10 10 9 9 10 9
left_child=2 4 13 -3 7 -6 -5 8 -2 23 -7 24 -13 -1 -12 16 18 -18 -9 -14 -21 22 -22 -4 -8 26 -16 -27 -28 -30
right_child=1 3 9 6 5 10 11 15 -10 -11 14 12 19 -15 25 -17 17 -19 -20 20 21 -23 -24 -25 -26 27 28 -29 29 -31
leaf_value=-0.14556367876892706 -0.25687559060179271 -0.0026258543096162987 -0.2824106715817169 0.49501247251482394 -0.36061744656285333 0.39875625839269546 0.12693437915471389 -0.34036921490719263 0.41449813173118161 0.16930410413360489 0.30017302111500788 0.42472267888659654 0.3822887391026038 -0.071009842188253319 0.3386984823774416 0.19442655503316908 0.37219650078179106 0.058619747981334194 0.061264382343253355 0.35241002185080705 0.31247090312752074 0.15645613153770543 -0.0090792656651360101 -0.034147628620564918 0.2680025874483693 0.13731306480223332 -1.0664123252342486 -0.16967151826908994 -0.24973223114712381 0.03061441364478628
leaf_weight=8503 156 1864 532 547 425 328 2156 466 922 1186 431 549 448 31560 419 2542 647 7875 575 511 438 4604 4077 55142 6558 536 29 1824 424 9881
leaf_count=8503 156 1864 532 547 425 328 2156 466 922 1186 431 549 448 31560 419 2542 647 7875 575 511 438 4604 4077 55142 6558 536 29 1824 424 9881
internal_value=3.6e-05 0.108053 -0.054831 0.171082 0.058161 0.0127916 0.187363 0.107364 0.317342 -0.0322825 0.0244742 0.178314 0.133558 -0.0868332 0.0151225 0.0886649 0.0605518 0.0824269 -0.118525 0.117159 0.104441 0.0901746 0.0227863 -0.0365768 0.2331 0.00553185 0.0287175 -0.100087 0.015806 0.0188669
internal_weight=146155 49232 96923 21752 27480 14297 19888 13183 1078 56860 13872 19341 10627 40063 13544 12105 9563 8522 1041 10078 9630 9119 4515 55674 8714 13113 10753 2360 10334 10305
internal_count=146155 49232 96923 21752 27480 14297 19888 13183 1078 56860 13872 19341 10627 40063 13544 12105 9563 8522 1041 10078 9630 9119 4515 55674 8714 13113 10753 2360 10334 10305
cat_boundaries=0 82 164 241 323 400 482 560 646 726 800 878 959
cat_threshold=256 0 0 0 0 0 0 0 0 0 32768 0 0 0 0 0 0 0 0 0 0 0 0 0 0 0 0 0 0 0 0 134348800 0 0 0 0 0 0 0 0 0 0 0 0 0 0 0 0 0 0 0 39879684 8915014 22 0 0 0 0 0 0 0 0 0 67108864 0 0 0 0 0 0 0 0 128 0 0 0 0 1073741824 2164331008 2147487744 5120 524288 0 0 201330704 0 2048 65600 0 0 1280 16 0 268437504 131072 12582944 0 0 67108928 0 0 0 0 0 0 16384 0 0 0 0 0 0 0 0 0 0 0 0 0 0 0 0 0 0 0 0 0 134218756 8388688 32768 0 0 0 0 0 0 0 0 0 0 0 0 0 17408 0 0 0 0 0 0 0 0 0 2 0 0 536870912 131072 0 0 0 0 0 1 0 0 0 0 0 0 0 0 0 128 0 0 16385 0 0 0 0 0 0 0 0 0 0 0 16384 134217728 0 0 4096 2147483648 524289 264 0 0 0 0 0 100665344 256 2160132610 0 0 0 0 0 0 0 0 0 0 0 0 0 0 0 0 0 0 0 0 0 0 0 0 0 4096 0 0 0 0 2621440 0 16384 0 0 262144 512 0 0 0 528 32768 256 134217728 134217728 0 1 8388704 65536 0 768 0 0 0 0 0 0 0 0 0 0 536870912 0 0 0 0 0 0 0 0 0 0 0 0 0 0 0 0 0 0 0 403177472 2214658048 536870912 0 0 0 0 0 0 0 0 0 0 0 0 0 0 0 0 0 0 0 0 0 0 0 0 1 541065216 32770 1024 134217744 0 0 0 0 0 4 0 0 0 64 8 0 0 0 16777224 0 16 16810000 262400 268435456 0 0 16384 0 0 0 0 0 0 4194304 1049088 4096 0 16 2048 0 1140850704 0 0 0 0 0 0 134283520 0 32768 0 0 1024 0 0 512 0 0 0 0 0 0 0 0 0 0 0 0 0 0 2048 0 0 0 0 0 0 268435456 0 524288 0 0 0 0 0 0 16384 0 0 0 75497472 256 128 0 0 0 0 0 4194304 2147483648 135168 0 0 65536 0 0 0 0 0 0 0 8 33554432 1 0 0 0 0 0 0 0 0 0 0 8192 0 1028 0 0 0 0 0 8519696 32768 16544 0 0 0 0 0 0 0 0 0 0 2097152 0 0 0 0 0 0 0 0 0 0 0 0 2097152 0 0 0 0 0 128 0 0 8388608 131072 0 0 2359554 2101248 0 512 0 0 0 64 0 0 16384 0 128 2097153 0 0 0 0 0 0 16 0 65552 0 0 0 0 0 0 0 0 0 0 0 0 0 256 0 0 0 0 0 2181038080 268468226 67584 1042 0 8 0 0 0 0 0 0 0 0 0 0 0 256 0 0 0 0 0 0 0 0 0 0 0 0 0 256 0 4112 0 0 1 0 33817600 8 67244288 0 0 0 0 0 262144 0 0 0 0 0 0 0 0 0 0 570425344 1024 0 0 0 0 0 0 0 0 0 0 0 0 0 0 0 0 0 0 1 16448 35651592 1058 0 0 0 0 0 0 0 0 0 0 0 0 0 8192 0 0 0 0 0 0 0 0 0 0 0 67108864 0 0 0 0 16785408 0 0 0 0 0 0 0 8 1 81984 0 0 0 0 0 0 8192 0 67108864 32 65664 0 0 0 0 0 0 0 0 0 0 67633152 524288 0 0 0 0 0 0 0 0 0 0 0 0 0 0 0 0 0 0 0 0 0 0 0 0 0 0 0 0 0 608207888 4096 0 0 0 16777216 0 0 0 0 532480 33562632 33554560 0 0 0 0 0 33554432 0 256 2 0 0 0 8192 8388608 67108864 0 0 0 0 256 0 8388609 2099200 2 67108864 0 4096 0 2147483648 2048 0 0 0 0 0 0 67108864 2147483650 536871456 2 0 0 0 32 0 0 0 0 0 0 0 263176 0 0 0 0 0 0 1074266112 0 0 0 0 0 0 0 0 0 0 0 0 32768 134217728 0 0 0 0 138412048 0 0 0 0 16777216 0 0 0 262144 0 0 1432 0 570745856 512 0 0 536870912 0 0 0 0 0 0 0 0 0 0 0 0 0 0 0 0 0 0 0 0 0 0 0 0 0 0 0 0 0 0 0 0 0 0 0 0 0 0 0 0 0 0 0 0 0 0 0 0 0 65536 4 0 0 0 0 0 0 0 0 0 0 1107329152 33556480 2080 64 4194304 0 65536 4 2097152 0 0 0 0 0 64 0 131072 0 0 0 0 0 0 0 32 1 0 0 0 0 0 0 32768 0 0 0 0 0 0 0 0 0 0 0 0 0 0 536870912 0 134809600 0 0 67108864 0 0 0 0 0 33554432 537002499 201326600 384 0 0 0 0 0 33554432 0 0 0 0 0 0 1 0 0 2147614720 0 0 0 0 0 0 0 0 1073741856 16777216 2099200
is_linear=0
shrinkage=0.03


Tree=90
num_leaves=31
num_cat=5
split_feature=0 4 8 15 10 5 7 15 10 12 12 12 8 6 7 7 7 13 15 12 6 6 6 12 15 0 5 3 12 2
split_gain=908607 215899 84347.3 77208.5 75249.2 61601.7 71201.3 61304.1 59172.9 59027 78382.9 74878.8 72196.8 57358 57311.3 56859.6 54830.6 47670.1 47462.5 40491.8 59576.9 39879.6 38038.8 37626.1 36228.2 35579.2 35368.3 36024.6 35232.7 41651.8
threshold=114.03947368421053 60.993555486683249 1015.5877816948324 0 13.917160443664015 -14.100000000001764 9.3057654667432654 1 16.602137448012204 2002.5000000000002 2001.5000000000002 2004.5000000000002 507.94468653368222 23.202830516225877 12.315193382632065 11.536755740048006 9.9986468607190808 2 3 1990.5000000000002 25.111725589812824 26.043569694627688 29.335638037346474 2011.5000000000002 4 18.016146393972019 -5.0999999999992838 164.78333333333336 1993.5000000000002 110.02137132680322
decision_type=10 10 10 9 10 10 10 9 10 2 2 2 8 10 10 10 8 1 9 2 10 10 10 2 9 10 10 10 2 8
left_child=1 8 3 -2 5 6 25 -5 16 10 21 13 14 -11 -13 -12 -1 -10 -6 20 -18 -9 -17 -21 -7 -3 -14 -28 29 -20
right_child=2 4 -4 7 18 24 -8 9 17 11 15 12 26 -15 -16 22 19 -19 28 23 -22 -23 -24 -25 -26 -27 27 -29 -30 -31
leaf_value=-0.099389723477643438 0.47568049020184811 -1.3890631875124846 -0.24921600998072854 -0.25981425192266905 0.27656488201853369 -0.2053253715574708 0.3894244890154962 0.071441945249635208 -0.13244819802179142 0.040596982510169105 0.25268061730345448 0.16855189516347163 0.40805242382091955 0.45567681829896545 -0.029220187466978579 -0.37065248483104507 0.21795816762641929 -0.060650920226705429 -0.42732827409403945 -0.04567472951783301 -0.082796219597502899 0.20442377468673315 0.10496150948712366 0.025671516273749008 0.069338744799024077 -0.10185559210912236 0.16164946154475227 0.29118971704740682 -0.026249650203216603 0.090373335496898605
leaf_weight=11185 667 22 465 317 431 436 978 4944 13990 378 252 2824 767 1445 2474 653 1433 20546 427 34691 1011 3443 197 8231 15089 159 7176 2644 8672 208
leaf_count=11185 667 22 465 317 431 436 978 4944 13990 378 252 2824 767 1445 2474 653 1433 20546 427 34691 1011 3443 197 8231 15089 159 7176 2644 8672 208
internal_value=3.91624e-05 -0.0368925 0.151537 0.158149 0.0386091 0.077288 0.288268 0.150224 -0.0587936 0.155097 0.0947789 0.187507 0.166609 0.36961 0.0761985 -0.143088 -0.0398976 -0.0897349 -0.027659 -0.0252297 0.0935463 0.126033 -0.260422 -0.0319929 0.0615376 -0.258312 0.211852 0.196528 -0.0419994 -0.25775
internal_weight=146155 117509 28646 28181 26422 16684 1159 27514 91087 27197 9489 17708 15885 1823 5298 1102 56551 34536 9738 45366 2444 8387 850 42922 15525 181 10587 9820 9307 635
internal_count=146155 117509 28646 28181 26422 16684 1159 27514 91087 27197 9489 17708 15885 1823 5298 1102 56551 34536 9738 45366 2444 8387 850 42922 15525 181 10587 9820 9307 635
cat_boundaries=0 82 163 164 241 324
cat_threshold=0 0 201331728 67108864 2048 64 0 0 1280 24 0 2048 0 4194336 1073741824 524289 67174416 0 0 0 0 0 0 0 0 0 0 0 0 0 0 0 0 0 0 0 0 0 0 0 0 0 0 0 0 0 0 0 262144 8 0 0 0 0 0 0 0 0 2097152 0 0 17408 0 0 0 0 0 0 0 0 0 2 0 2 536870912 134217744 0 0 0 0 0 1 2097152 0 0 0 4194304 0 0 0 0 0 0 0 0 0 0 0 0 0 16384 0 0 0 0 0 0 0 0 16777216 0 516 0 8192 0 0 0 0 0 0 0 0 0 0 0 0 0 0 0 0 1073741824 0 0 0 0 0 0 134217728 301989888 536871936 0 0 0 1224736768 524356 1114176 0 0 0 0 0 2 0 0 0 0 0 0 0 0 524288 0 3072 2 0 0 0 16384 0 0 0 1048832 536870944 2048 128 285212672 262144 131072 0 0 0 0 0 0 0 0 0 4194304 0 0 0 0 0 0 0 0 0 0 0 0 0 16777216 262144 65536 0 0 0 0 0 0 0 1048576 0 0 0 0 0 0 0 0 0 0 269484032 0 0 0 0 0 0 64 0 0 0 16777216 1109917696 0 18432 0 4194304 262144 2097152 0 0 0 0 0 0 0 0 0 0 0 0 4100 0 0 0 0 0 0 0 0 0 0 0 0 0 0 512 0 4194304 0 0 0 128 16384 8388608 0 0 0 0 0 0 0 0 0 0 0 0 0 0 1024 4112 0 0 0 0 0 0 32 0 0 2147483648 278134784 0 65536 0 0 541065216 2 2048 0 0 0 0 0 0 0 0 16777216 134480896 2097168 0 134221888
is_linear=0
shrinkage=0.03


Tree=91
num_leaves=31
num_cat=9
split_feature=0 0 1 15 15 10 15 12 12 1 1 8 13 15 12 8 10 13 7 12 12 7 15 15 1 10 15 12 10 12
split_gain=855625 158863 92347.8 68910.3 62427.6 55111.6 54828.4 52641.8 62595.4 56508.7 51938 46792.1 47057.9 45912.1 43867.3 42041.7 39338.7 49130.2 55354.1 45424.2 36718.4 39170.4 36503.1 36466.8 35973.9 34720.6 41576.8 34686.5 33523.6 61011.6
threshold=76.009049773755677 138.05000000000004 52.503333333333337 0 1 31.388858678697812 2 2002.5000000000002 2001.5000000000002 117.01662404092073 193.55000000000004 498.44550739019508 3 4 2010.5000000000002 1015.5877816948324 16.322926828836057 5 8.9122399476757206 1993.5000000000002 1999.5000000000002 13.675878190208467 6 7 125.05000000000001 2.2686198718180925 8 2012.5000000000002 9.1949248050577399 1990.5000000000002
decision_type=10 10 10 9 9 10 9 2 2 8 8 10 1 9 2 10 10 1 10 2 2 10 9 9 10 8 9 2 10 2
left_child=2 3 11 -2 -5 6 -6 8 9 20 15 12 -1 -7 28 25 17 18 19 -4 -8 -22 -14 -9 -21 -3 -27 -20 29 -13
right_child=1 10 16 4 5 13 7 23 -10 -11 -12 14 22 -15 -16 -17 -18 -19 27 24 21 -23 -24 -25 -26 26 -28 -29 -30 -31
leaf_value=-0.14126430989388378 0.44279108618268037 0.23765475750037893 -0.60217422510173269 -0.30082678782766642 0.41758635432983549 0.26508739738246406 -0.022031327553089727 -0.18959418513181603 -0.19117432347508118 0.13608830316913373 0.37355711182182116 0.12598762148761988 -0.27734691243813092 -0.061017256314473328 0.012545313607388437 -0.2348704764796182 -0.058663094220655874 0.0047887176185854984 0.15467042117328372 0.10442852625024637 0.0085117318127483424 0.34326410157874981 -0.054375066357800594 0.13629609339989018 -1.20522212433815 0.42728693386223038 0.12836753130103343 0.49427549699650092 -0.08847666238054791 -0.050235338891231503
leaf_weight=11725 416 4780 143 420 420 418 6719 312 1003 4818 1144 1944 680 4228 9109 234 5670 10895 2345 336 728 554 16560 10071 20 431 10476 306 19698 19552
leaf_count=11725 416 4780 143 420 420 418 6719 312 1003 4818 1144 1944 680 4228 9109 234 5670 10895 2345 336 728 554 16560 10071 20 431 10476 306 19698 19552
internal_value=3.87192e-05 0.105185 -0.0500705 0.0637365 0.0582568 0.0635102 0.0814122 0.0753753 0.0370613 0.0549192 0.178311 -0.0645217 -0.0948969 -0.0312384 -0.0470314 0.164281 0.00803329 0.0349588 0.139309 -0.150556 0.00604129 0.153171 -0.0633622 0.126452 0.0308526 0.170236 0.140689 0.19387 -0.0602052 -0.0342985
internal_weight=146155 47172 98983 30107 29691 29271 24625 24205 13822 12819 17065 79268 28965 4646 50303 15921 19715 14045 3150 499 8001 1282 17240 10383 356 15687 10907 2651 41194 21496
internal_count=146155 47172 98983 30107 29691 29271 24625 24205 13822 12819 17065 79268 28965 4646 50303 15921 19715 14045 3150 499 8001 1282 17240 10383 356 15687 10907 2651 41194 21496
cat_boundaries=0 46 126 206 207 285 286 372 455 531
cat_threshold=0 0 8454144 33622016 16777236 0 0 0 536870920 0 4096 128 1 0 8 64 128 0 0 0 0 4 0 8454144 0 150999040 16809984 0 0 0 0 0 0 0 0 0 0 0 0 525312 33554433 0 536870912 0 4 8224 0 268435456 0 0 0 0 0 0 0 33554432 0 0 0 0 0 0 0 0 0 0 0 0 0 0 41943040 0 0 0 536870912 0 0 134356992 0 0 0 0 0 0 0 0 0 0 0 0 0 0 0 0 0 0 0 0 32776 0 8388608 0 0 0 67108864 0 0 0 131072 270336 1107300392 0 0 0 0 0 0 134217728 33554432 0 0 0 0 0 8404993 2684357632 0 0 2147483648 0 0 0 0 0 0 2097152 0 0 2147483648 0 0 2147483648 16384 0 0 0 0 0 0 0 2147484161 67371008 0 536870912 4096 278528 1073741824 0 0 0 0 0 0 0 0 2147483648 264 0 2048 0 262144 1064960 1209270272 0 0 0 0 0 0 0 0 0 0 0 0 0 0 0 0 0 0 0 0 268435456 0 524296 0 0 0 0 0 0 0 0 0 1073741826 2 0 0 1432 0 548864 64 0 0 0 0 0 16 0 8388608 0 0 0 0 0 0 0 0 0 0 1048576 1082130432 0 0 0 0 524288 256 0 0 0 0 0 218103808 0 514 0 0 0 0 0 1073741824 0 0 0 0 0 0 0 0 0 0 0 0 1048576 0 0 0 0 0 0 0 0 0 0 0 524288 0 16384 0 0 0 16896 4 1 0 0 0 0 0 33554432 8388616 0 0 0 0 0 1073741824 0 0 0 0 0 0 0 0 0 0 0 0 0 0 0 0 0 0 0 0 0 0 0 0 0 0 0 0 0 0 2 0 0 0 0 0 0 0 0 0 0 33718273 576 0 0 0 0 0 0 0 0 0 0 8390660 32 0 0 8192 2416050304 1073741824 9437184 2064 33554432 0 262144 0 0 134217728 0 0 0 1073741824 1 0 0 0 0 0 0 0 0 0 0 0 0 0 0 0 0 0 0 0 0 0 0 0 0 0 0 1073741824 0 0 0 0 0 0 0 16384 512 0 0 0 0 0 0 33554432 0 0 0 0 0 0 0 33554440 33619988 524802 8192 33554432 134217728 4096 0 0 0 0 8388736 0 0 65536 0 0 0 0 0 0 0 0 0 0 0 0 1073741824 4096 0 0 1074266112 673185792 0 0 134223872 4112 33024 65600 0 0 0 1 32 65536 0 8519680 0 0 0 0 0 0 16384 0 0 0 1048 0 0 0 0 0 0 0 0 0 0 0 0 0 0 0 0 0 0 0 2281717760 67174416 2147483712 0 0 0 0 0 0 0 0 0 0 0 0 0 0 0 0 0 0 0 0 0 0 0 0 2097152 536870912 0 0 16
is_linear=0
shrinkage=0.03


Tree=92
num_leaves=31
num_cat=8
split_feature=0 4 8 10 15 15 5 7 10 12 12 12 8 7 7 6 15 15 12 13 8 15 0 6 6 13 2 7 15 5
split_gain=806477 191193 77921.2 68072.7 66568.6 58134.3 57114.3 64493.3 54643 54197.2 73125.1 70364.2 63940.1 54483.9 54088.3 53747.3 46778.8 43618.1 41312.4 48783.4 49330.6 39899.1 42382 38757.9 38541.4 36892.9 36654.1 41173 33292.9 32978.9
threshold=114.03947368421053 60.993555486683249 1084.3786602254302 13.917160443664015 0 1 -14.100000000001764 9.3057654667432654 29.086826522790144 2002.5000000000002 2004.5000000000002 2001.5000000000002 507.94468653368222 12.274832804103687 11.536755740048006 23.202830516225877 2 3 2011.5000000000002 4 838.00941081952567 5 69.001845018450197 26.009205309448891 25.830987107620086 6 152.05000000000004 16.87848393325395 7 -5.0999999999992838
decision_type=10 10 10 10 9 9 10 10 10 2 2 2 8 10 10 10 9 9 2 1 10 9 8 10 10 1 8 10 9 10
left_child=1 8 4 6 -2 -6 7 -3 16 11 15 23 13 -12 -13 -11 -1 -5 19 -18 21 -21 -23 -7 -24 -10 27 -16 -8 -14
right_child=2 3 -4 17 5 9 28 -9 25 10 12 14 29 -15 26 -17 18 -19 -20 20 -22 22 24 -25 -26 -27 -28 -29 -30 -31
leaf_value=-0.24530122966416582 0.47461569868392595 -0.24396158522519781 -0.39665559041076126 0.26630548362481649 -0.25185641116036939 0.063171828987556633 -0.20028649778590116 0.37250788763668269 -0.15224072093658975 0.036646859637193753 0.16152926681153515 0.24738891183801992 0.38668377783181967 -0.030398438886758538 -0.45313226545275626 0.43737559558267958 -0.078229152865172347 -0.040414530778156335 0.011455594198638465 -0.21905662092175995 -0.15718290969596166 -0.023289831212791996 0.15202691432107801 0.19298617538686472 -0.022320703494974319 -0.067935294210225622 0.23236457117332898 0.084172613191676418 0.065327564376051542 0.1833880854358563
leaf_weight=1005 542 181 239 427 328 4959 428 978 7412 379 2823 254 774 2519 566 1468 28742 9311 11666 804 2288 21887 2633 3553 2014 12636 121 166 15097 9955
leaf_count=1005 542 181 239 427 328 4959 428 978 7412 379 2823 254 774 2519 566 1468 28742 9311 11666 804 2288 21887 2633 3553 2014 12636 121 166 15097 9955
internal_value=3.94752e-05 -0.0347547 0.142769 0.0362957 0.147307 0.14072 0.073084 0.276234 -0.0553646 0.145486 0.176376 0.0880966 0.15583 0.0710265 -0.136899 0.355147 -0.0430209 -0.0267332 -0.0400774 -0.0503841 -0.02337 -0.0121707 -0.00581719 0.117358 0.076465 -0.0991041 -0.25133 -0.331284 0.0579181 0.198054
internal_weight=146155 117509 28646 26422 28407 27865 16684 1159 91087 27537 17918 9619 16071 5342 1107 1847 71039 9738 70034 58368 29626 27338 26534 8512 4647 20048 853 732 15525 10729
internal_count=146155 117509 28646 26422 28407 27865 16684 1159 91087 27537 17918 9619 16071 5342 1107 1847 71039 9738 70034 58368 29626 27338 26534 8512 4647 20048 853 732 15525 10729
cat_boundaries=0 82 163 249 326 327 405 406 489
cat_threshold=0 0 201331728 67108864 2048 64 0 0 1049856 24 0 1048576 0 4194304 1073741824 0 72351744 0 0 0 0 0 0 0 0 0 0 0 0 0 0 0 0 0 0 0 0 0 0 0 0 0 0 0 0 0 0 0 262144 0 0 0 0 0 0 0 0 0 2097152 8388608 0 17408 0 0 0 0 0 0 0 0 0 0 0 2 536870912 16 0 0 0 0 0 1 2097152 0 0 0 4194304 0 0 0 0 0 0 0 0 0 0 0 0 0 16384 0 0 0 0 0 0 8 0 0 0 516 0 8192 0 0 0 0 0 0 0 0 0 0 0 0 0 0 0 0 1073741824 0 0 0 0 0 0 134217728 301989888 536871936 0 0 0 1224736768 524356 1115712 0 0 0 0 0 2 0 0 0 0 0 0 0 0 0 0 3072 0 0 0 0 0 33554432 8388616 0 8192 0 1073741824 0 1073741824 0 0 0 0 0 0 0 0 0 0 0 0 0 0 0 0 67108864 0 0 0 0 0 0 0 0 0 0 0 0 0 2 0 0 0 0 0 0 134217728 0 16 2147483648 419464218 98496 0 0 0 0 0 0 0 0 0 262144 0 0 0 0 0 0 0 0 0 0 0 0 2097168 0 134217728 35840 0 0 1073741824 1 0 0 0 16384 0 0 0 1048832 536870912 2048 128 285212672 262144 0 0 0 0 0 0 0 0 0 0 4194304 0 0 0 0 0 0 0 0 0 0 0 0 0 16777216 262144 65536 0 0 0 0 0 0 0 1048576 0 0 0 0 0 0 0 0 0 0 269484032 0 0 0 0 0 0 64 0 0 0 16777216 1109917696 0 18464 0 4194304 262144 2097152 2 0 0 0 0 0 67108864 1311264 0 0 0 0 0 128 0 0 0 0 0 0 0 0 0 0 0 0 0 0 0 0 0 0 0 0 0 0 0 0 0 0 0 0 0 0 536870944 196608 0 0 0 0 0 0 4 0 536870912 2791309829 517 0 0 0 0 0 0 0 0 0 8192 16812068 0 0 0 0 0 0 0 0 0 0 262144 2 0 0 0 0 0 0 0 0 0 0 0 0 4096 0 0 0 0 0 0 0 0 0 0 0 0 0 0 512 0 4194304 0 0 0 128 16384 8388608 0 0 0 0 0 0 0 0 0 0 0 0 0 0 1024 16 0 0 0 0 0 0 32 0 0 2147483648 278134784 4352 65536 0 0 541065216 2 2048 0 0 0 0 0 0 0 0 16777218 134480896 2097168 0 64
is_linear=0
shrinkage=0.03


Tree=93
num_leaves=31
num_cat=8
split_feature=0 0 1 15 15 10 15 15 1 12 12 1 15 15 10 7 12 13 8 6 10 13 7 12 1 12 8 12 7 10
split_gain=758877 142738 82467.9 62094.4 51727.5 51444.6 54256.4 49272.4 48449.3 47184.9 51803.9 50992.3 44654.2 43151.9 39841.4 49054 50548.5 47465.5 38128.3 38071.2 36774.4 42835.8 48888.4 47326.9 38515.9 36744.6 36932 36265.1 34564.1 33814.9
threshold=76.009049773755677 138.05000000000004 53.500700280112049 0 1 31.388858678697812 2 3 193.55000000000004 2002.5000000000002 2001.5000000000002 117.01662404092073 4 5 9.8909764615286555 10.050419132855838 1990.5000000000002 6 971.18440054070504 25.078404577826102 17.804138259715796 7 9.1559347617595765 1993.5000000000002 134.05000000000004 2002.5000000000002 471.20117953144836 1999.5000000000002 13.675878190208467 3.0070026531412517
decision_type=10 10 10 9 9 10 9 9 8 2 2 8 9 9 10 10 2 1 10 10 10 1 10 2 10 2 10 2 10 8
left_child=2 3 12 -2 -5 6 -6 -8 18 10 11 27 -1 -7 15 -14 19 25 29 -17 21 22 23 -4 -25 -16 -27 -9 -29 -3
right_child=1 8 20 4 5 13 7 9 -10 -11 -12 -13 14 -15 17 16 -18 -19 -20 -21 -22 -23 -24 24 -26 26 -28 28 -30 -31
leaf_value=-0.285860163232176 -0.29025290520985919 0.2227862056019867 -0.58062561511695521 0.44234749228314113 0.40756321800506878 0.25222268345297999 -0.21404984525578505 -0.017135424679280985 0.35695182507906525 0.12755085639168906 -0.16881135944277048 0.13533398583855039 -0.097896345857317379 -0.059228818670701323 -0.15283600297960021 0.21580108495990821 -0.027675932140114219 -0.048833150252440269 -0.14868250553977194 -0.091151019771763639 -0.059757680172255467 0.0058434423552800848 0.1843070428629518 0.11138219367536738 -1.2392462818622589 -0.17133601080847483 -0.032812822325998248 0.02026871323549741 0.3385896908357876 0.12978376396363964
leaf_weight=773 440 5377 150 314 433 432 521 6568 1144 10124 974 4791 8888 4262 10019 1363 27813 22326 364 496 4939 10195 2674 381 20 2349 6597 703 545 10180
leaf_count=773 440 5377 150 314 433 432 521 6568 1144 10124 974 4791 8888 4262 10019 1363 27813 22326 364 496 4939 10195 2674 381 20 2349 6597 703 545 10180
internal_value=3.79817e-05 0.0990615 -0.0471533 0.0597727 0.0650399 0.0608545 0.0782032 0.0721184 0.168377 0.0784956 0.041985 0.0582708 -0.0602203 -0.030154 -0.0579929 -0.0360718 -0.0175527 -0.0784783 0.154827 0.133903 0.0102307 0.0359887 0.131285 -0.126029 0.0440192 -0.113377 -0.0691856 0.0110331 0.159279 0.161928
internal_weight=146155 47172 98983 30107 29667 29353 24659 24226 17065 23705 13581 12607 80624 4694 79851 38560 29672 41291 15921 1859 18359 13420 3225 551 401 18965 8946 7816 1248 15557
internal_count=146155 47172 98983 30107 29667 29353 24659 24226 17065 23705 13581 12607 80624 4694 79851 38560 29672 41291 15921 1859 18359 13420 3225 551 401 18965 8946 7816 1248 15557
cat_boundaries=0 82 128 208 291 376 454 455 456
cat_threshold=0 268435456 0 0 0 0 0 0 0 33554432 0 0 0 0 0 0 0 0 0 0 0 0 0 0 41943040 0 0 0 536870912 0 0 134356992 0 8192 0 0 0 0 0 0 0 0 0 0 0 0 0 0 8 0 0 0 32768 0 8388608 0 0 0 67108864 0 0 0 131072 270336 33558568 0 0 0 0 0 0 134217728 33554432 0 0 0 0 0 16385 2684357648 0 524288 0 0 10551296 33622016 16777220 0 0 0 536870912 0 4096 128 1 0 8 64 128 0 0 0 0 4 0 8388608 0 16777216 16777216 0 0 0 0 0 0 0 0 0 0 0 0 525312 33554433 0 536870912 0 0 32 0 0 2147483648 0 0 0 0 0 0 2097152 0 0 0 0 0 2147483648 0 0 0 0 0 0 0 0 2147484161 67375104 0 536870912 0 311296 1073741824 0 0 0 0 0 0 0 0 2147483648 264 0 2048 0 262148 1073152 135528448 0 0 0 0 0 0 0 0 0 0 0 0 0 0 0 0 0 0 0 0 268435472 0 524296 0 0 0 0 0 0 0 0 0 1073741826 0 0 0 0 0 0 0 0 0 0 0 0 0 0 0 0 0 0 4 0 0 0 0 0 0 0 0 0 0 0 0 0 0 2147483776 0 0 0 0 0 0 0 0 33554432 0 0 0 0 0 2 0 0 1024 589824 2 0 134217728 0 536879104 0 0 0 2097152 268715072 2101256 65537 524288 0 4194304 0 0 268435456 0 0 0 0 0 0 1073741824 8388616 0 0 0 4112 0 128 0 0 0 33554432 8388616 0 0 0 0 0 0 0 0 0 0 0 0 0 0 0 0 0 0 0 0 0 0 0 0 0 0 0 0 0 0 0 0 0 0 0 0 2 0 0 0 0 0 0 134217728 0 16 0 33718288 0 0 0 0 0 0 0 0 0 524288 262144 8388676 0 0 0 0 2416050320 0 4194304 2048 16777216 0 262144 2097152 0 134217728 35840 0 0 1073741824 0 0 1432 0 548864 64 256 0 0 0 0 16 0 8388608 0 0 0 0 0 0 0 0 0 0 1048576 1082130432 0 0 0 0 0 256 0 0 0 0 0 201326592 0 514 0 0 0 0 0 1073741824 0 0 0 0 0 0 0 0 0 0 0 0 1048576 0 0 0 0 0 0 0 0 0 0 0 524288 2048 16384 0 0 0 16896 4 2 1
is_linear=0
shrinkage=0.03


Tree=94
num_leaves=31
num_cat=6
split_feature=0 4 8 15 10 5 7 15 0 12 12 9 10 8 6 15 12 3 15 12 12 12 7 6 15 11 12 6 7 15
split_gain=715712 169319 72029.4 63337.8 63146.8 61733.4 77294.9 56487.8 49688.4 49311.1 80725.1 107014 60544.8 61650.5 51810.5 47653 45375.9 44811.8 43763.7 44685.6 67576.8 64585.8 51801.3 51154.8 41704.9 39597.6 38720.9 35517.2 34652.1 34529.6
threshold=114.03947368421053 60.993555486683249 971.18440054070504 0 8.154250737079332 -6.4000000000013708 8.9920050573965344 1 32.002826106155617 2012.5000000000002 2011.5000000000002 2338.9873440980978 9.8909764615286555 252.95089836173543 22.55520838117442 2 2014.5000000000002 164.78333333333336 3 2002.5000000000002 2004.5000000000002 2001.5000000000002 11.536755740048006 23.202830516225877 4 14.075097322060168 1991.5000000000002 27.538532580778831 11.774919341187983 5
decision_type=10 10 10 9 10 10 10 9 8 2 2 10 10 10 8 9 2 10 9 2 2 2 10 10 9 8 2 8 10 9
left_child=1 8 3 -2 5 6 -3 -5 -1 10 18 12 -12 -14 -11 -6 28 -18 -9 21 23 -20 -23 -21 -17 26 -10 -19 -16 -27
right_child=2 4 -4 7 15 -7 -8 9 25 14 11 -13 13 -15 16 24 17 27 19 20 -22 22 -24 -25 -26 29 -28 -29 -30 -31
leaf_value=-0.088724422040351511 0.46481649218251303 -0.19334752178959896 -0.16586104320827205 -0.25423135487132009 -0.36737856163905408 0.0486236840943527 0.28086600108670934 0.39331063226223312 0.89336510570743544 -0.015886316681526739 0.18564217541293881 0.88836784350872045 0.35256635755607757 -0.45742386895858428 0.14722885145406639 0.28364317691350011 0.11192195732464524 0.39417640308058599 0.10515977967202171 0.026017993724052894 0.13103238560316124 0.23996634262091501 -0.25577020911317866 0.42046766962027321 -0.014696120344515284 -0.25674205922612514 0.069841270341861009 0.090712900678791772 0.46573235205435554 -0.037893444544677295
leaf_weight=24441 530 361 701 323 324 11106 2162 552 79 795 249 85 97 660 420 427 2556 1247 8098 376 7865 246 829 1389 12042 646 147 481 1147 65774
leaf_count=24441 530 361 701 323 324 11106 2162 552 79 795 249 85 97 660 420 427 2556 1247 8098 376 7865 246 829 1389 12042 646 147 481 1147 65774
internal_value=3.73611e-05 -0.0327405 0.134496 0.14203 0.0341223 0.0790556 0.213014 0.135571 -0.0521356 0.14031 0.117287 -0.13379 -0.220155 -0.353634 0.211352 -0.0137474 0.242228 0.1917 0.131439 0.123477 0.168679 0.0761563 -0.142327 0.336438 -0.0042604 -0.0387174 0.35771 0.309705 0.380364 -0.0400663
internal_weight=146155 117509 28646 27945 26422 13629 2523 27415 91087 27092 20446 1091 1006 757 6646 12793 5851 4284 19355 18803 9630 9173 1075 1765 12469 66646 226 1728 1567 66420
internal_count=146155 117509 28646 27945 26422 13629 2523 27415 91087 27092 20446 1091 1006 757 6646 12793 5851 4284 19355 18803 9630 9173 1075 1765 12469 66646 226 1728 1567 66420
cat_boundaries=0 82 163 243 325 402 479
cat_threshold=0 0 201331728 67109376 2048 64 0 0 256 24 0 1048576 0 32 1073741824 524289 0 0 0 0 64 1073741824 0 0 0 0 0 0 0 0 0 0 0 0 0 0 0 0 0 0 0 0 0 0 0 0 8388608 0 262144 0 0 0 0 0 0 0 0 0 2097152 0 0 17408 0 0 0 0 0 0 0 0 0 0 0 2 536870912 0 0 0 0 0 8388608 1 2097152 0 0 0 4194304 0 0 0 0 0 0 0 0 0 0 0 0 0 16384 0 0 0 0 0 0 0 0 16777216 0 516 0 8192 0 0 0 0 0 0 0 0 0 0 4 0 0 0 0 0 1073741824 0 0 1024 0 0 0 134217728 268435456 536870912 0 0 0 1224736768 524356 1115200 0 0 0 0 0 2 0 0 0 0 0 0 0 0 524288 0 3072 256 0 0 0 0 0 2 2048 16 0 0 0 0 0 0 0 0 0 0 0 0 0 0 0 0 0 0 0 0 0 0 0 0 0 0 0 0 0 0 0 0 524288 0 0 0 0 0 0 0 0 33554432 2153807872 4755524 1048578 0 0 0 0 0 0 0 0 0 335544320 33554432 0 1 0 0 0 0 0 0 0 0 8 1024 0 1073741824 2147483648 0 0 259 0 524288 136 8192 134217728 0 0 8912928 2048 0 268435456 0 0 0 0 0 0 0 67108864 268435456 16384 536870912 0 0 0 0 0 2048 0 0 0 0 0 0 0 0 0 0 0 0 0 16384 16 0 0 2048 8 0 0 0 0 0 0 0 0 0 0 0 256 0 0 0 0 0 0 0 0 0 0 541065216 0 4 131344 0 0 0 0 0 131076 0 0 0 16384 0 0 0 0 32 0 16 16777232 262145 0 0 2147483648 0 0 0 0 0 0 0 4194304 0 262144 0 0 0 0 0 0 0 0 0 0 0 16777216 262144 98304 0 0 0 0 0 0 0 1310720 0 0 0 0 0 0 0 0 0 0 269484032 0 0 0 0 0 0 64 0 8192 0 524288 1109917696 0 18432 0 4194304 262144 2097152 0 16896 0 0 0 0 0 0 8192 0 3221225472 0 160 0 0 0 0 0 0 0 0 0 0 524288 524288 0 0 0 0 0 0 0 0 0 0 0 0 0 0 0 0 0 0 0 0 0 0 0 0 0 0 0 0 0 794985496 64 0 0 0 0 0 0 0 0 524288 8 32804 0 0 0 2048 0 0 2097152 1049088 0 524288
is_linear=0
shrinkage=0.03


Tree=95
num_leaves=31
num_cat=16
split_feature=13 12 15 15 10 6 15 12 15 15 15 15 15 10 15 15 12 7 15 15 10 2 15 15 12 15 2 7 12 4
split_gain=675948 185674 135157 127688 112628 116226 115248 115087 103251 94027.3 90610.4 86655.9 80434.2 86388.9 90733.2 87740.3 80932.9 79385.4 67491.4 64890.8 66232.8 61355.6 61048.6 60064.1 57255 56105.5 55317.5 54641.5 76452.1 49982.3
threshold=0 2012.5000000000002 1 2 2.8517971510916271 21.805647578602091 3 1993.5000000000002 4 5 6 7 8 22.637383697722345 9 10 2010.5000000000002 16.619235330879075 11 12 15.393350139209682 188.05000000000004 13 14 1997.5000000000002 15 126.0239520958084 10.415670270364339 2014.5000000000002 165.91000000000005
decision_type=1 2 9 9 10 10 9 2 9 9 9 9 9 10 9 9 2 10 9 9 10 8 9 9 2 9 8 8 2 8
left_child=1 2 -1 24 5 7 -6 -5 -8 -10 -11 -12 -13 18 -15 -16 25 -18 -14 -2 -21 -9 -20 -7 -4 -17 -26 -3 -29 -30
right_child=19 27 3 4 6 23 8 21 9 10 11 12 13 14 15 16 17 -19 22 20 -22 -23 -24 -25 26 -27 -28 28 29 -31
leaf_value=0.53449484697062566 0.23918166528174908 0.024377707152834788 0.039840393012079103 -0.33195831170438023 0.44876200587650678 -0.16863999710887156 0.3959129149906383 0.11314829147670784 0.37115183537634455 -0.43020802459404078 0.35060895444262824 0.33145569400571356 0.40592562354274236 0.33468323672713796 0.26777540105236175 0.24085251304748895 -0.57416475818111024 -0.0398027456377852 -0.32604277971431339 -0.031733585376914952 -0.084411560650976672 -1.0328493653896242 0.033459636460486698 0.19361932987274696 -0.51160270937826746 -0.10714604664860573 -1.6207334497570991 0.37368489043667868 0.11715963399299877 0.3323866494731324
leaf_weight=523 686 1235 144 844 565 425 634 1896 632 416 649 644 418 449 547 434 647 408 426 56612 34616 43 17182 9945 258 7190 48 2546 3787 1306
leaf_count=523 686 1235 144 844 565 425 634 1896 632 416 649 644 418 449 547 434 647 408 426 56612 34616 43 17182 9945 258 7190 48 2546 3787 1306
internal_value=3.6673e-05 0.084021 0.0594726 0.0538014 0.058942 0.132598 0.0279502 -0.0395459 0.0200468 0.0119855 0.0041437 0.0105219 0.00261418 -0.00514767 -0.0774643 -0.0977789 -0.1211 -0.367511 0.0336636 -0.0495248 -0.0517163 0.0877342 0.0245819 0.178797 -0.443591 -0.0871607 -0.685584 0.209521 0.239453 0.17235
internal_weight=146155 54241 45367 44844 44394 13153 31241 2783 30676 30042 29410 28994 28345 27701 9675 9226 8679 1055 18026 91914 91228 1939 17608 10370 450 7624 306 8874 7639 5093
internal_count=146155 54241 45367 44844 44394 13153 31241 2783 30676 30042 29410 28994 28345 27701 9675 9226 8679 1055 18026 91914 91228 1939 17608 10370 450 7624 306 8874 7639 5093
cat_boundaries=0 1 77 159 241 323 404 486 564 642 728 806 886 964 1043 1126 1204
cat_threshold=1 0 0 201334034 75502080 10240 384 0 134217728 1048576 0 32 67584 0 0 0 0 0 0 0 0 0 0 0 0 0 0 0 0 0 0 0 0 0 0 0 0 0 0 0 0 0 0 0 0 0 0 0 0 262144 0 0 0 0 0 0 0 0 0 0 8388608 0 17408 0 0 0 0 0 0 0 0 0 1073741824 4194304 2 1024 131072 0 0 0 0 0 134217744 64 0 0 0 0 0 0 0 0 0 0 0 0 0 0 0 0 0 0 0 0 0 0 0 0 0 256 0 0 0 0 0 0 0 0 0 0 0 0 0 0 0 8448 0 201326592 67108864 0 0 0 0 0 0 0 0 8388608 1310720 0 0 67174400 536870912 2052 0 0 0 0 0 0 0 0 0 0 8 807411728 0 136315521 35840 0 0 1 144 524480 8 131072 0 1024 145 25165824 0 0 0 0 0 0 0 0 0 0 0 0 0 537134096 0 0 0 0 0 0 0 0 0 0 0 0 0 0 0 0 0 0 0 2113536 4 8396800 0 2048 0 0 0 0 0 0 0 0 0 0 0 0 0 0 0 0 0 0 0 0 0 576 0 0 0 8192 256 0 0 0 0 0 5 0 0 65536 0 536872192 64 201334784 0 0 8 524288 0 131072 276824128 0 0 0 0 0 0 0 0 0 0 0 33554432 1 0 0 0 2048 0 0 0 0 0 0 0 0 1024 0 0 0 0 0 66560 536870992 0 0 0 0 0 0 0 0 0 0 0 0 0 0 256 0 0 0 0 0 0 0 0 0 2 536870912 0 536870912 134217744 0 0 0 0 0 131072 0 0 0 0 32768 512 4096 0 536870912 64 0 1048576 2147483648 0 0 0 0 0 0 0 0 0 0 1107607552 0 2147483648 0 0 0 0 9437184 0 0 0 0 0 0 0 256 0 0 0 0 0 524288 209846288 2048 8 0 0 0 0 0 0 0 0 0 0 2097152 0 0 0 0 0 0 0 0 0 0 0 0 2097153 67108864 32768 0 0 0 0 0 0 8388608 256 0 0 0 0 0 0 0 0 33554432 268435456 0 0 0 0 0 0 0 0 0 0 0 0 0 0 0 0 0 536870912 0 0 163840 0 0 0 0 0 0 0 0 0 0 0 0 0 0 0 0 0 0 0 32768 0 0 0 0 0 0 0 0 0 2097152 4325376 1568 0 0 0 0 0 4096 0 0 0 0 0 0 0 0 1103102280 2852130816 2 524288 0 0 2359296 559112 4 0 0 0 16777472 0 4096 33554432 0 4194304 0 0 0 0 0 0 0 0 0 536870912 65536 0 0 0 0 0 256 0 0 0 0 0 0 0 536870912 0 65536 1048576 0 0 276824064 2149580800 33792 1056 0 8 0 0 0 0 0 0 0 0 0 0 8192 0 0 0 0 0 0 0 0 0 0 0 0 0 4 0 0 4240 0 0 8388608 35717120 33816584 0 0 0 9 0 0 268435456 16385 32 0 0 0 0 0 0 0 0 0 0 131080 8192 0 0 0 0 0 0 0 0 0 0 131072 0 0 0 0 0 16384 16 134217728 272629762 593920 32912 0 0 0 0 0 0 0 2 0 0 4096 0 0 0 0 0 0 0 0 0 0 0 0 0 0 0 0 0 0 512 0 0 0 1088 0 32 0 0 0 0 0 4194432 264192 768 0 0 0 0 0 0 0 0 0 64 67108864 1073742848 0 0 0 0 0 8 0 0 0 0 0 100671488 0 65600 0 0 0 0 33816576 34816 32 0 0 0 0 0 0 0 0 0 0 0 0 0 262144 0 0 0 0 0 0 0 0 0 0 0 0 0 0 0 0 8196 0 0 0 0 0 0 0 8 0 0 0 256 0 65536 98432 256 0 4 0 0 0 0 0 0 0 0 0 0 0 0 0 8192 2048 1048576 0 0 0 536870912 69206017 256 0 0 0 0 0 134217792 0 2 0 0 0 0 0 0 4194304 2 83886080 0 0 0 0 0 0 0 0 0 0 4 0 0 0 0 0 0 0 0 0 0 0 8192 16896 0 4194306 4096 16392 8388608 0 0 0 0 0 1024 0 0 0 0 0 0 0 0 8 2147483648 16384 0 0 1048576 0 0 0 256 0 0 16809984 536870912 1073741824 2244608 0 0 0 0 0 0 0 0 0 2147483648 0 1140850688 66592 0 2147483648 0 2583953928 0 0 0 0 0 0 0 0 0 0 0 0 0 0 0 0 0 0 0 0 16 0 8 0 0 0 0 0 0 0 0 0 64 0 0 1176 0 570458112 2097156 524544 0 0 0 0 0 2684616704 340398848 0 0 0 0 0 0 0 0 0 0 0 0 0 0 0 0 0 0 0 0 0 0 0 0 0 0 0 0 0 0 0 0 0 1310720 269492224 0 0 0 0 0 0 0 0 0 0 0 0 260 0 0 0 0 0 0 0 0 0 0 0 0 0 0 0 128 0 0 0 0 0 0 0 0 0 0 0 0 0 0 0 32 0 8388608 0 134217728 0 0 0 0 0 0 134217728 1073741824 0 16777728 0 532480 0 0 0 0 0 512 0 0 0 0 0 0 0 0 0 0 57 0 0 536870912 0 134217856 0 0 0 0 0 0 0 75497472 134284480 32842 0 0 0 0 131072 536870914 0 0 0 0 0 0 0 0 16384 0 0 0 0 0 0 0 0 0 0 0 0 4 0 0 0 0 0 0 0 0 0 134217732 0 0 0 0 0 32 4194304 0 0 0 0 0 0 0 0 0 0 0 0 0 0 0 0 0 0 0 2162720 34304 8 48 65536 0 0 16384 0 0 0 0 2164260864 2105376 16384 0 0 0 536870912 262144 0 0 0 0 0 0 0 0 0 0 262144 655360 16777216 64 0 0 2148532224 0 16384 0 16777472 64 0 0 0 0 0 4096 0 0 0 0 0 0 0 0 0 32 512 297959936 128 0 0 0 1107296288 0 0 0 0 0 0 0 0 512 0 0 0 0 0 1073741824 0 0 0 0 0 0 0 0 0 0 0 0 0 0 32 0 0 0 0 0 0 0 0 0 33554560 16777216 0 0 0 0 512 16777216
is_linear=0
shrinkage=0.03


end of trees

feature_importances:
year=545
yield_roll_mean_5=493
county_fips=356
yield_lag_1=327
heat_stress=321
tmin_avg=170
prcp_total=158
commodity=137
tmax_avg=100
gdd=63
yield_roll_mean_3=59
yield_trend_slope_5=50
yield_lag_2=43
yield_lag_3=39
prcp_days=19

parameters:
[boosting: gbdt]
[objective: regression]
[metric: l1,l2]
[tree_learner: serial]
[device_type: cpu]
[data_sample_strategy: bagging]
[data: ]
[valid: ]
[num_iterations: 2000]
[learning_rate: 0.03]
[num_leaves: 31]
[num_threads: 8]
[seed: 42]
[deterministic: 0]
[force_col_wise: 0]
[force_row_wise: 0]
[histogram_pool_size: -1]
[max_depth: -1]
[min_data_in_leaf: 20]
[min_sum_hessian_in_leaf: 0.001]
[bagging_fraction: 1]
[pos_bagging_fraction: 1]
[neg_bagging_fraction: 1]
[bagging_freq: 0]
[bagging_seed: 400]
[bagging_by_query: 0]
[feature_fraction: 1]
[feature_fraction_bynode: 1]
[feature_fraction_seed: 30056]
[extra_trees: 0]
[extra_seed: 12879]
[early_stopping_round: 0]
[early_stopping_min_delta: 0]
[first_metric_only: 0]
[max_delta_step: 0]
[lambda_l1: 0]
[lambda_l2: 0]
[linear_lambda: 0]
[min_gain_to_split: 0]
[drop_rate: 0.1]
[max_drop: 50]
[skip_drop: 0.5]
[xgboost_dart_mode: 0]
[uniform_drop: 0]
[drop_seed: 17869]
[top_rate: 0.2]
[other_rate: 0.1]
[min_data_per_group: 100]
[max_cat_threshold: 32]
[cat_l2: 10]
[cat_smooth: 10]
[max_cat_to_onehot: 4]
[top_k: 20]
[monotone_constraints: ]
[monotone_constraints_method: basic]
[monotone_penalty: 0]
[feature_contri: ]
[forcedsplits_filename: ]
[refit_decay_rate: 0.9]
[cegb_tradeoff: 1]
[cegb_penalty_split: 0]
[cegb_penalty_feature_lazy: ]
[cegb_penalty_feature_coupled: ]
[path_smooth: 0]
[interaction_constraints: ]
[verbosity: -1]
[saved_feature_importance_type: 0]
[use_quantized_grad: 0]
[num_grad_quant_bins: 4]
[quant_train_renew_leaf: 0]
[stochastic_rounding: 1]
[linear_tree: 0]
[max_bin: 255]
[max_bin_by_feature: ]
[min_data_in_bin: 3]
[bin_construct_sample_cnt: 200000]
[data_random_seed: 175]
[is_enable_sparse: 1]
[enable_bundle: 1]
[use_missing: 1]
[zero_as_missing: 0]
[feature_pre_filter: 1]
[pre_partition: 0]
[two_round: 0]
[header: 0]
[label_column: ]
[weight_column: ]
[group_column: ]
[ignore_column: ]
[categorical_feature: 13,14,15]
[forcedbins_filename: ]
[precise_float_parser: 0]
[parser_config_file: ]
[objective_seed: 16083]
[num_class: 1]
[is_unbalance: 0]
[scale_pos_weight: 1]
[sigmoid: 1]
[boost_from_average: 1]
[reg_sqrt: 0]
[alpha: 0.9]
[fair_c: 1]
[poisson_max_delta_step: 0.7]
[tweedie_variance_power: 1.5]
[lambdarank_truncation_level: 30]
[lambdarank_norm: 1]
[label_gain: ]
[lambdarank_position_bias_regularization: 0]
[eval_at: ]
[multi_error_top_k: 1]
[auc_mu_weights: ]
[num_machines: 1]
[local_listen_port: 12400]
[time_out: 120]
[machine_list_filename: ]
[machines: ]
[gpu_platform_id: -1]
[gpu_device_id: -1]
[gpu_device_id_list: ]
[gpu_use_dp: 0]
[num_gpu: 1]

end of parameters

pandas_categorical:[["CORN", "SOYBEANS", "WHEAT"], ["good", "missing", "sparse"], ["01001", "01003", "01005", "01009", "01011", "01013", "01015", "01017", "01019", "01021", "01023", "01025", "01029", "01031", "01033", "01035", "01039", "01041", "01043", "01045", "01047", "01049", "01051", "01053", "01055", "01057", "01059", "01061", "01063", "01065", "01067", "01069", "01071", "01075", "01077", "01079", "01081", "01083", "01085", "01087", "01089", "01091", "01093", "01095", "01097", "01099", "01101", "01103", "01105", "01107", "01109", "01111", "01113", "01115", "01117", "01119", "01121", "01123", "01125", "01127", "01129", "01131", "01133", "04001", "04003", "04009", "04011", "04012", "04013", "04015", "04017", "04019", "04021", "04025", "04027", "05001", "05003", "05007", "05009", "05013", "05017", "05019", "05021", "05023", "05029", "05031", "05033", "05035", "05037", "05039", "05041", "05043", "05045", "05047", "05049", "05055", "05057", "05059", "05063", "05067", "05069", "05071", "05073", "05075", "05077", "05079", "05081", "05083", "05085", "05087", "05091", "05093", "05095", "05099", "05105", "05107", "05109", "05111", "05115", "05117", "05119", "05121", "05123", "05125", "05131", "05133", "05135", "05137", "05141", "05143", "05145", "05147", "05149", "06001", "06005", "06007", "06011", "06013", "06019", "06021", "06023", "06025", "06029", "06031", "06035", "06037", "06039", "06047", "06049", "06053", "06061", "06063", "06065", "06067", "06069", "06071", "06073", "06077", "06079", "06083", "06085", "06089", "06093", "06095", "06097", "06099", "06101", "06103", "06107", "06113", "06115", "08001", "08003", "08005", "08007", "08009", "08011", "08013", "08014", "08017", "08021", "08023", "08025", "08029", "08031", "08033", "08035", "08039", "08041", "08043", "08045", "08055", "08059", "08061", "08063", "08067", "08069", "08071", "08073", "08075", "08077", "08081", "08083", "08085", "08087", "08089", "08091", "08095", "08099", "08101", "08103", "08105", "08107", "08109", "08111", "08113", "08115", "08121", "08123", "08125", "10001", "10003", "10005", "12001", "12013", "12023", "12029", "12033", "12039", "12041", "12047", "12059", "12063", "12065", "12067", "12073", "12075", "12079", "12081", "12083", "12091", "12107", "12109", "12113", "12121", "12125", "12131", "12133", "13001", "13003", "13005", "13007", "13009", "13011", "13013", "13015", "13017", "13019", "13021", "13023", "13025", "13027", "13029", "13031", "13033", "13035", "13037", "13039", "13043", "13045", "13047", "13049", "13051", "13055", "13057", "13059", "13061", "13063", "13065", "13069", "13071", "13073", "13075", "13077", "13079", "13081", "13083", "13085", "13087", "13089", "13091", "13093", "13095", "13097", "13099", "13101", "13103", "13105", "13107", "13109", "13111", "13113", "13115", "13117", "13119", "13121", "13123", "13125", "13129", "13131", "13133", "13135", "13137", "13139", "13141", "13143", "13145", "13147", "13149", "13151", "13153", "13155", "13157", "13159", "13161", "13163", "13165", "13167", "13169", "13171", "13173", "13175", "13177", "13179", "13181", "13183", "13185", "13187", "13189", "13193", "13195", "13197", "13199", "13201", "13205", "13207", "13209", "13211", "13213", "13215", "13217", "13219", "13221", "13223", "13225", "13227", "13229", "13231", "13233", "13235", "13237", "13239", "13241", "13243", "13245", "13247", "13249", "13251", "13253", "13255", "13257", "13259", "13261", "13265", "13267", "13269", "13271", "13273", "13275", "13277", "13279", "13281", "13283", "13285", "13287", "13289", "13291", "13293", "13295", "13297", "13299", "13301", "13303", "13305", "13307", "13309", "13311", "13313", "13315", "13317", "13319", "13321", "16001", "16003", "16005", "16007", "16009", "16011", "16013", "16015", "16017", "16019", "16021", "16023", "16025", "16027", "16029", "16031", "16033", "16035", "16037", "16039", "16041", "16043", "16045", "16047", "16049", "16051", "16053", "16055", "16057", "16059", "16061", "16063", "16065", "16067", "16069", "16071", "16073", "16075", "16077", "16081", "16083", "16085", "16087", "17001", "17003", "17005", "17007", "17009", "17011", "17013", "17015", "17017", "17019", "17021", "17023", "17025", "17027", "17029", "17031", "17033", "17035", "17037", "17039", "17041", "17043", "17045", "17047", "17049", "17051", "17053", "17055", "17057", "17059", "17061", "17063", "17065", "17067", "17069", "17071", "17073", "17075", "17077", "17079", "17081", "17083", "17085", "17087", "17089", "17091", "17093", "17095", "17097", "17099", "17101", "17103", "17105", "17107", "17109", "17111", "17113", "17115", "17117", "17119", "17121", "17123", "17125", "17127", "17129", "17131", "17133", "17135", "17137", "17139", "17141", "17143", "17145", "17147", "17149", "17151", "17153", "17155", "17157", "17159", "17161", "17163", "17165", "17167", "17169", "17171", "17173", "17175", "17177", "17179", "17181", "17183", "17185", "17187", "17189", "17191", "17193", "17195", "17197", "17199", "17201", "17203", "18001", "18003", "18005", "18007", "18009", "18011", "18013", "18015", "18017", "18019", "18021", "18023", "18025", "18027", "18029", "18031", "18033", "18035", "18037", "18039", "18041", "18043", "18045", "18047", "18049", "18051", "18053", "18055", "18057", "18059", "18061", "18063", "18065", "18067", "18069", "18071", "18073", "18075", "18077", "18079", "18081", "18083", "18085", "18087", "18089", "18091", "18093", "18095", "18097", "18099", "18101", "18103", "18105", "18107", "18109", "18111", "18113", "18115", "18117", "18119", "18121", "18123", "18125", "18127", "18129", "18131", "18133", "18135", "18137", "18139", "18141", "18143", "18145", "18147", "18149", "18151", "18153", "18155", "18157", "18159", "18161", "18163", "18165", "18167", "18169", "18171", "18173", "18175", "18177", "18179", "18181", "18183", "19001", "19003", "19005", "19007", "19009", "19011", "19013", "19015", "19017", "19019", "19021", "19023", "19025", "19027", "19029", "19031", "19033", "19035", "19037", "19039", "19041", "19043", "19045", "19047", "19049", "19051", "19053", "19055", "19057", "19059", "19061", "19063", "19065", "19067", "19069", "19071", "19073", "19075", "19077", "19079", "19081", "19083", "19085", "19087", "19089", "19091", "19093", "19095", "19097", "19099", "19101", "19103", "19105", "19107", "19109", "19111", "19113", "19115", "19117", "19119", "19121", "19123", "19125", "19127", "19129", "19131", "19133", "19135", "19137", "19139", "19141", "19143", "19145", "19147", "19149", "19151", "19153", "19155", "19157", "19159", "19161", "19163", "19165", "19167", "19169", "19171", "19173", "19175", "19177", "19179", "19181", "19183", "19185", "19187", "19189", "19191", "19193", "19195", "19197", "20001", "20003", "20005", "20007", "20009", "20011", "20013", "20015", "20017", "20019", "20021", "20023", "20025", "20027", "20029", "20031", "20033", "20035", "20037", "20039", "20041", "20043", "20045", "20047", "20049", "20051", "20053", "20055", "20057", "20059", "20061", "20063", "20065", "20067", "20069", "20071", "20073", "20075", "20077", "20079", "20081", "20083", "20085", "20087", "20089", "20091", "20093", "20095", "20097", "20099", "20101", "20103", "20105", "20107", "20109", "20111", "20113", "20115", "20117", "20119", "20121", "20123", "20125", "20127", "20129", "20131", "20133", "20135", "20137", "20139", "20141", "20143", "20145", "20147", "20149", "20151", "20153", "20155", "20157", "20159", "20161", "20163", "20165", "20167", "20169", "20171", "20173", "20175", "20177", "20179", "20181", "20183", "20185", "20187", "20189", "20191", "20193", "20195", "20197", "20199", "20201", "20203", "20205", "20207", "20209", "21001", "21003", "21005", "21007", "21009", "21011", "21015", "21017", "21021", "21023", "21025", "21027", "21029", "21031", "21033", "21035", "21037", "21039", "21041", "21043", "21045", "21047", "21049", "21051", "21053", "21055", "21057", "21059", "21061", "21063", "21065", "21067", "21069", "21071", "21073", "21075", "21077", "21079", "21081", "21083", "21085", "21087", "21089", "21091", "21093", "21097", "21099", "21101", "21103", "21105", "21107", "21109", "21111", "21113", "21115", "21117", "21121", "21123", "21125", "21127", "21129", "21135", "21137", "21139", "21141", "21143", "21145", "21149", "21151", "21153", "21155", "21157", "21161", "21163", "21165", "21167", "21169", "21171", "21173", "21175", "21177", "21179", "21181", "21183", "21185", "21187", "21189", "21191", "21197", "21199", "21201", "21203", "21205", "21207", "21209", "21211", "21213", "21215", "21217", "21219", "21221", "21223", "21225", "21227", "21229", "21231", "21233", "21235", "21237", "21239", "22001", "22003", "22005", "22007", "22009", "22011", "22015", "22017", "22019", "22021", "22023", "22025", "22029", "22031", "22033", "22035", "22037", "22039", "22041", "22043", "22045", "22047", "22053", "22055", "22057", "22059", "22065", "22067", "22069", "22073", "22077", "22079", "22081", "22083", "22091", "22093", "22095", "22097", "22099", "22101", "22103", "22105", "22107", "22109", "22113", "22117", "22121", "22123", "22125", "24001", "24003", "24005", "24009", "24011", "24013", "24015", "24017", "24019", "24021", "24023", "24025", "24027", "24029", "24031", "24033", "24035", "24037", "24039", "24041", "24043", "24045", "24047", "26001", "26005", "26007", "26009", "26011", "26015", "26017", "26019", "26021", "26023", "26025", "26027", "26029", "26031", "26033", "26035", "26037", "26041", "26043", "26045", "26047", "26049", "26051", "26055", "26057", "26059", "26063", "26065", "26067", "26069", "26071", "26073", "26075", "26077", "26079", "26081", "26085", "26087", "26089", "26091", "26093", "26095", "26097", "26099", "26101", "26103", "26105", "26107", "26109", "26111", "26113", "26115", "26117", "26119", "26121", "26123", "26125", "26127", "26129", "26131", "26133", "26135", "26137", "26139", "26141", "26145", "26147", "26149", "26151", "26153", "26155", "26157", "26159", "26161", "26163", "26165", "27001", "27003", "27005", "27007", "27009", "27011", "27013", "27015", "27017", "27019", "27021", "27023", "27025", "27027", "27029", "27033", "27035", "27037", "27039", "27041", "27043", "27045", "27047", "27049", "27051", "27053", "27055", "27057", "27059", "27061", "27063", "27065", "27067", "27069", "27071", "27073", "27077", "27079", "27081", "27083", "27085", "27087", "27089", "27091", "27093", "27095", "27097", "27099", "27101", "27103", "27105", "27107", "27109", "27111", "27113", "27115", "27117", "27119", "27121", "27125", "27127", "27129", "27131", "27133", "27135", "27137", "27139", "27141", "27143", "27145", "27147", "27149", "27151", "27153", "27155", "27157", "27159", "27161", "27163", "27165", "27167", "27169", "27171", "27173", "28001", "28003", "28005", "28007", "28009", "28011", "28013", "28015", "28017", "28019", "28021", "28025", "28027", "28029", "28031", "28033", "28035", "28037", "28039", "28041", "28043", "28045", "28047", "28049", "28051", "28053", "28055", "28057", "28059", "28061", "28063", "28065", "28067", "28069", "28071", "28073", "28077", "28079", "28081", "28083", "28085", "28087", "28089", "28091", "28093", "28095", "28097", "28099", "28101", "28103", "28105", "28107", "28109", "28111", "28113", "28115", "28117", "28119", "28121", "28123", "28125", "28127", "28129", "28131", "28133", "28135", "28137", "28139", "28141", "28143", "28145", "28147", "28149", "28151", "28153", "28155", "28157", "28159", "28161", "28163", "29001", "29003", "29005", "29007", "29009", "29011", "29013", "29015", "29017", "29019", "29021", "29023", "29025", "29027", "29031", "29033", "29037", "29039", "29041", "29043", "29045", "29047", "29049", "29051", "29053", "29055", "29057", "29059", "29061", "29063", "29065", "29069", "29071", "29073", "29075", "29077", "29079", "29081", "29083", "29085", "29087", "29089", "29091", "29095", "29097", "29099", "29101", "29103", "29105", "29107", "29109", "29111", "29113", "29115", "29117", "29119", "29121", "29123", "29125", "29127", "29129", "29131", "29133", "29135", "29137", "29139", "29141", "29143", "29145", "29147", "29149", "29151", "29155", "29157", "29159", "29161", "29163", "29165", "29167", "29169", "29171", "29173", "29175", "29177", "29181", "29183", "29185", "29186", "29187", "29189", "29195", "29197", "29199", "29201", "29205", "29207", "29209", "29211", "29213", "29215", "29217", "29219", "29221", "29223", "29225", "29227", "29229", "30001", "30003", "30005", "30007", "30009", "30011", "30013", "30015", "30017", "30019", "30021", "30023", "30025", "30027", "30029", "30031", "30033", "30035", "30037", "30039", "30041", "30043", "30045", "30047", "30049", "30051", "30055", "30057", "30059", "30061", "30063", "30065", "30067", "30069", "30071", "30073", "30075", "30077", "30079", "30081", "30083", "30085", "30087", "30089", "30091", "30093", "30095", "30097", "30099", "30101", "30103", "30105", "30107", "30109", "30111", "31001", "31003", "31005", "31007", "31009", "31011", "31013", "31015", "31017", "31019", "31021", "31023", "31025", "31027", "31029", "31031", "31033", "31035", "31037", "31039", "31041", "31043", "31045", "31047", "31049", "31051", "31053", "31055", "31057", "31059", "31061", "31063", "31065", "31067", "31069", "31071", "31073", "31075", "31077", "31079", "31081", "31083", "31085", "31087", "31089", "31091", "31093", "31095", "31097", "31099", "31101", "31103", "31105", "31107", "31109", "31111", "31113", "31115", "31117", "31119", "31121", "31123", "31125", "31127", "31129", "31131", "31133", "31135", "31137", "31139", "31141", "31143", "31145", "31147", "31149", "31151", "31153", "31155", "31157", "31159", "31161", "31163", "31165", "31167", "31169", "31171", "31173", "31175", "31177", "31179", "31181", "31183", "31185", "32001", "32005", "32013", "32019", "32027", "32031", "34001", "34005", "34007", "34009", "34011", "34015", "34019", "34021", "34023", "34025", "34027", "34029", "34033", "34035", "34037", "34041", "35001", "35003", "35005", "35006", "35007", "35009", "35011", "35013", "35015", "35017", "35019", "35021", "35023", "35025", "35029", "35031", "35033", "35035", "35037", "35039", "35041", "35043", "35045", "35047", "35049", "35051", "35053", "35055", "35057", "35059", "35061", "36001", "36003", "36007", "36009", "36011", "36013", "36015", "36017", "36019", "36021", "36023", "36025", "36027", "36029", "36031", "36033", "36035", "36037", "36039", "36043", "36045", "36049", "36051", "36053", "36055", "36057", "36063", "36065", "36067", "36069", "36071", "36073", "36075", "36077", "36083", "36089", "36091", "36093", "36095", "36097", "36099", "36101", "36103", "36105", "36107", "36109", "36111", "36113", "36115", "36117", "36121", "36123", "37001", "37003", "37005", "37007", "37009", "37011", "37013", "37015", "37017", "37019", "37021", "37023", "37025", "37027", "37029", "37031", "37033", "37035", "37037", "37039", "37041", "37043", "37045", "37047", "37049", "37051", "37053", "37055", "37057", "37059", "37061", "37063", "37065", "37067", "37069", "37071", "37073", "37075", "37077", "37079", "37081", "37083", "37085", "37087", "37089", "37091", "37093", "37095", "37097", "37099", "37101", "37103", "37105", "37107", "37109", "37111", "37113", "37115", "37117", "37119", "37121", "37123", "37125", "37127", "37129", "37131", "37133", "37135", "37137", "37139", "37141", "37143", "37145", "37147", "37149", "37151", "37153", "37155", "37157", "37159", "37161", "37163", "37165", "37167", "37169", "37171", "37173", "37175", "37177", "37179", "37181", "37183", "37185", "37187", "37189", "37191", "37193", "37195", "37197", "37199", "38001", "38003", "38005", "38007", "38009", "38011", "38013", "38015", "38017", "38019", "38021", "38023", "38025", "38027", "38029", "38031", "38033", "38035", "38037", "38039", "38041", "38043", "38045", "38047", "38049", "38051", "38053", "38055", "38057", "38059", "38061", "38063", "38065", "38067", "38069", "38071", "38073", "38075", "38077", "38079", "38081", "38083", "38085", "38087", "38089", "38091", "38093", "38095", "38097", "38099", "38101", "38103", "38105", "39001", "39003", "39005", "39007", "39009", "39011", "39013", "39015", "39017", "39019", "39021", "39023", "39025", "39027", "39029", "39031", "39033", "39037", "39039", "39041", "39043", "39045", "39047", "39049", "39051", "39053", "39055", "39057", "39059", "39061", "39063", "39065", "39067", "39069", "39071", "39073", "39075", "39077", "39079", "39081", "39083", "39085", "39087", "39089", "39091", "39093", "39095", "39097", "39099", "39101", "39103", "39105", "39107", "39109", "39111", "39113", "39115", "39117", "39119", "39121", "39123", "39125", "39127", "39129", "39131", "39133", "39135", "39137", "39139", "39141", "39143", "39145", "39147", "39149", "39151", "39153", "39155", "39157", "39159", "39161", "39163", "39165", "39167", "39169", "39171", "39173", "39175", "40001", "40003", "40005", "40007", "40009", "40011", "40013", "40015", "40017", "40019", "40021", "40023", "40025", "40027", "40029", "40031", "40033", "40035", "40037", "40039", "40041", "40043", "40045", "40047", "40049", "40051", "40053", "40055", "40057", "40059", "40061", "40063", "40065", "40067", "40069", "40071", "40073", "40075", "40077", "40079", "40081", "40083", "40085", "40087", "40089", "40091", "40093", "40095", "40097", "40099", "40101", "40103", "40105", "40107", "40109", "40111", "40113", "40115", "40117", "40119", "40121", "40123", "40125", "40129", "40131", "40133", "40135", "40137", "40139", "40141", "40143", "40145", "40147", "40149", "40151", "40153", "41001", "41003", "41005", "41009", "41011", "41013", "41017", "41019", "41021", "41023", "41025", "41027", "41029", "41031", "41033", "41035", "41037", "41039", "41043", "41045", "41047", "41049", "41051", "41053", "41055", "41059", "41061", "41063", "41065", "41067", "41069", "41071", "42001", "42003", "42005", "42007", "42009", "42011", "42013", "42015", "42017", "42019", "42021", "42023", "42025", "42027", "42029", "42031", "42033", "42035", "42037", "42039", "42041", "42043", "42045", "42047", "42049", "42051", "42053", "42055", "42057", "42059", "42061", "42063", "42065", "42067", "42069", "42071", "42073", "42075", "42077", "42079", "42081", "42083", "42085", "42087", "42089", "42091", "42093", "42095", "42097", "42099", "42103", "42105", "42107", "42109", "42111", "42113", "42115", "42117", "42119", "42121", "42123", "42125", "42127", "42129", "42131", "42133", "45001", "45003", "45005", "45007", "45009", "45011", "45013", "45015", "45017", "45019", "45021", "45023", "45025", "45027", "45029", "45031", "45033", "45035", "45037", "45039", "45041", "45043", "45045", "45047", "45049", "45051", "45053", "45055", "45057", "45059", "45061", "45063", "45067", "45069", "45071", "45073", "45075", "45077", "45079", "45081", "45083", "45085", "45087", "45089", "45091", "46003", "46005", "46007", "46009", "46011", "46013", "46015", "46017", "46019", "46021", "46023", "46025", "46027", "46029", "46031", "46033", "46035", "46037", "46039", "46041", "46043", "46045", "46047", "46049", "46051", "46053", "46055", "46057", "46059", "46061", "46063", "46065", "46067", "46069", "46071", "46073", "46075", "46077", "46079", "46081", "46083", "46085", "46087", "46089", "46091", "46093", "46095", "46097", "46099", "46101", "46102", "46103", "46105", "46107", "46109", "46111", "46115", "46117", "46119", "46121", "46123", "46125", "46127", "46129", "46135", "46137", "47003", "47005", "47007", "47009", "47011", "47013", "47015", "47017", "47019", "47021", "47023", "47025", "47027", "47029", "47031", "47033", "47035", "47037", "47039", "47041", "47043", "47045", "47047", "47049", "47051", "47053", "47055", "47057", "47059", "47061", "47063", "47065", "47067", "47069", "47071", "47073", "47075", "47077", "47079", "47081", "47083", "47085", "47087", "47089", "47091", "47093", "47095", "47097", "47099", "47101", "47103", "47105", "47107", "47109", "47111", "47113", "47115", "47117", "47119", "47121", "47123", "47125", "47127", "47129", "47131", "47133", "47135", "47137", "47139", "47141", "47143", "47145", "47147", "47149", "47151", "47153", "47155", "47157", "47159", "47161", "47163", "47165", "47167", "47169", "47175", "47177", "47179", "47181", "47183", "47185", "47187", "47189", "48001", "48003", "48005", "48009", "48011", "48013", "48015", "48017", "48019", "48021", "48023", "48025", "48027", "48029", "48031", "48033", "48035", "48037", "48039", "48041", "48045", "48047", "48049", "48051", "48053", "48055", "48057", "48059", "48061", "48063", "48065", "48069", "48071", "48073", "48075", "48077", "48079", "48081", "48083", "48085", "48087", "48089", "48091", "48093", "48095", "48097", "48099", "48101", "48105", "48107", "48109", "48111", "48113", "48115", "48117", "48119", "48121", "48123", "48125", "48127", "48129", "48131", "48133", "48137", "48139", "48141", "48143", "48145", "48147", "48149", "48151", "48153", "48155", "48157", "48159", "48161", "48163", "48165", "48167", "48169", "48171", "48173", "48175", "48177", "48179", "48181", "48185", "48187", "48189", "48191", "48193", "48195", "48197", "48199", "48201", "48205", "48207", "48209", "48211", "48213", "48215", "48217", "48219", "48221", "48223", "48225", "48227", "48229", "48231", "48233", "48235", "48237", "48239", "48245", "48249", "48251", "48253", "48255", "48257", "48259", "48263", "48265", "48267", "48269", "48271", "48273", "48275", "48277", "48279", "48281", "48283", "48285", "48287", "48289", "48291", "48293", "48295", "48297", "48299", "48303", "48305", "48307", "48309", "48311", "48317", "48319", "48321", "48323", "48325", "48327", "48329", "48331", "48333", "48335", "48337", "48341", "48343", "48345", "48347", "48349", "48353", "48355", "48357", "48359", "48363", "48367", "48369", "48371", "48375", "48379", "48381", "48383", "48387", "48389", "48391", "48393", "48395", "48397", "48399", "48401", "48409", "48411", "48413", "48415", "48417", "48421", "48423", "48425", "48427", "48429", "48431", "48433", "48435", "48437", "48439", "48441", "48445", "48447", "48449", "48451", "48453", "48455", "48459", "48461", "48463", "48467", "48469", "48471", "48473", "48477", "48479", "48481", "48483", "48485", "48487", "48489", "48491", "48493", "48495", "48497", "48499", "48501", "48503", "48505", "48507", "49001", "49003", "49005", "49007", "49011", "49013", "49015", "49017", "49021", "49023", "49027", "49029", "49031", "49033", "49035", "49037", "49039", "49041", "49043", "49045", "49047", "49049", "49053", "49057", "51001", "51003", "51005", "51007", "51009", "51011", "51015", "51017", "51019", "51021", "51023", "51025", "51029", "51031", "51033", "51035", "51036", "51037", "51041", "51043", "51045", "51047", "51049", "51053", "51057", "51061", "51063", "51065", "51067", "51069", "51071", "51073", "51075", "51077", "51079", "51081", "51083", "51085", "51087", "51089", "51091", "51093", "51095", "51097", "51099", "51101", "51103", "51105", "51107", "51109", "51111", "51113", "51115", "51117", "51119", "51121", "51125", "51127", "51131", "51133", "51135", "51137", "51139", "51141", "51143", "51145", "51147", "51149", "51153", "51155", "51157", "51159", "51161", "51163", "51165", "51167", "51169", "51171", "51173", "51175", "51177", "51179", "51181", "51183", "51185", "51187", "51191", "51193", "51197", "51550", "51800", "51810", "53001", "53003", "53005", "53007", "53011", "53013", "53015", "53017", "53019", "53021", "53023", "53025", "53029", "53033", "53037", "53039", "53041", "53043", "53047", "53057", "53061", "53063", "53065", "53071", "53073", "53075", "53077", "54001", "54003", "54007", "54011", "54021", "54023", "54025", "54027", "54029", "54031", "54033", "54035", "54037", "54041", "54043", "54051", "54053", "54055", "54057", "54061", "54063", "54065", "54069", "54071", "54073", "54075", "54077", "54079", "54083", "54089", "54093", "54095", "54097", "54099", "54107", "55001", "55003", "55005", "55007", "55009", "55011", "55013", "55015", "55017", "55019", "55021", "55023", "55025", "55027", "55029", "55031", "55033", "55035", "55037", "55039", "55041", "55043", "55045", "55047", "55049", "55051", "55053", "55055", "55057", "55059", "55061", "55063", "55065", "55067", "55069", "55071", "55073", "55075", "55077", "55079", "55081", "55083", "55085", "55087", "55089", "55091", "55093", "55095", "55097", "55099", "55101", "55103", "55105", "55107", "55109", "55111", "55113", "55115", "55117", "55119", "55121", "55123", "55125", "55127", "55129", "55131", "55133", "55135", "55137", "55139", "55141", "56001", "56003", "56005", "56007", "56009", "56011", "56013", "56015", "56017", "56019", "56021", "56023", "56025", "56027", "56029", "56031", "56033", "56037", "56043", "56045"]]
